assets,number_of_assets,mean_daily_return,annualized_return_estimate,daily_variance,annualized_volatility,VaR_95,CVaR_95,max_drawdown
"XLP, HYG, LQD, AGG",4,0.00027620628892099203,0.06960398480808999,1.3472809081414515e-05,0.05826789758105622,0.00588453320792613,0.008108726492668798,0.049636682804436116
"XLV, HYG, LQD, AGG",4,0.00029676717597460297,0.07478532834559995,1.5954235570843516e-05,0.06340715546255458,0.006225228486658944,0.00878934132570195,0.05869261849983343
"XLF, HYG, LQD, AGG",4,0.0003714510956219099,0.09360567609672128,1.7258033180856313e-05,0.06594713308079277,0.006440770135373247,0.00918577573105936,0.06121191738626652
"SPY, HYG, LQD, AGG",4,0.0003965698976134234,0.0999356141985827,1.77412215172891e-05,0.06686395009537541,0.005918841465095263,0.009319444031438098,0.06382177825965685
"XLU, HYG, LQD, AGG",4,0.0003452281622108402,0.08699749687713172,1.7992673718589726e-05,0.06733612534950768,0.006427192306622491,0.009369206339491003,0.06817740829735319
"EFA, HYG, LQD, AGG",4,0.00035598035332005436,0.08970704903665369,1.861529580731532e-05,0.06849127348387866,0.0065650271490675875,0.009379734550448946,0.05621439060562983
"XLI, HYG, LQD, AGG",4,0.0003753827324386952,0.0945964485745512,1.88385268095731e-05,0.06890071665819174,0.006714692661546089,0.009424640661517348,0.06289829420109805
"XLE, HYG, LQD, AGG",4,0.00035852828529950493,0.09034912789547524,1.896190268658235e-05,0.06912596818142046,0.006153600103233749,0.009789179344071591,0.06945678997925597
"TLT, XLP, HYG, AGG",4,0.0002382303871252221,0.06003405755555597,1.9147210287790038e-05,0.06946291811119865,0.0072725070993612416,0.009661702454028259,0.06885663501489914
"SPY, XLP, HYG, AGG",4,0.00044498088123205845,0.11213518207047873,1.9803188261976202e-05,0.07064278761500005,0.006262854182885983,0.009514065987648854,0.0740288360623148
"TLT, HYG, LQD, AGG",4,0.00018981940350658717,0.04783448968365997,1.98954515015145e-05,0.07080715908989467,0.006971231376366941,0.009963068185195021,0.06444502885185999
"SPY, XLP, LQD, AGG",4,0.0004187938135296712,0.10553604100947714,2.069900950949758e-05,0.07222292154429501,0.006792262229085884,0.009838160883981128,0.07058860248188736
"EFA, XLP, HYG, AGG",4,0.0004043913369386895,0.10190661690854975,2.0792701403972362e-05,0.07238619173434278,0.006686709880010591,0.009778181876133676,0.06425133353515111
"XLV, XLP, HYG, AGG",4,0.000345178159593238,0.08698489621749597,2.1100903464077437e-05,0.07292069440801777,0.007473947001298633,0.009890676939318015,0.06517072483208786
"XLF, XLP, HYG, AGG",4,0.000419862079240545,0.10580524396861735,2.1262114449229178e-05,0.07319872158177186,0.006709250067577698,0.009871729663737415,0.07205972539689531
"VNQ, HYG, LQD, AGG",4,0.0002932294674898226,0.0738938258074353,2.1297986333126972e-05,0.07326044332344706,0.007217969022258574,0.010736444262731031,0.06578306944800616
"TLT, XLV, HYG, AGG",4,0.0002587912741788331,0.06521540109306594,2.150933539771954e-05,0.0736230434050734,0.0071848769029669544,0.010158900561501144,0.07607679932987621
"XLI, XLP, HYG, AGG",4,0.00042379371605733024,0.10679601644644722,2.1615604293005865e-05,0.07380469010731959,0.00706509336366711,0.009662245634778561,0.07258329219249093
"TLT, XLP, HYG, LQD",4,0.00024634922924677416,0.06208000577018709,2.1659337312686267e-05,0.07387931376777222,0.007533524585583866,0.010320779265394563,0.07234365233967577
"GLD, HYG, LQD, AGG",4,0.00046841930096186505,0.11804166384239,2.186580730913754e-05,0.07423060987155272,0.0074190795297323165,0.010909344798111825,0.08426590793035504
"TLT, XLF, HYG, AGG",4,0.00033347519382614016,0.08403574884418732,2.187020148348143e-05,0.07423806822538771,0.007428211505152262,0.010539641393131323,0.06241243684693154
"XLF, XLP, LQD, AGG",4,0.0003936750115381578,0.09920610290761576,2.2127858778694848e-05,0.07467409465290559,0.007361841125770274,0.010224892397284965,0.06912316336984958
"EFA, XLP, LQD, AGG",4,0.0003782042692363022,0.09530747584754815,2.231025826483502e-05,0.0749812315365547,0.007209220451548862,0.010372335969563903,0.06734232453974764
"SPY, TLT, HYG, AGG",4,0.0003585939958176535,0.09036568694604867,2.2330968845464865e-05,0.0750160259481742,0.007121996233150589,0.010575238938838506,0.06735945865100024
"XLP, XLU, HYG, AGG",4,0.00039363914582947517,0.09919706474902774,2.236122520309802e-05,0.07506682856748845,0.007461247843452321,0.010003897553285424,0.07417933194841442
"SPY, XLP, HYG, LQD",4,0.0004530997233536104,0.11418113028510982,2.2402999386561845e-05,0.07513691399980163,0.00676319416411713,0.010149147757339046,0.07969643041528884
"XLI, XLP, LQD, AGG",4,0.00039760664835494287,0.1001968753854456,2.2577436512720664e-05,0.07542886716109164,0.007463269804386198,0.00999085663901422,0.07220319016357701
"TLT, XLE, HYG, AGG",4,0.0003205523835037351,0.08077920064294125,2.2666360365012387e-05,0.07557726385615665,0.007201349295391784,0.010982570164120922,0.07132123446356375
"GLD, XLP, HYG, AGG",4,0.0005168302845805001,0.13024123171428603,2.2734772622722334e-05,0.0756912326556123,0.007038086593032688,0.011028703935241758,0.08798981056619248
"EEM, HYG, LQD, AGG",4,0.00040606560162268087,0.10232853160891558,2.2846519190997328e-05,0.07587702442855365,0.007126020983637561,0.011002758942059942,0.0638768462009317
"XLV, XLP, LQD, AGG",4,0.00031899109189085075,0.08038575515649439,2.2900160129219245e-05,0.07596604736698659,0.007738634838899406,0.010410887183707238,0.07327070918544742
"EEM, XLP, HYG, AGG",4,0.0004544765852413159,0.11452809948081161,2.29352513901769e-05,0.07602422870588416,0.006872364558466208,0.010760932049759553,0.066918113391509
"QQQ, HYG, LQD, AGG",4,0.0004428181104657673,0.11159016383737337,2.309624870619551e-05,0.0762905936139002,0.0074595599673001585,0.010338936731509886,0.0729881557328994
"XLV, XLP, HYG, LQD",4,0.0003532970017147899,0.08903084443212705,2.3245107402282758e-05,0.07653605075632826,0.007662314522133805,0.010408136545099428,0.07227514414563896
"EFA, XLP, HYG, LQD",4,0.00041251017906024134,0.10395256512318082,2.331203126326201e-05,0.07664614718524361,0.006979879544994745,0.0103476659630746,0.06954475952308636
"QQQ, XLP, HYG, AGG",4,0.0004912290940844024,0.12378973170926941,2.337646172124336e-05,0.07675199250673123,0.007079963166056763,0.01024544372546847,0.08267770241046413
"XLE, XLP, HYG, AGG",4,0.0004069392689181399,0.10254869576737126,2.3425655652558762e-05,0.07683270933947864,0.00665224201869931,0.010277550914118088,0.07715319095813811
"TLT, XLP, LQD, AGG",4,0.0002120433194228349,0.05343491649455439,2.3478747283268348e-05,0.07691972643856466,0.007883929986060923,0.010618441050024451,0.08447337558737888
"TLT, XLI, HYG, AGG",4,0.0003374068306429252,0.08502652132201716,2.352622896519593e-05,0.0769974655377005,0.008013895522811358,0.010840906809449644,0.06570351709006161
"XLF, XLP, HYG, LQD",4,0.000427980921362097,0.10785119218324844,2.3648698936072736e-05,0.07719761739775607,0.007018679169099994,0.010496544547594487,0.07738963152461653
"XLE, XLP, LQD, AGG",4,0.0003807522012157527,0.09594955470636968,2.3752853942928172e-05,0.07736742979844878,0.007012923639383143,0.010530564706100563,0.07546869762190545
"EFA, TLT, HYG, AGG",4,0.0003180044515242845,0.08013712178411969,2.3795067880664236e-05,0.07743614857369514,0.00781912856434639,0.010831026387135763,0.0676857136712441
"XLV, XLU, HYG, AGG",4,0.00041420003288308605,0.10437840828653769,2.3835156554902727e-05,0.0775013512903839,0.007361080552213999,0.01045721119210894,0.06248828599872691
"QQQ, XLP, LQD, AGG",4,0.00046504202638201526,0.11719059064826784,2.3991263485712088e-05,0.07775473232157286,0.007362290076512752,0.010393085804936156,0.0776597190625945
"XLI, XLP, HYG, LQD",4,0.0004319125581788821,0.10884196466107829,2.414686621898442e-05,0.0780064759310666,0.007408225636422795,0.010257718919520464,0.07977665584543836
"TLT, XLU, HYG, AGG",4,0.00030725226041507025,0.07742756962459771,2.4193369808845175e-05,0.07808155474776987,0.007614935355862243,0.010979911179205052,0.08347807606403579
"EEM, XLP, LQD, AGG",4,0.0004282895175389286,0.10792895841981,2.4264588316979155e-05,0.07819639541487029,0.007269965002647131,0.011231829054708924,0.07192292886549345
"TLT, XLV, HYG, LQD",4,0.00026691011630038494,0.067261349307697,2.427312635079063e-05,0.07821015177327838,0.007690259282681204,0.010801704672271482,0.08100089196753879
"XLP, XLU, HYG, LQD",4,0.00040175798795102707,0.10124301296365883,2.4510415405348843e-05,0.07859150515257937,0.007663924230570335,0.010553130770311881,0.07762029798156633
"XLP, XLU, LQD, AGG",4,0.00036745207812708785,0.09259792368802613,2.4512736097374984e-05,0.07859522565995021,0.007927912055286836,0.010637970391873497,0.08618313720362536
"GLD, XLP, HYG, LQD",4,0.000524949126702052,0.1322871799289171,2.454229264662338e-05,0.07864259499119476,0.007510886734361331,0.01137073139830363,0.09130688628454875
"SPY, XLV, HYG, AGG",4,0.00046554176828566933,0.11731652560798866,2.4627077106925676e-05,0.07877831827949407,0.007195423797804139,0.010529468884956941,0.08107547792602221
"XLY, HYG, LQD, AGG",4,0.00031594522996079713,0.07961819795012087,2.4760781113876996e-05,0.07899187832110972,0.007711337453432289,0.011021383056636844,0.08155363103794788
"GLD, XLP, LQD, AGG",4,0.0004906432168781128,0.12364209065328444,2.487365130895964e-05,0.07917171294002567,0.0077731828952887095,0.011402478245360137,0.09973184683105996
"TLT, XLF, HYG, LQD",4,0.000341594035947692,0.08608169705881838,2.4876372985190744e-05,0.07917604430803593,0.007799352780943129,0.011264786836761784,0.06780258454971155
"SPY, XLU, HYG, AGG",4,0.0005140027545219065,0.12952869413952042,2.5030399895229224e-05,0.07942078300796188,0.007066579124749302,0.010821368350552958,0.07745266933193728
"TLT, XLF, LQD, AGG",4,0.0003072881261237528,0.0774366077831857,2.5056166604228743e-05,0.07946165102906964,0.007934719425599228,0.011266897344591848,0.05938553031739369
"EFA, XLV, HYG, AGG",4,0.0004249522239923002,0.10708796044605966,2.5156549495849506e-05,0.07962066611724669,0.007454988741257431,0.010666235353228625,0.07412072938410663
"TLT, XLE, HYG, LQD",4,0.000328671225625287,0.08282514885757232,2.527415552906271e-05,0.07980656109195411,0.007609815500649789,0.011655922969214274,0.07535190132214464
"SPY, XLV, LQD, AGG",4,0.00043935470058328207,0.11071738454698708,2.53108388153922e-05,0.07986445630866609,0.0076429296924848565,0.010736995669945182,0.080202847281167
"TLT, XLE, LQD, AGG",4,0.00029436531580134785,0.07418005958193966,2.5313779446663452e-05,0.07986909552861601,0.007668569576245261,0.01164057220437587,0.07235747510130874
"XLE, XLP, HYG, LQD",4,0.00041505811103969176,0.10459464398200233,2.5413863801743318e-05,0.08002683098835864,0.007102200894109078,0.010796990213123631,0.08207197120132492
"EEM, XLP, HYG, LQD",4,0.0004625954273628678,0.11657404769544269,2.546009886244312e-05,0.08009959371517228,0.007166721905550518,0.011308331449291512,0.07421065323934661
"XLF, XLV, HYG, AGG",4,0.0004404229662941559,0.11098658750612729,2.5492115746040674e-05,0.08014994178414761,0.007383536139609488,0.010851536863250091,0.07912017687218376
"SPY, TLT, XLP, AGG",4,0.00038081791173390125,0.09596611375694311,2.55171386939425e-05,0.08018926954944476,0.00806849518888821,0.011048565389671203,0.07643274813445833
"SPY, TLT, LQD, AGG",4,0.0003324069281152662,0.08376654588504709,2.5547010884267894e-05,0.08023619347174633,0.007605105942228715,0.011250332927017078,0.07029415333467226
"SPY, TLT, HYG, LQD",4,0.0003667128379392055,0.09241163516067978,2.5550366984916276e-05,0.08024146359706372,0.007537416694984148,0.011299931128988545,0.07469796943656615
"XLP, VNQ, HYG, AGG",4,0.0003416404511084576,0.08609339367933132,2.5585285770442595e-05,0.0802962764650487,0.007673623259401324,0.011116775984022054,0.0721813982995646
"TLT, XLV, LQD, AGG",4,0.00023260420647644577,0.058616260032064334,2.5628812854142997e-05,0.08036454964251362,0.008090814619548694,0.011076220477229781,0.09224283293235758
"GLD, XLV, HYG, AGG",4,0.0005373911716341109,0.13542257525179596,2.5768523176052165e-05,0.08058329752724906,0.008015687467434234,0.01158015593921781,0.07655343199055609
"XLV, XLU, LQD, AGG",4,0.0003880129651806987,0.09777926722553607,2.5774607910124835e-05,0.08059281105254648,0.007844352810278182,0.011002946790670327,0.06833875523565958
"XLF, XLU, HYG, AGG",4,0.0004888839525303932,0.12319875603765908,2.5808645140437055e-05,0.08064600780813727,0.0075181885906760995,0.011109552536868836,0.07072539629526042
"XLE, XLV, HYG, AGG",4,0.00042750015597175096,0.10773003930488124,2.586352835111895e-05,0.08073171089777532,0.0068093133543031875,0.01105382389079225,0.08068622434842931
"IWM, HYG, LQD, AGG",4,0.0003640219052889662,0.09173352013281948,2.5864773830635185e-05,0.08073365472539978,0.0076029372135120055,0.011095893123637804,0.08971964236660235
"XLE, XLV, LQD, AGG",4,0.00040131308826936354,0.10113089824387961,2.59786671024335e-05,0.08091121127392199,0.007257745746602237,0.011254722518684344,0.07990359885803
"EFA, XLU, HYG, AGG",4,0.00047341321022853743,0.11930012897759143,2.6032652569510413e-05,0.08099523719032264,0.00772335789321216,0.011004182108112007,0.06522723635561711
"SPY, XLU, LQD, AGG",4,0.00048781568681951923,0.12292955307851884,2.6066415832830904e-05,0.08104774389132241,0.007402990145430926,0.011230010024431662,0.07678423364379672
"XLF, XLV, LQD, AGG",4,0.00041423589859176853,0.10438744644512567,2.6145800536451485e-05,0.08117106464243139,0.007947787304095002,0.01115485957109342,0.07595516649725564
"SPY, TLT, XLP, HYG",4,0.00041512382155784046,0.1046112030325758,2.6156997433754258e-05,0.08118844347138374,0.00772445962403339,0.0111802401419925,0.08071339875783456
"QQQ, XLP, HYG, LQD",4,0.0004993479362059544,0.1258356799239005,2.6159427629469387e-05,0.08119221491390838,0.007511807231937194,0.010865272079760617,0.08792584698077655
"XLV, XLU, HYG, LQD",4,0.00042231887500463795,0.10642435650116876,2.623601068532841e-05,0.08131097522907199,0.0076176020236267605,0.010976665406280757,0.07025845502729677
"XLV, XLI, HYG, AGG",4,0.00044435460311094107,0.11197735998395715,2.6305320531998228e-05,0.08141830736427498,0.007688260170636322,0.010811826505702239,0.07806132324286585
"GLD, XLF, HYG, AGG",4,0.0006120750912814181,0.15424292300291736,2.6383771239580525e-05,0.08153962443115796,0.007599094728342569,0.011745668082440791,0.07405357719497963
"EFA, XLV, LQD, AGG",4,0.00039876515628991296,0.10048881938505806,2.6462046817657314e-05,0.08166049104707639,0.007708631156385205,0.011059796660300087,0.07809101122985773
"TLT, XLI, HYG, LQD",4,0.00034552567276447717,0.08707246953664824,2.6677077906040243e-05,0.08199160708464093,0.008537958332838977,0.011570808504582504,0.07296858343581747
"TLT, XLI, LQD, AGG",4,0.00031121976294053806,0.07842738026101559,2.680828197619237e-05,0.0821929866716162,0.00862149125179745,0.01154242944658049,0.07056348758515829
"XLF, XLU, LQD, AGG",4,0.00046269688482800586,0.11659961497665748,2.6814584159983028e-05,0.0822026472099027,0.007835248900656759,0.011437534044774855,0.06760428055085765
"EFA, TLT, HYG, LQD",4,0.00032612329364583643,0.08218306999875077,2.693398475481965e-05,0.08238546084239956,0.008320353008118248,0.011463990767890939,0.07122031216161917
"TLT, XLU, HYG, LQD",4,0.00031537110253662215,0.07947351783922878,2.6962147025961766e-05,0.08242852085620829,0.007939220863051755,0.011658438080999003,0.08693078733998516
"TLT, XLF, XLP, AGG",4,0.000355699109742388,0.08963617565508178,2.696840893758912e-05,0.08243809224061689,0.008222268861266507,0.011409443430146769,0.07067122822526228
"XLV, XLI, LQD, AGG",4,0.00041816753540855375,0.10537821892295554,2.7055093212658167e-05,0.082570475895382,0.008045899623338699,0.011132941173966826,0.08062839986849624
"XLK, XLP, HYG, AGG",4,0.0005495512816743843,0.13848692298194484,2.7212968913598117e-05,0.0828110389152722,0.007265037817043428,0.01097242709868924,0.09094016247056902
"TLT, GLD, HYG, AGG",4,0.00043044339916609517,0.10847173658985598,2.7254893307043663e-05,0.08287480385120079,0.008004063092428152,0.011819948896436594,0.09984184578792377
"QQQ, TLT, HYG, AGG",4,0.00040484220866999755,0.10202023658483939,2.7327304232226523e-05,0.082984821904497,0.007851714206807102,0.01134437483401981,0.07506113523857971
"GLD, XLF, LQD, AGG",4,0.0005858880235790308,0.14764378194191574,2.7377078051086843e-05,0.08306036159850189,0.007938613750231992,0.011856306632548226,0.07446172968661557
"TLT, XLF, XLP, HYG",4,0.0003900050195663271,0.09828126493071443,2.742511795771449e-05,0.08313320470993556,0.00792187628823598,0.011533163546932538,0.07853997155093961
"SPY, XLV, HYG, LQD",4,0.0004736606104072212,0.11936247382261973,2.747855215968617e-05,0.08321415230741053,0.00772102546023653,0.011121845619156665,0.08636197439816651
"TLT, XLI, XLP, AGG",4,0.000359630746559173,0.0906269481329116,2.7493520524612646e-05,0.08323681380376347,0.008511769176676124,0.011241466163961577,0.07501052388310636
"EEM, XLV, HYG, AGG",4,0.0004750374722949268,0.11970944301832155,2.750706843028869e-05,0.08325731946461375,0.007849068169543701,0.011795456119130146,0.08276061161436887
"IWM, XLP, HYG, AGG",4,0.00041243288890760124,0.10393308800471551,2.7562577531990393e-05,0.08334128351580374,0.0077438317153397974,0.011150417108282665,0.09849217298553015
"XLK, XLP, LQD, AGG",4,0.0005233642139719971,0.13188778192094328,2.7563412392310276e-05,0.0833425456946342,0.007523475066021973,0.011026291385257226,0.08994388178650636
"XLP, XLY, HYG, AGG",4,0.0003643562135794323,0.09181776582201694,2.7612898113152417e-05,0.08341732628485769,0.00806885868155914,0.01118070792572152,0.08809031098432263
"EFA, TLT, LQD, AGG",4,0.0002918173838218973,0.07353798072311812,2.763284553280855e-05,0.08344745097525601,0.008314341895203001,0.011675955751866479,0.08334980081842569
"EFA, TLT, XLP, HYG",4,0.00037453427726447135,0.09438263787064678,2.7656054055627566e-05,0.08348248691802458,0.008344689259786597,0.011590224123232492,0.07557630888249478
"TLT, XLE, XLP, AGG",4,0.0003427762994199829,0.08637962745383569,2.7685693477627363e-05,0.08352720967662033,0.00826687886635759,0.01157165008075174,0.0761473402371754
"EFA, XLU, LQD, AGG",4,0.0004472261425261503,0.11270098791658988,2.769040412045338e-05,0.08353431533420413,0.008101055379260534,0.011600757833941771,0.06583493906004434
"GLD, XLV, LQD, AGG",4,0.0005112041039317236,0.12882343419079434,2.769534232323461e-05,0.08354176360034017,0.00828370577548653,0.012007753899536927,0.07966108003018524
"EFA, TLT, XLP, AGG",4,0.0003402283674405322,0.08573754859501412,2.771841219445309e-05,0.08357655097575024,0.008395161405528144,0.011733092428300678,0.08763647963760068
"EEM, TLT, HYG, AGG",4,0.00036808969982691093,0.09275860435638156,2.7738199953700537e-05,0.083606377677379,0.008389834323946733,0.01218161039744006,0.0706618848167807
"XLI, XLU, HYG, AGG",4,0.0004928155893471782,0.12418952851548891,2.7806243392564625e-05,0.0837088605520723,0.007484989969245137,0.011112127500982118,0.0811605911830725
"XLP, VNQ, LQD, AGG",4,0.00031545338340607045,0.07949425261832975,2.782088520567212e-05,0.0837308967575851,0.007983272349697562,0.01180704484025769,0.07967320075594597
"GLD, XLV, HYG, LQD",4,0.0005455100137556629,0.13746852346642705,2.7827707128128065e-05,0.08374116189955973,0.00835709723633179,0.011930279191499787,0.07788069243055018
"SPY, XLU, HYG, LQD",4,0.0005221215966434584,0.13157464235415153,2.788686121203523e-05,0.08383012003708976,0.007450508184288497,0.01144645927318409,0.08437058286782095
"TLT, VNQ, HYG, AGG",4,0.00025525356569405273,0.0643238985549013,2.7887443406535314e-05,0.08383099509398001,0.008096358457805009,0.01225205598372731,0.07957610025469064
"EFA, XLV, HYG, LQD",4,0.00043307106611385223,0.10913390866069077,2.7927543283314012e-05,0.083891244521673,0.007809507025465436,0.01122607819005554,0.07954667136301652
"EFA, XLE, LQD, AGG",4,0.00046052626561481503,0.11605261893493339,2.7936182602641827e-05,0.08390421929715895,0.007368376733283078,0.011784134319063156,0.08847981279344386
"TLT, XLV, XLP, HYG",4,0.00031532109991902,0.07946091717959304,2.796445794817543e-05,0.08394666999315821,0.008852460874945806,0.011467389077678712,0.08585715784541603
"TLT, XLI, XLP, HYG",4,0.0003939366563831121,0.09927203740854425,2.7998819093623892e-05,0.08399822862175858,0.008530467096313594,0.011354006915363583,0.08250371140318957
"EFA, XLE, HYG, AGG",4,0.00048671333331720234,0.12265175999593499,2.8102743655606417e-05,0.08415397436373886,0.00686405675611385,0.011755651678736946,0.09128474249936402
"XLE, XLV, HYG, LQD",4,0.0004356189980933027,0.10977598751951229,2.8103400428478358e-05,0.08415495771478082,0.00723123993548449,0.011564224510331742,0.08573191208993525
"XLF, XLV, HYG, LQD",4,0.00044854180841570775,0.11303253572075836,2.813036416105908e-05,0.08419531916078761,0.007804241777936211,0.011426512476583618,0.08441644780026425
"XLP, VNQ, HYG, LQD",4,0.0003497592932300095,0.0881393418939624,2.8173149747534237e-05,0.08425932432899416,0.007859096074757531,0.011816070775256926,0.07928515543763504
"TLT, XLE, XLP, HYG",4,0.0003770822092439221,0.09502471672946837,2.828257219919e-05,0.08442279428090425,0.007751168954487376,0.0116723029633292,0.08208829714010324
"EFA, XLF, HYG, AGG",4,0.0004996361436396074,0.12590830819718107,2.836551096311611e-05,0.08454648876627142,0.007907099719164451,0.011342107401092079,0.08010443501423814
"SPY, GLD, HYG, AGG",4,0.0006371938932729314,0.16057286110477872,2.836620739426812e-05,0.08454752665427634,0.008412559367204026,0.01247291343471407,0.07160556334748303
"QQQ, TLT, XLP, AGG",4,0.00042706612458624527,0.10762066339573381,2.8450700868012254e-05,0.08467335247135954,0.00826564676516312,0.011454117371518968,0.08114220236220915
"XLF, XLU, HYG, LQD",4,0.0004970027946519451,0.12524470425229017,2.845187981950097e-05,0.08467510681725914,0.007725125282765632,0.011674341224871326,0.07606911835805852
"IWM, XLP, LQD, AGG",4,0.00038624582120521403,0.09733394694371393,2.8492651121428697e-05,0.08473575445229736,0.00855800730154984,0.011572242199589656,0.09813312886657644
"XLP, XLY, LQD, AGG",4,0.00033816914587704507,0.08521862476101535,2.856764426819568e-05,0.08484719415269612,0.008339442157587838,0.011557469650618908,0.08713993633213879
"SPY, XLE, LQD, AGG",4,0.000501115809908184,0.12628118409686237,2.860666335125238e-05,0.08490511860020926,0.0071480754370530225,0.011918548353553392,0.0975484822542605
"EEM, XLV, LQD, AGG",4,0.00044885040459253936,0.11311030195731991,2.8624345818036095e-05,0.08493135549457043,0.008125221351713502,0.012190324679988202,0.0878982354356248
"XLV, VNQ, HYG, AGG",4,0.00036220133816206853,0.09127473721684128,2.8636205273808658e-05,0.08494894778041563,0.0084228289394519,0.011842529920113148,0.08937412033747838
"TLT, XLU, LQD, AGG",4,0.000281065192712683,0.07082842856359611,2.866510149440379e-05,0.0849917971135436,0.008554896815100776,0.012010874048637335,0.09542506746665447
"SPY, TLT, XLP, LQD",4,0.0003889367538554531,0.09801206197157418,2.8674209826011357e-05,0.08500529910631961,0.008432766546566517,0.011753490675012251,0.08352322537078438
"TLT, XLV, XLP, AGG",4,0.00028101519009508086,0.07081582790396038,2.868364181236443e-05,0.08501927861794546,0.008896250524033476,0.011591070377759976,0.09470242377830296
"GLD, XLF, HYG, LQD",4,0.0006201939334029699,0.15628887121754842,2.8685335740294667e-05,0.08502178901054869,0.00812463412792279,0.012136671186424731,0.07607308643266186
"XLK, HYG, LQD, AGG",4,0.0005011402980557493,0.12628735511004882,2.87069446240854e-05,0.08505380676530311,0.008437678189058623,0.011436718449418843,0.08403603475257848
"XLE, XLU, HYG, AGG",4,0.0004759611422079881,0.119942207836413,2.8717827053009004e-05,0.08506992663308385,0.007572442005815415,0.011516265153398842,0.08098307774684088
"QQQ, XLV, HYG, AGG",4,0.0005117899811380132,0.1289710752467793,2.8723851588619967e-05,0.08507884931245975,0.007742525193790243,0.011378524126812657,0.09088326934737867
"EFA, XLF, LQD, AGG",4,0.0004734490759372202,0.11930916713617949,2.8737495949247774e-05,0.08509905392664738,0.008264019994831461,0.011462160281150815,0.07783338194995792
"EFA, XLU, HYG, LQD",4,0.0004815320523500894,0.12134607719222253,2.8808632621020425e-05,0.0852043157386828,0.00787874156831748,0.011562040077596276,0.0706661374633526
"GLD, XLU, HYG, AGG",4,0.0005858521578703482,0.14763474378332775,2.88130977493259e-05,0.08521091850713808,0.008159123715464654,0.012419702958112417,0.10734822256347865
"XLI, XLU, LQD, AGG",4,0.00046662852164479097,0.11759038745448733,2.8908270302359727e-05,0.08535153259429296,0.007887398152349767,0.01150159648741412,0.0807481037536405
"XLV, XLI, HYG, LQD",4,0.0004524734452324929,0.11402330819858822,2.9088246386151637e-05,0.08561680961884888,0.008025491716157686,0.011424476236728457,0.08520587996781848
"TLT, GLD, XLP, HYG",4,0.00048697322490628216,0.1227172526763831,2.909562936354615e-05,0.08562767426255154,0.008237552860870903,0.012072891089337378,0.1063443416858223
"QQQ, XLV, LQD, AGG",4,0.00048560291343562604,0.12237193418577776,2.912659381403384e-05,0.08567322592932128,0.008138776055780162,0.011504148120662088,0.08472213127669681
"XLE, XLU, LQD, AGG",4,0.00044977407450560086,0.11334306677541142,2.918522003345872e-05,0.08575940443141848,0.007801281044981257,0.01180583830132797,0.0802278281142792
"QQQ, XLU, HYG, AGG",4,0.0005602509673742506,0.14118324377831115,2.921327066234032e-05,0.08580060726422488,0.007788277108491593,0.011560803578798204,0.08867961365089883
"EEM, TLT, XLP, AGG",4,0.0003903136157431587,0.098359031167276,2.9384650935951522e-05,0.08605191477160624,0.008666446187465525,0.012462147124589915,0.08611572091464659
"SPY, GLD, LQD, AGG",4,0.0006110068255705442,0.15397372004377713,2.938959112383014e-05,0.08605914805065872,0.008637444543082838,0.012599456645024865,0.0737712199602426
"SPY, XLE, HYG, AGG",4,0.0005273028776105713,0.13288032515786397,2.939496001755825e-05,0.08606700833899525,0.007176164846912648,0.011976117509751413,0.09908405358703587
"EEM, XLU, HYG, AGG",4,0.000523498458531164,0.13192161154985332,2.948314524866765e-05,0.086196012684255,0.00843716088355592,0.012094036508697028,0.07354667878416277
"EEM, TLT, XLP, HYG",4,0.0004246195255670979,0.10700412044290868,2.9516030344162973e-05,0.08624407021198077,0.008309811730823012,0.012375147794455114,0.08229856467251839
"SPY, XLF, LQD, AGG",4,0.0005140386202305891,0.12953773229810844,2.9534844641756604e-05,0.08627155295763875,0.007695233447147767,0.011991079917145214,0.09083410068763664
"QQQ, TLT, XLP, HYG",4,0.00046137203441018454,0.1162657526713665,2.955473387451704e-05,0.08630059638483557,0.008125021949438014,0.011671411545452643,0.08824693228959524
"TLT, XLY, HYG, AGG",4,0.00027796932816502725,0.07004827069758687,2.9603312226718015e-05,0.0863714922942341,0.00823031790875635,0.012161987993962472,0.08451056515710986
"TLT, GLD, HYG, LQD",4,0.00043856224128764707,0.11051768480448707,2.9682000345810472e-05,0.08648620749659588,0.008374578717649498,0.012247043717136075,0.10271031667436692
"SPY, VNQ, HYG, AGG",4,0.000462004059800889,0.11642502306982402,2.9766671627040274e-05,0.08660947552095065,0.0080440225487638,0.012501643753729488,0.09471107471118057
"SPY, XLF, HYG, AGG",4,0.0005402256879329764,0.13613687335911004,2.9784595268966214e-05,0.08663554702187483,0.007463017471808813,0.011976099316261308,0.09604050230093186
"TLT, XLE, XLV, AGG",4,0.00036333718647359376,0.09156097099134562,2.979220525763319e-05,0.08664661404188605,0.0079627941826188,0.012189881210812763,0.08903441265540246
"XLF, XLE, LQD, AGG",4,0.00047599700791667066,0.11995124599500101,2.9803182287786386e-05,0.08666257517822887,0.007246427695915593,0.011951853294234168,0.09058536269677342
"TLT, XLP, XLU, HYG",4,0.0003637820861552572,0.09167308571112481,2.9875362214620935e-05,0.0867674551781051,0.00881762725107898,0.011820318515980482,0.09278428720400667
"TLT, XLF, XLP, LQD",4,0.00036381795186393983,0.09168212386971283,2.991225343191588e-05,0.08682101050346512,0.008718541704846684,0.012108725698457784,0.07624523713856457
"GLD, XLI, HYG, AGG",4,0.0006160067280982031,0.1552336954807472,2.99302573435863e-05,0.08684713495898266,0.008335988108001721,0.012667341857131276,0.0835436662743323
"GLD, XLE, HYG, AGG",4,0.0005991522809590129,0.15098637480167126,2.996481194402532e-05,0.08689725317807451,0.007790708682064513,0.012223596840748996,0.0770575112391998
"QQQ, XLU, LQD, AGG",4,0.0005340638996718633,0.13458410271730953,2.9968267116889353e-05,0.08690226299387213,0.007947310061636901,0.01188282169740211,0.08211128953325852
"SPY, TLT, XLV, AGG",4,0.00040137879878751213,0.10114745729445306,3.0009666620337615e-05,0.08696226761259782,0.008068479008500705,0.011870337901513673,0.09357616763247545
"SPY, EFA, HYG, AGG",4,0.0005247549456311207,0.13223824629904243,3.0127395882121245e-05,0.0871326790721745,0.007842763470426534,0.01173217945811305,0.08479613801555652
"XLK, XLP, HYG, LQD",4,0.0005576701237959363,0.14053287119657595,3.013068831251405e-05,0.08713744002868996,0.007649669667733543,0.011569202814558222,0.09707234526894737
"TLT, XLE, XLP, LQD",4,0.0003508951415415348,0.08842557566846676,3.023116163429513e-05,0.08728260268714706,0.008258480277179162,0.0122179920076272,0.08158088563613142
"QQQ, TLT, LQD, AGG",4,0.0003786551409676103,0.09542109552383779,3.0262326787976903e-05,0.08732758069802564,0.008498829635267616,0.011985953489293615,0.07523560739102664
"EEM, XLV, HYG, LQD",4,0.00048315631441647863,0.12175539123295262,3.028357983072976e-05,0.08735824012274915,0.008216964417193813,0.012402074058837887,0.09034805164561577
"GLD, XLE, LQD, AGG",4,0.0005729652132566258,0.1443872337406697,3.041957271643538e-05,0.08755416794500258,0.008113359368061183,0.012259984512672314,0.08121116431945075
"XLE, XLI, LQD, AGG",4,0.0004799286447334559,0.12094201847283088,3.0434778676962797e-05,0.08757604824719271,0.007149000592778749,0.011820233305486543,0.10143828567570867
"TLT, GLD, XLP, AGG",4,0.00045266731508234294,0.11407216340075042,3.049111916313492e-05,0.0876570706167506,0.00854869438774503,0.012265204885934605,0.11493571482812948
"IWM, XLP, HYG, LQD",4,0.0004205517310291531,0.10597903621934658,3.052095120299314e-05,0.08769994129504462,0.008091307682697689,0.011814901493320536,0.10550968059489207
"XLP, XLY, HYG, LQD",4,0.0003724750557009841,0.093863714036648,3.052929112287878e-05,0.08771192258162772,0.00843222540421882,0.011823946638500211,0.09519630054620964
"SPY, EFA, LQD, AGG",4,0.0004985678779287335,0.12563910523804084,3.052945778630863e-05,0.08771216199678226,0.008203640831911383,0.011835145578101223,0.08001872150308331
"TLT, XLI, XLP, LQD",4,0.000367749588680725,0.0926728963475427,3.05820424580744e-05,0.08778766826516551,0.009095683060825437,0.011937710684850495,0.08220898131077037
"XLI, XLU, HYG, LQD",4,0.0005009344314687302,0.12623547673012,3.059415551076354e-05,0.08780505218216327,0.007984383537851471,0.011712161167505035,0.08829948413819044
"XLF, XLE, HYG, AGG",4,0.000502184075619058,0.12655038705600263,3.0621555872147964e-05,0.08784436282301379,0.007546367871431561,0.012059129858902349,0.092257269500015
"EFA, VNQ, HYG, AGG",4,0.00042141451550752,0.10619645790789503,3.065078387004433e-05,0.08788627614850437,0.008419396640579734,0.012214114055111068,0.08375391144810629
"XLV, VNQ, LQD, AGG",4,0.0003360142704596812,0.08467559615583967,3.065974516998332e-05,0.087899122764882,0.008938100713653897,0.012362798141940778,0.0966628165354596
"GLD, VNQ, HYG, AGG",4,0.0005338534631493307,0.13453107271363132,3.067761440952998e-05,0.0879247338989522,0.008882438920025732,0.012840967052071573,0.08251321700672254
"EFA, XLE, HYG, LQD",4,0.0004948321754387542,0.12469770821056606,3.071774165405016e-05,0.08798221920831868,0.007263507096202701,0.012314165080137838,0.09660326984962209
"QQQ, TLT, HYG, LQD",4,0.0004129610507915494,0.10406618479947045,3.072985715531831e-05,0.08799956819860093,0.008214877931206557,0.012084156948706333,0.08234415185267785
"EFA, TLT, XLP, LQD",4,0.0003483472095620842,0.08778349680964521,3.079500206122595e-05,0.08809279493482393,0.008818282278996087,0.012336629313317603,0.09110341037700542
"IWM, TLT, HYG, AGG",4,0.0003260460034931962,0.08216359288028545,3.0820785910964196e-05,0.08812966611512255,0.008396768550042288,0.01244335068769699,0.09283229072926391
"TLT, XLE, XLV, HYG",4,0.0003976430962975329,0.1002060602669783,3.085280744642554e-05,0.08817543578854169,0.007955519389569052,0.012330551258328321,0.08881754925582952
"TLT, XLF, XLV, AGG",4,0.0003762599967959987,0.09481751919259167,3.0867049315846255e-05,0.08819578463619028,0.00908095389936752,0.012325111651074588,0.07745617786796677
"GLD, XLU, HYG, LQD",4,0.0005939709999919001,0.14968069199795883,3.0877267965447306e-05,0.0882103821967274,0.008317221728615579,0.012745769225724396,0.11045658608636
"SPY, GLD, HYG, LQD",4,0.0006453127353944833,0.16261880931940978,3.088099853272435e-05,0.08821571079034922,0.008850105938244326,0.012901412962587117,0.07363428098960323
"EEM, TLT, HYG, LQD",4,0.0003762085419484628,0.09480455257101263,3.088263444083252e-05,0.08821804735477767,0.008821680625144409,0.01280071738479793,0.07838313588448587
"SPY, VNQ, LQD, AGG",4,0.00043581699209850177,0.10982588200882244,3.088677610559451e-05,0.08822396260999513,0.007982726656842411,0.012849865779114294,0.09429868895920757
"GLD, XLF, XLP, AGG",4,0.0006342990071976659,0.15984334981381182,3.090652691175647e-05,0.08825216587575985,0.008576278814066567,0.012370137652474987,0.08390644613541731
"TLT, XLP, XLU, AGG",4,0.0003294761763313181,0.08302799643549215,3.094181404389959e-05,0.08830253189497285,0.00914759445933246,0.012045190536070926,0.1012318965706901
"EEM, XLU, LQD, AGG",4,0.0004973113908287767,0.12532247048885173,3.095267686555021e-05,0.08831803083243338,0.008623831545588306,0.012596626809465347,0.07876187922104416
"XLE, XLU, HYG, LQD",4,0.00048407998432954,0.12198815605104409,3.096268539441392e-05,0.0883323084686023,0.007649396834086756,0.012034158714125663,0.08781301498161398
"XLF, VNQ, HYG, AGG",4,0.0004368852578093756,0.11009508496796265,3.096570458538453e-05,0.08833661503316109,0.008546699487294572,0.012460879673520223,0.08892317264678473
"SPY, GLD, XLP, AGG",4,0.0006594178091891793,0.1661732879156732,3.0976925460814004e-05,0.08835261861498576,0.008198313878381642,0.012576953876940076,0.08773895583958125
"GLD, XLI, LQD, AGG",4,0.0005898196603958159,0.14863455441974563,3.101965204534174e-05,0.08841353016041222,0.008630377382360672,0.012845359181989558,0.09489417468339245
"GLD, XLU, LQD, AGG",4,0.0005596650901679609,0.14103560272232613,3.109217112564351e-05,0.08851681830964195,0.008688117157367467,0.012906262658803383,0.11905863429862551
"TLT, VNQ, HYG, LQD",4,0.00026337240781560464,0.06636984676953236,3.1094894398492725e-05,0.08852069469011281,0.008496916512473179,0.012965871590479483,0.08666528262288087
"SPY, TLT, XLV, HYG",4,0.0004356847086114513,0.10979254657008572,3.111324882737909e-05,0.08854681645603941,0.008188293360266578,0.012016990697337259,0.09331364152791599
"SPY, XLP, XLU, AGG",4,0.0005362266704381542,0.13512912095041485,3.1153336340738265e-05,0.08860384166539306,0.007898809013305749,0.011828678851632251,0.08643248058311603
"XLE, XLI, HYG, AGG",4,0.0005061157124358431,0.12754115953383247,3.1157064371075256e-05,0.0886091429905005,0.007119181231876603,0.011882773169786044,0.10196685502196223
"SPY, XLV, XLP, AGG",4,0.00048776568420191705,0.12291695241888309,3.117587573202518e-05,0.08863588824212429,0.008190821084208504,0.011757982617775697,0.08868469562223424
"EEM, XLF, HYG, AGG",4,0.0005497213919422339,0.13852979076944294,3.11959888491262e-05,0.08866447535501354,0.00823691697276218,0.012511159820698775,0.08210613324874194
"XLE, VNQ, HYG, AGG",4,0.00042396244748697055,0.10683853676671658,3.1243142006624794e-05,0.08873145882757394,0.007817688468208874,0.012448744756331996,0.09803914496068433
"EEM, XLE, LQD, AGG",4,0.0005106115139174415,0.12867410150719524,3.136358715637699e-05,0.08890232822264557,0.007937019442451372,0.012957274468021047,0.09264287221958545
"EFA, TLT, XLE, AGG",4,0.0004225503638190451,0.10648269168239936,3.137439300431441e-05,0.08891764187767932,0.008407668023595131,0.012691387954090727,0.08751843407191484
"EFA, XLF, HYG, LQD",4,0.0005077549857611595,0.12795425641181218,3.1378885299218845e-05,0.08892400741871201,0.008455825957285655,0.01193738273742366,0.0856350066647037
"EEM, XLF, LQD, AGG",4,0.0005235343242398465,0.13193064970844132,3.137975390119746e-05,0.08892523816724789,0.008432753770658897,0.012726862222788913,0.0776479942030377
"TLT, XLV, XLP, LQD",4,0.00028913403221663265,0.07286177611859143,3.138510575805295e-05,0.08893282100006354,0.009210189083348516,0.012162230024635609,0.09770339774659531
"EEM, TLT, LQD, AGG",4,0.0003419026321245236,0.08615946329537995,3.1387757671784446e-05,0.08893657815145398,0.00878151127126248,0.012945461405691938,0.08382362268268129
"SPY, TLT, XLU, AGG",4,0.0004498397850237494,0.11335962582598486,3.141083990115575e-05,0.08896927365720848,0.008442435370957667,0.012595655841793216,0.07955918160040976
"XLU, VNQ, HYG, AGG",4,0.0004106623243983057,0.10348690574837303,3.141096128512476e-05,0.08896944556335866,0.00901982822406745,0.012483665990881186,0.07734569389431578
"SPY, TLT, XLE, AGG",4,0.0004631399081124142,0.11671125684432838,3.145484900775181e-05,0.08903157838628639,0.007584326436093444,0.0128293488377191,0.10016885218147742
"XLV, VNQ, HYG, LQD",4,0.0003703201802836204,0.09332068543147233,3.147573317907515e-05,0.08906112935016565,0.008843727515038063,0.012479037394704476,0.0963521801537317
"TLT, XLV, XLU, HYG",4,0.00038434297320886807,0.09685442924863476,3.1481656115101e-05,0.08906950848076717,0.008687077152568603,0.012254111541862522,0.07985104323232095
"XLY, XLU, HYG, AGG",4,0.00043337808686928027,0.10921127789105863,3.148203290162282e-05,0.08907004149100275,0.007944915369301832,0.012376308722388553,0.08870287875746963
"XLF, XLI, LQD, AGG",4,0.000492851455055861,0.12419856667407699,3.153189506309961e-05,0.0891405494480548,0.00821226971552725,0.011972053207275958,0.08914097076672112
"EFA, XLI, HYG, AGG",4,0.0005035677804563925,0.1268990806750109,3.1556143544576196e-05,0.08917481804429546,0.008345878787586879,0.012048361311558555,0.08002099823027098
"TLT, XLK, XLP, AGG",4,0.0004853883121762272,0.12231785466840926,3.167499345129398e-05,0.08934258978631683,0.008097017021727895,0.011949601551393189,0.09335883593629257
"TLT, GLD, LQD, AGG",4,0.0004042563314637079,0.10187259552885439,3.1713992784562614e-05,0.08939757369028413,0.008731896148491592,0.012636739252434507,0.11168546870784257
"XLF, XLI, HYG, AGG",4,0.0005190385227582481,0.13079770773507854,3.171563471811582e-05,0.0893998878576768,0.007699781302943205,0.01190188550414443,0.0896362326105663
"EEM, XLE, HYG, AGG",4,0.0005367985816198288,0.13527324256819687,3.1718368143401984e-05,0.08940374025809715,0.007756000912257751,0.012948424750301156,0.09331033672290667
"EFA, TLT, XLV, AGG",4,0.0003607892544941432,0.09091889213252408,3.175089936777588e-05,0.08944957596701912,0.009255547843908815,0.01234510432171198,0.09257796637508653
"QQQ, XLV, HYG, LQD",4,0.0005199088232595653,0.13101702346141045,3.1758481425020844e-05,0.08946025552783345,0.008090077954347874,0.011976620790445308,0.09629121644987881
"TLT, XLF, XLV, HYG",4,0.000410565906619938,0.10346260846822437,3.178748180320134e-05,0.08950109169393823,0.00895196918865441,0.012452169153216917,0.0855224806905438
"QQQ, TLT, XLP, LQD",4,0.0004351849667077972,0.1096666116103649,3.179092678372149e-05,0.0895059414200969,0.008571700793667406,0.012116618712614066,0.08838303136166004
"XLE, VNQ, LQD, AGG",4,0.00039777537978458324,0.10023939570571498,3.179462352802706e-05,0.08951114527846697,0.008161938976648487,0.012826445381063815,0.0976052288332212
"TLT, XLV, XLI, AGG",4,0.00038019163361278387,0.09580829167042154,3.1851875845050664e-05,0.08959170002267379,0.008917452891091093,0.012430530219134895,0.09168352248821776
"XLV, XLY, HYG, AGG",4,0.0003849171006330431,0.09699910935952687,3.1852102679386104e-05,0.08959201903744161,0.008547043363783487,0.012005731107272856,0.09448593395346572
"GLD, XLE, HYG, LQD",4,0.000607271123080565,0.15303232301630237,3.186800010708046e-05,0.08961437399761422,0.007877119913433681,0.012615496836238272,0.07751528700871546
"EFA, GLD, HYG, AGG",4,0.0005966043489795623,0.1503442959428497,3.191701811926474e-05,0.08968326803844023,0.008580472009039573,0.013161376122244021,0.08028702294906465
"TLT, GLD, XLF, AGG",4,0.0005479121217832609,0.13807385468938174,3.19323130015117e-05,0.08970475392297193,0.008919578144157841,0.012432578031044583,0.08511485527706641
"EFA, XLI, LQD, AGG",4,0.0004773807127540053,0.12029993961400934,3.2024216420957e-05,0.08983374943795436,0.008425442650590106,0.012206532135425463,0.0772049128458212
"XLF, VNQ, LQD, AGG",4,0.00041069819010698834,0.10349594390696107,3.2055732145883054e-05,0.08987794223702794,0.009011047368365162,0.012948375387771445,0.08585960468580844
"TLT, XLV, XLU, AGG",4,0.0003500370633849289,0.08820933997300208,3.2084384477149946e-05,0.08991810100442395,0.009014301617884789,0.012417455293822271,0.08341186108512644
"SPY, XLE, HYG, LQD",4,0.0005354217197321234,0.1349262733724951,3.209043928129799e-05,0.0899265850507351,0.007378833472189777,0.012553494464015153,0.10511170100304912
"EFA, TLT, XLV, HYG",4,0.00039509516431808224,0.09956398140815673,3.2152264696180074e-05,0.09001316961110402,0.008605183886714328,0.012290676308176162,0.09120661313810174
"SPY, TLT, XLU, HYG",4,0.0004841456948476885,0.1220047151016175,3.216715414310756e-05,0.09003400937458636,0.008266378585985069,0.01263197109375776,0.0870655857420023
"TLT, GLD, XLF, HYG",4,0.0005822180316072,0.14671894396501442,3.217643955346702e-05,0.09004700310101214,0.00849886916777915,0.012652652705774073,0.0789730533612798
"TLT, XLF, XLU, AGG",4,0.00042472098303223587,0.10702968772412344,3.218142920275722e-05,0.09005398469304299,0.008953983340002292,0.012718821058471368,0.07368836907973941
"XLI, VNQ, HYG, AGG",4,0.0004408168946261608,0.11108585744579252,3.2240052198332275e-05,0.09013597036688369,0.008515441707607674,0.012318103075815457,0.09859965342760557
"SPY, XLI, LQD, AGG",4,0.0005179702570473742,0.1305285047759383,3.224607811011958e-05,0.09014439352366921,0.007906190219391037,0.012212748414232312,0.09892163135048404
"QQQ, XLU, HYG, LQD",4,0.0005683698094958024,0.1432291919929422,3.2252886762786704e-05,0.09015390986652909,0.008083415361080837,0.012205242378262161,0.09390223713010071
"TLT, GLD, XLV, HYG",4,0.000507534111959893,0.12789859621389305,3.226174246555133e-05,0.09016628583522189,0.009706465120949009,0.012676273114745092,0.08217065874225749
"EEM, XLU, HYG, LQD",4,0.0005316173006527159,0.1339675597644844,3.226464291315423e-05,0.0901703388821117,0.008666542391749809,0.012630754051936137,0.08121687289676205
"QQQ, XLE, LQD, AGG",4,0.000547364022760528,0.13793573373565304,3.23582140077613e-05,0.09030099628440345,0.007336442917910425,0.012713790708447107,0.103933710890458
"GLD, XLV, XLP, AGG",4,0.0005596150875503586,0.1410230020626904,3.2367377808765295e-05,0.0903137819372484,0.008760894217319385,0.012621241533981066,0.09496361573416956
"GLD, XLI, HYG, LQD",4,0.0006241255702197551,0.15727964369537828,3.2376499283435427e-05,0.09032650673764445,0.008840090150335302,0.013033759811574883,0.08660669996742021
"EFA, VNQ, LQD, AGG",4,0.00039522744780513266,0.09959731684689344,3.239262396193985e-05,0.09034899688656672,0.009145014867330185,0.012788898577515605,0.08602295569414475
"SPY, XLI, HYG, AGG",4,0.0005441573247497615,0.1371276458369399,3.2399740847080066e-05,0.0903589214934761,0.007880335334768743,0.012160266578269742,0.09924408082901226
"EFA, XLV, XLP, AGG",4,0.0004471761399085481,0.11268838725695413,3.2442522586260234e-05,0.09041855833697848,0.008916109367690014,0.012012121112368629,0.08456890183047439
"TLT, VNQ, LQD, AGG",4,0.00022906649799166545,0.057724757493899694,3.244326363304648e-05,0.09041959099403023,0.008685905354533402,0.013160017723040386,0.09322040912016794
"EEM, TLT, XLP, LQD",4,0.0003984324578647107,0.1004049793819071,3.2466758415700945e-05,0.09045232512631525,0.009269128933570663,0.013070202122487209,0.08976078406685195
"EEM, XLV, XLP, AGG",4,0.0004972613882111745,0.12530986982921596,3.251614818916155e-05,0.09052109888677175,0.008805479762526476,0.012617407320430634,0.09105584837508274
"XLY, XLU, LQD, AGG",4,0.000407191019166893,0.10261213683005704,3.25769737467464e-05,0.09060572489738214,0.008230630142284687,0.01279201718666764,0.08876196283461724
"TLT, XLE, XLV, LQD",4,0.0003714560285951456,0.09360691920597669,3.258933734247581e-05,0.09062291658462501,0.008287643306036496,0.012890510394512934,0.09518121014745262
"TLT, XLK, HYG, AGG",4,0.0004631643962599794,0.11671742785751481,3.259014382679995e-05,0.09062403789477484,0.008762426488149063,0.012205831892559532,0.08744415535741357
"XLV, XLY, LQD, AGG",4,0.0003587300329306558,0.09039996829852526,3.259478929537451e-05,0.0906304965363998,0.008647275212955472,0.012280723070579794,0.0894819115672768
"TLT, XLF, XLE, AGG",4,0.0004380211061209008,0.110381318742467,3.2673788918735166e-05,0.09074026012482697,0.008047440048870693,0.012821554899403832,0.09123923286797686
"TLT, XLF, XLU, HYG",4,0.00045902689285617514,0.11567477699975613,3.275459372502265e-05,0.09085239467788238,0.008585351126839441,0.012806724909755289,0.07798962639575169
"TLT, XLV, XLI, HYG",4,0.00041449754343672303,0.1044533809460542,3.282089788129161e-05,0.09094430309857504,0.008918542301228067,0.012559477606116812,0.09142278499117995
"GLD, XLF, XLP, HYG",4,0.0006686049170216051,0.16848843908944447,3.285128724012766e-05,0.0909863967003429,0.00872895359643988,0.01272032248325726,0.08212805894950637
"TLT, GLD, XLP, LQD",4,0.0004607861572038949,0.11611811161538152,3.285589919451917e-05,0.09099278321393862,0.009097543145299309,0.012630552565675855,0.11790335080327108
"TLT, XLY, LQD, AGG",4,0.00025178226046264005,0.06344912963658529,3.2878279173042925e-05,0.0910237680587154,0.008863391811682296,0.012808493774165463,0.0849457572139708
"SPY, XLF, HYG, LQD",4,0.0005483445300545284,0.13818282157374115,3.287845087036495e-05,0.09102400573108155,0.008324632304623963,0.012578301125315026,0.10123048966696002
"EFA, XLP, XLU, AGG",4,0.0004956371261447853,0.1249005557884859,3.289276348033067e-05,0.09104381580889133,0.008794306131736391,0.012321888961761422,0.07455460737622033
"GLD, VNQ, LQD, AGG",4,0.0005076663954469435,0.12793193165262975,3.304077632680014e-05,0.09124842811990591,0.00923157150621525,0.013197447628198916,0.09389192024142146
"SPY, VNQ, HYG, LQD",4,0.00047012290192244093,0.11847097128445512,3.30618067186871e-05,0.09127746322674152,0.008475966071180126,0.013191416817768408,0.10178003381476242
"EFA, TLT, XLF, AGG",4,0.0004354731741414502,0.10973923988364545,3.3083416975115435e-05,0.09130728929132159,0.009102978343337904,0.012554076081758658,0.07930438570223108
"EFA, TLT, XLE, HYG",4,0.0004568562736429844,0.11512778095803207,3.309182091847023e-05,0.09131888562315299,0.008199208941059135,0.012893906557021264,0.09562504589728071
"XLF, XLE, HYG, LQD",4,0.00051030291774061,0.12859633527063372,3.310380849814561e-05,0.09133542435185099,0.0077527993781545,0.012553157462830339,0.09725041660211398
"SPY, GLD, XLP, HYG",4,0.0006937237190131184,0.17481837719130583,3.3104835508871575e-05,0.09133684113344209,0.008314328573327583,0.013014483038248169,0.08597400171135883
"GLD, XLV, XLP, HYG",4,0.0005939209973742978,0.14966809133832304,3.3136245252822116e-05,0.09138016088687508,0.008660928416418332,0.012655126170701225,0.09320480870436187
"TLT, XLY, HYG, LQD",4,0.0002860881702865792,0.07209421891221796,3.313929225131015e-05,0.09138436215967237,0.008815352782552853,0.012901460339850573,0.0917362497779215
"GLD, XLF, XLP, LQD",4,0.0006424178493192178,0.16188929802844287,3.3145764405088044e-05,0.0913932854759155,0.008731340604693745,0.012686442496407924,0.08521988041189688
"TLT, XLK, XLP, HYG",4,0.0005196942220001663,0.1309629439440419,3.317813823424524e-05,0.09143790699173839,0.007891134993403647,0.012241349075103068,0.1004051542473281
"GLD, VNQ, HYG, LQD",4,0.0005419723052708825,0.1365770209282624,3.3180458400492204e-05,0.0914411040885008,0.009311359779200504,0.013252359046128008,0.08555670956587202
"TLT, GLD, XLV, AGG",4,0.0004732282021359538,0.11925350693826037,3.3193508797910385e-05,0.09145908493459476,0.009726152116677201,0.01275783211121995,0.08593073295878795
"QQQ, XLV, XLP, AGG",4,0.0005340138970542611,0.1345715020576738,3.320987700102757e-05,0.09148163205944103,0.008325871901018342,0.012046307479293106,0.09552162492531002
"EFA, XLE, XLP, AGG",4,0.0005089372492334502,0.12825218680682945,3.323374344398723e-05,0.09151449802017592,0.007538150704945851,0.0123310387934448,0.09475737790207595
"QQQ, XLP, XLU, AGG",4,0.0005824748832904982,0.14678367058920555,3.327343389515746e-05,0.09156912875843955,0.008135720837723313,0.012014036328591741,0.09267309304115423
"SPY, TLT, XLF, AGG",4,0.00047606271843481925,0.11996780504557446,3.329074092245111e-05,0.09159294029813478,0.008462568237907505,0.01292228438877272,0.09193030682427572
"GLD, XLI, XLP, AGG",4,0.0006382306440144511,0.16083412229164168,3.332209712107126e-05,0.09163606535916936,0.008232351565399913,0.012832383314198961,0.09701522051877742
"SPY, EFA, HYG, LQD",4,0.0005328737877526727,0.13428419451367352,3.335399685596607e-05,0.09167991714494211,0.008374855330655583,0.012346121741481798,0.09025141466608944
"TLT, XLE, XLI, AGG",4,0.000441952742937686,0.11137209122029687,3.338091916090929e-05,0.09171691026495138,0.00802916217765316,0.012646850069267045,0.10404461888389127
"EEM, VNQ, HYG, AGG",4,0.00047149976381014627,0.11881794048015686,3.3401826279240654e-05,0.0917456278106409,0.008920190079082747,0.013204312376255536,0.09129342460005552
"SPY, TLT, XLV, LQD",4,0.00040949764090906403,0.10319340550908414,3.3418401680581325e-05,0.09176838902098312,0.008328613736254322,0.012582144852229745,0.10054097276495644
"SPY, EFA, XLP, AGG",4,0.0005469788615473685,0.13783867310993686,3.342523240636473e-05,0.09177776727728733,0.008418430313067226,0.012135720702455827,0.09086155639587878
"XLI, VNQ, LQD, AGG",4,0.0004146298269237735,0.10448671638479093,3.342616764907993e-05,0.09177905124573986,0.009131858253759608,0.012761577241490423,0.09818906599635524
"QQQ, XLE, HYG, AGG",4,0.0005735510904629153,0.14453487479665467,3.3427530157119814e-05,0.09178092176260921,0.007495067346796063,0.012899393586376253,0.11006491725324652
"SPY, GLD, XLP, LQD",4,0.0006675366513107311,0.16821923613030423,3.342938959188767e-05,0.09178347442299019,0.008725734519522759,0.01294695679580106,0.08905226311069192
"QQQ, TLT, XLV, AGG",4,0.0004476270116398561,0.11280200693324374,3.3466729816834503e-05,0.09183472063355066,0.008576323844239937,0.012410055374867947,0.09442606696779254
"IWM, XLV, HYG, AGG",4,0.0004329937759612121,0.10911443154222546,3.3497657193529165e-05,0.09187714412610652,0.008464977541864871,0.012299323411793168,0.10342202074588325
"EFA, GLD, LQD, AGG",4,0.0005704172812771752,0.14374515488184816,3.356213746216805e-05,0.09196552963184819,0.00872146172018208,0.013485872564085224,0.08338526024016779
"XLK, XLV, HYG, AGG",4,0.0005701121687279951,0.14366826651945477,3.35672658186843e-05,0.09197255561475089,0.00840751547049037,0.012256577029657429,0.09935487059954828
"EFA, XLF, XLP, AGG",4,0.0005218600595558552,0.13150873500807553,3.3575385092989645e-05,0.09198367813603342,0.008577572882865992,0.01216133065804573,0.08910402060309541
"SPY, XLP, XLU, HYG",4,0.0005705325802620935,0.14377421022604756,3.3610284359105956e-05,0.09203147102211667,0.007908818431600701,0.012138892301352885,0.09398244713574067
"EFA, TLT, XLU, AGG",4,0.00040925024073038035,0.10313106066405585,3.3624852933951375e-05,0.09205141465157256,0.009069422403443331,0.013006957383030543,0.0814985647891665
"EEM, TLT, XLV, AGG",4,0.0004108745027967695,0.10354037470478591,3.362510705750896e-05,0.09205176249530618,0.008894067042202256,0.013305694690191544,0.09449365764304918
"XLV, XLI, XLP, AGG",4,0.00046657851902718884,0.11757778679485159,3.363524086803683e-05,0.09206563256039293,0.008875923953793514,0.011822582513066018,0.08698856327820492
"TLT, XLP, XLY, AGG",4,0.00030019324408127513,0.07564869750848133,3.363855723730586e-05,0.09207017119458981,0.009115288789450568,0.012754990002011019,0.09061573907134868
"TLT, XLE, XLU, AGG",4,0.000411798172709831,0.10377313952287741,3.3644354452037835e-05,0.09207810446525024,0.008480853122717107,0.012997640070927926,0.08297896282913642
"TLT, XLP, XLU, LQD",4,0.00033759501845287003,0.08507394465012325,3.3648264253633624e-05,0.09208345449599334,0.009623804603578893,0.012668212540370023,0.10460080584121989
"IWM, TLT, XLP, AGG",4,0.00034826991940944404,0.0877640196911799,3.367704505802686e-05,0.09212282754357233,0.009381381329041585,0.01288645577871362,0.1010683209780453
"EFA, TLT, XLU, HYG",4,0.00044355615055431956,0.11177614993968853,3.36789502972659e-05,0.09212543337705939,0.008887323365453099,0.012848081846280274,0.0742258069770374
"XLK, XLV, LQD, AGG",4,0.0005439251010256079,0.1370691254584532,3.3705649758341596e-05,0.09216194300850043,0.00850934434298094,0.012267354230271721,0.0983393753966908
"XLE, XLI, HYG, LQD",4,0.0005142345545573949,0.12958710774846352,3.37839944362079e-05,0.09226899044600191,0.007369744821811913,0.01242333208484606,0.10896683445687061
"XLU, VNQ, LQD, AGG",4,0.0003844752566959184,0.09688776468737144,3.378675541043459e-05,0.09227276067957173,0.009432591827898712,0.013101782503954251,0.07962452637313921
"SPY, XLE, XLP, AGG",4,0.0005495267935268192,0.13848075196875842,3.378878534062785e-05,0.09227553254161268,0.007494873124844194,0.012470867314602214,0.10703585432712415
"XLF, XLP, XLU, AGG",4,0.000511107868446641,0.12879918284855355,3.3843619191576146e-05,0.09235037648151301,0.00859978851445889,0.012348633037396672,0.07827589186453754
"EFA, VNQ, HYG, LQD",4,0.0004295333576290719,0.10824240612252611,3.386543769639516e-05,0.09238014017899941,0.00872440801844555,0.01288980702610688,0.08914788998177392
"SPY, TLT, XLE, HYG",4,0.0004974458179363534,0.12535634611996105,3.387449380054491e-05,0.09239249124110313,0.007656481970076576,0.013122963666654797,0.10765380974057204
"SPY, TLT, GLD, AGG",4,0.0005730309237747744,0.14440379279124316,3.392240509980566e-05,0.09245780705354756,0.009306836884109031,0.013061751611177744,0.0766700691841351
"XLE, VNQ, HYG, LQD",4,0.00043208128960852245,0.10888448498134766,3.3926674122870535e-05,0.09246362462592182,0.008251471263393248,0.0130489583526809,0.10508593311472136
"TLT, XLP, VNQ, HYG",4,0.0003117833914342396,0.07856941464142839,3.392685753995923e-05,0.09246387456769117,0.009126028090791943,0.01313054674042456,0.09285869473004627
"XLV, XLP, XLU, AGG",4,0.00043642394879933393,0.10997883509743216,3.394622956657902e-05,0.09249026895180873,0.009181370176041094,0.01229697638246783,0.07321711861119096
"SPY, XLP, XLU, LQD",4,0.0005443455125597063,0.137175069165046,3.394747065016171e-05,0.09249195967131821,0.008548629778936653,0.012416379795253089,0.09353856158799001
"XLF, XLV, XLP, AGG",4,0.00046264688221040373,0.11658701431702174,3.395295197677024e-05,0.09249942647468741,0.008648260918526919,0.012410005981788928,0.08728738917150958
"SPY, XLV, XLP, LQD",4,0.000495884526323469,0.12496290063351419,3.3965023777403126e-05,0.09251586886532272,0.008655306844827933,0.0122548064577488,0.09444169497245769
"SPY, XLV, XLP, HYG",4,0.0005220715940258563,0.1315620416945158,3.398009171548253e-05,0.09253638804438823,0.008410230913303295,0.012248304264132086,0.0978764847739001
"XLF, VNQ, HYG, LQD",4,0.00044500409993092745,0.11214103318259372,3.404761303928926e-05,0.09262828124229067,0.009077868961394868,0.013154062456451671,0.09418758619430989
"TLT, XLF, XLV, LQD",4,0.00038437883891755066,0.09686346740722276,3.406255773834787e-05,0.092648607922967,0.009598338316786324,0.012988684092665103,0.08299637808201477
"EEM, XLP, XLU, AGG",4,0.0005457223744474117,0.13752203836074775,3.406636282795004e-05,0.09265378261378977,0.008743580216784445,0.01274935862874447,0.08103042109782765
"TLT, GLD, XLE, AGG",4,0.0005349893114608558,0.13481730648813567,3.406709704266516e-05,0.09265478106796012,0.008697411863201353,0.012794119206386984,0.08657394945478736
"IWM, TLT, LQD, AGG",4,0.000299858935790809,0.07556445181928387,3.407108029168415e-05,0.09266019767680407,0.00905220486915281,0.01317302493518538,0.09286155862147705
"QQQ, VNQ, HYG, AGG",4,0.0005082522726532329,0.1280795727086147,3.411259384540136e-05,0.09271663091938331,0.008149532900134074,0.013272388490012355,0.09994642381553864
"EEM, XLF, XLP, AGG",4,0.0005719453078584816,0.14413021758033737,3.412896964746187e-05,0.09273888262837972,0.008522972898086647,0.012869306063397973,0.08769960679499933
"GLD, XLY, HYG, AGG",4,0.0005565692256203052,0.1402554448563169,3.4179184007420235e-05,0.09280708146402353,0.008750370668979334,0.013696287782520257,0.09027093320002011
"EEM, XLF, HYG, LQD",4,0.0005578402340637858,0.14057573898407402,3.421488079820551e-05,0.09285553274386933,0.008689998653526865,0.013106104843047302,0.0873750348146114
"IWM, XLV, LQD, AGG",4,0.00040680670825882475,0.10251529048122383,3.421567124391261e-05,0.09285660533029397,0.008842778471624645,0.01262980302858741,0.10385467918724256
"EEM, TLT, XLV, HYG",4,0.00044518041262070875,0.1121854639804186,3.422020993295012e-05,0.09286276381361601,0.008912350774563708,0.013327457720466208,0.09684257907417271
"IWM, XLU, HYG, AGG",4,0.0004814547621974493,0.12132660007375722,3.4239019493526885e-05,0.09288828188942229,0.008638518127184698,0.012436523037377576,0.10685554630600125
"XLE, XLV, XLP, AGG",4,0.00044972407188799857,0.11333046611577564,3.42454902403558e-05,0.09289705883702487,0.008552108059403398,0.012449657619696288,0.08735855771315792
"XLU, VNQ, HYG, LQD",4,0.0004187811665198577,0.10553285396300414,3.4255475454436763e-05,0.09291060119554746,0.009304066410835352,0.013094944527509181,0.0845310191707449
"SPY, XLF, XLP, AGG",4,0.0005624496038492242,0.1417373001700045,3.4257294933528535e-05,0.09291306863541421,0.008450732860087087,0.012557235043026105,0.10148600097166549
"QQQ, XLF, LQD, AGG",4,0.0005602868330829332,0.14119228193689914,3.430505001321918e-05,0.0929778070473338,0.00833445500439084,0.012925128893925067,0.10054294602042846
"XLE, XLY, LQD, AGG",4,0.0004204911422555579,0.1059637678484006,3.431130390942667e-05,0.09298628170421443,0.008484000592809312,0.013197150684001244,0.10748159881065589
"EEM, XLE, HYG, LQD",4,0.0005449174237413806,0.13731919078282792,3.43388837548223e-05,0.09302364595206544,0.008163159058879653,0.01349012783246433,0.09862444531784675
"SPY, TLT, GLD, HYG",4,0.0006073368335987135,0.1530488820668758,3.4349681371447355e-05,0.09303827011292039,0.009273589757975348,0.013258240704913729,0.07555299863007736
"TLT, XLI, XLU, AGG",4,0.0004286526198490212,0.10802046020195334,3.4350649198131635e-05,0.09303958081337842,0.009110379044395048,0.012713524008247256,0.09175800264197076
"EFA, GLD, HYG, LQD",4,0.0006047231911011144,0.15239024415748081,3.435132799242497e-05,0.09304050007438208,0.008865502602515108,0.013542183884568315,0.08162213806472374
"TLT, XLE, XLU, HYG",4,0.00044610408253377014,0.11241822879851007,3.435768867574052e-05,0.0930491136244006,0.008226384881448279,0.013087586347902157,0.0904843107846739
"GLD, XLV, XLP, LQD",4,0.0005677339296719107,0.1430689502773215,3.4364234753458634e-05,0.09305797740049788,0.008932921008931352,0.012920556864616142,0.09626004739882943
"IWM, TLT, HYG, LQD",4,0.00033416484561474817,0.08420954109491653,3.43987465968327e-05,0.0931046945239704,0.008816518502516512,0.013159381816790626,0.10022609902287383
"GLD, XLE, XLP, AGG",4,0.0006213761968752608,0.15658680161256572,3.440869327470854e-05,0.09311815454156377,0.00809839448166659,0.01253168340271873,0.09097191209947841
"XLK, XLU, HYG, AGG",4,0.0006185731549642325,0.1558804350509866,3.444855355643231e-05,0.09317207465877822,0.008131593643615816,0.012682407886344137,0.09694719460905787
"TLT, GLD, XLE, HYG",4,0.000569295221284795,0.14346239576376835,3.4451393296057735e-05,0.09317591486326576,0.008719157917241876,0.012971135940384794,0.08207680617513746
"EEM, TLT, XLE, AGG",4,0.00047263561212167155,0.11910417425466123,3.451370624740387e-05,0.09326014140213264,0.00918992234148289,0.013723906690323173,0.09789631749555283
"TLT, XLP, XLY, HYG",4,0.0003344991539052142,0.08429378678411398,3.4536072954736446e-05,0.09329035526030321,0.009174609194574666,0.012864372302917905,0.09762953319995271
"EFA, XLV, XLP, HYG",4,0.0004814820497324872,0.12133347653258678,3.454452169108031e-05,0.09330176561111928,0.008944120105296062,0.012179515972902422,0.08940002822431792
"EFA, TLT, XLE, LQD",4,0.0004306692059405971,0.10852863989703047,3.4546651010241365e-05,0.09330464112026167,0.008889192010223448,0.013366714773533402,0.09286533825417675
"EEM, XLE, XLP, AGG",4,0.0005590224975360765,0.1408736693790913,3.4572474600244935e-05,0.0933395071728029,0.008008463286491898,0.013201388820536892,0.09800385377531429
"QQQ, GLD, HYG, AGG",4,0.0006834421061252755,0.17222741074356943,3.4609989662035536e-05,0.09339013542571269,0.009479451715598107,0.0135504641972621,0.07712256524821925
"TLT, XLP, VNQ, AGG",4,0.00027747748161030056,0.06992432536579574,3.463872413534961e-05,0.09342889532745263,0.009253070857314367,0.01330854990798774,0.09855999935529591
"IWM, TLT, XLP, HYG",4,0.0003825758292333832,0.09640910896681257,3.464121400233879e-05,0.0934322531494846,0.009174431242992541,0.012957303385546765,0.10825697195878126
"EFA, XLP, XLU, HYG",4,0.0005299430359687245,0.13354564506411856,3.4647494620061084e-05,0.09344072262271623,0.008604149693921181,0.012312982756172305,0.0776271417635962
"XLY, XLU, HYG, LQD",4,0.00044149692899083217,0.11125722610568971,3.4655076103569545e-05,0.0934509453034025,0.008515140767180024,0.013060041943466627,0.09589200004158627
"EFA, TLT, XLF, HYG",4,0.00046977908396538947,0.11838432915927814,3.4660675187834e-05,0.09345849424923434,0.008967380644980894,0.012733765033878493,0.08705701580702763
"SPY, TLT, XLE, LQD",4,0.0004712587502339661,0.11875720505895945,3.470758827897475e-05,0.09352172071931546,0.00810912560083655,0.013508843509451673,0.10720807669320187
"XLI, XLP, XLU, AGG",4,0.000515039505263426,0.12978995532638335,3.471030154901275e-05,0.0935253761839599,0.008601145468490128,0.012211111098720372,0.0904357724975755
"EFA, XLI, HYG, LQD",4,0.0005116866225779444,0.128945028889642,3.471419531981393e-05,0.09353062183367067,0.008811830004620566,0.012635032695710088,0.08538997408763038
"XLF, XLI, HYG, LQD",4,0.0005271573648798002,0.13284365594970965,3.4740941120907445e-05,0.0935666455659744,0.008306025837534134,0.012476412409692,0.09672592140206404
"SPY, XLV, XLU, AGG",4,0.0005567875574917652,0.14031046448792484,3.4757670509008585e-05,0.09358917121264705,0.008511139524362903,0.012518208719750894,0.09138672701420592
"TLT, GLD, XLF, LQD",4,0.0005560309639048127,0.1401198029040128,3.479113750970904e-05,0.09363421731635652,0.009141412417422336,0.012940742623801543,0.08840977058855426
"EEM, XLV, XLP, HYG",4,0.0005315672980351136,0.13395495910484861,3.48118848410186e-05,0.09366213204885253,0.008953032124147383,0.012857974792595013,0.09341942698308492
"SPY, TLT, XLU, LQD",4,0.00045795862714530125,0.11540557404061591,3.482456122544496e-05,0.09367918354048636,0.009026045128522554,0.01329345544631484,0.08673665842195888
"QQQ, XLF, HYG, AGG",4,0.0005864739007853204,0.14779142299790074,3.483582012348144e-05,0.09369432571462012,0.008508984054549326,0.013027735655546172,0.10707265078742145
"QQQ, TLT, XLE, AGG",4,0.0005093881209647582,0.12836580648311907,3.484770786211596e-05,0.09371031096551341,0.007755061540811377,0.013416372513880509,0.10292781677819407
"SPY, EFA, TLT, AGG",4,0.0004605919761329636,0.11606917798550684,3.485295783772694e-05,0.0937173696552949,0.009269737142339184,0.012808520936590795,0.08375080361106202
"TLT, XLF, XLE, HYG",4,0.00047232701594483994,0.11902640801809966,3.491028399184187e-05,0.09379441116582668,0.008160440364339465,0.013085394178255405,0.09877961882906894
"XLK, XLU, LQD, AGG",4,0.0005923860872618451,0.14928129398998496,3.4939191725224786e-05,0.09383323672748717,0.008396580901245105,0.012828667190581669,0.09309928708460691
"QQQ, VNQ, LQD, AGG",4,0.0004820652049508457,0.12148043164761312,3.4951678840902956e-05,0.09385000302561287,0.00870112505134595,0.013505074934674533,0.09993784842179576
"QQQ, TLT, XLU, AGG",4,0.0004960879978760934,0.12501417546477553,3.4953999383069446e-05,0.0938531184592899,0.008977102097886727,0.01305842876483162,0.08293351581954933
"EEM, VNQ, LQD, AGG",4,0.0004453126961077592,0.11221879941915533,3.495544643707578e-05,0.09385506114292982,0.009604366522966479,0.013609750611479746,0.09643095515400901
"TLT, XLI, XLU, HYG",4,0.00046295852967296024,0.11666554947758598,3.4972403269282933e-05,0.09387782285427852,0.009044702493121046,0.012777323688610166,0.09098019586477435
"GLD, XLP, XLU, AGG",4,0.000608076073786596,0.1532351705942222,3.498609020244855e-05,0.09389619124872445,0.008630982632045049,0.013356368914760742,0.12265969359546869
"XLV, XLY, HYG, LQD",4,0.00039303594275459495,0.09904505757415792,3.502015961728732e-05,0.09394189812621631,0.008765337372730119,0.012650461332285224,0.09970823983876298
"QQQ, TLT, XLV, HYG",4,0.00048193292146379526,0.1214470962088764,3.5034486290569e-05,0.09396111187732609,0.008737444395799357,0.012743172213415555,0.09421280331288018
"XLE, XLY, HYG, AGG",4,0.0004466782099579452,0.11256290890940218,3.504067566821066e-05,0.09396941134427249,0.008308863916700663,0.013196573279401866,0.11100918638509438
"TLT, XLV, XLU, LQD",4,0.00035815590550648086,0.09025528818763318,3.504249861505882e-05,0.0939718556323904,0.009350307254895048,0.013039963529709528,0.08733807838565288
"XLV, XLP, XLU, HYG",4,0.00047072985862327304,0.1186239243730648,3.504413498094596e-05,0.09397404969031814,0.009040545912150295,0.012357303043766792,0.07581805051391433
"EFA, TLT, XLV, LQD",4,0.0003689080966156951,0.09296484034715516,3.50791531627236e-05,0.09402099019371338,0.009439078968798706,0.012966721217638913,0.09855514243894548
"TLT, XLK, XLP, LQD",4,0.0004935071542977789,0.12436380288304028,3.5149972857693125e-05,0.09411584967548595,0.008446270042444477,0.012621579266118744,0.10050847754329673
"EFA, XLV, XLP, LQD",4,0.00045529498203009995,0.11473433547158518,3.515118936634219e-05,0.09411747829345107,0.009322322909194356,0.012502834537190604,0.09156889294390369
"QQQ, GLD, XLP, AGG",4,0.0007056660220415232,0.17782783755446385,3.5157934515889513e-05,0.09412650794544626,0.009068831270994617,0.01347579807781259,0.086949661749537
"TLT, XLV, XLI, LQD",4,0.00038831047573433577,0.09785423988505261,3.5192061706687263e-05,0.09417218034050816,0.009492940533594042,0.01313347212122494,0.09865789524257851
"EEM, XLV, XLP, LQD",4,0.0005053802303327264,0.12735581804384705,3.523033258222007e-05,0.09422337189211315,0.009361328236813113,0.013152742497170395,0.09817684384399028
"TLT, XLK, LQD, AGG",4,0.00043697732855759206,0.1101182867965132,3.526080809679376e-05,0.09426411639851098,0.008944744835813097,0.012733156997984236,0.0875848716832428
"GLD, XLY, LQD, AGG",4,0.000530382157917918,0.13365630379531535,3.526149264450414e-05,0.0942650314083385,0.0092348464232976,0.01372388580298089,0.09966674935956299
"EFA, GLD, XLP, AGG",4,0.0006188282648958102,0.15594472275374419,3.526491065112184e-05,0.09426959999959003,0.008729330603596456,0.013683016243591403,0.098618930050683
"IWM, XLU, LQD, AGG",4,0.0004552676944950621,0.11472745901275565,3.5309287773045495e-05,0.09432889546055051,0.00884299863038444,0.012954312409118693,0.10646499742563609
"GLD, XLI, XLP, HYG",4,0.0006725365538383904,0.16947921156727436,3.531544699832833e-05,0.09433712229858796,0.008415362894499382,0.013168216516235974,0.09507417383088423
"QQQ, GLD, LQD, AGG",4,0.0006572550384228881,0.1656282696825678,3.535235390854491e-05,0.09438640360217841,0.00982354637261009,0.013647288126941642,0.07743699452310426
"TLT, XLF, XLU, LQD",4,0.0004328398251537879,0.10907563593875455,3.538192388930434e-05,0.09442586944320235,0.009592053692140863,0.013361183410401717,0.07767435834404901
"TLT, XLF, XLI, AGG",4,0.000454875553260091,0.11462863942154293,3.538574617124119e-05,0.09443096968237052,0.008986434340281416,0.013107698835770043,0.09181739214748008
"GLD, XLP, XLU, HYG",4,0.0006423819836105352,0.16188025986985485,3.540768968141573e-05,0.09446024454614103,0.008650578876414955,0.013297080253453459,0.11445619946626706
"EEM, TLT, XLF, AGG",4,0.0004855584224440766,0.1223607224559073,3.543758361641941e-05,0.09450011148849345,0.009738129822831716,0.013613215600375744,0.0778471296174984
"USO, HYG, LQD, AGG",4,0.0004519184366309112,0.11388344603098963,3.5444206328866917e-05,0.09450894134881876,0.00865394351851281,0.012465733083699228,0.08125295886926343
"XLI, VNQ, HYG, LQD",4,0.0004489357367477126,0.11313180566042358,3.5466638091372006e-05,0.0945388428056201,0.009210420230927378,0.013020313153497415,0.10563592344665362
"GLD, XLF, XLV, AGG",4,0.0006548598942512768,0.16502469335132175,3.547679273341393e-05,0.0945523757968054,0.009315450889860752,0.013218217001687536,0.08384787246281156
"SPY, TLT, XLF, HYG",4,0.0005103686282587584,0.1286128943212071,3.5570216013806946e-05,0.09467678931754789,0.00863679562144512,0.013265028144792617,0.10057956426890358
"EFA, XLP, XLU, LQD",4,0.0005037559682663372,0.12694650400311697,3.560641652445813e-05,0.09472495428430383,0.009201341946749644,0.012778293521645952,0.07622118899907093
"EFA, XLI, XLP, AGG",4,0.0005257916963726403,0.13249950748590536,3.563510177975876e-05,0.09476310278003358,0.00871965098651109,0.012216529391921756,0.08621818163525008
"SPY, XLI, HYG, LQD",4,0.0005522761668713133,0.13917359405157095,3.5638273887613794e-05,0.09476732042048396,0.00845224965194544,0.012765648157155148,0.10657535974347354
"TLT, GLD, XLI, AGG",4,0.0005518437586000461,0.1390646271672116,3.565042084876432e-05,0.09478346930709283,0.009736439650837382,0.01341435605501498,0.10994657920018402
"TLT, XLE, XLI, HYG",4,0.00047625865276162515,0.12001718049592953,3.566600378290188e-05,0.09480418215084857,0.00820869082486622,0.01293542655800268,0.11149523999867106
"GLD, XLI, XLP, LQD",4,0.0006463494861360028,0.1628800705062727,3.570601205353784e-05,0.0948573404512879,0.00853310372751902,0.013169887156504481,0.10056020967365398
"TLT, XLF, XLE, LQD",4,0.00044613994824245273,0.1124272669570981,3.571330155221601e-05,0.09486702267468099,0.00845945687416703,0.01345313006244394,0.09834576729596067
"SPY, XLI, XLP, AGG",4,0.0005663812406660093,0.14272807264783433,3.574152461695141e-05,0.09490450043845,0.008390350965758835,0.012476193120955667,0.10760072464783066
"QQQ, XLE, XLP, AGG",4,0.0005957750063791631,0.15013530160754912,3.575858226749751e-05,0.09492714433400687,0.007691535395512982,0.012891512015043613,0.11290334356538656
"EFA, XLE, XLP, LQD",4,0.000517056091355002,0.1302981350214605,3.5786414435048426e-05,0.09496407972297843,0.00805427103106953,0.012824334035044401,0.09966194302550824
"TLT, GLD, XLV, LQD",4,0.00048134704425750567,0.12129945515289142,3.580995275746949e-05,0.0949953056465545,0.009989779104463593,0.013243095121507462,0.08636346416075225
"SPY, EEM, HYG, AGG",4,0.0005748401939337472,0.1448597288713043,3.587766815079468e-05,0.09508507966027195,0.008974601919159081,0.013301546161983249,0.0928306315429408
"SPY, XLP, VNQ, AGG",4,0.0004842279757171369,0.1220254498807185,3.5892444566309196e-05,0.09510465830184091,0.008898951148932204,0.013145454956483478,0.1038049540463698
"TLT, GLD, XLI, HYG",4,0.0005861496684239851,0.14770971644284425,3.5943136949605496e-05,0.09517179472564645,0.009646359194159458,0.013564842800528084,0.10177204460503808
"TLT, GLD, XLU, HYG",4,0.0005559950981961301,0.1401107647454248,3.5956899566249994e-05,0.09519001360801982,0.009323509371152049,0.013586785667997548,0.12351344829124922
"XLK, XLV, XLP, AGG",4,0.0005923360846442428,0.1492686933303492,3.601474421980019e-05,0.09526654997106618,0.008305041914674323,0.012619054737003494,0.10454013206766044
"EEM, XLP, XLU, HYG",4,0.0005800282842713509,0.14616712763638043,3.601483151471743e-05,0.09526666542767619,0.008666558790434,0.012828489990903908,0.08353202603473009
"EFA, XLV, XLU, AGG",4,0.0005161980131983962,0.13008189932599584,3.6037056895528674e-05,0.09529605625456504,0.009059961607814802,0.012773784461626567,0.08358635248261348
"SPY, TLT, XLI, AGG",4,0.00047999435525160436,0.1209585775234043,3.60775082438118e-05,0.09534952583752357,0.008703338198768807,0.01322347675345801,0.10191111639106065
"SPY, EEM, LQD, AGG",4,0.0005486531262313599,0.13826058781030268,3.609151012092166e-05,0.0953680268773149,0.00912340308072961,0.013518796703345945,0.08727926705182676
"XLF, XLP, XLU, HYG",4,0.0005454137782705803,0.13744427212418622,3.611741749025746e-05,0.09540224948891342,0.00855878484546146,0.012643374158293336,0.08693375620158805
"TLT, XLK, HYG, LQD",4,0.00047128323838153133,0.11876337607214589,3.612745024058164e-05,0.09541549905873037,0.009249346389217874,0.012884227549490907,0.09463481128940376
"SPY, GLD, XLV, AGG",4,0.00067997869624279,0.17135463145318308,3.6141078830609444e-05,0.09543349446244531,0.009812501319937019,0.013572414083479095,0.0860254802673256
"QQQ, TLT, XLU, HYG",4,0.0005303939077000325,0.1336592647404082,3.617448789171428e-05,0.09547759396168297,0.008772287732418985,0.013241957382862218,0.09014594210632876
"QQQ, XLV, XLP, LQD",4,0.000542132739175813,0.13661745027230487,3.6182179830045894e-05,0.09548774432968644,0.008635334246189464,0.012551704484367852,0.10123974372880218
"QQQ, XLP, XLU, HYG",4,0.0006167807931144373,0.1554287598648382,3.619455618021818e-05,0.09550407403569222,0.008250356115302013,0.012429520757771881,0.10436818107858237
"GLD, XLE, XLP, LQD",4,0.0006294950389968127,0.1586327498271968,3.624955443038112e-05,0.09557660653348204,0.008171002223783426,0.01291490806243501,0.09047295399776922
"QQQ, XLP, XLU, LQD",4,0.0005905937254120501,0.14882961880383663,3.625072298822128e-05,0.09557814704749075,0.00848927657831414,0.012606561470446129,0.09787361836188169
"XLV, XLP, XLU, LQD",4,0.0004445427909208858,0.11202478331206321,3.628475668962214e-05,0.09562300291135381,0.009443985769211297,0.01278145205577372,0.0802876421087998
"XLV, XLI, XLP, HYG",4,0.000500884428851128,0.12622287607048424,3.630489668069367e-05,0.0956495371841119,0.008722110304309066,0.012223722744828894,0.0945370173016723
"QQQ, XLE, HYG, LQD",4,0.0005816699325844673,0.14658082301128575,3.630616420449993e-05,0.09565120689010664,0.007778290760626041,0.013461342678819372,0.11538481603131623
"XLE, XLI, XLP, AGG",4,0.0005283396283520908,0.1331415863447269,3.633201140508394e-05,0.09568524898896985,0.00801248806234531,0.012594832188433717,0.11096368644159693
"XLV, XLI, XLP, LQD",4,0.0004746973611487408,0.11962373500948267,3.635583971480768e-05,0.09571662137858573,0.009029747679824372,0.012358993994375353,0.09429099380538153
"SPY, XLE, XLP, LQD",4,0.000557645635648371,0.1405267001833895,3.642193759698503e-05,0.09580359217920917,0.007614570312687381,0.01298556269653898,0.11400408089076675
"XLE, XLV, XLP, LQD",4,0.00045784291400955063,0.11537641433040675,3.642303531033265e-05,0.09580503587079245,0.008737156809596395,0.012944180311462545,0.09354132193791642
"XLF, XLP, XLU, LQD",4,0.0005192267105681928,0.1308451310631846,3.6424526863257505e-05,0.09580699749778662,0.009054432983568835,0.012888044971208986,0.08466343051807934
"EEM, TLT, XLE, HYG",4,0.0005069415219456108,0.12774926353029392,3.6424871708596666e-05,0.09580745101799944,0.009071734901912041,0.014026360201251248,0.1004105375707307
"EFA, TLT, XLI, AGG",4,0.0004394048109582353,0.1107300123614753,3.6445671299822365e-05,0.0958348014426661,0.009356125151526559,0.013208268271474241,0.08449254941959727
"TLT, XLE, XLU, LQD",4,0.00041991701483138293,0.1058190877375085,3.6446472800925956e-05,0.09583585522044108,0.009069820648518878,0.013645745444786233,0.09013342429858795
"XLK, XLP, XLU, AGG",4,0.0006407970708804801,0.161480861861881,3.6470169777957746e-05,0.09586700571127353,0.008509599809062726,0.012613867095507042,0.10125027771699358
"QQQ, XLV, XLP, HYG",4,0.0005683198068782002,0.14321659133330644,3.647826725117796e-05,0.09587764779810176,0.008393698048914114,0.012632707116633038,0.1057875364396389
"GLD, XLE, XLP, HYG",4,0.0006556821066991999,0.16523189088819837,3.6493623304517007e-05,0.09589782621487458,0.008291022898445135,0.012979140558345351,0.08681434775258146
"EFA, XLF, XLP, LQD",4,0.0005299789016774071,0.13355468322270658,3.652643242170983e-05,0.09594092437677926,0.009001240310591881,0.012700458329132438,0.09458151290474515
"TLT, GLD, XLE, LQD",4,0.0005431081535824077,0.13686325470276672,3.6527545213203514e-05,0.09594238580381084,0.009208998355874229,0.013327869932063308,0.08623632131886183
"XLF, XLV, XLP, LQD",4,0.00047076572433195563,0.11863296253165281,3.652887338440609e-05,0.0959441300594796,0.009286436236880446,0.012932101868455366,0.09276396450592395
"TLT, XLE, XLI, LQD",4,0.0004500715850592378,0.11341803943492793,3.656510923352514e-05,0.09599170551067596,0.008439072737561443,0.013352877417525768,0.11105131663609369
"XLF, XLV, XLP, HYG",4,0.0004969527920343429,0.1252321035926544,3.657401824054122e-05,0.09600339888054166,0.008967671516149772,0.01283292242280941,0.09520692895454219
"SPY, EFA, XLP, LQD",4,0.0005550977036689205,0.13988462132456797,3.6589506372827e-05,0.0960237241828935,0.008852006410302322,0.012712996446012259,0.0966183261773843
"EEM, TLT, XLU, AGG",4,0.00045933548903300675,0.1157525432363177,3.6599034368402506e-05,0.0960362257735977,0.009700976466279364,0.013868897574498657,0.08734359581089235
"SPY, EFA, TLT, HYG",4,0.0004948978859569028,0.1247142672611395,3.661336577013188e-05,0.09605502680273029,0.009154389675280306,0.013051985689037818,0.08869633604138594
"SPY, TLT, VNQ, AGG",4,0.0003978410903027318,0.1002559547562884,3.661996115707225e-05,0.09606367789951731,0.00943705791340167,0.01404982600702412,0.10056062966243673
"EEM, VNQ, HYG, LQD",4,0.0004796186059316983,0.12086388869478797,3.662199771856806e-05,0.09606634907749514,0.009644570686980356,0.013846915540028926,0.0988627824693098
"TLT, XLE, VNQ, AGG",4,0.0003597994779888134,0.09066946845318098,3.6642518929759073e-05,0.09609326079543398,0.009607470756171833,0.014116545362745635,0.10031280678992127
"EFA, XLE, XLP, HYG",4,0.0005432431590573892,0.13689727608246208,3.665180513455894e-05,0.09610543633899622,0.007820352031698325,0.012961193045042512,0.10130882840428812
"EFA, TLT, XLF, LQD",4,0.00044359201626300215,0.11178518809827655,3.665405131870138e-05,0.09610838117621558,0.009487567480409298,0.013215245241313742,0.08484547229312078
"XLE, XLP, XLU, AGG",4,0.0004981850581242358,0.12554263464730744,3.667392676265538e-05,0.09613443474733264,0.008607359888370164,0.012766225977682857,0.08995535913773745
"EEM, XLI, HYG, AGG",4,0.0005536530287590189,0.13952056324727277,3.6681725883121606e-05,0.09614465623500168,0.009184177875234132,0.013682281797603007,0.08476175265461328
"EFA, GLD, XLP, HYG",4,0.0006531341747197495,0.16458981202937686,3.669060382054214e-05,0.09615629029229768,0.008737915974183264,0.013782316851487222,0.09687712938454451
"IWM, XLV, HYG, LQD",4,0.0004411126180827639,0.11116037975685651,3.6707694792706766e-05,0.09617868312553518,0.00909752554220717,0.012951058631633658,0.11040915496554016
"XLK, XLV, HYG, LQD",4,0.0005782310108495471,0.14571421473408586,3.673664914577508e-05,0.09621660763472864,0.008685160069928121,0.012837450537657747,0.10472033818458082
"EEM, XLP, XLU, LQD",4,0.0005538412165689635,0.1395679865753788,3.678553348505406e-05,0.09628060260630707,0.009180783674996723,0.013271570309216732,0.08865084184446992
"GLD, XLV, XLU, AGG",4,0.0006286369608402068,0.1584165141317321,3.680028607909924e-05,0.0962999070193373,0.009169600599906236,0.013612270791226528,0.09042791756759216
"EEM, TLT, XLU, HYG",4,0.0004936413988569459,0.12439763251195037,3.6846869278754006e-05,0.09636083778302268,0.009403435454923979,0.013728747713480155,0.08783692492048067
"EFA, XLF, XLP, HYG",4,0.0005561659693797943,0.14015382428370815,3.6853277082124085e-05,0.09636921616727652,0.008685753602310132,0.012611822748156145,0.09685592185564629
"GLD, XLP, VNQ, AGG",4,0.0005560773790655784,0.14013149952452575,3.6853443356412524e-05,0.09636943356591839,0.009227283280263282,0.01368661362540679,0.09552661547513452
"XLF, XLV, XLU, AGG",4,0.0005316687555002518,0.13398052638606345,3.68540658117085e-05,0.09637024740318219,0.008995329158915565,0.012833547228707186,0.08518858629637882
"TLT, GLD, XLF, XLP",4,0.0006044419475234479,0.15231937077590887,3.6865250074529546e-05,0.09638486924191705,0.00942326719606236,0.013167521960867914,0.09216169991775414
"SPY, EFA, XLP, HYG",4,0.0005812847713713077,0.14648376238556954,3.688627411518555e-05,0.09641234919359014,0.008417743226053404,0.012644429128327604,0.10007125658831406
"SPY, EEM, XLP, AGG",4,0.000597064109849995,0.15046015568219873,3.6898611343500296e-05,0.09642847120307403,0.008997126517046728,0.013440155915785311,0.09574413215149247
"XLF, XLE, XLP, AGG",4,0.0005244079915353057,0.13215081386689706,3.6927418800847626e-05,0.09646610564241516,0.00808088980574335,0.01306737929668655,0.09860861598528814
"SPY, TLT, XLF, LQD",4,0.00048418156055637116,0.12201375326020553,3.6941856531333054e-05,0.09648496176034858,0.00890812439581641,0.013649193985490672,0.09717632577194357
"EFA, TLT, XLU, LQD",4,0.00041736908285193225,0.10517700887868693,3.695809299294459e-05,0.09650616267483667,0.009646779616891303,0.013604519271880692,0.08561168605958192
"EEM, TLT, XLV, LQD",4,0.00041899334491832143,0.105586322919417,3.6958878465433243e-05,0.09650718819491726,0.009228071972252927,0.013944007870807596,0.10203448493306655
"EEM, XLI, LQD, AGG",4,0.0005274659610566316,0.13292142218627115,3.6961578825441984e-05,0.09651071372656707,0.009824313286940431,0.013875533979206574,0.08975803611136657
"XLF, XLI, XLP, AGG",4,0.000541262438674496,0.136398134545973,3.696945609361722e-05,0.09652099738187303,0.008726190747796132,0.012631257498578215,0.09882137174643024
"GLD, XLP, XLU, LQD",4,0.0006161949159081477,0.15528111880885323,3.698793341118741e-05,0.09654511494435764,0.008920922180418862,0.013643584694800393,0.12593104192274174
"SPY, TLT, GLD, LQD",4,0.0005811497658963263,0.1464497410058742,3.6994456245745094e-05,0.09655362745090297,0.009717828668107277,0.01360352126847279,0.07802398248546372
"XLE, XLV, XLP, HYG",4,0.0004840299817119378,0.12197555539140832,3.700672620556403e-05,0.09656963810537003,0.008343373687104359,0.012848220100037434,0.09413364346609532
"GLD, XLY, HYG, LQD",4,0.0005646880677418571,0.142301393070948,3.7010557031017184e-05,0.09657463627586868,0.008987519664539161,0.014134311446707147,0.09414118200536259
"XLI, XLP, XLU, HYG",4,0.0005493454150873652,0.13843504460201603,3.703268939657993e-05,0.09660350784489216,0.008518547519492306,0.012458836024118021,0.09795030613747224
"QQQ, TLT, XLV, LQD",4,0.00045574585376140816,0.11484795514787485,3.7058619660718594e-05,0.09663732278214814,0.00903714307358976,0.01314650804349686,0.10139002231443273
"EEM, XLF, XLP, LQD",4,0.0005800641499800335,0.14617616579496845,3.7085534589158614e-05,0.09667240928242127,0.00891604031971027,0.013432565161565376,0.09347655212725636
"TLT, XLV, VNQ, HYG",4,0.00033234427848785044,0.08375075817893832,3.711013959200064e-05,0.0967044734083391,0.010080932150565287,0.013677482161372203,0.10959784968455255
"TLT, XLP, XLY, LQD",4,0.0003083120862028271,0.07769464572311242,3.711221025451543e-05,0.0967071713170119,0.009531611984287931,0.013419357361066633,0.09779885030611024
"SPY, TLT, GLD, XLP",4,0.0006295607495149612,0.15864930887777023,3.712645428687983e-05,0.09672572811973926,0.00928303293875489,0.013487705788879815,0.09329499627192328
"EEM, XLE, XLP, LQD",4,0.0005671413396576285,0.14291961759372238,3.713066320428269e-05,0.09673121072063162,0.008200697776234436,0.01364116831176644,0.10268563059603064
"GLD, XLF, XLU, AGG",4,0.000703320880487514,0.1772368618828535,3.7151712782472995e-05,0.09675862556476914,0.009140514217202392,0.01357497993795473,0.09149432555588966
"GLD, XLE, XLV, AGG",4,0.0006419370839288716,0.16176814515007565,3.71868304981147e-05,0.09680434538555026,0.008638244288205367,0.013114680154582562,0.08362037028168812
"IWM, TLT, XLP, LQD",4,0.0003563887615309959,0.08980996790581096,3.7192678736512814e-05,0.09681195712101491,0.009824336174753185,0.01354925775569925,0.10841190021482683
"EEM, TLT, XLF, HYG",4,0.0005198643322680158,0.13100581173154,3.7208579376174946e-05,0.0968326494669855,0.009898830937661342,0.0138688338521533,0.0868455772345188
"TLT, GLD, XLU, AGG",4,0.0005216891883721911,0.13146567546979215,3.723593386369871e-05,0.09686823696987612,0.0093309059967502,0.013844527780721885,0.1318192019417722
"USO, XLP, LQD, AGG",4,0.0004741423525471589,0.11948387284188404,3.7242879348946415e-05,0.09687727079111229,0.008761036793223487,0.012385766766241622,0.08882973733672961
"IWM, GLD, HYG, AGG",4,0.0006046459009484743,0.1523707670390155,3.7243302914769706e-05,0.09687782168547127,0.009013574694302707,0.013804145553411,0.07185982495949395
"QQQ, XLF, XLP, AGG",4,0.0006086978167015681,0.15339184980879517,3.724574657535185e-05,0.09688099987607822,0.0084980783912196,0.013180831137043214,0.11097158902710025
"QQQ, EFA, HYG, AGG",4,0.0005710031584834648,0.14389279593783313,3.726571519461442e-05,0.09690696687567325,0.008917723476082086,0.012984703556130123,0.09644885997014374
"SPY, XLF, XLP, LQD",4,0.0005705684459707762,0.1437832483846356,3.728882352754471e-05,0.0969370080461599,0.008771006287560092,0.013109546939379282,0.10667234210408438
"QQQ, GLD, HYG, LQD",4,0.0006915609482468273,0.17427335895820048,3.730793558413214e-05,0.09696184696673893,0.00966542704105755,0.014024272100221037,0.07908095574041718
"EFA, XLE, XLV, AGG",4,0.000529498136287061,0.13343353034433936,3.734197820594071e-05,0.09700607459276485,0.008286811346358268,0.013350698248548901,0.10328431694609663
"TLT, XLV, VNQ, AGG",4,0.0002980383686639113,0.07510566890330564,3.735828272016131e-05,0.0970272500150378,0.010151137930683484,0.013742868777186893,0.1099906814853715
"QQQ, EFA, LQD, AGG",4,0.0005448160907810774,0.13729365487683148,3.738675761574915e-05,0.09706422059218725,0.0094633461882458,0.013010692926925777,0.08993599434015831
"QQQ, XLV, XLU, AGG",4,0.0006030357703441092,0.1519650141267155,3.740126908585491e-05,0.0970830562437928,0.008425905862396112,0.01283913806196724,0.10061827867513773
"TLT, XLE, XLY, AGG",4,0.00038251524045978803,0.09639384059586659,3.741227335059135e-05,0.09709733716404904,0.00904843260843519,0.014114346706895037,0.1107768432849997
"EEM, XLV, XLU, AGG",4,0.0005662832615010225,0.14270338189825768,3.741862519138268e-05,0.09710557938773877,0.00874188996223985,0.013558015854743324,0.097512843356105
"USO, XLV, LQD, AGG",4,0.0004947032396007698,0.12466521637939398,3.742766237617375e-05,0.09711730493993224,0.00867134992615341,0.01309368744738128,0.08596613463427583
"XLI, XLP, XLU, LQD",4,0.000523158347384978,0.13183590354101446,3.7435886659829105e-05,0.09712797454017527,0.009138497631714919,0.012728429573185995,0.09750837013077618
"IWM, XLU, HYG, LQD",4,0.0004895736043190012,0.1233725482883883,3.745404335674999e-05,0.09715152559739347,0.008942557857354615,0.013094026159739963,0.11381967098345558
"USO, XLP, HYG, AGG",4,0.0005003294202495461,0.12608301390288562,3.750955842833601e-05,0.09722349882585318,0.008589724835490774,0.012514921340292372,0.0904455089865982
"EFA, XLP, VNQ, AGG",4,0.0004436384314237678,0.11179688471878949,3.751373127462447e-05,0.09722890661323601,0.009271441518758637,0.013254657320025112,0.09148174156369882
"TLT, XLF, XLI, HYG",4,0.0004891814630840301,0.12327372869717558,3.7530661091796514e-05,0.09725084367311536,0.008885037874297744,0.013316821361981628,0.09932336472517445
"TLT, XLV, XLY, AGG",4,0.0003207541311348859,0.08083004104599124,3.7546400884985184e-05,0.09727123430396196,0.0092294512914881,0.013392522430854046,0.09449363504113872
"QQQ, VNQ, HYG, LQD",4,0.0005163711147747849,0.1301255209232458,3.759088372068857e-05,0.09732883795470652,0.00857909044101545,0.013953391326291045,0.10703712643236063
"EEM, XLF, XLP, HYG",4,0.0006062512176824207,0.15277530685597002,3.7600599183633285e-05,0.09734141458945204,0.008853995516430064,0.013363195299140249,0.09796759487810791
"XLK, XLU, HYG, LQD",4,0.0006266919970857843,0.15792638326561764,3.762292314756861e-05,0.09737030673253161,0.008350060401851336,0.013270695626273856,0.10213041527333055
"GLD, XLP, VNQ, HYG",4,0.0005903832888895177,0.14877658880015845,3.7629628069267955e-05,0.09737898270908114,0.00925520552432778,0.013767148703982417,0.09004602541599638
"EFA, GLD, XLP, LQD",4,0.0006269471070173622,0.15799067096837527,3.763689351689952e-05,0.09738838311759097,0.009044258346427823,0.014006014767484906,0.09992308617121304
"GLD, XLP, XLY, AGG",4,0.0005787931415365532,0.1458558716672114,3.7638977236076316e-05,0.097391078972826,0.009601405076916895,0.013980329921326076,0.09904593653968863
"SPY, XLV, XLU, HYG",4,0.0005910934673157044,0.1489555537635575,3.767834199460599e-05,0.09744199393814101,0.008440628708534213,0.012871064823813743,0.10111767011702899
"GLD, XLV, XLU, HYG",4,0.0006629428706641461,0.1670616034073648,3.768560902529612e-05,0.09745139031524704,0.009040159091412273,0.013508746239219181,0.08538028598333347
"EEM, TLT, XLE, LQD",4,0.0004807544542432235,0.12115012246929233,3.769148186630738e-05,0.09745898332277769,0.009287464728840273,0.014332417570428113,0.10541458410753812
"TLT, XLI, XLU, LQD",4,0.00043677146197057304,0.11006640841658441,3.7695821323813747e-05,0.09746459343577578,0.009526472006634397,0.01338584868407131,0.09521198869228376
"TLT, XLK, XLV, AGG",4,0.000505949199229838,0.12749919820591918,3.7697929437825804e-05,0.0974673187193128,0.009048226142625357,0.012953944220802524,0.10938987041045245
"QQQ, TLT, XLF, AGG",4,0.0005223109312871632,0.13162235468436512,3.7702254491768926e-05,0.09747290973355505,0.009285511653526465,0.013658930350656377,0.09656415476790225
"TLT, XLE, VNQ, HYG",4,0.0003941053878127527,0.09931455772881367,3.771043838735003e-05,0.09748348821011797,0.00906241597812572,0.014191315897183272,0.10771494483593724
"SPY, TLT, VNQ, HYG",4,0.00043214700012667105,0.10890104403192111,3.773086063291233e-05,0.09750988093262092,0.008962349911084104,0.014203800645319124,0.10443186306339447
"QQQ, TLT, XLE, HYG",4,0.0005436940307886973,0.13701089575875172,3.7731526921602096e-05,0.09751074189156664,0.00784140628447854,0.013850162280886506,0.11034152821468446
"TLT, USO, HYG, AGG",4,0.0004139425348351413,0.1043135187784556,3.7739144247030315e-05,0.09752058423867056,0.009001254957496764,0.012962761941412047,0.08096050474425864
"QQQ, GLD, XLP, HYG",4,0.0007399719318654624,0.1864729268300965,3.7750018830640114e-05,0.09753463356839615,0.009383851052679628,0.013898203191880612,0.08518776558008945
"TLT, XLP, VNQ, LQD",4,0.00028559632373185246,0.07197027358042682,3.778384811992446e-05,0.09757832610893141,0.009590503071364826,0.013963607747376539,0.10157310604799419
"QQQ, GLD, XLP, LQD",4,0.000713784864163075,0.1798737857690949,3.779355343060355e-05,0.09759085748425463,0.009311862430868477,0.013856977908935619,0.08826726296177878
"SPY, XLV, XLU, LQD",4,0.0005649063996133172,0.14235641270255592,3.780346874660689e-05,0.09760365835431034,0.008901392622900631,0.013116402586199947,0.09859511737955096
"TLT, XLF, VNQ, AGG",4,0.00037272228831121846,0.09392601665442706,3.7811338171810136e-05,0.09761381674382041,0.009789287820803069,0.014217793455481747,0.08809476311256492
"SPY, TLT, XLV, XLP",4,0.0004579086245276992,0.11539297338098019,3.7828102301365185e-05,0.0976354534989418,0.009362482058062442,0.01305128887504837,0.10682016179760612
"GLD, XLF, XLV, HYG",4,0.0006891658040752159,0.1736697826269544,3.788527652901484e-05,0.09770920982850972,0.009410496784229335,0.013636146705107825,0.08542684199658523
"XLE, XLV, XLU, AGG",4,0.0005187459451778467,0.13072397818481737,3.789224478453642e-05,0.09771819526425556,0.00844558521039201,0.013119169213991774,0.09490131956704084
"XLF, XLY, LQD, AGG",4,0.0004334139525779629,0.10922031604964666,3.7896538433781574e-05,0.09772373143363364,0.0095031249770831,0.01358865224980967,0.1028205653367974
"SPY, GLD, XLU, AGG",4,0.0007284396824790274,0.1835667999847149,3.790279227357568e-05,0.09773179448337717,0.008660113247167155,0.01404763972680507,0.07943609408797758
"USO, XLV, HYG, AGG",4,0.000520890307303157,0.13126435744039555,3.7906400994618206e-05,0.0977364468898056,0.008957479988448827,0.01317795892300224,0.08160437362337514
"SPY, XLE, XLP, HYG",4,0.0005838327033507583,0.1471258412443911,3.790906390983683e-05,0.09773987981002884,0.007854343891320252,0.013116101903767432,0.11456202294191309
"EFA, EEM, HYG, AGG",4,0.0005342506496403783,0.13463116370937533,3.792641516690715e-05,0.09776224538164312,0.00929448021651818,0.013834915795855987,0.08609684127306383
"EFA, XLY, HYG, AGG",4,0.0004441302779784946,0.11192083005058064,3.793246522040836e-05,0.09777004262831693,0.00901497434737637,0.01326193213636517,0.09398869591983328
"GLD, XLF, XLV, LQD",4,0.0006629787363728285,0.1670706415659528,3.7967694154920364e-05,0.09781543296964919,0.009746881426763419,0.013613511414527393,0.08579045138047214
"EEM, XLP, VNQ, AGG",4,0.0004937236797263942,0.12441836729105132,3.798788035228294e-05,0.09784143216845971,0.009362764789798491,0.013768364448443874,0.09983149707488281
"XLE, XLY, HYG, LQD",4,0.000454797052079497,0.11460885712403325,3.805273681709111e-05,0.09792491857493149,0.00851317697694571,0.013837470031469462,0.11611563928196456
"EFA, TLT, XLI, HYG",4,0.00047371072078217447,0.11937510163710796,3.807151906142679e-05,0.0979490827087194,0.009262644594709152,0.013422987064625191,0.0868674339353801
"XLF, XLY, HYG, AGG",4,0.00045960102028035023,0.11581945711064826,3.80873641534693e-05,0.09796946343975894,0.00917803994596531,0.01359204675435507,0.1082163587109991
"QQQ, XLF, HYG, LQD",4,0.0005945927429068723,0.14983737121253182,3.8112830508520554e-05,0.0980022106288791,0.009128237252897431,0.013605091726581113,0.11220280912134573
"XLK, XLE, LQD, AGG",4,0.0006056862103505099,0.1526329250083285,3.8141605288075974e-05,0.09803919895937108,0.00823931645482899,0.013887734076856556,0.11259988498192874
"TLT, XLY, XLU, AGG",4,0.0003692151173711231,0.09304220957752303,3.817418159973649e-05,0.0980810571065259,0.010136103554413821,0.013982324702578293,0.09446471777612797
"QQQ, XLP, VNQ, AGG",4,0.0005304761885694808,0.13367999951950915,3.817559357197838e-05,0.09808287098234102,0.009006234261742095,0.013614073232092034,0.10598911627495311
"XLV, XLI, XLU, AGG",4,0.0005356003923170368,0.13497129886389328,3.818046311132597e-05,0.09808912632934472,0.00891643309998052,0.012887458743768725,0.09535386249789124
"EEM, XLE, XLP, HYG",4,0.0005933284073600158,0.14951875865472397,3.818427383785361e-05,0.09809402126092656,0.00838790749871183,0.013801808331043003,0.10430548964575603
"SPY, XLF, XLP, HYG",4,0.0005967555136731634,0.15038238944563717,3.823740380130025e-05,0.09816224201762949,0.008724626255869677,0.013272174340644628,0.1117091412299811
"EFA, XLV, XLU, HYG",4,0.0005505039230223354,0.13872698860162852,3.8255511502488794e-05,0.09818548211740459,0.00920157151300631,0.013000425318618024,0.08635680449018834
"QQQ, TLT, XLE, LQD",4,0.0005175069630863101,0.13041175469775013,3.828360191697929e-05,0.09822152352248861,0.008242747912946885,0.014117046385227395,0.11027325868450177
"IWM, GLD, LQD, AGG",4,0.0005784588332460868,0.14577162597801388,3.830093898624865e-05,0.0982437612499372,0.009465670820379843,0.013995302012987555,0.07433234474298422
"IWM, XLE, LQD, AGG",4,0.0004685678175837268,0.11807909003109916,3.830285820123208e-05,0.09824622265873882,0.00858744950641281,0.013804945776778817,0.12665117930902436
"GLD, XLV, XLI, AGG",4,0.0006587915310680619,0.16601546582915158,3.83520778849096e-05,0.0983093262462785,0.009238358433636733,0.013615934514896663,0.09581679727091619
"SPY, XLE, XLV, AGG",4,0.0005700876805804301,0.14366209550626838,3.8357060855653645e-05,0.09831571255717328,0.007884297035627255,0.013336218421174795,0.11201658398163128
"EFA, TLT, XLE, XLP",4,0.0004790801895592321,0.12072820776892648,3.8388875555737645e-05,0.09835647736700358,0.008575732597687433,0.01333279062605402,0.09960741184872812
"EFA, XLY, LQD, AGG",4,0.00041794321027610723,0.10532168898957903,3.8393452032117626e-05,0.09836233990757663,0.009309321123158524,0.013367565917895324,0.09094610744069331
"SPY, TLT, XLI, HYG",4,0.0005143002650755435,0.12960366679903698,3.840557288405351e-05,0.09837786522781172,0.008555016850180033,0.01346813023018909,0.10948430406440601
"EFA, TLT, GLD, HYG",4,0.0005667472893053445,0.14282031690494681,3.8410035576321125e-05,0.09838358077053774,0.009168174088826576,0.014206784957355787,0.09051693193990218
"SPY, TLT, XLE, XLP",4,0.0005196697338526011,0.13095677293085548,3.8434373972501104e-05,0.09841474605500071,0.008140989935114251,0.01352691008624542,0.11654896382338276
"XLY, VNQ, HYG, AGG",4,0.00038137939214826286,0.09610760682136224,3.8436550789698006e-05,0.09841753298576376,0.009953419998321245,0.014295769200561663,0.10915670013635703
"XLP, XLY, XLU, AGG",4,0.00045560200278552815,0.1148117047019531,3.8454044509242064e-05,0.09843992694191216,0.009344244569203379,0.013353821760045287,0.09489105995034774
"SPY, TLT, XLP, XLU",4,0.0005063696107639364,0.12760514191251196,3.84561454375032e-05,0.09844261602705816,0.009436213853729782,0.013360130575081041,0.0962354546438885
"EEM, XLI, XLP, AGG",4,0.0005758769446752667,0.14512099005816723,3.848379078676629e-05,0.09847799387815079,0.009230471034552448,0.013447614416242972,0.09201204561815624
"QQQ, EFA, XLP, AGG",4,0.0005932270743997125,0.14949322274872756,3.8500778506166e-05,0.09849972681969141,0.009055568389568074,0.012933045237202727,0.09870946081613363
"EEM, GLD, HYG, AGG",4,0.0006466895972821889,0.1629657785151116,3.8512486760561044e-05,0.09851470277913538,0.009408035459583228,0.014910802987167203,0.0830844147714852
"QQQ, TLT, XLU, LQD",4,0.0005042068399976452,0.12706012367940658,3.8550875490999035e-05,0.09856378961734252,0.009535185772700303,0.013782212679778545,0.0901730778640285
"USO, XLP, HYG, LQD",4,0.0005084482623710981,0.12812896211751673,3.856430028626217e-05,0.09858094984396361,0.008841563132088344,0.012695529045896395,0.08947453696817875
"QQQ, XLE, XLP, LQD",4,0.0006038938485007149,0.15218124982218015,3.8574889307495076e-05,0.09859448313921404,0.007878796287792564,0.013396142732903422,0.11820717703488315
"SPY, EFA, TLT, LQD",4,0.0004687108182545155,0.11811512620013791,3.863681881905498e-05,0.0986735949603634,0.009638463444907232,0.013516412286015963,0.09098983011083372
"TLT, GLD, VNQ, HYG",4,0.0005039964034751127,0.1270070936757284,3.864885098444779e-05,0.09868895808590161,0.010254234938081842,0.014111755643608443,0.10075270081527365
"TLT, GLD, XLI, LQD",4,0.0005599626007215979,0.14111057538184268,3.865392279609665e-05,0.0986954332510697,0.010152404579434208,0.013897242616298317,0.112949622583435
"EFA, TLT, GLD, AGG",4,0.0005324413794814051,0.13417522762931408,3.868497618331671e-05,0.09873506974827036,0.00969410195348562,0.01429552670811688,0.09956297170780415
"SPY, XLP, VNQ, HYG",4,0.000518533885541076,0.13067053915635116,3.870397781856515e-05,0.09875931556201885,0.009016891934916171,0.013592237881771402,0.11124968095383403
"EFA, TLT, VNQ, AGG",4,0.00035725154600936283,0.09002738959435944,3.871583375859074e-05,0.09877444055607132,0.010108321004801931,0.014260572347964087,0.09855200890591576
"EFA, XLI, XLP, LQD",4,0.0005339105384941922,0.13454545570053644,3.873082654761394e-05,0.09879356401101598,0.009131304112645061,0.012808973883394303,0.09103203973158791
"SPY, GLD, XLV, HYG",4,0.0007142846060667293,0.1799997207288158,3.8732712345896735e-05,0.0987959691038353,0.009483655855969657,0.013976002479723167,0.08518092491268159
"TLT, XLF, VNQ, HYG",4,0.00040702819813515757,0.1025711059300597,3.8739087927963836e-05,0.09880409990403681,0.009547306219112591,0.014375898452912688,0.09555150790943501
"EFA, USO, LQD, AGG",4,0.0005539164169462211,0.13958693707044773,3.8739458795196465e-05,0.09880457285161202,0.008939824752586263,0.012958762475271807,0.08675844296509894
"QQQ, XLI, LQD, AGG",4,0.0005642184698997182,0.14218305441472898,3.874428159800142e-05,0.0988107229135399,0.009045320493701386,0.013449738055263253,0.10512493276562274
"XLV, XLP, VNQ, AGG",4,0.0003844252540783163,0.09687516402773572,3.8750114779244824e-05,0.09881816090359959,0.009583145248741102,0.01340821624322896,0.10314054898983405
"EFA, EEM, LQD, AGG",4,0.000508063581937991,0.1280320226483737,3.8761992750375406e-05,0.09883330497911422,0.009281168776316953,0.014007914871661266,0.08519037248703365
"SPY, GLD, XLV, LQD",4,0.0006880975383643421,0.1734005796678142,3.8845206889857966e-05,0.09893933563676385,0.009956308522937721,0.013980438048376108,0.0876607057730896
"XLE, XLP, XLU, LQD",4,0.0005063039002457879,0.12758858286193855,3.885645809667774e-05,0.09895366309724361,0.00891306426054217,0.013247346773351727,0.09703775483962851
"EEM, XLE, XLV, AGG",4,0.0005795833845896873,0.1460550129166012,3.888867831043305e-05,0.09899468134313645,0.00856880246474051,0.014287234807979977,0.11232792756463339
"XLE, XLI, XLP, LQD",4,0.0005364584704736429,0.135187534559358,3.889661446283403e-05,0.09900478192811789,0.0081766033999357,0.013068526360840283,0.11789908297220741
"TLT, XLV, XLY, HYG",4,0.00035506004095882507,0.08947513032162392,3.890764006964548e-05,0.09901881284660335,0.009386728536949138,0.013592882631982956,0.09995431306293734
"SPY, XLI, XLP, LQD",4,0.0005745000827875612,0.14477402086246544,3.891773065010258e-05,0.09903165213115375,0.008832459041337695,0.013055084965603894,0.11455846031634775
"EFA, XLI, XLP, HYG",4,0.0005600976061965794,0.141144596761538,3.896158331777908e-05,0.09908743107014295,0.00894763064455622,0.012691854177518416,0.09544227820707152
"TLT, XLF, XLI, LQD",4,0.0004629943953816429,0.11667458763617401,3.8968312581516034e-05,0.0990959876611664,0.009803833554230541,0.013792665111595373,0.09891329345932531
"EFA, XLF, XLU, AGG",4,0.0005908819328457032,0.1489022470771172,3.898219700264067e-05,0.09911364005355393,0.00955717197747116,0.013292540953006087,0.08694728828782838
"EFA, XLV, XLU, LQD",4,0.000524316855319948,0.1321278475406269,3.900237386783099e-05,0.09913928693859671,0.009268200820840037,0.013278500410823364,0.09077616710695635
"XLF, XLP, VNQ, AGG",4,0.00045910917372562343,0.1156955117788571,3.900351513028351e-05,0.09914073740310511,0.009291759134964642,0.013629508175706111,0.09703582904443564
"EEM, TLT, XLF, LQD",4,0.0004936772645656286,0.12440667067053841,3.9013735572981934e-05,0.09915372592288929,0.010010910015749342,0.01430677092722911,0.08360240406658448
"TLT, GLD, XLV, XLP",4,0.0005297580278761406,0.13349902302478744,3.902665194715106e-05,0.09917013809954117,0.009980134416439143,0.013598349367083583,0.10047541386336978
"GLD, XLV, XLU, LQD",4,0.0006367558029617586,0.1604624623463632,3.905379321601294e-05,0.09920461627583296,0.009374167914336796,0.013969534095688954,0.0927355703744871
"IWM, XLE, HYG, AGG",4,0.0004947548852861141,0.12467823109210074,3.905690252562102e-05,0.09920856533816269,0.008253236155349508,0.013820085156209224,0.12715478162410276
"TLT, GLD, XLE, XLP",4,0.0005915191372010427,0.14906282257466277,3.906132947562756e-05,0.09921418763391729,0.008729281588428495,0.01331837571339418,0.09554401631384157
"XLE, XLP, XLU, HYG",4,0.0005324909679481751,0.13418772392294012,3.908789476277396e-05,0.0992479192740031,0.008726515130376429,0.013130863218180003,0.09750356733146459
"SPY, EEM, HYG, LQD",4,0.0005829590360552992,0.1469056770859354,3.910978673761609e-05,0.0992757082970414,0.009317701169774227,0.013922800390851113,0.09824007895711251
"XLK, XLV, XLP, LQD",4,0.0006004549267657949,0.1513146415449803,3.912180053950843e-05,0.0992909549554043,0.008927939689984916,0.013138907456351327,0.11147770299712245
"EFA, TLT, VNQ, HYG",4,0.0003915574558333019,0.09867247886999207,3.912451635579354e-05,0.09929440126039318,0.010174855427821644,0.014258754156249512,0.09819703745047226
"SPY, XLP, VNQ, LQD",4,0.0004923468178386886,0.12407139809534953,3.9125252650573465e-05,0.09929533557999849,0.009316883129364767,0.013838641796798766,0.1108085052387845
"XLI, XLP, VNQ, AGG",4,0.00046304081054240843,0.11668628425668692,3.914694684854029e-05,0.09932286043923702,0.00963400346745348,0.013251207987348886,0.10773347158968338
"QQQ, XLI, HYG, AGG",4,0.0005904055376021054,0.14878219547573057,3.9178963818014565e-05,0.09936346854925945,0.00925572675440817,0.01353977872490241,0.1080339744891099
"TLT, XLY, XLU, HYG",4,0.0004035210271950624,0.10168729885315572,3.918815281930714e-05,0.0993751201783696,0.009368876975156804,0.014178869536175925,0.09925735041286265
"XLE, XLP, VNQ, AGG",4,0.0004461863634032184,0.11243896357761103,3.9202078210031064e-05,0.09939277493323058,0.009391038887510333,0.013604133718930106,0.10718893723955036
"USO, XLV, HYG, LQD",4,0.000529009149424709,0.1333103056550267,3.921280678071922e-05,0.0994063745880577,0.009049921567159586,0.013441486047567201,0.08834298606170765
"GLD, XLF, XLU, HYG",4,0.0007376267903114532,0.1858819511584862,3.921292861298424e-05,0.09940652901329988,0.009265029919714807,0.013824455143254824,0.08356566674232102
"XLK, VNQ, HYG, AGG",4,0.0005665744602432149,0.14277676398129016,3.9225521984804906e-05,0.0994224901125034,0.008862635064202594,0.013869762336667287,0.11231992690493775
"XLV, XLP, XLY, AGG",4,0.0004071410165492909,0.10259953617042131,3.924997646659581e-05,0.09945347691047379,0.00969248952909622,0.013050073704363863,0.09568659823930836
"TLT, XLI, VNQ, AGG",4,0.00037665392512800357,0.0949167891322569,3.925730752800473e-05,0.09946276437470052,0.009821213872930184,0.014089311726300572,0.10090510486692772
"GLD, XLE, XLV, LQD",4,0.0006500559260504236,0.16381409336470676,3.927935558196214e-05,0.09949069105526637,0.00906429955449448,0.013565385631894113,0.0870721927643664
"IWM, TLT, XLV, AGG",4,0.00036883080646305487,0.09294536322868982,3.928076380101127e-05,0.09949247447849933,0.009960167883087597,0.01379627543196665,0.11393251634238499
"GLD, XLP, VNQ, LQD",4,0.0005641962211871305,0.1421774477391569,3.92939603399922e-05,0.09950918553419094,0.009295144416641352,0.014116251165464427,0.09837330260821286
"XLF, XLE, XLP, LQD",4,0.0005325268336568576,0.13419676208152811,3.934734441946271e-05,0.09957675830084349,0.008447615880193089,0.013520047935339653,0.10532685510246376
"EFA, XLE, XLU, AGG",4,0.0005779591225232982,0.14564569887587114,3.9386196062880624e-05,0.09962590731253552,0.008635636244016275,0.01340103120150253,0.0986284505043239
"EEM, TLT, XLV, XLP",4,0.0004674043285369564,0.11778589079131302,3.939534454070957e-05,0.09963747700669068,0.010249695990418667,0.014072689458399812,0.10603848824199613
"TLT, XLE, XLV, XLP",4,0.00041986701221378075,0.10580648707787275,3.940082418454898e-05,0.09964440623791354,0.009356811539063753,0.013543250439156116,0.10157170324758436
"TLT, USO, HYG, LQD",4,0.0004220613769566932,0.10635946699308668,3.941347311982223e-05,0.09966039948843874,0.009126414538514756,0.013303878087695141,0.0801641175557144
"EEM, TLT, XLE, XLP",4,0.0005291654378618585,0.13334969034118835,3.944503301432621e-05,0.09970029247504847,0.008911670823757005,0.014098143395361409,0.1075827822330494
"XLK, XLE, HYG, AGG",4,0.0006318732780528972,0.1592320660693301,3.947527972319106e-05,0.09973851056760447,0.008210571093974276,0.014160873399260447,0.11845676211315548
"EFA, XLF, XLV, AGG",4,0.000542420946609466,0.13669007854558543,3.9475748453194425e-05,0.09973910271405592,0.009188903345371964,0.013250414937300333,0.0958962676909858
"EFA, USO, HYG, AGG",4,0.0005801034846486085,0.14618607813144932,3.949989721792006e-05,0.09976960508549614,0.009198971084049863,0.013243084021648806,0.0883430313651421
"TLT, GLD, XLI, XLP",4,0.0006083735843402329,0.1533101432537387,3.950103157597706e-05,0.0997710376669814,0.009564673893371055,0.013610264096719945,0.11420280961392437
"SPY, EFA, XLU, AGG",4,0.0006160007348372166,0.15523218517897858,3.9512725258060893e-05,0.09978580442643807,0.00895761306261877,0.01332807508344911,0.0938901030607352
"GLD, XLK, XLP, AGG",4,0.0007639882096315051,0.1925250288271393,3.9513231515246155e-05,0.09978644367769618,0.009736211443048044,0.014101977615197553,0.08444267688604457
"IWM, GLD, XLP, AGG",4,0.000626869816864722,0.15797119384990993,3.952411027990061e-05,0.09980017931113629,0.009799747196290695,0.014066693563176294,0.08716690316557962
"QQQ, TLT, GLD, AGG",4,0.0006192791366271183,0.1560583424300338,3.952647608237567e-05,0.09980316614596288,0.009697479169406362,0.014116208729210022,0.07592772098896361
"TLT, GLD, VNQ, AGG",4,0.00046969049365117347,0.11836200440009571,3.957330004800823e-05,0.09986226320336464,0.010009037682739778,0.014228240461244,0.10897409821449044
"TLT, XLK, XLU, AGG",4,0.0005544101854660752,0.13971136673745094,3.957706766808841e-05,0.0998670168391861,0.009351766925044061,0.013762940121353488,0.09619933030449845
"XLK, XLP, XLU, LQD",4,0.0006489159130020322,0.1635268100765121,3.958221236171148e-05,0.0998735075740874,0.009002184095946929,0.01320988889781664,0.10825255784005205
"EEM, GLD, XLP, AGG",4,0.0006689135131984366,0.16856620532600602,3.9583485960880264e-05,0.09987511432855448,0.009074991755913442,0.015032841373842018,0.1013663840144865
"XLF, XLV, XLU, HYG",4,0.0005659746653241909,0.14262561566169613,3.9591587577619516e-05,0.09988533460703887,0.008882626689678765,0.013207622134703422,0.09391783099693496
"EFA, TLT, XLV, XLP",4,0.00041731908023433006,0.10516440821905118,3.96042926354774e-05,0.09990136007152409,0.010109245324337162,0.013573931710815489,0.10482721435414721
"XLY, VNQ, LQD, AGG",4,0.00035519232444587554,0.08950846576036063,3.961558017577413e-05,0.09991559540079356,0.009912610335029267,0.014638228350391917,0.10920846573218668
"EFA, XLP, VNQ, HYG",4,0.0004779443412477069,0.12044197399442214,3.962304764824315e-05,0.0999250119207262,0.009443929405450182,0.013484167953838564,0.09878577666069865
"GLD, XLF, XLU, LQD",4,0.0007114397226090658,0.1792828100974846,3.964760046802493e-05,0.0999559668951398,0.009342371755608916,0.013928508097638622,0.09491180557490597
"SPY, XLF, XLU, AGG",4,0.0006314714771390723,0.1591308122390462,3.965136731089452e-05,0.09996071509520837,0.008579813533152925,0.013638689832048993,0.10592527409220842
"TLT, XLK, XLV, HYG",4,0.0005402551090537772,0.13614428748155186,3.966479768800677e-05,0.0999776425876191,0.009334356908878062,0.013370878049764653,0.10922389586426173
"SPY, GLD, XLF, AGG",4,0.0007546626158900971,0.19017497920430446,3.9676535110489425e-05,0.09999243395299134,0.009666486637271252,0.014247088731809118,0.08814844604111227
"XLK, XLV, XLP, HYG",4,0.0006266419944681821,0.15791378260598188,3.9682246246397056e-05,0.0999996302697768,0.008662677327448515,0.013232444672150748,0.11387215408008389
"EFA, EEM, XLP, AGG",4,0.000556474565556626,0.14023159052026976,3.9684532824923975e-05,0.10000251132787037,0.008843908837002482,0.014000599368073826,0.09061378735499648
"QQQ, TLT, XLV, XLP",4,0.000504156837380043,0.12704752301977082,3.9686566551863196e-05,0.10000507372663411,0.00931355670899326,0.013259449420517292,0.10758983851765647
"XLF, XLV, XLU, LQD",4,0.0005397875976218036,0.1360264746006945,3.96866374115647e-05,0.1000051630052884,0.009286495120713958,0.013391717791044205,0.09056669993821209
"IWM, XLV, XLP, AGG",4,0.0004552176918774599,0.1147148583531199,3.971654511721371e-05,0.10004283767235841,0.00983360718367478,0.013384112181842881,0.11241555198066655
"IWM, XLF, LQD, AGG",4,0.0004814906279061318,0.12133563823234522,3.972242298605972e-05,0.10005024034197545,0.009755939810752968,0.013449408546516571,0.1146997832213823
"GLD, XLE, XLV, HYG",4,0.0006762429937528108,0.17041323442570833,3.9735483995152866e-05,0.10006668759771417,0.008807639488320484,0.013580561592833778,0.088727029392621
"TLT, USO, XLP, AGG",4,0.0004361664507513891,0.10991394558935005,3.9766199123378964e-05,0.10010535539665948,0.009137993858665813,0.012818982355802578,0.08471933767632334
"XLK, XLE, XLP, AGG",4,0.0006540971939691449,0.1648324928802245,3.976778482227705e-05,0.10010735125460976,0.008176847649562455,0.013778413663345373,0.12161503701540788
"SPY, XLI, XLP, HYG",4,0.0006006871504899484,0.151373161923467,3.9770223033609e-05,0.10011042005939974,0.008744667826087951,0.013122245762083382,0.11509262748195648
"IWM, EFA, HYG, AGG",4,0.0004922069533066635,0.12403615223327918,3.977896213179263e-05,0.10012141857370851,0.00942674155764081,0.013497047652683456,0.09897618780213935
"XLK, XLP, XLU, HYG",4,0.0006751029807044193,0.17012595113751366,3.979040383946495e-05,0.1001358166069722,0.008617765040712445,0.013161039880326597,0.11248105670732156
"TLT, USO, LQD, AGG",4,0.00038775546713275407,0.09771437771745403,3.979268595892236e-05,0.1001386881362465,0.009547876176808622,0.013372858030794594,0.08079580365729777
"XLK, VNQ, LQD, AGG",4,0.0005403873925408276,0.13617762292028854,3.9800248694549924e-05,0.1001482035336959,0.009140967087525303,0.014071946963964016,0.11203148028597987
"EEM, XLV, XLU, HYG",4,0.0006005891713249616,0.15134847117389033,3.983081734537978e-05,0.10018665565351358,0.008930843512455242,0.013800613379110793,0.10003762745963907
"TLT, USO, XLV, AGG",4,0.0004567273378049999,0.11509528912685997,3.98316807711068e-05,0.10018774153717068,0.009442224905988625,0.013503023061367076,0.09536066328047277
"EEM, XLI, HYG, LQD",4,0.0005617718708805708,0.14156651146190383,3.984529527133591e-05,0.10020486219927978,0.009789952687533826,0.014214090873183535,0.09234512072399292
"TLT, GLD, XLU, LQD",4,0.0005298080304937429,0.1335116236844232,3.9857364087303324e-05,0.10022003666932297,0.009531982668067205,0.014219017253407457,0.1349320295351415
"SPY, TLT, XLI, LQD",4,0.0004881131973731563,0.12300452573803539,3.987330129182874e-05,0.10024007145618384,0.00926525857828702,0.013939011873589372,0.10924196276730103
"TLT, XLE, VNQ, LQD",4,0.00036791832011036525,0.09271541666781205,3.988331105348802e-05,0.10025265276030845,0.009908706803715795,0.014780896960940098,0.10736506818107061
"XLK, XLF, LQD, AGG",4,0.000618609020672915,0.15588947320957458,3.990528980294671e-05,0.10028027238865365,0.009267497012797629,0.013846803801994984,0.10870719387212557
"SPY, EFA, XLV, AGG",4,0.0005675397486009794,0.14302001664744682,3.991948331470749e-05,0.10029810464463568,0.008850395158013676,0.013172417468614783,0.09958552287148559
"SPY, XLE, XLU, AGG",4,0.0006185486668166672,0.15587426403780014,3.99284984272362e-05,0.10030942928590274,0.008777355895592361,0.013538821869669234,0.11553400847800399
"XLF, XLI, XLP, LQD",4,0.0005493812807960479,0.13844408276060408,3.99324354890263e-05,0.10031437455935528,0.009207295198443897,0.013188484735539071,0.10584511502107308
"EEM, TLT, XLU, LQD",4,0.00046745433115455865,0.11779849145094878,3.9937792040372294e-05,0.10032110243699388,0.009980286521663315,0.014464162320866064,0.09310632337380531
"IWM, XLF, HYG, AGG",4,0.0005076776956085191,0.12793477929334682,3.9937921271352405e-05,0.10032126474671663,0.009339265946025983,0.013458637173710862,0.11517102198023588
"EFA, GLD, XLV, AGG",4,0.0006393891519494211,0.16112606629125412,3.996902326784496e-05,0.10036032016438037,0.009473128670922709,0.014304885348728513,0.0969234624676758
"EEM, GLD, LQD, AGG",4,0.0006205025295798017,0.15636663745411003,3.996938616940394e-05,0.1003607757776403,0.009820905736227466,0.01528578648611536,0.08617031785324203
"TLT, USO, XLP, HYG",4,0.00047047236057532816,0.11855903486498269,4.002348892344222e-05,0.10042867722273077,0.008896165180631034,0.012915499367984886,0.085361051374095
"GLD, XLP, XLY, HYG",4,0.0006130990513604922,0.15450096094284405,4.002454426175273e-05,0.10043000126437164,0.009691102546352868,0.014355659430614393,0.09068301089038089
"IWM, XLP, XLU, AGG",4,0.0005036786781136972,0.12692702688465168,4.003204523762095e-05,0.10043941158668983,0.009328939626289768,0.013460321941463575,0.1157541573890637
"EFA, TLT, XLF, XLP",4,0.0004920029998816372,0.12398475597017257,4.003660416659413e-05,0.10044513054390303,0.009610042760956441,0.013557258646415157,0.0959957154993768
"TLT, GLD, XLY, AGG",4,0.000492406256122148,0.1240863765427813,4.004709040514491e-05,0.10045828379032024,0.010489032592477606,0.014405502979178923,0.10846335037267607
"USO, XLF, LQD, AGG",4,0.0005693871592480769,0.1434855641305154,4.005679016710826e-05,0.10047044899925192,0.008913486323556326,0.013247703132347943,0.09014120053046115
"SPY, EEM, XLP, LQD",4,0.0006051829519715468,0.1525061038968298,4.006840292293914e-05,0.10048501150211739,0.009412482889021929,0.014005929261570089,0.10113719344547789
"SPY, EFA, TLT, XLP",4,0.0005171218018731506,0.13031469407203394,4.007725714326196e-05,0.10049611335818921,0.009464439656961835,0.013443688028286558,0.09604881241953778
"TLT, XLE, XLY, HYG",4,0.0004168211502837272,0.10503892987149925,4.008957512100329e-05,0.10051155620371635,0.009250054367656795,0.01446693007769957,0.11782355701590708
"IWM, GLD, HYG, LQD",4,0.0006127647430700261,0.15441671525364659,4.011665659964303e-05,0.10054549946720662,0.009632260238148173,0.014296135508594243,0.0733504251796172
"SPY, EEM, TLT, AGG",4,0.00051067722443559,0.12869066055776868,4.012691886169427e-05,0.10055835894219314,0.010164760725305042,0.014394261190204366,0.09411484311630336
"EFA, XLE, XLV, LQD",4,0.0005376169784086129,0.13547947855897044,4.014631312517676e-05,0.10058265709129256,0.00872391235901029,0.013900511478582366,0.10853843550853359
"SPY, GLD, XLU, HYG",4,0.0007627455923029664,0.19221188926034755,4.014715782377332e-05,0.10058371524054417,0.009020023050814579,0.01437287134247336,0.07580867054909235
"EFA, TLT, XLI, LQD",4,0.00044752365307978726,0.1127759605761064,4.016098308254331e-05,0.10060103248377184,0.009722775477533151,0.013887779952288997,0.09172075307255168
"XLV, XLP, VNQ, HYG",4,0.00041873116390225547,0.10552025330336838,4.020260542750003e-05,0.10065314981524427,0.009360772444343973,0.01351208832452723,0.1028836260751651
"SPY, QQQ, LQD, AGG",4,0.0005854056350744464,0.14752222003876048,4.020833338668147e-05,0.10066031995500378,0.009447308466822379,0.013770829568384478,0.1094637602900087
"SPY, TLT, XLF, XLP",4,0.0005325925441750062,0.13421332113210155,4.020897052725586e-05,0.10066111748271264,0.009375204673470297,0.013755158276065748,0.10772016750212621
"IWM, EFA, LQD, AGG",4,0.00046601988560427624,0.11743701117227762,4.0215276377896935e-05,0.10066901036182897,0.00992898046812294,0.013635868098495088,0.09900467264899548
"QQQ, TLT, XLE, XLP",4,0.0005659179467049451,0.14261132256964618,4.022863388086639e-05,0.10068572757833322,0.008321782167472402,0.013900751752522422,0.11890430995963608
"TLT, XLI, VNQ, HYG",4,0.0004109598349519426,0.10356187840788954,4.023364683304429e-05,0.10069200068489632,0.009866300401955045,0.014187302082014998,0.10827363356640107
"EEM, XLF, XLV, AGG",4,0.0005925061949120923,0.14931156111784727,4.02373019559013e-05,0.10069657438506599,0.009287432584244828,0.013963742067718662,0.09449385952871947
"GLD, XLV, VNQ, AGG",4,0.0005766382661191893,0.1453128430620357,4.0244627384624554e-05,0.10070574015876844,0.0101674785718817,0.014067292193790099,0.09021272397896629
"XLI, XLY, LQD, AGG",4,0.00043734558939474813,0.11021108852747653,4.0244688652706145e-05,0.10070581681552436,0.009468306789787571,0.013504287006181594,0.11345981925444226
"TLT, XLK, XLE, AGG",4,0.00056771030855474,0.14306299775579448,4.028324281911419e-05,0.1007540430474965,0.008613551006983652,0.014351639656734642,0.11572798537340556
"XLE, XLP, XLY, AGG",4,0.00046890212587419284,0.1181633357202966,4.0283576153390466e-05,0.10075445990453424,0.008843465065623505,0.013687766801119572,0.11509661055835718
"EEM, XLP, VNQ, HYG",4,0.0005280295895503333,0.133063456566684,4.02909342729386e-05,0.10076366129106527,0.009426950709612098,0.014097233438907964,0.10217696530776998
"EEM, TLT, XLF, XLP",4,0.0005420882481842634,0.1366062385424344,4.030761502339721e-05,0.10078451759023357,0.00999843012520075,0.014220721208793679,0.09385519093346895
"TLT, XLV, XLI, XLP",4,0.0004367214593529708,0.11005380775694865,4.031687306621681e-05,0.10079609125698594,0.010182735425557924,0.013347600235886959,0.10502736007217983
"XLE, XLI, XLP, HYG",4,0.00056264553817603,0.14178667562035954,4.031772980349242e-05,0.10079716221441996,0.00825656801082207,0.013283673204593505,0.11845472532367185
"GLD, XLF, XLE, AGG",4,0.0007166210035761787,0.18058849290119702,4.0322796136983146e-05,0.1008034951106347,0.008937724267970728,0.013915494433083934,0.09358433315479642
"QQQ, TLT, VNQ, AGG",4,0.0004440893031550758,0.1119105043950791,4.032617209023593e-05,0.10080771481756472,0.009377139437795966,0.014564949112394998,0.1033251859093599
"XLE, XLV, XLU, LQD",4,0.0005268647872993988,0.13276992639944848,4.032644004673364e-05,0.10080804973699709,0.008574980877779095,0.013636445347704368,0.10195332358792475
"XLI, XLY, HYG, AGG",4,0.0004635326570971353,0.11681022958847809,4.033942648214474e-05,0.10082428017843954,0.009333283680275679,0.013481874074344723,0.11350468891368537
"QQQ, XLE, XLP, HYG",4,0.0006300809162031022,0.15878039088318174,4.0343035103399527e-05,0.10082878976788665,0.008363669077984883,0.013761430540013716,0.1242789278129931
"EEM, XLV, XLU, LQD",4,0.0005744021036225744,0.14474933011288874,4.038945977666156e-05,0.10088678735948883,0.009323420743674055,0.014132349356871054,0.10500226846954086
"QQQ, TLT, XLP, XLU",4,0.0005526178236162804,0.13925969155130266,4.0400705973418016e-05,0.1009008320347327,0.009463657156338932,0.013635541536203841,0.09827616769231606
"GLD, XLP, XLY, LQD",4,0.000586911983658105,0.14790181988184248,4.0408023252290715e-05,0.10090996907926025,0.009730022740601191,0.014386441455586435,0.10246107046646125
"TLT, XLF, XLV, XLP",4,0.0004327898225361858,0.10906303527911883,4.04143728828175e-05,0.10091789715640141,0.010037660635407057,0.013748994246439841,0.09420777715415452
"QQQ, TLT, GLD, HYG",4,0.0006535850464510576,0.1647034317056665,4.041792662071039e-05,0.10092233404167295,0.010082042860778868,0.014369927899950327,0.07709942392401448
"QQQ, TLT, XLF, HYG",4,0.0005566168411111023,0.1402674439599978,4.0445903849817795e-05,0.10095725714456631,0.00964029433565403,0.014112798617563056,0.10699298103866672
"QQQ, XLI, XLP, AGG",4,0.0006126294535183534,0.15438262228662505,4.045797437519401e-05,0.10097232067526671,0.009207479666441741,0.01323282512279912,0.1118858477637571
"QQQ, XLF, XLP, LQD",4,0.00061681665882312,0.15543779802342625,4.046042995300841e-05,0.10097538486263927,0.009172996236240748,0.013745872969177465,0.11608001910131749
"SPY, TLT, VNQ, LQD",4,0.0004059599324242838,0.10230190297091951,4.047235625620228e-05,0.1009902657515217,0.009702012706277045,0.01475296833179014,0.10752302597642927
"SPY, XLY, LQD, AGG",4,0.00045853275456947623,0.115550254151508,4.0481384474220447e-05,0.10100152913448168,0.009811462376411537,0.014006652380309246,0.11753286000532726
"TLT, XLU, VNQ, HYG",4,0.00038080526472408766,0.09596292671047009,4.053547813074167e-05,0.10106898875989064,0.010480907521672671,0.01438148359111085,0.08761126012591502
"TLT, USO, XLV, HYG",4,0.000491033247628939,0.12374037840249263,4.055269403839977e-05,0.10109044909226955,0.00925354339033403,0.013711691855550118,0.09593158744315544
"SPY, EEM, XLP, HYG",4,0.000631370019673934,0.15910524495783138,4.05533905993581e-05,0.10109131728807495,0.008973925564696133,0.014009138215872668,0.10722013057249935
"USO, XLI, LQD, AGG",4,0.000573318796064862,0.14447633660834522,4.056256708243762e-05,0.10110275418985519,0.008835649021623756,0.013074427569716196,0.09883365002263733
"SPY, GLD, XLU, LQD",4,0.0007365585246005792,0.18561274819934598,4.061190659686971e-05,0.10116422521035372,0.009098669714628109,0.014467536061283913,0.08267057906857966
"SPY, XLF, XLV, AGG",4,0.000583010490902835,0.14691864370751442,4.061769904680564e-05,0.10117143944708419,0.008933671959084847,0.01369806515828329,0.10840250355121639
"SPY, GLD, XLE, AGG",4,0.0007417398055676921,0.1869184310030584,4.0625525018703945e-05,0.10118118552731725,0.009213893481685602,0.014286348049822983,0.09265465197187761
"QQQ, XLV, XLU, LQD",4,0.0006111546124656611,0.1540109623413466,4.06302221070936e-05,0.10118703459923899,0.008852660438173425,0.013452314197895643,0.10597783041719488
"SPY, XLY, HYG, AGG",4,0.00048471982227186355,0.12214939521250961,4.064213327585247e-05,0.10120186552388659,0.009775167172998768,0.013987769872963322,0.11896223150354024
"SPY, IWM, LQD, AGG",4,0.0005066094298976454,0.12766557633420664,4.065967481657287e-05,0.10122370302343402,0.009534279368301675,0.013804191439407443,0.12544053460377957
"EFA, XLP, VNQ, LQD",4,0.00045175727354531965,0.11384283293342055,4.0666058093592755e-05,0.10123164840891101,0.00967278912255447,0.013894001932554084,0.09848053591866035
"QQQ, EFA, HYG, LQD",4,0.0005791220006050166,0.1459387441524642,4.067547095209963e-05,0.10124336363401361,0.009420643534007397,0.013569637349586267,0.10183832468364395
"XLK, XLF, HYG, AGG",4,0.0006447960883753023,0.16248861427057618,4.070041819896554e-05,0.10127440637268291,0.009547324654691436,0.014060758897536467,0.11519979824873539
"EFA, TLT, XLP, XLU",4,0.00046578006647056733,0.11737657675058297,4.070511605697276e-05,0.10128025101843467,0.010112057558033046,0.01394025253754573,0.0902191577580117
"IWM, TLT, XLV, HYG",4,0.00040313671628699403,0.1015904525043225,4.0708656212552915e-05,0.10128465513375329,0.009866349077897206,0.013966126089593625,0.11462731562604067
"SPY, QQQ, HYG, AGG",4,0.0006115927027768338,0.15412136109976213,4.0709026578888016e-05,0.10128511587533373,0.00956091238701542,0.013825551557064813,0.11593064465392677
"TLT, GLD, XLY, HYG",4,0.0005267121659460872,0.13273146581841397,4.0732023654405436e-05,0.10131372049683188,0.010130900023090673,0.014581766306759196,0.10289668451989609
"TLT, XLV, VNQ, LQD",4,0.0003061572107854632,0.07715161711793672,4.0755070632911024e-05,0.10134237908937001,0.010306343401359996,0.014385009581995747,0.11686202136414836
"XLE, XLV, XLI, AGG",4,0.0005489005154057016,0.1383229298822368,4.0766114314152635e-05,0.10135610887936881,0.008204777670086141,0.01343137534442914,0.11590869922246316
"EFA, TLT, USO, AGG",4,0.0005159405151504514,0.13001700981791375,4.07681494366024e-05,0.10135863879326619,0.009747897254437764,0.01344474251646649,0.0872836535096232
"XLE, XLV, XLU, HYG",4,0.0005530518550017859,0.13936906746045005,4.0769936251884704e-05,0.10136085997797643,0.008541144677889884,0.01350382761881256,0.1024613276220997
"QQQ, XLV, XLU, HYG",4,0.0006373416801680484,0.16061010340234821,4.078611483814534e-05,0.10138096931482075,0.00850289595103008,0.013329969651420382,0.11205636435088573
"GLD, XLV, XLI, HYG",4,0.0006930974408920009,0.17466055510478423,4.0809151229396385e-05,0.10140959574817311,0.009559912434115884,0.013964951388691535,0.09629140503988975
"XLF, XLI, XLP, HYG",4,0.0005755683484984351,0.14504322382160564,4.0815004790588426e-05,0.10141686845504688,0.009112886701525925,0.013264198391782915,0.10636840727154828
"EEM, XLF, XLU, AGG",4,0.0006409671811483297,0.16152372964937908,4.084372425006558e-05,0.10145254314711152,0.010036719442048507,0.014079683083594462,0.09211633329579039
"SPY, IWM, HYG, AGG",4,0.0005327964976000326,0.1342647173952082,4.084509618380985e-05,0.10145424701962989,0.009459010719642237,0.013818652676570991,0.12574431335508984
"QQQ, GLD, XLV, AGG",4,0.0007262269090951341,0.18300918109197378,4.084558890811209e-05,0.10145485895137919,0.009486499498174074,0.014242750513236539,0.08570957224370712
"QQQ, XLE, XLV, AGG",4,0.0006163358934327738,0.155316645145059,4.085035880495045e-05,0.10146078266427633,0.008618498677800705,0.014015236619845144,0.12225610592007385
"XLF, XLE, XLP, HYG",4,0.0005587139013592449,0.1407959031425297,4.086454765037023e-05,0.10147840168180271,0.008452995138225674,0.013709069600772214,0.10730365219142024
"XLF, XLE, XLV, AGG",4,0.0005449688785889166,0.137332157404407,4.090180676773545e-05,0.10152465368308003,0.008593196477059528,0.013567139798093028,0.10555173319484867
"GLD, XLF, VNQ, AGG",4,0.0006513221857664963,0.16413319081315708,4.095206481403986e-05,0.10158700868289235,0.00978714128915625,0.014386391122906926,0.08162621578886753
"EEM, GLD, HYG, LQD",4,0.0006548084394037407,0.16501172672974265,4.095231424669784e-05,0.10158731805775688,0.00994577288267806,0.015290538525645419,0.08442036019809107
"TLT, XLF, XLP, XLU",4,0.00048125080877242296,0.12127520381065059,4.095562262504834e-05,0.10159142139724289,0.009918610887709152,0.013784275338070265,0.08740754339029067
"XLV, XLI, XLU, HYG",4,0.0005699063021409761,0.14361638813952599,4.0966574426122866e-05,0.1016050035942274,0.008951265256405678,0.013222785494114346,0.10288025386101196
"TLT, XLE, XLY, LQD",4,0.00039063408258134,0.09843978881049768,4.098159450695502e-05,0.10162362823552731,0.009587551700474616,0.01479649556192408,0.11783734166682713
"GLD, XLV, XLI, LQD",4,0.0006669103731896137,0.16806141404378266,4.098765674555103e-05,0.10163114434010305,0.009466162879475111,0.01405172891164632,0.09747907026566904
"EEM, TLT, VNQ, AGG",4,0.00040733679431198934,0.10264887216662132,4.0990564923080956e-05,0.10163474976904505,0.010791407688030776,0.014845709103920553,0.10306102996014477
"GLD, XLK, HYG, AGG",4,0.0007417642937152574,0.18692460201624486,4.1003833672683886e-05,0.10165119815091381,0.010377333422663703,0.014615453578401908,0.08146699224176446
"TLT, XLE, XLI, XLP",4,0.0004984825686778729,0.12561760730682398,4.100700566579716e-05,0.1016551298645616,0.008591154390325505,0.013525619156588684,0.12043005791449901
"IWM, TLT, XLU, AGG",4,0.00041729179269929225,0.10515753176022165,4.101997659352359e-05,0.10167120586266273,0.009802354733650253,0.014336632298876995,0.10916851688354168
"XLK, XLF, XLP, AGG",4,0.0006670200042915499,0.16808904108147057,4.107179763954425e-05,0.10173540684130158,0.00915880996727015,0.013908483135241508,0.11902098435475472
"SPY, XLV, VNQ, AGG",4,0.0005047888627707476,0.12720679341822838,4.107376688614087e-05,0.10173784573750075,0.009479059243978353,0.014035121007269596,0.1105638263229497
"EFA, EEM, HYG, LQD",4,0.0005423694917619301,0.1366771119240064,4.107805248843255e-05,0.10174315321968846,0.009467504547353709,0.014332902225016165,0.0914335523163472
"SPY, USO, LQD, AGG",4,0.0005945059612395903,0.14981550223237675,4.108989135873014e-05,0.10175781356927828,0.00881051813963896,0.013537760420362827,0.10189557185153708
"EEM, TLT, XLI, AGG",4,0.0004894900592608617,0.12335149493373715,4.109494239366165e-05,0.10176406774103883,0.01032160008336231,0.014734306458338559,0.09623082589785836
"XLP, XLU, VNQ, AGG",4,0.0004328862403145535,0.10908733255926749,4.1099008610970465e-05,0.10176910223621194,0.010076874548818672,0.013974427471892367,0.08677530633541397
"TLT, XLU, VNQ, AGG",4,0.0003464993549001486,0.08731783743483745,4.113088922399201e-05,0.10180856586970463,0.01066720914775727,0.014535667573228267,0.09043062458778073
"QQQ, TLT, GLD, XLP",4,0.0006758089623673052,0.1703038585165609,4.113192632345095e-05,0.10180984939341399,0.009882784861992887,0.014209791953993342,0.09251376063634498
"EEM, XLP, VNQ, LQD",4,0.0005018425218479462,0.12646431550568243,4.114572478422778e-05,0.10182692495418587,0.01010056021870421,0.014393076223833854,0.10693565662206772
"XLV, XLI, XLU, LQD",4,0.0005437192344385887,0.13701724707852433,4.115771215031717e-05,0.10184175696579438,0.009367436270535172,0.013447235757976744,0.10259674345634906
"XLP, XLY, XLU, HYG",4,0.0004899079126094672,0.12345679397758573,4.1168649505228595e-05,0.10185528791043501,0.009447538151040017,0.013651369148246585,0.10211320215346897
"EFA, USO, HYG, LQD",4,0.0005882223267701604,0.14823202634608043,4.1181428925105406e-05,0.10187109545463112,0.009335996683206307,0.013502077630074421,0.09336571208854183
"TLT, XLK, XLU, HYG",4,0.0005887160952900144,0.14835645601308362,4.119666795317972e-05,0.10188994221316103,0.009266134627578654,0.013978431208122477,0.1037198059210771
"EEM, GLD, XLP, HYG",4,0.0007032194230223757,0.17721129460163867,4.120291667733754e-05,0.10189766927015094,0.009169453316110606,0.015123701988164148,0.0996375915927844
"SPY, QQQ, XLP, AGG",4,0.0006338166186930815,0.15972178791065655,4.120691542512837e-05,0.1019026137404353,0.009505557282747547,0.013865354862607012,0.11971570214160687
"GLD, XLI, XLU, AGG",4,0.0007072525173042991,0.17822763436068337,4.121139140013868e-05,0.10190814801984652,0.010008671198802138,0.01425959534167888,0.11669591140560098
"EFA, XLE, XLV, HYG",4,0.0005638040461110001,0.14207861961997204,4.1223763363742126e-05,0.10192344366073497,0.008456237518661553,0.013979885366773864,0.11134831917386812
"SPY, XLE, XLV, LQD",4,0.0005782065227019819,0.14570804372089943,4.124187704018568e-05,0.1019458337261842,0.008431332897289659,0.013814021072180856,0.11895405649567803
"XLK, XLP, VNQ, AGG",4,0.0005887983761594627,0.1483771907921846,4.124997470009022e-05,0.10195584154143762,0.009080473976769402,0.014123354752347089,0.11859494300877782
"IWM, VNQ, HYG, AGG",4,0.0004294560674764317,0.10822292900406079,4.1257641955755015e-05,0.10196531651914913,0.009679015249843551,0.01415649318967669,0.12391756875941617
"TLT, XLV, XLY, LQD",4,0.0003288729732564379,0.08287598926062235,4.127171783036961e-05,0.10198270879542835,0.009678497279711026,0.014101808807605748,0.10022743560937619
"SPY, GLD, VNQ, AGG",4,0.0006764409877580098,0.17046312891501847,4.128235659200612e-05,0.10199585217637795,0.009985448145971392,0.014810700992427654,0.0855076990685728
"QQQ, EFA, TLT, AGG",4,0.0005068401889853075,0.12772372762429748,4.1351565865022704e-05,0.10208131365722975,0.010109889589990121,0.013690114669082923,0.08817386582613607
"TLT, USO, XLP, LQD",4,0.00044428529287294084,0.1119598938039811,4.137820098878834e-05,0.10211418436816044,0.009183532064010175,0.013154573106783933,0.08374667253548074
"TLT, XLF, XLE, XLP",4,0.0004945509318610878,0.12462683482899413,4.138220176942813e-05,0.10211912086331282,0.008821573436639243,0.014007081677788793,0.10791675140679247
"GLD, XLE, XLU, AGG",4,0.0006903980701651089,0.17398031368160743,4.139951985466744e-05,0.10214048660240559,0.00888343102940265,0.013668834958607174,0.08885269416348862
"TLT, XLK, XLV, LQD",4,0.0005140680413513899,0.12954514642055026,4.14245727723998e-05,0.10217138708388347,0.009271155718684015,0.013657796610775708,0.11624137454900985
"TLT, XLF, VNQ, LQD",4,0.0003808411304327703,0.09597196486905812,4.1450506633198086e-05,0.10220336428692511,0.010109606043453945,0.014937390904973903,0.09523634019248228
"QQQ, XLP, VNQ, HYG",4,0.0005647820983934199,0.14232508879514183,4.145130109092738e-05,0.10220434371842373,0.009207239247609956,0.01420072239023395,0.11486993572446402
"USO, XLF, HYG, AGG",4,0.0005955742269504641,0.15008470519151695,4.146904112122885e-05,0.10222621171964492,0.009152556750449401,0.01358252390615521,0.09592631260003415
"XLV, XLY, XLU, AGG",4,0.000476162889839139,0.11999304823946302,4.14736943987966e-05,0.10223194700531113,0.01002143184783521,0.013973130542088527,0.0994957929334751
"EFA, XLY, HYG, LQD",4,0.00045224912010004644,0.1139667782652117,4.14756480793939e-05,0.10223435487157566,0.009149319965029186,0.013926368716141198,0.09942128075915413
"GLD, XLK, LQD, AGG",4,0.00071557722601287,0.18032546095524324,4.148183963343669e-05,0.10224198544446428,0.010610825831353369,0.014571547789365164,0.08176981414139439
"GLD, XLV, VNQ, HYG",4,0.0006109441759431285,0.15395793233766839,4.14845355647097e-05,0.10224530777647865,0.01013464836936129,0.014192900259221203,0.08923556038313041
"XLF, XLY, HYG, LQD",4,0.0004677198624019021,0.11786540532527932,4.1497801640008754e-05,0.10226165465746292,0.009557360648323637,0.014206525437591723,0.1133492771320399
"IWM, TLT, XLE, AGG",4,0.00043059191578795694,0.10850916277856515,4.151730860988475e-05,0.10228568702262775,0.009486028184137733,0.014650969150030972,0.12920448252828431
"TLT, USO, XLF, AGG",4,0.0005314112574523071,0.1339156368779814,4.1517877037790404e-05,0.10228638723468134,0.008802684129512605,0.01351538845793645,0.09042496156665969
"XLV, XLP, VNQ, LQD",4,0.0003925440961998682,0.09892111224236678,4.152731567712877e-05,0.10229801342468216,0.009602449117233866,0.013972587559660618,0.11002390027299036
"QQQ, TLT, XLF, LQD",4,0.0005304297734087151,0.1336683028989962,4.153652488429125e-05,0.10230935573466092,0.009670824235653241,0.014370713894890941,0.10327421248073843
"EFA, GLD, XLF, AGG",4,0.0007140730715967282,0.1799464140423755,4.155592285295099e-05,0.10233324268752383,0.009775668502587957,0.014552953694095526,0.08748918127764416
"XLP, XLY, XLU, LQD",4,0.00046372084490708,0.11685765291658416,4.1564760703806245e-05,0.1023441239024458,0.009572776697581721,0.01393897305472628,0.10203705015715414
"TLT, GLD, XLF, XLV",4,0.0006250028345770588,0.1575007143134188,4.156787844486237e-05,0.10234796220787847,0.01015666983040467,0.014085561691485685,0.09063662700392494
"EEM, XLI, XLP, LQD",4,0.0005839957867968186,0.14716693827279828,4.1585033167598045e-05,0.10236907911197946,0.009541761751918114,0.014028768972887117,0.0995471606018038
"QQQ, XLP, VNQ, LQD",4,0.0005385950306910328,0.13572594773414026,4.159155643988304e-05,0.10237710790430898,0.009431415686280725,0.014265265901112805,0.11306366253639222
"EEM, TLT, VNQ, HYG",4,0.00044164270413592834,0.11129396144225394,4.159298506732073e-05,0.10237886616370012,0.010536370276755611,0.014906515628351175,0.10539249586645871
"EEM, TLT, XLP, XLU",4,0.0005158653147731938,0.12999805932284486,4.1596141706922997e-05,0.1023827510381734,0.01063637085610164,0.014434563432227777,0.09527603468298362
"XLK, XLV, XLU, AGG",4,0.0006613579579340911,0.16666220539939094,4.160491200636477e-05,0.10239354386680796,0.008590405654017386,0.013586457614818508,0.10901524016657149
"XLF, XLP, VNQ, HYG",4,0.0004934150835495626,0.12434060105448978,4.1631898662853085e-05,0.10242674681468204,0.00944590740121771,0.01394698145040936,0.10482843058400748
"EFA, USO, XLP, AGG",4,0.0006023274005648563,0.15178650494234378,4.163861877003456e-05,0.1024350132037318,0.009178439309696591,0.012767237401212155,0.09420457951649186
"EFA, TLT, GLD, LQD",4,0.0005405602216029572,0.13622117584394522,4.1676546063960155e-05,0.1024816549833089,0.009974327126318763,0.014725937667748242,0.10247329195424137
"QQQ, XLF, XLP, HYG",4,0.0006430037265255072,0.16203693908442782,4.1690029709816607e-05,0.10249823162803243,0.008912165880065291,0.01395538281426153,0.12253552547761337
"TLT, USO, XLV, LQD",4,0.00046484617992655184,0.11714123734149107,4.169534656469102e-05,0.1025047673735331,0.009557227484916954,0.013845160877858592,0.10170889475320188
"EEM, XLE, XLV, LQD",4,0.0005877022267112394,0.1481009611312323,4.1698530842645665e-05,0.10250868144867882,0.008735457641314726,0.014824743154603567,0.1190102793936415
"TLT, XLV, XLP, XLU",4,0.00040656688912511584,0.1024548560595292,4.1758783975663876e-05,0.10258271570721501,0.010520864411487757,0.013872142636059766,0.09379479004324331
"XLE, XLP, VNQ, LQD",4,0.0004543052055247702,0.1144849117922421,4.1823283318894234e-05,0.1026619082053385,0.00972870925682148,0.014164157629983444,0.11416986907393956
"XLI, XLP, VNQ, HYG",4,0.0004973467203663477,0.12533137353231963,4.1823919929995735e-05,0.10266268953402169,0.009592036526374735,0.013584291965894797,0.11514325792041757
"QQQ, EFA, XLP, LQD",4,0.0006013459165212646,0.15153917096335867,4.184820725626866e-05,0.10269249353569959,0.009103713197333782,0.013513100593373718,0.10408580899051745
"EFA, GLD, XLV, HYG",4,0.0006736950617733602,0.16977115556688677,4.185843990449497e-05,0.10270504786003819,0.009863227529677028,0.01447511627992181,0.09518679999425772
"USO, XLI, HYG, AGG",4,0.0005995058637672492,0.15107547766934679,4.187873014630909e-05,0.10272993719880243,0.009221901550149415,0.013409934111504429,0.10538026232199105
"QQQ, TLT, VNQ, HYG",4,0.00047839521297901507,0.1205555936707118,4.190124583276904e-05,0.10275754935700734,0.009302288948822313,0.01478726218998955,0.11034288042820783
"TLT, XLY, XLU, LQD",4,0.00037733395949267513,0.09508815779215413,4.190448480916642e-05,0.10276152087191946,0.010582608380454616,0.01468553809713557,0.09939299726048423
"TLT, XLF, XLY, AGG",4,0.00039543805078219303,0.09965038879711265,4.190521849914133e-05,0.10276242047452765,0.01027575291089239,0.014525994312061629,0.10540127604863858
"SPY, TLT, XLI, XLP",4,0.0005365241809917912,0.13520409360993138,4.191341150281145e-05,0.10277246566424533,0.009273190577932628,0.013844067399664556,0.11711248974268584
"EFA, TLT, GLD, XLP",4,0.0005889712052215923,0.14842074371584127,4.192398295706483e-05,0.1027854255484713,0.00965192454542454,0.014661363056441848,0.10544459912522064
"EEM, GLD, XLP, LQD",4,0.0006770323553199885,0.1706121535406371,4.1960986439634516e-05,0.10283077643773725,0.009321489137221476,0.015367706492331738,0.10267136792813158
"XLE, XLP, VNQ, HYG",4,0.0004804922732271575,0.12108405285324368,4.19706314440379e-05,0.10284259391855863,0.009390611701089378,0.01391549124438937,0.11463243071863893
"TLT, GLD, XLE, XLV",4,0.0006120800242546537,0.15424416611217273,4.197182924770906e-05,0.10284406142516292,0.009465066828779367,0.01399034568532368,0.08703056210452464
"IWM, GLD, XLP, HYG",4,0.0006611757266886611,0.1666162831255426,4.1976330532458364e-05,0.10284957605250256,0.009889155525263867,0.014385780417431876,0.0861926987633379
"EFA, XLV, XLI, AGG",4,0.000546352583426251,0.13768085102341526,4.199518008214443e-05,0.10287266585784775,0.009147128659848675,0.013410707438528787,0.0979188042408684
"XLE, XLV, VNQ, AGG",4,0.0004667472504568292,0.11762030711512096,4.199738438347345e-05,0.10287536568409032,0.008861672212437752,0.014229416958038865,0.1120905258214615
"EEM, XLI, XLP, HYG",4,0.0006101828544992059,0.15376607933379988,4.200400987182359e-05,0.10288348014963114,0.00934821902240169,0.013952276785365049,0.09892621402954072
"XLF, XLP, VNQ, LQD",4,0.00046722801584717533,0.11774145999348819,4.202309657680568e-05,0.10290685272300884,0.00974320024651538,0.014298862840249149,0.10247814203289152
"EEM, XLE, XLU, AGG",4,0.0006280443708259247,0.158267181448133,4.203286991209102e-05,0.10291881857972786,0.00977149920174307,0.014594300333462689,0.10404089793579563
"TLT, XLI, XLP, XLU",4,0.000485182445589208,0.12226597628848042,4.204251627461766e-05,0.10293062761493127,0.00999495486420209,0.013673188532316714,0.10091522251300777
"XLY, VNQ, HYG, LQD",4,0.00038949823426981476,0.09815355503599332,4.2048267766485554e-05,0.10293766792168142,0.010395642311089316,0.014972793574684281,0.11621729796075897
"EFA, XLP, XLY, AGG",4,0.0004663541938947424,0.11752125686147509,4.207937690676204e-05,0.10297573976672388,0.009659810789822915,0.013553604653135817,0.09741637968422923
"SPY, EEM, TLT, HYG",4,0.0005449831342595292,0.13733574983340138,4.2081064341136185e-05,0.10297780447245086,0.010167252945664635,0.014680803217873517,0.09647017937618607
"TLT, USO, XLI, AGG",4,0.0005353428942690921,0.13490640935581122,4.209918780611747e-05,0.10299997731621888,0.00861400022268883,0.013245063531330802,0.0932303490755505
"IWM, TLT, XLU, HYG",4,0.0004515977025232312,0.11380262103585426,4.210060103997557e-05,0.10300170611244187,0.009661720820119945,0.014384914753435691,0.11644564584776618
"IWM, XLE, HYG, LQD",4,0.000502873727407666,0.12672417930673185,4.211094433577786e-05,0.10301435808961788,0.008609043295646292,0.014440268443759204,0.1339828232184338
"GLD, XLF, XLI, AGG",4,0.0007334754507153688,0.18483581358027293,4.214033018886661e-05,0.10305029455365175,0.009962290000747684,0.014353726202356908,0.08673658865185363
"EFA, TLT, USO, HYG",4,0.0005502464249743904,0.13866209909354638,4.2145988429258835e-05,0.10305721267418999,0.009605142702192525,0.013635836265589382,0.09336737190819022
"EFA, XLF, XLU, LQD",4,0.0005990007749672551,0.1509481952917483,4.218989452358121e-05,0.10311087925113657,0.01002497169753181,0.013867553007833669,0.09244407961145917
"SPY, TLT, XLV, XLU",4,0.0005269304978175473,0.13278648545002192,4.219284215444888e-05,0.10311448115042386,0.009708328186853755,0.014079237840639806,0.10191626480557314
"EFA, XLE, XLU, LQD",4,0.0005860779646448501,0.14769164709050223,4.219551724616217e-05,0.10311774990772864,0.008796597575160651,0.013941821722150536,0.10359051934223673
"EFA, GLD, XLU, AGG",4,0.0006878501381856583,0.17333823482278587,4.2203516996168555e-05,0.10312752437169467,0.009692487187582454,0.014955928050410537,0.10276961161412357
"XLP, XLU, VNQ, HYG",4,0.0004671921501384927,0.11773242183490015,4.2204231294136016e-05,0.10312839708888275,0.009859187631345273,0.014021653521273804,0.09424016129115742
"QQQ, TLT, XLI, AGG",4,0.0005262425681039483,0.13261312716219498,4.2217019929548896e-05,0.10314402077797008,0.009393513037103611,0.014072082904154844,0.10806212078905963
"GLD, XLV, XLY, AGG",4,0.0005993540285901638,0.1510372152047213,4.2218446327155974e-05,0.10314576324039348,0.01062378739924283,0.014525247162236351,0.09079297398230357
"EFA, XLV, VNQ, AGG",4,0.00046419931847737863,0.11697822825629942,4.223501284138382e-05,0.10316599844924065,0.010106307364026406,0.014033426212713626,0.10842823562840065
"TLT, XLK, XLV, XLP",4,0.0005624790249700249,0.14174471429244628,4.227833093800927e-05,0.10321889069534868,0.009681814157452704,0.013616187419488788,0.12228838678180842
"GLD, XLK, XLP, LQD",4,0.0007721070517530569,0.19457097704177034,4.228360392065011e-05,0.10322532726033776,0.010057601426096352,0.014454542240741167,0.08590733858120603
"TLT, GLD, XLP, XLU",4,0.000578219014112378,0.14571119155631926,4.229594686825924e-05,0.1032403923413764,0.009911562490813307,0.014408872805322276,0.1403031880439446
"XLI, XLP, VNQ, LQD",4,0.00047115965266396033,0.118732232471318,4.2311205734197455e-05,0.10325901338390639,0.010010322228336806,0.013901646008943468,0.11470401609646608
"XLV, XLP, XLY, HYG",4,0.00044144692637322993,0.11124462544605394,4.231184942767201e-05,0.10325979883659152,0.009741772384824675,0.013555046984072668,0.105434171177614
"EFA, TLT, XLI, XLP",4,0.0004959346366984222,0.1249755284480024,4.2316532145495955e-05,0.10326551263933657,0.010070391489707113,0.013744192277919245,0.09674886755710688
"IWM, GLD, XLP, LQD",4,0.0006349886589862738,0.160017142064541,4.233513695739137e-05,0.10328821091132631,0.010096788874722828,0.014489601851188232,0.08862901384775501
"XLV, XLP, XLY, LQD",4,0.0004152598586708427,0.10464548438505236,4.235570639711448e-05,0.10331330026706556,0.009821881621238402,0.013592115502362553,0.10282123729370662
"EFA, XLF, XLU, HYG",4,0.0006251878426696424,0.1575473363527499,4.237654449391516e-05,0.1033387111031806,0.009423895754447588,0.013672391516450678,0.09722371053121293
"XLF, XLE, XLU, AGG",4,0.0005934298648251539,0.14954432593593878,4.238645094541083e-05,0.10335078924828553,0.009083350713720987,0.014021797380829473,0.10681573653786613
"IWM, VNQ, LQD, AGG",4,0.0004032689997740444,0.1016237879430592,4.2411998776226185e-05,0.10338193116598761,0.009846065738146113,0.014611700120317112,0.12352859101854063
"SPY, TLT, GLD, XLV",4,0.0006501216365685722,0.1638306524152802,4.242297020535063e-05,0.10339530207774607,0.010302234403236812,0.014343102744994328,0.09259981892900149
"QQQ, EFA, XLP, HYG",4,0.0006275329842236517,0.1581383120243602,4.242599448167986e-05,0.10339898746788252,0.008998093320121381,0.013617051893058965,0.11053655318891176
"SPY, USO, HYG, AGG",4,0.0006206930289419775,0.1564146432933783,4.2472065394795017e-05,0.10345511335593009,0.008974346292811445,0.01400492817639549,0.10930155967672983
"TLT, XLE, XLP, XLU",4,0.00046832799845001797,0.11801865560940453,4.2479843234273494e-05,0.10346458570465993,0.00977880782529851,0.01396915684007222,0.0997105602939462
"EFA, TLT, VNQ, LQD",4,0.0003653703881309148,0.09207333780899053,4.2487747592424776e-05,0.10347421124749415,0.010617848208884725,0.014958311594398742,0.10553743896612655
"XLK, XLE, HYG, LQD",4,0.0006399921201744492,0.1612780142839612,4.248866726126109e-05,0.10347533111731412,0.00840482017424254,0.014677951133422273,0.12373439890763671
"EEM, USO, LQD, AGG",4,0.0006040016652488477,0.15220841964270962,4.249400010483772e-05,0.10348182461871798,0.009476633431637535,0.014139498712058905,0.10013263573293607
"GLD, XLK, XLP, HYG",4,0.0007982941194554441,0.2011701181027719,4.250442760644324e-05,0.1034945204193135,0.009553257027063408,0.014581370153789054,0.08929373216295367
"QQQ, XLE, XLU, AGG",4,0.0006647968796690112,0.1675288136765908,4.2507892661949795e-05,0.1034987388851253,0.0087367504673193,0.014217553936910926,0.11969300944662009
"SPY, TLT, USO, AGG",4,0.0005565300594438203,0.14024557497984272,4.252855725496293e-05,0.103523893030791,0.009242226590128558,0.013707869891955268,0.09512377613561118
"SPY, XLV, XLI, AGG",4,0.0005869421277196202,0.14790941618534428,4.256164367240939e-05,0.10356415502212707,0.009543656387609732,0.01370797303305588,0.11255341747859049
"SPY, XLU, VNQ, AGG",4,0.0005532498490069847,0.13941896194976017,4.256566176714947e-05,0.10356904347014925,0.009268432058866636,0.01451281796403152,0.11213449301745615
"GLD, XLE, VNQ, AGG",4,0.0006383993754440914,0.16087664261191104,4.256812739490263e-05,0.10357204305948331,0.009291248811191363,0.01450577708453713,0.09371460418018451
"EFA, GLD, XLV, LQD",4,0.0006475079940709731,0.16317201450588523,4.259267006179749e-05,0.1036018960037555,0.00993193403186365,0.014636771282889803,0.09823352828213583
"QQQ, XLI, HYG, LQD",4,0.0005985243797236574,0.15082814369036165,4.260065164218867e-05,0.10361160269888477,0.009838896968645348,0.014101974249097631,0.11316316284168582
"USO, XLU, LQD, AGG",4,0.000543164225837007,0.13687738491092577,4.26144065255586e-05,0.10362832838775683,0.00924176964237849,0.013409646808831771,0.08682057894049489
"SPY, GLD, XLF, LQD",4,0.0007627814580116491,0.1922209274189356,4.262304371837618e-05,0.1036388296780256,0.010057729261500567,0.014702470560499063,0.0906693784642979
"EFA, TLT, XLE, XLV",4,0.000499641076612843,0.12590955130643644,4.262947286636648e-05,0.10364664568776143,0.009609470506626184,0.014468108086416865,0.10907612315824411
"EFA, GLD, XLE, AGG",4,0.0007011502612743231,0.17668986584112942,4.26317807050638e-05,0.10364945121743808,0.00951631056830222,0.014688387869192892,0.09014215840894746
"TLT, GLD, VNQ, LQD",4,0.0004778093357727255,0.12040795261472682,4.2633404046453674e-05,0.10365142459081943,0.010499651760794405,0.01473511613863287,0.11195805872337872
"EFA, EEM, XLP, HYG",4,0.000590780475380565,0.14887667979590238,4.263709520214449e-05,0.10365591150986235,0.009132458978855895,0.014345395205060679,0.09630384775058376
"GLD, XLF, XLE, LQD",4,0.0007247398456977308,0.18263444111582816,4.265770176946882e-05,0.10368095700709049,0.00930117460686126,0.014295199634834358,0.09857000695080487
"EFA, XLF, XLV, LQD",4,0.000550539788731018,0.1387360267602165,4.267845971008947e-05,0.10370618037003651,0.009606104957434072,0.013810806398565193,0.10133980817289812
"EFA, XLI, XLU, AGG",4,0.0005948135696624884,0.14989301955494708,4.2686022097760664e-05,0.10371536804464268,0.00942989779223902,0.01369080481584514,0.08872972117620037
"QQQ, GLD, XLU, AGG",4,0.0007746878953313712,0.19522134962350554,4.269339863649511e-05,0.10372432914411531,0.00957994894073493,0.014921750545950156,0.07520352552992349
"XLK, XLE, XLP, LQD",4,0.0006622160360906968,0.16687844109485558,4.271884535296452e-05,0.10375523615195072,0.008454538991963372,0.014276395360081953,0.12848090308721716
"USO, XLU, HYG, AGG",4,0.0005693512935393943,0.14347652597192737,4.274089091486789e-05,0.10378200475297587,0.009008383834885933,0.013499041628889456,0.08745905414544874
"IWM, EFA, XLP, AGG",4,0.0005144308692229114,0.12963657904417367,4.274688795462115e-05,0.10378928540347761,0.010272270241288824,0.01376058901475576,0.1061066382852548
"EFA, EEM, XLP, LQD",4,0.000564593407678178,0.14227753873490084,4.2773843139066836e-05,0.1038220037903567,0.009423386137813796,0.01452609473023147,0.097511280543084
"SPY, XLI, XLU, AGG",4,0.0006354031139558573,0.16012158471687604,4.277970540266828e-05,0.10382911808097191,0.009057639153888127,0.013757718342463638,0.11599206368565163
"QQQ, TLT, GLD, LQD",4,0.0006273979787486702,0.1581042906446649,4.278168201195548e-05,0.10383151673269914,0.010294079170448627,0.014645363828916496,0.07743312724178819
"IWM, XLP, XLU, HYG",4,0.0005379845879376362,0.13557211616028433,4.2813303460488825e-05,0.103869882410847,0.009520536397293972,0.013702290838959975,0.12307356526733315
"SPY, XLE, XLU, LQD",4,0.0006266675089382191,0.1579202122524312,4.281830087581375e-05,0.10387594437936565,0.008849662332316183,0.014088412419162935,0.1224475976121151
"XLK, VNQ, HYG, LQD",4,0.0005746933023647668,0.14482271219592124,4.283856535078202e-05,0.10390052198327528,0.009324544061905334,0.014578856004930597,0.11957215882136851
"IWM, XLV, XLP, HYG",4,0.000489523601701399,0.12335994762875253,4.284507130517124e-05,0.10390841144442135,0.009755481053390113,0.013785781178848946,0.11976795754753233
"IWM, XLV, XLP, LQD",4,0.00046333653399901174,0.11676080656775095,4.2864255709008765e-05,0.1039316719709166,0.010136438323170889,0.013931538259118961,0.11933812607075345
"EEM, TLT, XLI, HYG",4,0.0005237959690848009,0.13199658420936983,4.291452770230307e-05,0.1039926006068719,0.010427192331711596,0.014975403135237772,0.09871646733842665
"EEM, XLV, VNQ, AGG",4,0.0005142845667800049,0.12959971082856125,4.2917130867276924e-05,0.10399575461793518,0.010529650154748976,0.014747417495130656,0.11490338578755954
"GLD, XLE, XLI, AGG",4,0.0007205526403929639,0.18157926537902688,4.292038500144856e-05,0.10399969721285268,0.009590367837729026,0.01417228548939881,0.09377777187601655
"EFA, XLE, XLU, HYG",4,0.0006122650323472373,0.1542907881515038,4.292071325559239e-05,0.10400009490577056,0.008814003447085479,0.013998892102184824,0.10557138517785258
"XLV, XLU, VNQ, AGG",4,0.0004534471273681645,0.11426867609677746,4.2930373437657375e-05,0.1040117979187441,0.01023858636958342,0.014174028752962274,0.09761177634461349
"SPY, EFA, XLU, LQD",4,0.0006241195769587685,0.15727813339360966,4.293364941674353e-05,0.10401576636750492,0.009052328419376041,0.013920207445685916,0.09929941908772966
"GLD, XLV, VNQ, LQD",4,0.0005847571082407411,0.14735879127666676,4.2936808296379085e-05,0.10401959282119658,0.010649752649200938,0.014483187185827383,0.09166412559892256
"SPY, XLF, XLU, LQD",4,0.0006395903192606241,0.16117676045367726,4.2939546097131054e-05,0.10402290909447315,0.009108921654268224,0.0142196159843056,0.11106792111130159
"SPY, XLE, XLV, HYG",4,0.0006043935904043691,0.15230718478190103,4.2941062892092346e-05,0.10402474632897343,0.008239197723535973,0.014099300255990151,0.12285003381185788
"TLT, XLF, XLI, XLP",4,0.0005114053790002779,0.12887415550807005,4.295053731618451e-05,0.10403622159458933,0.009955531685451798,0.01402465880146007,0.10844464967489376
"TLT, XLK, XLF, AGG",4,0.0005806331188771451,0.14631954595704055,4.295463795818e-05,0.10404118783184553,0.01004608297900711,0.014273666649901838,0.10825796947754285
"EEM, XLE, XLV, HYG",4,0.0006138892944136266,0.1547001021922339,4.296420101527144e-05,0.10405276861212491,0.008987186932177076,0.014864619449349218,0.11635659926536635
"EFA, TLT, XLY, AGG",4,0.00037996730848033745,0.09575176173704504,4.296973586820119e-05,0.10405947068281052,0.010553527011201339,0.014360830334024466,0.09432256051489252
"USO, VNQ, LQD, AGG",4,0.0004911655311159894,0.12377371384122933,4.297019663526659e-05,0.10406002859930023,0.00922947341661354,0.013815926120669808,0.09045873113157765
"EEM, XLY, HYG, AGG",4,0.0004942155262811211,0.12454231262284252,4.297378633852186e-05,0.10406437506326317,0.00973050702748411,0.014527762498307924,0.10222932658537875
"EFA, TLT, USO, LQD",4,0.0005240593572720033,0.13206295803254484,4.3006941151270966e-05,0.10410451080582572,0.009891007538544957,0.013842444258669092,0.09371969674821068
"USO, VNQ, HYG, AGG",4,0.0005173525988183767,0.13037285490223094,4.301259248362333e-05,0.1041113505141158,0.009602697606865471,0.013914608033070926,0.09201620438825564
"USO, XLF, HYG, LQD",4,0.0006036930690720161,0.15213065340614806,4.3017827455968095e-05,0.10411768590832185,0.00910268493268994,0.0139055099186038,0.10038750658138862
"QQQ, TLT, XLF, XLP",4,0.0005788407570273503,0.14586787077089228,4.3021885150574805e-05,0.10412259628891729,0.009852464983797996,0.014290420862218016,0.11226693348059047
"TLT, XLI, VNQ, LQD",4,0.0003847727672495555,0.096962737346888,4.304115342852767e-05,0.10414591045254237,0.010237581410822136,0.01479397024302205,0.10794662667298627
"IWM, TLT, XLV, LQD",4,0.0003769496485846067,0.09499131144332089,4.3048061407672084e-05,0.10415426767412542,0.010269636526157904,0.014508657903418931,0.12077256720544405
"EFA, XLF, XLE, AGG",4,0.0006041820559343681,0.15225387809546076,4.3071657248547404e-05,0.1041828086904646,0.008802227772813602,0.014350452834120397,0.11261015608441127
"SPY, IWM, XLP, AGG",4,0.0005550204135162803,0.13986514420610263,4.307584754132714e-05,0.1041878763600374,0.009547245386269498,0.013891360993229582,0.13264478969161497
"SPY, EFA, XLU, HYG",4,0.0006503066446611556,0.16387727445461123,4.309022246902177e-05,0.10420525928278998,0.009032949000518825,0.013785972968611527,0.10563022494189689
"IWM, XLE, XLP, AGG",4,0.0005169788012023619,0.1302786579029952,4.312081714727565e-05,0.10424224633570338,0.009541200081680403,0.014141060897403728,0.1357838005960238
"SPY, TLT, XLE, XLV",4,0.000540230620906212,0.13613811646836543,4.313501203620226e-05,0.10425940261253644,0.009068308929070368,0.01439140059066461,0.12144175675381808
"SPY, EFA, XLE, AGG",4,0.0006293008579258816,0.15858381619732215,4.315383489458574e-05,0.10428214800930985,0.008599904199536044,0.014545349850026318,0.11571228914253107
"SPY, GLD, XLE, LQD",4,0.000749858647689244,0.1889643792176895,4.317365728893172e-05,0.10430609587560448,0.009549852255548736,0.014696854938985432,0.09764841637789423
"IWM, XLP, XLU, LQD",4,0.000511797520235249,0.12897297509928274,4.318474209346151e-05,0.10431948527265796,0.009727457470566608,0.014033537151709597,0.12265448319197436
"XLF, XLV, XLI, AGG",4,0.0005618233257281067,0.1415794780834829,4.3195687600937216e-05,0.10433270472596874,0.009334865929508447,0.013831316244017063,0.10377117277892278
"IWM, TLT, GLD, AGG",4,0.0005404829314503171,0.1362016987254799,4.32000177143774e-05,0.10433793396470482,0.010944842854869609,0.014743044936402579,0.0845240997182426
"GLD, XLY, XLU, AGG",4,0.0006478150148264011,0.16324938373625308,4.320676720405537e-05,0.1043460844278402,0.00985136726824598,0.01524754615433683,0.11880277287812946
"EFA, XLF, XLV, HYG",4,0.0005767268564334052,0.1453351678212181,4.3217363909558584e-05,0.10435887937884714,0.0089655643379654,0.013738894895829024,0.10363213375580926
"XLE, XLP, XLY, LQD",4,0.00047702096799574485,0.1202092839349277,4.323331029488837e-05,0.10437813082399909,0.008949086023729349,0.014256745640429634,0.12202342934895483
"EEM, XLY, LQD, AGG",4,0.00046802845857873374,0.1179431715618409,4.324655321617073e-05,0.10439411578472718,0.010297480130582836,0.014698777197845257,0.10097795946658417
"QQQ, XLF, XLU, AGG",4,0.0006777196899914162,0.17078536187783688,4.324941626056177e-05,0.10439757132070443,0.009110007721778158,0.014175244960542578,0.11683608916109312
"EFA, USO, XLP, LQD",4,0.0006104462426864081,0.15383245315697486,4.325782346983736e-05,0.10440771769557564,0.009225944482220928,0.012978040982323816,0.0991987018983862
"SPY, EEM, TLT, XLP",4,0.000567207050175777,0.14293617664429578,4.326806238272839e-05,0.10442007335971161,0.010308565566833442,0.014640342343201102,0.10607097224031581
"IWM, XLI, LQD, AGG",4,0.000485422264722917,0.12232641071017508,4.3291503036461135e-05,0.10444835453557039,0.00966000125764219,0.013796429369755874,0.12721699001683118
"USO, XLV, XLP, AGG",4,0.0005431142232194048,0.13686478425129,4.3296084647588736e-05,0.10445388136011205,0.010237701787019712,0.013782934956223675,0.0914134792138902
"EEM, USO, XLP, AGG",4,0.0006524126488674826,0.1644079875146056,4.330448668219835e-05,0.10446401602424629,0.009506142644085417,0.01381304220353168,0.10227265464101643
"EFA, XLE, VNQ, AGG",4,0.0005259604278022806,0.13254202780617472,4.330841824344565e-05,0.10446875799658148,0.009539712385590636,0.014381157697313735,0.1098336337616912
"TLT, XLK, XLU, LQD",4,0.0005625290275876272,0.14175731495208205,4.3308697266707906e-05,0.10446909452661296,0.0096065210741732,0.01442226384074393,0.10351114189281074
"GLD, XLI, XLU, HYG",4,0.0007415584271282382,0.18687272363631602,4.3321196779535796e-05,0.10448416908050244,0.00985510672188867,0.014503463927228618,0.10908106355283798
"XLF, XLI, XLU, AGG",4,0.000610284311964344,0.15379164661501468,4.332695593728893e-05,0.10449111395806253,0.009341704748367428,0.013865809859978347,0.10723625342550136
"SPY, EFA, XLV, LQD",4,0.0005756585907225313,0.14506596486207787,4.333542120934462e-05,0.10450132125841685,0.009055789669803915,0.013763017626888256,0.10488786850147114
"IWM, EFA, HYG, LQD",4,0.0005003257954282153,0.12608210044791027,4.336412565205456e-05,0.10453592523299227,0.009899257693904344,0.014154632124434822,0.10623151888673155
"GLD, XLF, VNQ, HYG",4,0.0006856280955904356,0.17277828008878976,4.336786587843938e-05,0.10454043333259493,0.010145503782894841,0.014738707305034349,0.0836999701859078
"TLT, XLK, XLP, XLU",4,0.0006109400112062622,0.15395688282397807,4.3384339023591755e-05,0.1045602861221464,0.009675578403792403,0.014071504999010933,0.11095866410575872
"EFA, EEM, TLT, AGG",4,0.00047008768014222097,0.11846209539583968,4.3387426236321164e-05,0.1045640062906588,0.01044210404757932,0.015007359651601607,0.09290754794586031
"IWM, XLF, HYG, LQD",4,0.0005157965377300712,0.12998072750797796,4.3390339419168244e-05,0.1045675166274422,0.00990443567981749,0.014070353623431392,0.12208649890391277
"XLF, XLP, XLY, AGG",4,0.000481824936196598,0.1214198839215427,4.340913898014182e-05,0.10459016695175383,0.010215020919328278,0.014270338035067016,0.10834040718371696
"IWM, XLI, HYG, AGG",4,0.0005116093324253043,0.12892555177117668,4.3410913431504696e-05,0.1045923046152975,0.009278066275761101,0.013814000830150002,0.12769768705561158
"TLT, USO, XLF, HYG",4,0.0005657171672762461,0.142560726153614,4.3414783189397736e-05,0.10459696632182135,0.008944171844150984,0.013800655046494654,0.0990823794478729
"XLE, XLI, XLU, AGG",4,0.000597361501641939,0.1505350984137686,4.343515195799804e-05,0.10462150014894409,0.008658683530179484,0.013797136916822354,0.11943391125038871
"TLT, GLD, XLY, LQD",4,0.0005005250982437,0.1261323247574124,4.343572343622506e-05,0.10462218840154662,0.010637543283042174,0.014951767311085308,0.1119088893268575
"EEM, USO, HYG, AGG",4,0.0006301887329512349,0.1588075607037112,4.344265846162172e-05,0.10463054015118471,0.009725293237070005,0.014382355168617765,0.0972810821000547
"SPY, GLD, XLF, HYG",4,0.0007889685257140363,0.19882006847993716,4.344406151009108e-05,0.1046322297408545,0.009992958328842665,0.014883667828567268,0.09446554348009706
"EEM, XLF, XLV, LQD",4,0.0006006250370336444,0.15135750933247838,4.344553082577289e-05,0.1046339991020833,0.009574480558310046,0.014561879775734775,0.09972553470020218
"EFA, XLK, XLP, AGG",4,0.0006515492619896944,0.164190414021403,4.3452105843364424e-05,0.10464191642228193,0.009364094663087257,0.013782890870747305,0.10690430638553128
"GLD, XLE, XLU, LQD",4,0.0006985169122866609,0.17602626189623855,4.349703120256038e-05,0.1046959973592363,0.009070244588175734,0.01407307547345304,0.08849321227665707
"TLT, XLK, XLE, HYG",4,0.0006020162183786792,0.15170808703142716,4.3566173655046786e-05,0.10477917618053595,0.009030063336516353,0.014857050171089417,0.12305477191805292
"USO, XLI, HYG, LQD",4,0.0006076247058888012,0.1531214258839779,4.357219392018333e-05,0.10478641547398308,0.009154863359912621,0.013654262157238865,0.11049664425040195
"XLF, XLE, XLV, LQD",4,0.0005530877207104685,0.13937810561903805,4.357339631452539e-05,0.10478786127820532,0.008753042607463957,0.013993819635869154,0.11073335735966428
"QQQ, EFA, TLT, HYG",4,0.0005411460988092466,0.13636881689993016,4.3576148064120674e-05,0.10479117001044702,0.010311472375915714,0.014064322253564175,0.09701064817346938
"XLE, XLV, XLI, LQD",4,0.0005570193575272536,0.1403688780968679,4.3582381300077576e-05,0.10479866453166066,0.008602185644135864,0.013950591384648629,0.12281359535018344
"SPY, QQQ, TLT, AGG",4,0.0005474297332786766,0.1379522927862265,4.358311689078188e-05,0.10479954893260292,0.010398462122831548,0.014371044013345146,0.11129398169842841
"XLF, XLV, VNQ, AGG",4,0.0004796700607792341,0.120876855316367,4.35909499019772e-05,0.10480896610165685,0.009770483889291186,0.014447187080228746,0.10372503697267599
"SPY, EEM, XLV, AGG",4,0.0006176249969036059,0.15564149921970868,4.36008312000777e-05,0.10482084459886584,0.009957240072142179,0.014543010380019598,0.106778987946607
"GLD, XLE, XLU, HYG",4,0.0007247039799890481,0.1826254029572401,4.3600905386615956e-05,0.10482093377482965,0.008994693782366949,0.014083104537653832,0.08903032601703265
"TLT, USO, XLF, LQD",4,0.0005395300995738589,0.13596158509261244,4.362392338001285e-05,0.10484859890224209,0.009110004811099623,0.013922266199850191,0.09569523190712925
"USO, XLY, LQD, AGG",4,0.0005138812935869642,0.129498085983915,4.3639352261543143e-05,0.1048671386560579,0.009525489338022062,0.013836938907511757,0.11856564735303876
"EFA, USO, XLV, AGG",4,0.0006228882876184672,0.15696784847985373,4.3705823399710044e-05,0.10494697469068336,0.009733301042609688,0.013945656114235483,0.10273354555219538
"QQQ, GLD, XLV, LQD",4,0.0007343457512166859,0.18505512930660487,4.3732871751001e-05,0.10497944408907989,0.010243167598096228,0.01462545219640725,0.08817216646707382
"EFA, GLD, XLU, HYG",4,0.0007221560480095973,0.18198332409841853,4.374566566772891e-05,0.10499479867244704,0.009990049536636835,0.014949127817075974,0.0943204645301039
"SPY, XLF, XLU, HYG",4,0.0006657773869630114,0.1677759015146789,4.3747931680806296e-05,0.10499751798763239,0.00881667519657926,0.014238401425252534,0.1175524269461602
"QQQ, XLI, XLP, LQD",4,0.0006207482956399052,0.1564285705012561,4.3817335191985554e-05,0.10508077116380694,0.009689756562743184,0.013786717112126487,0.11901570063557187
"TLT, XLE, XLV, XLU",4,0.0004888888855036287,0.12319999914691443,4.383052380482989e-05,0.10509658414438185,0.009492242093696571,0.014416588701853061,0.10456788888006263
"GLD, XLK, HYG, LQD",4,0.0007498831358368093,0.18897055023087594,4.38365330854704e-05,0.10510378840716704,0.010531152442649993,0.015022795599348895,0.08358657111951562
"SPY, EFA, XLV, HYG",4,0.0006018456584249185,0.15166510592307947,4.384424849075802e-05,0.10511303734395189,0.009213112431160868,0.013715008376135514,0.10869733599364728
"IWM, TLT, XLF, AGG",4,0.00044351472611036194,0.11176571097981121,4.3844584018907476e-05,0.10511343954397405,0.01047014260345598,0.01459586351693639,0.1173212422922989
"GLD, XLI, XLU, LQD",4,0.000715371359425851,0.18027358257531445,4.385195652482561e-05,0.10512227663181603,0.010152061216229006,0.014606520390194402,0.12000091414087022
"TLT, XLK, XLE, LQD",4,0.000575829150676292,0.1451089459704256,4.385389036466741e-05,0.10512459451477656,0.009007212646282821,0.014969104615621209,0.12286152584768106
"SPY, USO, XLP, AGG",4,0.0006429169448582253,0.16201507010427277,4.3873612481598294e-05,0.10514823034822209,0.00926622843828879,0.013765419228756593,0.10670754258535164
"QQQ, XLV, VNQ, AGG",4,0.0005510370756230917,0.1388613430570191,4.388041691423718e-05,0.10515638384039161,0.009774075532312531,0.014577972237844196,0.11272248923446149
"XLP, XLU, VNQ, LQD",4,0.0004410050824361055,0.11113328077389859,4.388119577289991e-05,0.1051573170767055,0.010541977707983539,0.014476916533419093,0.09389304586911451
"SPY, GLD, VNQ, HYG",4,0.0007107468975819489,0.17910821819065112,4.388130737609202e-05,0.10515745080009875,0.0102826540617155,0.015222648206674502,0.08698232816853169
"GLD, XLF, VNQ, LQD",4,0.0006594410278880483,0.16617913902778816,4.388662627443262e-05,0.10516382372830033,0.010076663989245758,0.014806115244613005,0.08291597051143451
"TLT, GLD, XLF, XLU",4,0.0006734638208132959,0.16971288284495056,4.389338102134636e-05,0.10517191648619552,0.010029757866648904,0.014526993260767928,0.10975589297650945
"EEM, TLT, XLE, XLV",4,0.0005497263249154694,0.13853103387869828,4.389359927318968e-05,0.10517217795997096,0.009509245317766684,0.015325092469990502,0.12374182130507627
"XLI, XLY, HYG, LQD",4,0.0004716514992186873,0.1188561778031092,4.38945414078192e-05,0.10517330666462113,0.009894163994043696,0.014156330650548759,0.12051315619760372
"SPY, XLF, XLV, LQD",4,0.000591129333024387,0.1489645919221455,4.390089156899667e-05,0.10518091402620136,0.009217995018982243,0.014230629002754782,0.11355574023149162
"QQQ, GLD, XLV, HYG",4,0.0007605328189190732,0.19165427036760646,4.39013966900924e-05,0.10518151912718929,0.009754606873796163,0.014734032131295734,0.08904773777274444
"SPY, EEM, TLT, LQD",4,0.000518796066557142,0.1307366087723998,4.3916297455998876e-05,0.10519936767353555,0.010825167787389088,0.015075650972381368,0.10134908665545239
"QQQ, XLE, XLV, LQD",4,0.0006244547355543259,0.1573625933596901,4.391832977312287e-05,0.10520180180408967,0.008872813999184338,0.014509767033876651,0.12751224640811942
"IWM, TLT, GLD, HYG",4,0.0005747888412742561,0.14484678800111253,4.395160419051927e-05,0.10524164696549963,0.010596606363571683,0.014904935665413434,0.07612536288918748
"SPY, XLE, VNQ, AGG",4,0.0005665499720956497,0.14277059296810374,4.396886103907835e-05,0.10526230560769485,0.009108431016467435,0.014777263488065222,0.13234587371085205
"EFA, TLT, XLV, XLU",4,0.0004863409535241781,0.12255792028809288,4.398177202084613e-05,0.10527775904365189,0.010228574119966352,0.014480749173096693,0.0989700926695557
"SPY, TLT, XLP, VNQ",4,0.00045437091604291877,0.11450147084281553,4.4022688421067845e-05,0.10532671779804542,0.009920403874592887,0.014921085647581357,0.11372317138736499
"TLT, XLK, XLE, XLP",4,0.000624240134294927,0.1573085138423216,4.402473360301937e-05,0.10532916437511922,0.009150391919049207,0.01449192486409361,0.13096344284110306
"TLT, USO, XLI, HYG",4,0.0005696488040930314,0.1435514986314439,4.404468350661068e-05,0.10535302674183543,0.0088530128623555,0.013577390610096704,0.10491456414218636
"GLD, XLF, XLE, HYG",4,0.000750926913400118,0.18923358217682973,4.404734251833569e-05,0.10535620681583309,0.009424182543361657,0.014557897746737781,0.10025477258578885
"SPY, XLP, XLY, AGG",4,0.0005069437381881113,0.12774982202340404,4.405187049689493e-05,0.10536162188015864,0.009660166966471916,0.014188014959255039,0.12394292719410116
"USO, XLU, HYG, LQD",4,0.0005774701356609462,0.14552247418655845,4.405228296501441e-05,0.10536211514194099,0.008929218174834113,0.013746823645894126,0.08759945253188373
"EEM, XLF, XLU, LQD",4,0.0006490860232698816,0.16356967786401017,4.405693938398269e-05,0.10536768349339203,0.010406909744740265,0.014625584780381557,0.0973373818605009
"USO, XLI, XLP, AGG",4,0.000621729779683497,0.15667590448024124,4.4061398944051456e-05,0.10537301615641914,0.009606493518019643,0.013190393135263207,0.09921821526360086
"IWM, XLF, XLP, AGG",4,0.000529901611524767,0.13353520610424127,4.408071023449976e-05,0.10539610514195455,0.009752407551534135,0.014035000348258067,0.12398181814666975
"TLT, XLF, XLV, XLU",4,0.0005018116958260337,0.1264565473481605,4.409843179385604e-05,0.10541728896178142,0.010288474055704655,0.014418855806591982,0.09226823336736112
"XLK, XLF, HYG, LQD",4,0.0006529149304968541,0.16453456248520726,4.4112182074694555e-05,0.10543372270209864,0.00984203450316836,0.014611261008820793,0.12029117825813096
"EFA, XLK, LQD, AGG",4,0.0006031382783710595,0.151990846149507,4.411227367848271e-05,0.10543383217439099,0.010253782405706081,0.014075573383080365,0.09823128614526477
"QQQ, XLF, XLV, AGG",4,0.0006292587037551789,0.15857319334630507,4.41296517110561e-05,0.10545459796133186,0.009667367833759221,0.014293769581108746,0.11822408696196574
"SPY, XLE, XLU, HYG",4,0.0006528545766406064,0.16451935331343281,4.416523249858524e-05,0.10549710228079007,0.008952253069483516,0.014275659596771522,0.12303537667277276
"EEM, XLF, XLV, HYG",4,0.0006268121047360317,0.15795665039348,4.417265495930243e-05,0.10550596689166074,0.009435933942833435,0.014475228770016488,0.10532673453684749
"XLV, XLI, VNQ, AGG",4,0.00048360169759601937,0.12186762779419688,4.419409656241485e-05,0.10553157031774209,0.010405319546232406,0.013985765556956164,0.11291729074569445
"SPY, QQQ, HYG, LQD",4,0.0006197115448983856,0.15616730931439318,4.419926360166922e-05,0.10553773935242618,0.009621897006060396,0.014412290455387947,0.12101460081587878
"EFA, XLU, VNQ, AGG",4,0.0005126603047136158,0.1291903967878312,4.4199688007749786e-05,0.10553824604356918,0.010561418252272223,0.014548726076896688,0.09287615884972633
"SPY, USO, HYG, LQD",4,0.0006288118710635293,0.1584605915080094,4.4234078367276356e-05,0.1055792960222488,0.008930521993179502,0.014312387781311104,0.11369866777525062
"EEM, TLT, USO, AGG",4,0.0005660257634530777,0.1426384923901756,4.423459943559796e-05,0.10557991787158524,0.010187504619716039,0.01441302543200999,0.10377958596668291
"TLT, GLD, XLV, XLU",4,0.0005987799011659889,0.1508925350938292,4.424250529358529e-05,0.1055893523703195,0.01072093185347585,0.01483704953129312,0.10781276503236192
"QQQ, EEM, XLP, AGG",4,0.000643312322702339,0.16211470532098943,4.4252364905838696e-05,0.10560111721128405,0.0097946148581997,0.014600597810334272,0.10674653152962843
"EFA, XLK, HYG, AGG",4,0.0006293253460734466,0.15858998721050854,4.425558954310455e-05,0.10560496467904502,0.009610863901814459,0.014121727116271054,0.10470701598216425
"IWM, TLT, XLE, HYG",4,0.0004648978256118961,0.11715425205419781,4.426126360717802e-05,0.10561173433387439,0.009495548953637441,0.014982941542860742,0.1364602197355801
"SPY, XLY, HYG, LQD",4,0.0004928386643934155,0.12419534342714071,4.426579740013402e-05,0.10561714323363311,0.010223601333141015,0.014607061359872749,0.12585766589541403
"XLE, XLV, XLY, AGG",4,0.0004894630129278037,0.12334467925780652,4.426716738970048e-05,0.10561877760230196,0.009084225162665709,0.014215396436531951,0.12000967844325172
"GLD, XLI, VNQ, AGG",4,0.0006552538225832815,0.16512396329098694,4.428849279252572e-05,0.1056442150982082,0.009983780393327866,0.014864779916562529,0.09494102079962696
"SPY, EEM, XLU, AGG",4,0.000666085983139843,0.16785366775124044,4.429404688814915e-05,0.10565083916284616,0.010089117697537182,0.014717486225381054,0.10251374094907739
"TLT, XLI, XLY, AGG",4,0.0003993696875989782,0.1006411612749425,4.4328902571063617e-05,0.10569240014262157,0.00952167083192149,0.01455369297760968,0.11673463718957278
"SPY, XLV, VNQ, HYG",4,0.0005390947725946867,0.13585188269386106,4.434902360562653e-05,0.10571638448517755,0.009712742838162834,0.014560687878338191,0.11617029989944272
"TLT, USO, XLI, LQD",4,0.000543461736390644,0.13695235757044227,4.4349911587474924e-05,0.10571744283723326,0.008962889761707728,0.01365521137706046,0.09928987032022152
"SPY, GLD, XLI, AGG",4,0.0007585942527068824,0.19116575168213434,4.4353761054141386e-05,0.10572203074876886,0.010121146947802789,0.01503055073617846,0.09279623432846429
"TLT, GLD, XLP, XLY",4,0.0005489360818623351,0.13833189262930845,4.435787173194812e-05,0.10572692975988154,0.01045278088997077,0.014787419468016615,0.11720134043425745
"QQQ, TLT, VNQ, LQD",4,0.00045220814527662786,0.11395645260971023,4.436172197300635e-05,0.1057315181826006,0.009938634203409716,0.01529028615555443,0.11043675333340319
"GLD, XLU, VNQ, AGG",4,0.0006250992523554264,0.15752501159356747,4.437777405060335e-05,0.1057506456753435,0.010307537555347178,0.015249362798240688,0.11242504077843152
"TLT, GLD, XLF, XLE",4,0.0006867639439019608,0.1730645138632941,4.440724391096484e-05,0.10578575265867866,0.009593510040870501,0.014570412002026134,0.09849912123973081
"XLK, XLF, XLP, LQD",4,0.0006751388464131021,0.1701349892961017,4.442123450789072e-05,0.10580241535989839,0.009570353800614478,0.014474529513237206,0.12409100912713733
"EFA, GLD, XLF, LQD",4,0.00072219191371828,0.18199236225700657,4.4421950195541756e-05,0.10580326766823661,0.010069069513128009,0.014933833824762786,0.08972955838555308
"SPY, GLD, VNQ, LQD",4,0.0006845598298795616,0.17250907712964952,4.443014469014098e-05,0.10581302595576561,0.010479078058214514,0.015323677091304088,0.08697277321161301
"EEM, XLF, XLU, HYG",4,0.0006752730909722689,0.17016881892501176,4.443180928837706e-05,0.10581500810693642,0.00986659760127991,0.014479389894971918,0.1038672163411829
"TLT, XLF, XLY, HYG",4,0.0004297439606061322,0.10829547807274531,4.4442350568116e-05,0.10582755946900237,0.010334686205735383,0.014854239351527286,0.11244800297731028
"EFA, TLT, USO, XLP",4,0.0005724703408906383,0.14426252590444083,4.445076483025994e-05,0.10583757715114943,0.009209029080021837,0.013151421609685042,0.09918997106769545
"SPY, TLT, XLY, AGG",4,0.00042055685277370635,0.105980326898974,4.4467643565130874e-05,0.10585766943596002,0.010243549241309354,0.014881190002723362,0.12032006229666381
"EEM, GLD, XLV, AGG",4,0.0006894744002520475,0.17374754886351595,4.449556752583803e-05,0.10589090148124712,0.009969772625797195,0.01559820538314115,0.09968890328188995
"XLV, XLU, VNQ, HYG",4,0.0004877530371921035,0.12291376537241008,4.449931958805264e-05,0.10589536598071356,0.010143463352397904,0.014352010098339679,0.10207528684020195
"SPY, IWM, HYG, LQD",4,0.0005409153397215844,0.13631066560983926,4.451074096936777e-05,0.10590895488239263,0.009961461438319679,0.014444854110383496,0.13288380828029767
"XLI, XLP, XLY, AGG",4,0.00048575657301338306,0.12241065639937253,4.4530285414126295e-05,0.10593220437789364,0.01000587408419197,0.013767345606524506,0.11945651721365758
"TLT, XLU, VNQ, LQD",4,0.0003546181970217005,0.08936378564946852,4.453266340078722e-05,0.10593503281256102,0.010893870753396614,0.015187109201941171,0.09456240948467665
"SPY, GLD, XLE, HYG",4,0.0007760457153916314,0.19556352027869112,4.4533221119742866e-05,0.10593569616600064,0.009657907240181913,0.015027299333753895,0.09931798361365396
"USO, XLV, XLP, LQD",4,0.0005512330653409566,0.13891073246592106,4.454016342630719e-05,0.1059439530290871,0.010170641764544932,0.01399283577659915,0.09774599027619812
"SPY, XLV, VNQ, LQD",4,0.0005129077048922995,0.1292527416328595,4.455823889857999e-05,0.10596544815383059,0.009919406648625785,0.014685064904502306,0.11741428684527444
"SPY, TLT, USO, HYG",4,0.0005908359692677595,0.1488906642554754,4.460861312625664e-05,0.10602532955768953,0.009272915779927388,0.014022196233612547,0.10696456541697208
"EFA, GLD, XLF, HYG",4,0.0007483789814206672,0.18859150331800814,4.462123237391538e-05,0.10604032515145678,0.009876399737768897,0.015039599981598923,0.08867465899342475
"SPY, QQQ, XLP, LQD",4,0.0006419354608146335,0.16176773612528764,4.463482544052702e-05,0.10605647557321905,0.009414671131138006,0.014442660375407897,0.12477853954680906
"EFA, EEM, TLT, HYG",4,0.0005043935899661601,0.12710718467147236,4.46393548371258e-05,0.10606185656943641,0.010380329921355643,0.01501526656789834,0.09523006074533746
"XLV, XLY, XLU, HYG",4,0.0005104687996630781,0.12863813751509567,4.465202286201284e-05,0.10607690493800824,0.010075744057004704,0.01434169563280738,0.11084937152562457
"QQQ, TLT, XLV, XLU",4,0.0005731787106698912,0.1444410350888126,4.466090371279082e-05,0.1060874532431771,0.00939645378717994,0.014372744217668683,0.1043703474986939
"XLE, XLP, XLY, HYG",4,0.0005032080356981322,0.12680842499592931,4.466151170021828e-05,0.10608817534699617,0.009091781974520461,0.014461289773136373,0.122576072441827
"TLT, GLD, XLV, XLI",4,0.0006289344713938438,0.15849148679124864,4.466337488849075e-05,0.10609038821636799,0.010472088958900297,0.014561050301264566,0.0994633199301923
"EFA, USO, XLP, HYG",4,0.0006366333103887955,0.16043159421797645,4.471709153910689e-05,0.1061541665119883,0.009562371828801134,0.013392539509153546,0.10079266332760817
"EEM, TLT, GLD, HYG",4,0.0006168325376079709,0.15544179947720868,4.4722930519948295e-05,0.10616109688123504,0.01001829347121845,0.015855643930894683,0.08869521646580791
"IWM, XLV, XLU, AGG",4,0.0005242395651673079,0.13210837042216161,4.474757022248058e-05,0.10619033711249393,0.009774495485718075,0.014209103022643218,0.12057294048390121
"XLK, XLE, XLP, HYG",4,0.0006884031037930842,0.17347758215585724,4.4751349434625535e-05,0.1061948212368458,0.008839629280661242,0.014699284070009047,0.13252505176601703
"SPY, IWM, TLT, AGG",4,0.00046863352810187536,0.1180956490816726,4.4759414874971274e-05,0.10620439043887386,0.01003179522229567,0.014739404558243881,0.12836163069550532
"USO, VNQ, HYG, LQD",4,0.0005254714409399287,0.13241880311686202,4.476265830861067e-05,0.10620823835169234,0.009810475172395795,0.014158172293785071,0.09706732383300265
"EEM, TLT, VNQ, LQD",4,0.00041545563643354124,0.1046948203812524,4.476799636989157e-05,0.10621457096468769,0.011258832392624481,0.015551731894266197,0.11058245278216361
"USO, XLF, XLP, AGG",4,0.000617798142866712,0.1556851320024114,4.4782625813662196e-05,0.1062319241332043,0.009859409983371197,0.01369729982234155,0.09993378127614472
"IWM, TLT, XLU, LQD",4,0.00042541063482084404,0.1072034799748527,4.479226046422989e-05,0.10624335102483325,0.010153778865124004,0.015031447170417392,0.11613766909862366
"XLK, XLP, VNQ, LQD",4,0.0005969172182810146,0.15042313900681567,4.480069105868479e-05,0.10625334887328759,0.009257928136095127,0.014765220785637233,0.12580143645400788
"EEM, TLT, GLD, AGG",4,0.0005825266277840317,0.14679671020157598,4.4804133579906895e-05,0.10625743109136668,0.010257434126879175,0.01591434096684369,0.09043998649748186
"EFA, XLV, VNQ, HYG",4,0.0004985052283013177,0.12562331753193207,4.4808052682232216e-05,0.10626207825900319,0.010268267513499737,0.014370500594289612,0.10853398290645278
"EEM, TLT, XLI, LQD",4,0.0004976089013824136,0.1253974431483682,4.481577178935918e-05,0.10627123077728287,0.010766527340575352,0.015392190338426653,0.1037692962536011
"TLT, XLK, VNQ, AGG",4,0.0005024114907450578,0.12660769566775457,4.4826885620566446e-05,0.10628440702371514,0.009738547017169386,0.01508052591447888,0.1162572916899306
"EFA, GLD, XLU, LQD",4,0.0006959689803072102,0.17538418303741699,4.483215005416659e-05,0.10629064781837573,0.009879076056137887,0.015301026549825245,0.1060594384383382
"SPY, TLT, GLD, XLU",4,0.0006985826228048094,0.17604282094681195,4.483526617574179e-05,0.10629434169459319,0.01032844628686911,0.015043792920458975,0.09580153910284706
"XLV, XLY, XLU, LQD",4,0.0004842817319606909,0.1220389964540941,4.483607452153562e-05,0.10629529989339592,0.01009569118497989,0.014595432422054813,0.10653004213092043
"EEM, XLP, XLY, AGG",4,0.0005164394421973687,0.13014273943373691,4.484380469333768e-05,0.10630446266606636,0.010221334911680214,0.014669349050849054,0.10730466004448302
"SPY, EFA, GLD, AGG",4,0.0007391918735882415,0.18627635214423685,4.484713250826665e-05,0.10630840696804367,0.010338994948282358,0.015296008256491671,0.08975809800748635
"EEM, XLE, XLU, LQD",4,0.0006361632129474766,0.16031312966276412,4.484770870834914e-05,0.10630908989594438,0.00996486730309045,0.015088507316551288,0.11117284964122887
"SPY, TLT, USO, LQD",4,0.0005646489015653722,0.1422915231944738,4.484783023492748e-05,0.1063092339319672,0.009426499118807807,0.014115709939546939,0.09982992215667064
"XLE, XLV, VNQ, LQD",4,0.0004748660925783811,0.11966625532975204,4.487025342051148e-05,0.10633580705467417,0.009270516276055601,0.014860876448758262,0.11904112549571344
"SPY, GLD, XLV, XLP",4,0.0007365085219829772,0.18560014753971027,4.4872114037951086e-05,0.10633801172470583,0.009854652820674206,0.014524687298812766,0.10251821852245224
"EEM, TLT, XLI, XLP",4,0.0005460198850010487,0.13759701102026428,4.4882647454834356e-05,0.10635049204690245,0.010381232824933563,0.014744096559137002,0.10684193476784631
"SPY, TLT, GLD, XLE",4,0.0007118827458934742,0.1793944519651555,4.490077845597838e-05,0.10637197079544289,0.009481736740090006,0.014831453556956906,0.09759207575822237
"IWM, EFA, TLT, AGG",4,0.00042804398380850625,0.10786708391974358,4.490504118146849e-05,0.10637701997015174,0.011018712807027502,0.014687462607370283,0.10610738539205089
"IWM, VNQ, HYG, LQD",4,0.00043757490959798367,0.11026887721869189,4.4911339593818944e-05,0.10638447996602876,0.009972014327703674,0.014862594232667345,0.13078078816325456
"XLK, XLP, VNQ, HYG",4,0.0006231042859834019,0.15702228006781727,4.49247939954857e-05,0.10640041394121734,0.009679572859503216,0.014762199237790267,0.12612084850808014
"EEM, USO, XLP, LQD",4,0.0006605314909890347,0.16645393572923675,4.4929208994977706e-05,0.10640564208130311,0.009597564653297159,0.014055704536002783,0.10900264856457254
"QQQ, XLI, XLP, HYG",4,0.0006469353633422925,0.1630277115622577,4.4950847058544625e-05,0.10643126166100468,0.00960181171899699,0.01393115023093646,0.12344352559854199
"USO, XLY, HYG, AGG",4,0.0005400683612893514,0.13609722704491656,4.496260139008614e-05,0.10644517626600891,0.01030125888772417,0.014266712534400061,0.12583982393194781
"XLK, XLV, XLU, LQD",4,0.000669476800055643,0.16870815361402203,4.496861851829336e-05,0.1064522985501484,0.008989211361217981,0.014147587267610758,0.11648449102401925
"QQQ, EFA, TLT, XLP",4,0.0005633700147254946,0.14196924371082464,4.497726622455885e-05,0.10646253373177265,0.009760822179501695,0.014133776012734125,0.10253816011599126
"EFA, TLT, XLY, HYG",4,0.0004142732183042766,0.1043968510126777,4.498780077822496e-05,0.1064750008035346,0.01049406718635389,0.014675928688950757,0.10140930575838569
"TLT, GLD, XLP, VNQ",4,0.0005262203193913605,0.13260752048662283,4.499073478021693e-05,0.10647847277555529,0.01018057300600621,0.014998338766025836,0.11486820134144982
"XLF, XLU, VNQ, AGG",4,0.0005281310470154714,0.1330890238478988,4.499605138907864e-05,0.10648476393385026,0.010228654465958833,0.014931751913804678,0.10340760417139994
"QQQ, TLT, XLI, HYG",4,0.0005605484779278876,0.14125821643782768,4.500925883648363e-05,0.1065003907354047,0.00969293721814609,0.014494365706408423,0.11562457655141134
"GLD, XLF, XLI, LQD",4,0.0007415942928369209,0.18688176179490407,4.501828959814628e-05,0.10651107444173523,0.010283077004472917,0.014746386087086304,0.0887227511127543
"EEM, XLV, XLI, AGG",4,0.0005964378317288774,0.1503023335956771,4.5051838037386596e-05,0.10655075403497351,0.009644012785504773,0.01472099502008696,0.10978613411980664
"SPY, XLF, XLV, HYG",4,0.0006173164007267742,0.1555637329831471,4.506153138180707e-05,0.10656221613787592,0.009392352965505993,0.014399329313786551,0.11897028890837857
"XLF, XLE, XLU, LQD",4,0.0006015487069467057,0.15159027415056986,4.506302675624627e-05,0.10656398426567046,0.009300398801286509,0.014484469628078133,0.11379508245147274
"XLE, XLY, XLU, AGG",4,0.0005379239991640412,0.13555684778933838,4.50652123952162e-05,0.10656656850811366,0.009824461917575024,0.014594334858087228,0.12341401904307991
"GLD, XLV, XLY, HYG",4,0.0006336599384141031,0.15968230448035398,4.506773682006211e-05,0.1065695532441403,0.010523437699734923,0.014956108051160594,0.09287181614321283
"EEM, TLT, XLV, XLU",4,0.0005364262018268045,0.13517940286035474,4.508076661903099e-05,0.10658495760657698,0.010239580864489539,0.015102269361355856,0.11143488176588223
"EEM, XLF, XLE, AGG",4,0.0006542673042369945,0.1648753606677226,4.5098316304610644e-05,0.10660570204619396,0.009949149553431251,0.015168472800969402,0.11379536949698377
"EFA, GLD, XLE, LQD",4,0.000709269103395875,0.1787358140557605,4.509943170999557e-05,0.10660702036413401,0.009811190706604371,0.015072627822114838,0.09514518596373944
"GLD, XLE, VNQ, LQD",4,0.0006465182175656431,0.16292259082654206,4.510431251763639e-05,0.10661278888784577,0.009291473864472525,0.014947917851193482,0.09871029470463089
"GLD, XLE, XLY, AGG",4,0.000661115137915066,0.16660101475459663,4.512358259344247e-05,0.10663556073631116,0.010425900983175324,0.015336996238164374,0.09577128137000057
"GLD, XLE, VNQ, HYG",4,0.0006727052852680304,0.1695217318875437,4.512409816073941e-05,0.10663616992609183,0.009368794424055481,0.014887890596633872,0.10033381763583882
"IWM, TLT, XLE, LQD",4,0.00043871075790950884,0.11055511099319623,4.51286104275248e-05,0.10664150143230473,0.009995257890154938,0.015335923925038134,0.13603882726112104
"EEM, USO, HYG, LQD",4,0.0006383075750727868,0.16085350891834227,4.512970778178363e-05,0.10664279798002993,0.009798224751449647,0.014627071184636237,0.10403845570873171
"QQQ, EFA, XLU, AGG",4,0.0006622489476895607,0.16688673481776928,4.5197868665706106e-05,0.10672330065996807,0.00951950955395774,0.014214703879468967,0.1052782802377743
"XLE, XLV, XLI, HYG",4,0.0005832064252296408,0.1469680191578695,4.5215556179790814e-05,0.10674418090606759,0.00837895259709818,0.014166267390800907,0.12341011061529639
"QQQ, EEM, LQD, AGG",4,0.0005949013390837039,0.1499151374490934,4.522701741289931e-05,0.10675770879918053,0.010284842972920209,0.014858047440145013,0.09781998762311284
"XLE, XLV, VNQ, HYG",4,0.0005010531602807684,0.12626539639075363,4.522966108471e-05,0.106760828927781,0.009238210807001778,0.01452934906155518,0.11954512164176956
"GLD, XLV, XLY, LQD",4,0.0006074728707117159,0.1530831634193524,4.523915627154522e-05,0.10677203463655359,0.011255737920222811,0.014951776174477379,0.09314888825754786
"EEM, XLE, VNQ, AGG",4,0.0005760456761049072,0.1451635103784366,4.5255641822695136e-05,0.1067914872043609,0.009661148067191287,0.01522456285926233,0.11855172052530394
"SPY, TLT, GLD, XLF",4,0.0007248055562158792,0.18265100016640154,4.525787550961792e-05,0.10679412263052548,0.010220611914231638,0.015051600051245255,0.08937184393926578
"QQQ, GLD, XLE, AGG",4,0.000787988018420036,0.19857298064184908,4.526583075407387e-05,0.1068035081353914,0.009957729630298956,0.015208291077606888,0.09676103575895456
"GLD, XLU, VNQ, HYG",4,0.0006594051621793658,0.16617010086920017,4.527041426559884e-05,0.10680891533449306,0.009902932129122556,0.01533573255519978,0.10471999046205382
"TLT, GLD, XLK, XLP",4,0.0007341311499572872,0.18500104978923637,4.527412049018106e-05,0.10681328739218557,0.01065210552217931,0.014750014835116005,0.09000290509429243
"QQQ, EEM, HYG, AGG",4,0.0006210884067860911,0.15651427851009497,4.529419492582499e-05,0.1068369651445973,0.010053946508011929,0.014779747405476388,0.10391672676362163
"XLF, XLE, XLV, HYG",4,0.0005792747884128557,0.14597724668003964,4.530265908448776e-05,0.10684694702840561,0.00878042281992346,0.01425850637344165,0.11422179353232242
"TLT, GLD, XLK, AGG",4,0.0006776013242171001,0.17075553370270924,4.530810548395099e-05,0.10685336953955009,0.010512594753692067,0.01489836772393032,0.07979947215319105
"EFA, XLE, XLI, AGG",4,0.0006081136927511531,0.15324465057329056,4.531339259046712e-05,0.106859603839794,0.008851173914289981,0.014577779702927498,0.11397723233655765
"QQQ, EFA, TLT, LQD",4,0.0005149590311068594,0.12976967583892857,4.531858162999113e-05,0.10686572215054631,0.010499013943501117,0.0144003868549045,0.09512950244793328
"EFA, TLT, XLE, XLU",4,0.0005481020628490803,0.13812171983796823,4.532427325073132e-05,0.10687243264370984,0.009631256892925487,0.014708914380629162,0.1035220045019315
"TLT, USO, XLY, AGG",4,0.0004759053917911941,0.11992815873138091,4.533080194244119e-05,0.1068801295353593,0.009831999410436757,0.0139619598454072,0.11191336686328401
"QQQ, GLD, XLF, AGG",4,0.0008009108287424413,0.20182952884309519,4.5335495560812985e-05,0.10688566265559134,0.01020744428312438,0.015260357523227802,0.09376442703998555
"EFA, XLV, XLI, LQD",4,0.0005544714255478031,0.13972679923804637,4.5342568778174455e-05,0.10689400044951056,0.009528379436414243,0.013970803479142667,0.10492456664628913
"SPY, TLT, XLE, XLU",4,0.0005886916071424492,0.1483502849998972,4.535703213520974e-05,0.10691104759599382,0.009165005502946355,0.014751316483224808,0.12494735358924303
"XLK, XLV, XLU, HYG",4,0.0006956638677580304,0.17530729467502365,4.5388869535101684e-05,0.10694856297700137,0.008873083079547813,0.014165664618064204,0.12037629601371358
"QQQ, USO, LQD, AGG",4,0.0006407541740919342,0.16147005187116742,4.5395156428338925e-05,0.10695596953859755,0.010138314820349093,0.014428102749320578,0.11054232109640816
"GLD, XLE, XLI, LQD",4,0.0007286714825145157,0.18362521359365797,4.539996807306923e-05,0.10696163776987265,0.009660370540298899,0.014555581741303161,0.09876541042427334
"QQQ, GLD, XLU, HYG",4,0.0008089938051553105,0.20386643889913825,4.5401938453385776e-05,0.10696395883779367,0.010209622789187137,0.015196780988693204,0.08708313749131691
"XLP, XLY, VNQ, AGG",4,0.00040360330806451063,0.10170803363225668,4.541139889107714e-05,0.1069751023395231,0.010671199325049658,0.015020681736214707,0.11524632839953608
"QQQ, TLT, XLE, XLV",4,0.000586478833758556,0.1477926661071561,4.545277296699469e-05,0.10702382345853031,0.009186614745998477,0.014776208657226614,0.12369305635556715
"QQQ, XLU, VNQ, AGG",4,0.0005994980618593288,0.15107351158855087,4.5458408080662595e-05,0.10703045751713376,0.01012858816562781,0.014853180383814881,0.11423052799188727
"EFA, GLD, VNQ, AGG",4,0.0006358514434646408,0.16023456375308948,4.546494088332186e-05,0.10703814788474765,0.01028647715146385,0.015343434084972121,0.09369057730973385
"TLT, XLF, XLE, XLV",4,0.0005151118189146986,0.12980817836650405,4.548895228499131e-05,0.10706640918522398,0.009026003420513032,0.01461351090884994,0.1128064045067162
"SPY, XLU, VNQ, HYG",4,0.000587555758830924,0.14806405122539285,4.5493650521545485e-05,0.10707193811372549,0.009364618602620665,0.014823436986422656,0.11955631276387635
"TLT, XLE, XLP, XLY",4,0.00043904506619997497,0.11063935668239369,4.54985304550697e-05,0.10707768056265304,0.009455889116288724,0.014864994046556489,0.12454521954670361
"QQQ, EFA, XLV, AGG",4,0.0006137879614533234,0.1546745662862375,4.5518530436935885e-05,0.10710121227188721,0.010023098269154346,0.014039965441524105,0.10762287337284082
"EFA, XLF, VNQ, AGG",4,0.0005388832381246858,0.13579857600742082,4.553616367453737e-05,0.10712195501382253,0.010020936840691523,0.01464081720144842,0.1056081994885335
"EFA, XLP, XLY, LQD",4,0.0004744730360162943,0.11956720507610617,4.556023275836504e-05,0.1071502620393809,0.009997113731292083,0.01415218923841295,0.10448148417998848
"SPY, USO, XLP, LQD",4,0.0006510357869797772,0.16406101831890388,4.557329844669707e-05,0.10716562512563281,0.009378943655790563,0.014004674068439348,0.11185160225256752
"TLT, XLE, XLV, XLI",4,0.0005190434557314836,0.13079895084433388,4.5573471123541206e-05,0.10716582815026619,0.009162547638521059,0.01443544517722883,0.12528763287003974
"EFA, USO, XLV, LQD",4,0.000631007129740019,0.1590137966944848,4.557669202768769e-05,0.10716961505472201,0.00955102874901083,0.01429074164385945,0.10902232016238034
"EEM, USO, XLV, AGG",4,0.0006729735359210935,0.16958933105211557,4.5579660260108474e-05,0.10717310476769504,0.010042312776444153,0.014864703843702382,0.11942441439837492
"QQQ, XLE, XLU, LQD",4,0.000672915721790563,0.1695747618912219,4.5580849894167725e-05,0.10717450337337826,0.009167597031767975,0.014759055531588327,0.124964674771188
"QQQ, GLD, XLU, LQD",4,0.0007828067374529231,0.19726729783813662,4.558566774342953e-05,0.10718016734146407,0.00987513923773044,0.01528463180595174,0.08047037326622808
"TLT, XLY, VNQ, AGG",4,0.00031721642265010566,0.07993853850782663,4.560154901191712e-05,0.10719883558604129,0.010786138908024443,0.015788365283447882,0.1125894279204489
"IWM, EEM, HYG, AGG",4,0.00054229220160929,0.13665763480554108,4.5628898314165774e-05,0.10723097675191519,0.010565067015091878,0.014937120614896904,0.10881669470082034
"EFA, XLV, VNQ, LQD",4,0.00047231816059893053,0.1190241764709305,4.563900358852696e-05,0.1072428501314134,0.01047479969850525,0.014639965956265577,0.1153023128348375
"TLT, XLV, XLI, XLU",4,0.0005057433326428189,0.12744731982599036,4.5645040385606223e-05,0.10724994255090661,0.009944489241278647,0.014493715979252565,0.10589052980535663
"SPY, EFA, VNQ, AGG",4,0.0005640020401161991,0.14212851410928218,4.564590421682117e-05,0.10725095739730688,0.00980201028250145,0.014829586907693496,0.10902272648081479
"TLT, USO, XLU, AGG",4,0.0005051883240412372,0.12730745765839177,4.566402118387107e-05,0.107272239364784,0.009727512363679656,0.014151531931212751,0.08608428719201078
"EEM, XLV, VNQ, HYG",4,0.0005485904766039442,0.13824480010419393,4.568390825516229e-05,0.10729559581036353,0.010157212449376991,0.015109747138007988,0.11740291450131068
"USO, XLI, XLP, LQD",4,0.000629848621805049,0.15872185269487235,4.569253571054314e-05,0.10730572677661185,0.009558295644581551,0.013464502285365583,0.10437461334435238
"XLK, XLI, XLP, AGG",4,0.0006709516411083353,0.1690798135593005,4.57063048358779e-05,0.10732189347305252,0.009572969038191756,0.0141479243753427,0.1253353357666418
"GLD, XLY, XLU, HYG",4,0.0006821209246503403,0.17189447301188576,4.570878973187185e-05,0.10732481079616077,0.010362089164340702,0.015540445000884117,0.109931950343933
"USO, XLV, XLP, HYG",4,0.000577420133043344,0.14550987352692268,4.5717731691297594e-05,0.10733530819915221,0.010539339549713797,0.014203142951051956,0.0955127422292551
"EEM, XLE, XLU, HYG",4,0.0006623502806498637,0.16691227072376566,4.576112465183975e-05,0.10738623474292977,0.009871025076784778,0.015176020893736849,0.10957116738374051
"XLK, XLI, LQD, AGG",4,0.0006225406574897001,0.15688024568740444,4.576680078422045e-05,0.10739289453973924,0.010370393277064498,0.014733226210699635,0.11883671179653277
"GLD, XLF, XLI, HYG",4,0.0007677813605393081,0.19348090285590563,4.5773296417667765e-05,0.10740051534910006,0.010157174955456396,0.014884335252002312,0.0872112461527994
"EFA, XLV, XLI, HYG",4,0.0005806584932501903,0.14632594029904797,4.578538508739444e-05,0.10741469658302535,0.009529326402836113,0.013938241808729985,0.10392231515373396
"EFA, XLP, XLY, HYG",4,0.0005006601037186815,0.12616634613710775,4.5798075593201706e-05,0.10742958181751817,0.01014679134147049,0.014166538567489562,0.1081649152381513
"IWM, GLD, XLV, AGG",4,0.0006474307039183327,0.16315253738741986,4.579945446628536e-05,0.10743119903223602,0.010756079192740905,0.015090646272779314,0.08757772118364682
"EEM, TLT, USO, HYG",4,0.0006003316732770169,0.15128358166580824,4.580617597529136e-05,0.10743908202220188,0.010086383155915188,0.014668852864211575,0.10758914743602288
"EEM, TLT, USO, XLP",4,0.0006225555891932646,0.15688400847670267,4.583405904475458e-05,0.10747177712905912,0.009727614872454394,0.014259705085040833,0.11259124185687663
"SPY, QQQ, XLP, HYG",4,0.0006681225285170208,0.16836687718628923,4.583434827927951e-05,0.10747211622731934,0.009791615722716647,0.014653528215203566,0.1311721853227542
"TLT, XLE, XLP, VNQ",4,0.00041632930372900034,0.10491498453970809,4.5835429439642894e-05,0.10747338376914543,0.010286974622919201,0.015215544491821612,0.116800258383709
"EFA, GLD, XLE, HYG",4,0.0007354561710982623,0.1853349551167621,4.583725992746544e-05,0.10747552978106827,0.010008003776613893,0.01534222526852592,0.09679598954533741
"SPY, GLD, XLP, XLU",4,0.0007849695082192144,0.19781231607124203,4.5860697336237194e-05,0.10750300334749618,0.009472853348652482,0.014798560199314371,0.0920351501896075
"XLK, XLE, XLV, AGG",4,0.0006746580810227557,0.17001383641773446,4.5866468397439546e-05,0.10750976716631269,0.008710158640504251,0.01489340257267875,0.13053323248709503
"TLT, XLF, XLY, LQD",4,0.00040355689290374493,0.10169633701174373,4.5872915993163986e-05,0.10751732339617334,0.010546043835789035,0.015230917327814114,0.11249612261356134
"IWM, EEM, LQD, AGG",4,0.0005161051339069026,0.13005849374453946,4.587699262620966e-05,0.1075221007133177,0.010797051514557943,0.015135934561035522,0.10855157618267985
"QQQ, XLE, XLV, HYG",4,0.0006506418032567132,0.16396173442069173,4.5898535108082167e-05,0.1075473423532014,0.00893915369344963,0.014929387989012069,0.13355968978231547
"XLK, XLF, XLP, HYG",4,0.0007013259141154892,0.17673413035710328,4.591519255045547e-05,0.10756685606038126,0.00985713580196679,0.014738873521596859,0.13050984680615085
"EFA, EEM, XLV, AGG",4,0.0005770354526102368,0.14541293405777966,4.592671192842906e-05,0.10758034860495723,0.009690641810457975,0.014940178791915573,0.10506523453015726
"GLD, XLF, XLV, XLP",4,0.0007113897199914637,0.17927020943784885,4.593671582669924e-05,0.10759206470891898,0.009930800521317732,0.014646837281571257,0.09873501420969177
"XLE, XLU, VNQ, AGG",4,0.0005152082366930664,0.12983247564665273,4.594025517806855e-05,0.10759620952837176,0.010009120187539583,0.01484034189793965,0.11559765749468054
"EEM, TLT, GLD, XLP",4,0.0006390564535242187,0.1610422262881031,4.595998456915411e-05,0.10761931105255616,0.010374454618755732,0.015921103456350404,0.106871844549567
"XLV, XLU, VNQ, LQD",4,0.00046156596948971636,0.11631462431140853,4.596422452776168e-05,0.10762427505445017,0.010375012230814126,0.014753751533164166,0.10523630630866787
"EEM, XLU, VNQ, AGG",4,0.0005627455530162422,0.14181187936009304,4.5981779778360934e-05,0.10764482571933942,0.010507509993745643,0.014957203387381707,0.10609316543217429
"SPY, XLV, XLI, LQD",4,0.0005950609698411721,0.14995536439997537,4.598951363373542e-05,0.10765387794084023,0.009896656836186136,0.014273092346594069,0.11948058640599335
"SPY, XLF, XLE, AGG",4,0.0006447716002277372,0.16248244325738978,4.6035296593034274e-05,0.1077074497954744,0.009227658577540982,0.015148992081088853,0.12566605672783893
"TLT, USO, XLU, HYG",4,0.0005394942338651763,0.13595254693402442,4.603776648607438e-05,0.10771033912531677,0.009372566221559964,0.014086657385210378,0.08584414590298795
"EFA, XLI, XLU, LQD",4,0.0006029324117840403,0.15193896776957816,4.60383970578362e-05,0.10771107676824479,0.00973364238546439,0.014264072649908921,0.0958414976164782
"SPY, EFA, XLF, AGG",4,0.0006422236682482866,0.16184036439856822,4.60486529983257e-05,0.10772307345958003,0.009900418283087017,0.01457193501503874,0.11319408999940539
"SPY, XLU, VNQ, LQD",4,0.0005613686911285368,0.14146491016439128,4.605512004363411e-05,0.10773063747604855,0.009624837590028945,0.015127507644178716,0.1190846600178821
"EFA, TLT, XLF, XLV",4,0.0005125638869352481,0.1291660995076825,4.606933007547427e-05,0.10774725601619523,0.01071283839098053,0.014581524101485175,0.10270839057550973
"TLT, XLK, XLF, HYG",4,0.0006149390287010844,0.15496463523267326,4.6097399092675346e-05,0.10778007502017332,0.010159132882529513,0.014839318483221783,0.11533569120817166
"TLT, USO, XLV, XLP",4,0.0005132571635451869,0.1293408052133871,4.610843254025689e-05,0.10779297286996374,0.010306261538481739,0.014138766027385712,0.10699529834467536
"IWM, XLE, XLP, LQD",4,0.0005250976433239138,0.13232460611762625,4.611253195004993e-05,0.10779776459376411,0.009538798846796377,0.014651674541634083,0.14254970813666823
"EFA, XLF, XLE, LQD",4,0.0006123008980559201,0.15429982631009187,4.611837271642167e-05,0.10780459138894903,0.009040759744959322,0.014851290251663967,0.11724441042355815
"EFA, XLI, XLU, HYG",4,0.0006291194794864277,0.15853810883057978,4.6128959137921026e-05,0.10781696389138445,0.009665159863086935,0.01408759654622125,0.09801208980578291
"QQQ, TLT, XLP, VNQ",4,0.0005006191288952627,0.1261560204816062,4.613030040823265e-05,0.10781853135187211,0.010165942223136347,0.015193460010273368,0.1163747878963921
"EFA, TLT, XLP, VNQ",4,0.0004137813717495497,0.10427290568088653,4.615351860926029e-05,0.10784566143120267,0.010938180825650132,0.015074918419142073,0.11173072312771526
"SPY, TLT, USO, XLP",4,0.0006130598851840074,0.15449109106636985,4.6176215061946516e-05,0.10787217526132735,0.009701236922254516,0.013809727927315859,0.10811089043298183
"QQQ, TLT, XLI, LQD",4,0.0005343614102255002,0.13465907537682603,4.619596776120621e-05,0.1078952449175772,0.009830106545511625,0.014782792507066302,0.11534753991146185
"GLD, XLK, XLV, AGG",4,0.0007845490966851159,0.19770637236464922,4.620779294517831e-05,0.10790905347645736,0.010231353621834548,0.014981855319587345,0.09224195778655897
"SPY, XLI, XLU, LQD",4,0.0006435219560774092,0.16216753293150712,4.6212561628039814e-05,0.10791462148507047,0.00985236393172269,0.014304691588044238,0.12289603990654674
"EFA, TLT, XLF, XLU",4,0.0005610248731714851,0.14137826803921424,4.622636115234543e-05,0.10793073246481305,0.01030745377567575,0.014887626838292107,0.09385644141633953
"GLD, XLY, XLU, LQD",4,0.0006559338569479531,0.16529533195088417,4.6232463412490124e-05,0.10793785610223836,0.010528741894740432,0.015621458765544091,0.12178312151807291
"QQQ, GLD, VNQ, AGG",4,0.0007226892006103536,0.18211767855380911,4.623601440617556e-05,0.10794200123379334,0.011151293966525172,0.01567108121100384,0.08650056291587593
"XLE, XLI, XLU, LQD",4,0.0006054803437634909,0.15258104662839972,4.625640520796848e-05,0.1079658006611726,0.009111257514858834,0.014283306509411751,0.1263148588638694
"USO, XLF, XLP, LQD",4,0.0006259169849882637,0.15773108021704246,4.626908514101889e-05,0.10798059758834808,0.009781736690686799,0.013933010231089685,0.10514436717423015
"IWM, EFA, XLP, LQD",4,0.0005225497113444632,0.13168252725880472,4.6269724467500524e-05,0.10798134360068934,0.010673413524963683,0.014374620464231979,0.11341685190746165
"IWM, EEM, XLP, AGG",4,0.0005645161175255377,0.1422580616164355,4.631993080545641e-05,0.10803991189821943,0.00953731495400518,0.014905298356291724,0.114625113019589
"SPY, XLF, VNQ, AGG",4,0.0005794727824180546,0.14602714116934978,4.632347441406835e-05,0.10804404450197717,0.009805754132999443,0.015282810019418865,0.12047544899274265
"TLT, XLP, XLY, XLU",4,0.0004257449431113102,0.10728772566405018,4.632621927581298e-05,0.10804724548781829,0.010392509216993131,0.014915074601917416,0.10540765076868852
"EEM, XLV, VNQ, LQD",4,0.0005224034089015569,0.13164565904319234,4.632663922739663e-05,0.1080477352159866,0.01073712728043431,0.015382034095372869,0.12229338182552152
"EEM, TLT, XLP, VNQ",4,0.0004638666200521762,0.1168943882531484,4.634509398924961e-05,0.1080692541164734,0.010946179816478553,0.015406696996570815,0.11481655520567058
"SPY, TLT, XLF, XLU",4,0.0006016144174648542,0.15160683320114327,4.638598798072213e-05,0.10811692268623807,0.009935198014855904,0.015105968257185479,0.11291010389355316
"TLT, USO, XLI, XLP",4,0.0005918727200092791,0.14915192544233832,4.639340715323964e-05,0.10812556868112366,0.009263288844397753,0.013532622536477315,0.10320353706339247
"QQQ, USO, XLP, AGG",4,0.0006891651577105693,0.17366961974306344,4.6397123821567836e-05,0.10812989967180722,0.010050750231610391,0.014352853424080556,0.11756892448597323
"IWM, TLT, GLD, XLP",4,0.000597012757190504,0.150447214812007,4.6398466404536776e-05,0.10813146412558775,0.01074974818441054,0.015016074476395212,0.09190553234441723
"SPY, USO, XLV, AGG",4,0.0006634778319118361,0.1671964136417827,4.6400857864346105e-05,0.10813425073405382,0.009798336542360848,0.014771797110914748,0.11552432946551405
"TLT, USO, VNQ, AGG",4,0.00045318962932021963,0.11420378658869534,4.640857227673195e-05,0.108143239334396,0.01001466869157443,0.014400517504964922,0.09681509400297572
"XLF, XLV, XLI, LQD",4,0.0005699421678496588,0.143625426298114,4.6410330924521155e-05,0.10814528835311936,0.009734650402203171,0.014360733395868028,0.1107644540200674
"SPY, EFA, XLE, LQD",4,0.0006374197000474334,0.1606297644119532,4.641377700020212e-05,0.10814930329896229,0.008919364547490934,0.015058061067517822,0.12101710896499984
"IWM, XLI, XLP, AGG",4,0.0005338332483415521,0.13452597858207113,4.642278649996107e-05,0.10815979936182478,0.009695580694753769,0.013921303757224817,0.13631177421827678
"EFA, XLU, VNQ, HYG",4,0.000546966214537555,0.13783548606346385,4.6425459883508516e-05,0.10816291365641066,0.010433386214295641,0.014665053940357373,0.09562325111639614
"XLF, XLE, XLU, HYG",4,0.000627735774649093,0.15818941521157143,4.644003529707349e-05,0.10817989136092955,0.00942254014201935,0.014701286655284182,0.1143728262845175
"IWM, TLT, XLF, HYG",4,0.00047782063593430115,0.12041080025544389,4.644836931476348e-05,0.10818959777779191,0.010810444877081982,0.014826301910176651,0.12463102950657612
"QQQ, TLT, XLI, XLP",4,0.0005827723938441352,0.14685864324872208,4.6454324242549666e-05,0.10819653279621541,0.01012898565640671,0.01435779609258509,0.12188121972081667
"USO, XLV, XLI, AGG",4,0.0006422906667371079,0.1618572480177512,4.645447172084216e-05,0.1081967045415535,0.009603571124258522,0.014095434120491792,0.11334464886370277
"XLK, XLI, HYG, AGG",4,0.0006487277251920875,0.16347938674840604,4.646584128999016e-05,0.10820994411364199,0.010409202701158233,0.014865037920745804,0.11921939041091645
"TLT, XLV, XLP, XLY",4,0.00037728395687507306,0.09507555713251842,4.64715687057418e-05,0.1082166129291013,0.010338484885635721,0.014446818838387204,0.1061692250285372
"QQQ, TLT, USO, AGG",4,0.0006027782722961643,0.15190012461863342,4.647513052242695e-05,0.10822075998463322,0.009748661901403225,0.01439243990014069,0.10380289858494118
"EEM, TLT, USO, LQD",4,0.0005741446055746297,0.14468444060480667,4.6478908763243074e-05,0.1082251588510604,0.010481162248175444,0.014793568249450112,0.11053769279981673
"SPY, QQQ, TLT, HYG",4,0.0005817356431026158,0.14659738206185918,4.650991596851712e-05,0.1082612526440846,0.010251367329295626,0.014858815927546941,0.11833029159408237
"EEM, XLY, HYG, LQD",4,0.0005023343684026728,0.12658826083747357,4.652248681048398e-05,0.10827588224642626,0.010477434265189003,0.0151416174466394,0.1092498386388131
"IWM, EFA, XLP, HYG",4,0.0005487367790468504,0.13828166831980632,4.653223986794215e-05,0.1082872312265921,0.010239330091583005,0.0143012404015703,0.11345339793500453
"XLF, XLI, XLU, LQD",4,0.000618403154085896,0.1558375948296458,4.6546585524918384e-05,0.10830392214633519,0.009727593757575183,0.014407824410196302,0.11420621611515702
"EEM, TLT, XLF, XLV",4,0.0005626491352378745,0.14178758207994438,4.654830988051199e-05,0.10830592823058681,0.011102647475822255,0.01536515182878673,0.10076970485789383
"EFA, XLE, VNQ, LQD",4,0.0005340792699238325,0.1345879760208058,4.655641320156801e-05,0.10831535499085594,0.009732807875561317,0.01495988195550445,0.115069994290396
"EEM, GLD, XLF, AGG",4,0.0007641583198993545,0.19256789661463733,4.656242606251496e-05,0.10832234934561645,0.01028979038448654,0.016099407949134417,0.09032596828716977
"EFA, EEM, TLT, XLP",4,0.000526617505882408,0.13270761148236682,4.656352734402923e-05,0.10832363034303903,0.009961928257187957,0.015276797172717661,0.10507897674504063
"EEM, USO, XLP, HYG",4,0.0006867185586914219,0.17305307679023832,4.6576696998307644e-05,0.10833894795304931,0.009783042445744758,0.014401642466154808,0.10691996582962193
"EEM, GLD, XLV, HYG",4,0.0007237803100759866,0.18239263813914863,4.657872170952502e-05,0.10834130270031049,0.010179739185035779,0.015742069592565747,0.0979652759337496
"TLT, GLD, XLK, HYG",4,0.0007119072340410395,0.17940062297834194,4.659866779873218e-05,0.10836449734705787,0.010996493987288357,0.015241318905088707,0.08144243084297387
"IWM, USO, LQD, AGG",4,0.000561957968915133,0.14161340816661352,4.660779707623457e-05,0.1083751118255991,0.00975688305895841,0.01448490619442786,0.11782843523837638
"IWM, TLT, GLD, LQD",4,0.000548601773571869,0.138247646940111,4.6630631406733944e-05,0.10840165641952597,0.011162926502735234,0.015316882820861437,0.08763021114056257
"TLT, XLK, XLF, XLP",4,0.0006371629446173321,0.16056506204356769,4.663483338214064e-05,0.10840654044982453,0.00970745781096194,0.014884171167302203,0.12121043781021756
"EFA, TLT, USO, XLV",4,0.000593031227944249,0.14944386944195076,4.665033200861077e-05,0.10842455287512102,0.009820804370280115,0.014434532317533277,0.11802940554885177
"SPY, IWM, XLP, LQD",4,0.0005631392556378321,0.1419110924207337,4.6679165319502504e-05,0.1084580548438641,0.009988811422397954,0.014488864733248457,0.13974301976616932
"XLF, XLV, VNQ, HYG",4,0.0005139759706031733,0.12952194459199967,4.668305690177649e-05,0.10846257575425579,0.010108155690212069,0.01487354296229205,0.11170817552233869
"GLD, XLE, XLI, HYG",4,0.0007548585502169029,0.19022435465465953,4.669352093168697e-05,0.10847473104269546,0.009799834185351191,0.014870476499369055,0.10044162942976465
"EEM, XLF, VNQ, AGG",4,0.0005889684864273121,0.14842005857968266,4.669824065200138e-05,0.10848021314647362,0.010563228957975101,0.015261430885260902,0.10417654005930221
"SPY, TLT, XLF, XLV",4,0.0005531534312286171,0.1393946646696115,4.6701737189208324e-05,0.10848427430591263,0.009878926269857848,0.014871242715301746,0.11456080579868322
"SPY, EFA, TLT, XLV",4,0.0005376826889267615,0.1354960376095439,4.6703870600280076e-05,0.10848675214638229,0.010661187611009364,0.014528748450948458,0.11233326171249325
"QQQ, XLE, VNQ, AGG",4,0.0006127981849479937,0.1544251426068944,4.671130672504195e-05,0.10849538835688166,0.009054245967272848,0.015412352331444367,0.13442056347554887
"USO, XLF, XLV, AGG",4,0.0006383590299203229,0.16086647553992137,4.6715983648272036e-05,0.1085008197174775,0.010031133624628184,0.014606132553130322,0.10684579686933304
"QQQ, XLF, XLU, LQD",4,0.0006858385321129682,0.172831310092468,4.6720749830438686e-05,0.10850635445572093,0.009437983642664335,0.014765230823678305,0.12191945632403323
"GLD, XLI, VNQ, HYG",4,0.0006895597324072206,0.1737690525666196,4.675288340581111e-05,0.10854366226668603,0.010146783087638415,0.015181791632525823,0.09400626729806472
"XLF, XLP, XLY, LQD",4,0.0004899437783181499,0.12346583213617378,4.675724945929871e-05,0.1085487303644924,0.01069491594435728,0.014850704674305054,0.11524214403446331
"EFA, TLT, GLD, XLV",4,0.000609532092275203,0.15360208725335114,4.6760458122463304e-05,0.10855245481729445,0.01048023839790866,0.015290626215890245,0.10245012490067895
"XLI, XLU, VNQ, AGG",4,0.0005320626838322566,0.13407979632572867,4.67835915156863e-05,0.10857930310124922,0.010530133898358144,0.01470702967977886,0.11603571387261835
"TLT, XLK, VNQ, HYG",4,0.0005367174005689968,0.13525278494338722,4.680107113954603e-05,0.108599585299234,0.009918886756686701,0.015371519903655203,0.12247762363685166
"EFA, GLD, XLI, AGG",4,0.0007180047084135133,0.18093718652020535,4.680863579994919e-05,0.1086083616559388,0.010649116135679385,0.015576501502858766,0.09706407915572624
"EFA, XLY, XLU, AGG",4,0.0005353760671845904,0.1349147689305168,4.6808792913675605e-05,0.10860854392839568,0.010276890519021547,0.014700870166995979,0.10267710703707733
"GLD, XLF, XLY, AGG",4,0.000674037948237471,0.1698575629558427,4.683164591907859e-05,0.10863505314403728,0.011461250014049705,0.01564808097793561,0.09862448977146787
"TLT, GLD, XLE, XLU",4,0.0006605410104908909,0.1664563346437045,4.683510113168673e-05,0.10863906058681222,0.009628741421413116,0.014726147496558002,0.09553681551259186
"GLD, XLF, XLP, XLU",4,0.0007598507062277008,0.1914823779693806,4.6838505731078185e-05,0.10864300918251346,0.009832470259655874,0.014766195047443347,0.1006647965641807
"EEM, XLI, XLU, AGG",4,0.0006448988179651148,0.16251450212720892,4.68426537977209e-05,0.10864781984478873,0.010908308300176443,0.015191974992424776,0.09956991793977621
"XLF, XLE, VNQ, AGG",4,0.0005414311701041363,0.13644065486624235,4.684760127038941e-05,0.10865355732850228,0.009377464894644524,0.014962926081193186,0.12381508718466006
"XLF, XLV, VNQ, LQD",4,0.0004877889029007862,0.12292280353099813,4.686219527667424e-05,0.10867047993692633,0.010110081211702503,0.015073507212744542,0.10913383636838636
"USO, XLV, XLU, AGG",4,0.0006121360965092528,0.15425829632033172,4.6882000277851e-05,0.10869344078654633,0.009855751915814791,0.014330336501791269,0.09195169977955353
"TLT, USO, XLF, XLP",4,0.000587941083192494,0.1481611529645085,4.689442273071767e-05,0.10870784023308003,0.009600893855810077,0.013887053047740551,0.1062323492013878
"TLT, XLI, XLY, HYG",4,0.00043367559742291746,0.1092862505505752,4.6914624188924165e-05,0.10873125261675637,0.009764427187158538,0.014827299591049102,0.12370774429830622
"TLT, XLK, XLF, LQD",4,0.000588751960998697,0.14836549417167164,4.692366184139222e-05,0.10874172512899932,0.010531019005491643,0.014975623599299551,0.11531865519641982
"SPY, XLI, XLU, HYG",4,0.0006697090237797965,0.16876667399250872,4.6924859321465934e-05,0.1087431126509142,0.009269197391928,0.014333521435057206,0.123459963032166
"EFA, XLK, XLP, LQD",4,0.0006596681041112464,0.16623636223603408,4.693428808415699e-05,0.10875403715360438,0.00987320048226823,0.014361204749492993,0.11223967192047646
"TLT, XLF, XLP, VNQ",4,0.0004292521140514054,0.10817153274095416,4.6942953321749415e-05,0.10876407604113066,0.010579451688591205,0.015309254297526156,0.10482413023683812
"SPY, EFA, TLT, XLU",4,0.0005861436751629988,0.1477082061410757,4.6947695071058405e-05,0.10876956908026582,0.010342161935625108,0.014849814732652566,0.0977508260439719
"SPY, XLK, XLP, AGG",4,0.0006921388062830633,0.17441897918333196,4.6951759661676336e-05,0.10877427744987525,0.009864326719649923,0.01466127688562168,0.12771497130946163
"QQQ, TLT, GLD, XLV",4,0.000696369849420916,0.17548520205407084,4.695194326434889e-05,0.10877449012804391,0.01084907531926414,0.014970156631954484,0.09239135367550344
"TLT, XLY, VNQ, HYG",4,0.0003515223324740448,0.0885836277834593,4.697010546537603e-05,0.10879552645800634,0.010694390105927735,0.015980456921153602,0.11951742594059456
"IWM, EFA, TLT, HYG",4,0.0004623498936324455,0.11651217319537627,4.6989759318373606e-05,0.1088182859092632,0.010745091690516326,0.014883509066560215,0.10938384804547718
"IWM, XLI, HYG, LQD",4,0.0005197281745468561,0.13097149998580776,4.7008009018455526e-05,0.10883941506940761,0.009821970393876821,0.014416830239631024,0.13451548242355726
"SPY, EEM, XLV, LQD",4,0.0006257438390251577,0.15768744743433974,4.70222867076914e-05,0.10885594265054267,0.010366685568402154,0.015158683310804973,0.11371882665036293
"USO, XLY, HYG, LQD",4,0.0005481872034109032,0.1381431752595476,4.70411962477082e-05,0.10887782811216647,0.010202423169301436,0.014587377564496582,0.13017027090195854
"IWM, XLP, VNQ, AGG",4,0.00045167998339267965,0.11382335581495527,4.7053504193608974e-05,0.10889207067913376,0.01043513380456755,0.014961451985242373,0.1326800690287343
"SPY, XLV, XLI, HYG",4,0.0006212480375435595,0.15655450546097702,4.705406555629669e-05,0.10889272023504036,0.009853061097759803,0.01441327093578345,0.12005561117791896
"QQQ, USO, HYG, AGG",4,0.0006669412417943215,0.16806919293216901,4.705834994745646e-05,0.10889767760039251,0.010341488892855152,0.014861323025533358,0.11791325319823376
"EFA, TLT, XLY, LQD",4,0.0003880861506018893,0.09779770995167611,4.7070178734669956e-05,0.1089113632323865,0.010751313341665096,0.015073922932907208,0.10150263818037308
"GLD, XLU, VNQ, LQD",4,0.0006332180944769785,0.15957095980819858,4.707494122640338e-05,0.10891687283912284,0.010705389936004082,0.015593193050435558,0.11570946598609344
"EFA, EEM, XLU, AGG",4,0.0006254964388464739,0.15762510258931142,4.7092707901857876e-05,0.10893742419971286,0.01073262623696127,0.015256314864902946,0.09372333187962356
"IWM, TLT, XLV, XLP",4,0.0004253606322032419,0.10719087931521697,4.709359898512406e-05,0.10893845484607932,0.011103489440548037,0.01484773352708286,0.12684403852165727
"EFA, EEM, TLT, LQD",4,0.000478206522263773,0.1205080436104708,4.709632356532978e-05,0.10894160609456383,0.011024792744222744,0.015558172614699417,0.10008067767465934
"EEM, GLD, XLV, LQD",4,0.0006975932423735993,0.17579349707814704,4.712473193276713e-05,0.10897445777363299,0.010044239032675128,0.015953311622334626,0.10099976894104912
"TLT, USO, VNQ, HYG",4,0.00048749553914415874,0.12284887586432801,4.7136902812823534e-05,0.10898852925345644,0.009887632161947763,0.014505353122282724,0.09823152625363407
"XLE, XLI, VNQ, AGG",4,0.0005453628069209214,0.1374314273440722,4.717305164379679e-05,0.10903031236420811,0.009379714868849007,0.01465558222911142,0.13617339976994536
"SPY, QQQ, TLT, XLP",4,0.0006039595590188635,0.1521978088727536,4.717385966364406e-05,0.10903124614182076,0.010837118132517368,0.014889102623955012,0.12412450778496198
"SPY, TLT, XLY, HYG",4,0.0004548627625976457,0.11462541617460673,4.718792535379192e-05,0.10904749969236142,0.010473428242977421,0.015224649903941165,0.12726770381204422
"EFA, XLE, VNQ, HYG",4,0.0005602663376262199,0.1411871170818074,4.7197520670045675e-05,0.10905858613081094,0.009633389070408605,0.014900174214855958,0.11785031198050422
"QQQ, XLE, XLU, HYG",4,0.0006991027894929505,0.17617390295222352,4.720880099999188e-05,0.10907161799477422,0.008957924366678617,0.015065959221859626,0.13101229001759485
"USO, XLP, XLY, AGG",4,0.0005622922772055992,0.141697653855811,4.721322363899963e-05,0.10907672692663595,0.010064833055853348,0.014146174160197618,0.1173387694789102
"TLT, GLD, XLE, XLI",4,0.0006906955807187457,0.1740552863411239,4.722504406756295e-05,0.10909038044220885,0.009426729596802583,0.014794922279260533,0.09870372550277562
"EFA, USO, XLV, HYG",4,0.0006571941974424062,0.16561293775548636,4.7248019636012074e-05,0.10911691412551514,0.009872424651921877,0.014584176719703903,0.10777952527120938
"XLF, XLI, XLU, HYG",4,0.0006445902217882832,0.16243673589064736,4.728896013640021e-05,0.10916417889753421,0.00941776789287338,0.014387459249289306,0.11475964493590685
"SPY, XLE, VNQ, LQD",4,0.0005746688142172015,0.1448165411827348,4.729733726249671e-05,0.10917384755585548,0.009196593271970742,0.01536600789841625,0.13916012175026438
"TLT, XLI, XLP, VNQ",4,0.00043318375086819045,0.10916230521878399,4.73065963321389e-05,0.10918453313404332,0.010922765307891094,0.014929298824342916,0.11734326415715268
"SPY, XLV, XLP, XLU",4,0.0006133173832319521,0.1545559805744519,4.73299620656235e-05,0.10921149408618637,0.009620030435594496,0.014325435146948673,0.10818320128114556
"XLV, XLI, VNQ, HYG",4,0.0005179076074199586,0.13051271706982956,4.733479311110001e-05,0.10921706764053503,0.010351356208369949,0.01434069159672811,0.12002830788012187
"EFA, GLD, VNQ, HYG",4,0.00067015735328858,0.16887965302872215,4.736167478877048e-05,0.10924807571197838,0.010607997678945876,0.015571730419221122,0.09195065213894538
"GLD, XLI, VNQ, LQD",4,0.0006633726647048333,0.167169911505618,4.736773169205348e-05,0.1092550611477449,0.010407264931919707,0.015277293288216955,0.0963924803601629
"GLD, XLV, XLP, XLU",4,0.0006851667865803938,0.17266203021825924,4.738728510392725e-05,0.10927760907976376,0.010143730389099223,0.014790050522022643,0.10163236745663318
"TLT, XLV, XLP, VNQ",4,0.0003545681944040983,0.08935118498983277,4.739010394632341e-05,0.10928085923195104,0.011018249956840639,0.015175319444608064,0.12313445300422576
"EFA, TLT, GLD, XLE",4,0.0006712932016001051,0.16916588680322647,4.7416577622215387e-05,0.10931137891728508,0.01009426506373536,0.015242792848081131,0.0951006730272771
"SPY, GLD, XLI, LQD",4,0.0007667130948284342,0.19321169989676543,4.7444947101163136e-05,0.10934407468854045,0.010325496033928324,0.01544330016736561,0.09446963272746667
"XLF, XLY, XLU, AGG",4,0.0005508468094864461,0.13881339599058443,4.74451345127252e-05,0.10934429064750821,0.010879072201617174,0.015125575303434858,0.11414665212580821
"EEM, USO, XLV, LQD",4,0.0006810923780426454,0.17163527926674663,4.745604650106268e-05,0.10935686406562597,0.009936261059021921,0.015209798553175544,0.12603234038660382
"XLE, XLV, XLY, LQD",4,0.0004975818550493557,0.12539062747243765,4.746856545937323e-05,0.10937128734618631,0.00958568397336424,0.014784197430974606,0.12690607835231227
"IWM, XLF, XLP, LQD",4,0.0005380204536463188,0.13558115431887233,4.747080137493303e-05,0.1093738631780149,0.010186578787361926,0.01464610937958685,0.1308338412936636
"IWM, TLT, XLI, AGG",4,0.0004474463629271471,0.11275648345764107,4.748919792230661e-05,0.10939505416800738,0.010920468237748197,0.014808141786956937,0.12977861636207066
"XLF, XLV, XLI, HYG",4,0.000596129235552046,0.1502245673591156,4.750495976513813e-05,0.109413206976191,0.0098576468548001,0.014478233697654795,0.11217367997901218
"SPY, GLD, XLF, XLP",4,0.0008111924416302843,0.20442049529083164,4.750736424160824e-05,0.10941597593078113,0.010245381569398547,0.015163577156686245,0.09846058516386802
"TLT, USO, XLU, LQD",4,0.000513307166162789,0.12935340587302283,4.7532673241500795e-05,0.10944511709920274,0.009812646606507726,0.014535087913915171,0.0852178204762738
"EEM, TLT, XLY, AGG",4,0.0004300525567829638,0.10837324430930688,4.7534745741608584e-05,0.10944750306373081,0.011095757746991132,0.015574350815952697,0.10280725866661389
"XLE, XLI, XLU, HYG",4,0.0006316674114658781,0.1591801876894013,4.753732585854655e-05,0.10945047334915337,0.008759902457399117,0.014455427904804507,0.12690027827119
"SPY, IWM, TLT, HYG",4,0.0005029394379258146,0.1267407383573053,4.754634989051367e-05,0.10946086137249901,0.010082463112485148,0.015059047992589128,0.1357265608839413
"QQQ, XLV, VNQ, LQD",4,0.0005591559177446435,0.14090729127165016,4.7548043710316683e-05,0.10946281110495841,0.0101097547311663,0.015212739562102597,0.11998292425017176
"SPY, IWM, XLP, HYG",4,0.0005893263233402194,0.1485102334817353,4.7563416333285425e-05,0.1094805047302392,0.009929529033481004,0.014670447440440305,0.1398940332493761
"IWM, XLE, XLP, HYG",4,0.0005512847110263011,0.13892374717862788,4.756540592098481e-05,0.10948279450255266,0.00942706693562018,0.01490090439946209,0.14307953883628166
"QQQ, XLF, XLV, LQD",4,0.000637377545876731,0.1606191415609362,4.759599901688751e-05,0.10951799738972427,0.010004146111627794,0.014842815992725952,0.12329952753437945
"QQQ, EEM, XLP, LQD",4,0.0006514311648238908,0.16416065353562048,4.760531126891792e-05,0.10952871057292383,0.010267301040937721,0.015147995565256499,0.11207745557890592
"EFA, XLU, VNQ, LQD",4,0.0005207791468351678,0.13123634500246228,4.7608665018938425e-05,0.10953256860300722,0.010814829596332851,0.015118237405038227,0.10000495400756348
"XLV, XLI, VNQ, LQD",4,0.0004917205397175713,0.12391357600882796,4.7610019376246884e-05,0.1095341265670851,0.010698857753775949,0.014631342782003894,0.12042102078629158
"SPY, XLP, XLY, LQD",4,0.0005150625803096633,0.12979577023803515,4.761320761379393e-05,0.10953779401958062,0.01010870973782666,0.01480195174554684,0.13080466366613164
"QQQ, XLV, VNQ, HYG",4,0.0005853429854470308,0.14750643233265176,4.7619847900415894e-05,0.1095454319946971,0.009956690691853296,0.015162763032466825,0.12357239484645677
"TLT, XLF, XLE, XLU",4,0.0005635728051509359,0.14202034689803583,4.7624178990091625e-05,0.10955041353414915,0.009674649250222862,0.015077884309828772,0.11633949794203857
"SPY, QQQ, TLT, LQD",4,0.0005555485754002284,0.13999824100085756,4.763061392104628e-05,0.1095578144547602,0.010692141176156716,0.015046373239092721,0.11832697352071087
"EFA, TLT, GLD, XLF",4,0.00068421601192251,0.17242243500447252,4.764680673195665e-05,0.1095764358630681,0.010252169521079773,0.01529270709965679,0.09319849427194893
"XLF, XLP, XLY, HYG",4,0.0005161308460205372,0.1300649731971754,4.7646904825532375e-05,0.10957654865907285,0.010483494811751088,0.015006917540794725,0.11992966146965911
"SPY, USO, XLP, HYG",4,0.0006772228546821645,0.17066015937990545,4.7654302129307895e-05,0.10958505434859989,0.009942698129299621,0.01446071346576216,0.1183031518118195
"EFA, TLT, XLF, XLE",4,0.0005743249962601502,0.14472989905755784,4.7658600933360476e-05,0.10958999696690772,0.00941556594910188,0.015197927696908762,0.11456344633538895
"TLT, USO, XLY, HYG",4,0.0005102113016151333,0.12857324800701359,4.766851479135374e-05,0.10960139473301032,0.010146507209732081,0.014422530024064807,0.12355522090944915
"EEM, TLT, XLE, XLU",4,0.0005981873111517066,0.15074320241023006,4.7688373402272584e-05,0.10962422222014938,0.010355813443046626,0.015681988388972324,0.11526136462509984
"SPY, XLE, XLI, AGG",4,0.0006487032370445222,0.16347321573521958,4.770154493160777e-05,0.10963936028071834,0.009140769647306557,0.01502779966049679,0.13630919506148031
"USO, XLP, XLU, AGG",4,0.0005915752094556421,0.1490769527828218,4.7704712388247963e-05,0.10964300033216205,0.010104602834033789,0.013800807821053987,0.08954784908264601
"USO, XLI, XLP, HYG",4,0.0006560356895074363,0.16532099375587395,4.770752842096055e-05,0.10964623642461269,0.009746044946167653,0.013927518487764733,0.11091540038298586
"GLD, XLE, XLV, XLP",4,0.0006984669096690585,0.17601366123660275,4.770804895134456e-05,0.10964683459060197,0.009430900368100119,0.014402594566606077,0.0959410358709214
"SPY, EEM, XLV, HYG",4,0.000651930906727545,0.16428658849534136,4.771933392316521e-05,0.109659801881262,0.010345110104059984,0.015049142775294122,0.11660401792403319
"SPY, EEM, XLU, LQD",4,0.0006742048252613949,0.16989961596587153,4.772048865980836e-05,0.10966112867498543,0.010523538802992375,0.015279596518345718,0.10787495810948522
"SPY, XLK, LQD, AGG",4,0.0006437278226644283,0.16221941131143594,4.772736634876456e-05,0.10966903081494188,0.01065677965971394,0.014987366782610484,0.12008941362965986
"EFA, TLT, XLK, AGG",4,0.0005651623765752894,0.14242091889697292,4.77292256044398e-05,0.10967116691418412,0.010727658499971515,0.014549406619897164,0.10351110442665745
"GLD, XLV, XLI, XLP",4,0.0007153213568082486,0.18026098191567866,4.7729674632389825e-05,0.10967168279625437,0.009917372821411346,0.014750540813554907,0.1097330991715969
"EFA, USO, XLU, AGG",4,0.0006713492738547044,0.16918001701138552,4.7730232475009585e-05,0.10967232369063043,0.009840051706531636,0.01406682111457501,0.09811872620330309
"XLF, XLU, VNQ, HYG",4,0.0005624369568394108,0.1417341131235315,4.7740890423788264e-05,0.10968456767838693,0.010464298996852868,0.015208978923404401,0.11100318710001289
"TLT, GLD, XLF, XLI",4,0.0007036183910411509,0.17731183454237,4.775107621683509e-05,0.10969626797043938,0.010881790207872784,0.01524002365096292,0.09213401411023836
"QQQ, TLT, XLE, XLU",4,0.0006349398199947931,0.16000483463868787,4.776088935141897e-05,0.10970753901422446,0.009752442524712657,0.01528751111874879,0.12702187199893022
"EFA, XLK, XLP, HYG",4,0.0006858551718136336,0.17283550329703568,4.7776433595324756e-05,0.10972539025231051,0.009704487843184676,0.014471131879631555,0.11865364295748915
"EFA, XLK, HYG, LQD",4,0.0006374441881949987,0.16063593542513965,4.7800098791279664e-05,0.10975256213593593,0.010352471480178066,0.014663817301779658,0.11005517637908435
"EEM, TLT, GLD, LQD",4,0.0005906454699055836,0.14884265841620709,4.78012210735269e-05,0.10975385054989542,0.010374598692121447,0.01631901504956862,0.09177175335214827
"QQQ, XLV, XLI, AGG",4,0.0006331903405719642,0.15956396582413498,4.7801594453079126e-05,0.10975427919755995,0.01002843559602732,0.014678136280762337,0.11913299358079377
"EEM, TLT, XLF, XLU",4,0.0006111101214741118,0.15399975061147617,4.780531470210121e-05,0.1097585500311001,0.011008397306622755,0.015368142521950935,0.09465222511396387
"QQQ, XLF, XLU, HYG",4,0.0007120255998153553,0.17943045115346953,4.7810154897166584e-05,0.10976410631024142,0.009719119015687066,0.014893365740793377,0.12835403637529408
"EEM, GLD, XLU, AGG",4,0.0007379353864882846,0.1859597173950477,4.783003499887968e-05,0.10978692463001995,0.010503483379192416,0.01653346517524966,0.08917031097397743
"IWM, TLT, XLF, LQD",4,0.000451633568231914,0.11381165919444233,4.7854262174206505e-05,0.10981472609764156,0.011045062779953523,0.015302467269072476,0.12424252830267102
"SPY, QQQ, XLU, AGG",4,0.0007028384919829296,0.17711529997969824,4.789126605238345e-05,0.10985717566550048,0.009729502945991104,0.015034922583809854,0.1255562927003132
"IWM, GLD, XLU, AGG",4,0.0006958916901545699,0.17536470591895162,4.789920742094576e-05,0.10986628359091033,0.01023195306556134,0.015501825880017635,0.0906760364706406
"XLK, XLE, XLU, AGG",4,0.000723119067258993,0.18222600494926625,4.791587091846658e-05,0.10988539243891146,0.009543306684327289,0.015465893107480063,0.1301694959963302
"SPY, EFA, GLD, LQD",4,0.0007473107157097934,0.18832230035886793,4.79263864885995e-05,0.1098974494477787,0.010256578354960508,0.01572046319735518,0.09108508486954092
"SPY, EFA, TLT, XLE",4,0.0005994437982516635,0.1510598371594192,4.793158424269157e-05,0.10990340863302774,0.009132324028958062,0.015294578490349379,0.11626837832624826
"EEM, XLV, XLP, XLU",4,0.0006228130872412095,0.1569488979847848,4.794271855017064e-05,0.10991617294394398,0.010390275454155438,0.014847435731579317,0.10754374589584159
"IWM, USO, HYG, AGG",4,0.0005881450366175203,0.14821254922761512,4.7955718770382525e-05,0.10993107445184186,0.010199341480133545,0.014798126851680079,0.12491233595747164
"XLK, XLV, VNQ, AGG",4,0.0006093592632130736,0.15355853432969455,4.7961705080058605e-05,0.1099379355826494,0.010266533588936842,0.015102673548776322,0.12686648600922867
"TLT, USO, XLY, LQD",4,0.00048402423391274605,0.121974106946012,4.796665680754646e-05,0.10994361061699634,0.010064519571136929,0.014412527343003067,0.1163258283846712
"QQQ, GLD, XLV, XLP",4,0.0007827567348353211,0.19725469717850092,4.7978025169454845e-05,0.10995663846581807,0.010119733627656858,0.015132229179867908,0.10174299261268738
"USO, XLP, VNQ, AGG",4,0.0005395765147346246,0.1359732817131254,4.7979250450763274e-05,0.10995804251437157,0.010504615030160489,0.014262680114828837,0.097815292976701
"GLD, XLE, XLY, LQD",4,0.0006692339800366179,0.1686469629692277,4.7988296748810944e-05,0.10996840810296546,0.010608293796334338,0.015793124005528965,0.10075700559998224
"EFA, XLV, XLY, AGG",4,0.00048691508094835325,0.12270260039898502,4.798894353638902e-05,0.10996914917907674,0.01087097104474007,0.014501163646398571,0.10615635249233057
"IWM, XLV, XLU, HYG",4,0.000558545474991247,0.14075345969779424,4.7992551912578164e-05,0.10997328349180858,0.009753647353414226,0.014532261561619221,0.12790349414135094
"QQQ, IWM, LQD, AGG",4,0.0005528576427499892,0.13932012597299728,4.7996859900757946e-05,0.10997821918448672,0.010460409635342635,0.014902880159087951,0.13219597257751892
"QQQ, GLD, XLE, LQD",4,0.0007961068605415881,0.2006189288564802,4.7997117807942006e-05,0.1099785146635532,0.010359853025974307,0.015606579281588767,0.10215976622129097
"XLI, XLP, XLY, LQD",4,0.000493875415134935,0.12445660461400361,4.802307333241819e-05,0.1100082473261409,0.010336975340445092,0.014385140018535825,0.12642332069805085
"IWM, TLT, XLP, XLU",4,0.0004738216184394791,0.11940304784674872,4.805968163295624e-05,0.11005016933882915,0.010902299459126238,0.015143117903083403,0.12528252052983457
"SPY, EEM, XLU, HYG",4,0.0007003918929637824,0.17649875702687318,4.806528164614701e-05,0.11005658078837925,0.010492553928928481,0.01520173392200393,0.11393448341581447
"SPY, EFA, GLD, HYG",4,0.0007734977834121807,0.19492144141986953,4.8095591748917404e-05,0.11009127631527935,0.010589856581463827,0.015799580342979323,0.0880155169299699
"SPY, EEM, XLE, AGG",4,0.0006793861062285079,0.17120529876958399,4.810028833331235e-05,0.1100966514476926,0.009444633682063079,0.015706184495833986,0.12413529856531513
"QQQ, XLI, XLU, AGG",4,0.0006816513268082014,0.17177613435566674,4.81057524687548e-05,0.11010290469431862,0.009786077779458367,0.014716221391441764,0.11816263946641481
"EFA, XLF, XLE, HYG",4,0.0006384879657583072,0.1608989673710934,4.812933529066318e-05,0.11012988919111434,0.009706115436326664,0.0151412671198355,0.12131801555610056
"EEM, XLF, XLE, LQD",4,0.0006623861463585463,0.16692130888235368,4.815054938546149e-05,0.11015415763890303,0.01017803896534834,0.015613917757796567,0.11843072309464153
"IWM, XLV, XLU, LQD",4,0.0005323584072888598,0.13415431863679267,4.8151931006495984e-05,0.11015573799687871,0.010109543277307672,0.014858180803466224,0.12744346690475894
"SPY, GLD, XLI, HYG",4,0.0007929001625308215,0.19981084095776702,4.816987700262892e-05,0.11017626334498047,0.010463059701004272,0.015629439508999653,0.09539638833538677
"TLT, GLD, XLI, XLU",4,0.000677395457630081,0.1707036553227804,4.8173270931144755e-05,0.11018014464797403,0.010902990322530835,0.015227731809424208,0.13301868982845477
"EFA, USO, XLF, AGG",4,0.0006975722072657743,0.17578819623097514,4.8240115047898365e-05,0.11025655985958563,0.009720792359441505,0.014712292362091962,0.1101482450038963
"EEM, TLT, USO, XLV",4,0.0006431164762468755,0.16206535201421263,4.824159517134006e-05,0.11025825131561673,0.009804032489516216,0.01538415602984983,0.12947974058657197
"XLE, XLY, XLU, LQD",4,0.0005460428412855929,0.1376027960039694,4.827159672893446e-05,0.11029253091525049,0.010166953414753488,0.015206994969661106,0.13028735588889406
"XLF, XLU, VNQ, LQD",4,0.0005362498891370234,0.1351349720625299,4.827228302782117e-05,0.1102933149515914,0.010630432628408236,0.015477904000263798,0.11042359672088975
"QQQ, USO, XLP, LQD",4,0.0006972839998321211,0.17571556795769452,4.827996457030699e-05,0.11030209006051228,0.009985052332404354,0.014627065953461013,0.12265388242502229
"EEM, XLP, XLY, LQD",4,0.0005245582843189206,0.13218868764836797,4.8330178157917245e-05,0.1103594350103114,0.01076856833935859,0.01521884538723001,0.11429094213919178
"USO, XLV, XLI, LQD",4,0.0006504095088586598,0.16390319623238225,4.8337272415508704e-05,0.11036753439625348,0.00957566326249508,0.014375979920902329,0.11997737328698499
"SPY, USO, XLV, LQD",4,0.000671596674033388,0.16924236185641378,4.835220775761975e-05,0.11038458386441549,0.009717493626573405,0.01506520528196134,0.12081865526985935
"QQQ, EEM, XLP, HYG",4,0.0006776182325262781,0.17075979459662208,4.8371318428389534e-05,0.11040639584713452,0.009602461892550445,0.015208864334298244,0.11811584994941848
"QQQ, XLV, XLP, XLU",4,0.000659565596084296,0.1662105302132426,4.8374961696470954e-05,0.11041055360567069,0.009545056437927702,0.014501450524144158,0.11567575186623713
"EFA, XLF, XLI, AGG",4,0.0006210365030735582,0.15650119877453667,4.837714578983967e-05,0.11041304605452926,0.010426276201869701,0.014665337402407164,0.10566451077765104
"USO, XLF, XLP, HYG",4,0.0006521040526906511,0.1643302212780441,4.8380165741685405e-05,0.11041649227766985,0.010102219191448445,0.014469661727897884,0.1096173937061774
"USO, XLV, XLU, LQD",4,0.0006202549386308048,0.1563042445349628,4.838272924878982e-05,0.11041941754372296,0.009925649921973999,0.014555986383688345,0.09874874254151755
"IWM, XLF, XLP, HYG",4,0.000564207521348706,0.14218029537987392,4.8385129306771655e-05,0.11042215622467468,0.009738175485315506,0.014778456452035302,0.1313322367265779
"SPY, EFA, XLE, HYG",4,0.0006636067677498206,0.1672289054729548,4.839466265638792e-05,0.11043303395909104,0.009203711220939938,0.015448611265698072,0.12710716482847906
"EEM, XLU, VNQ, HYG",4,0.0005970514628401815,0.15045696863572572,4.840128920115666e-05,0.11044059434234986,0.010574549808426113,0.015200069271107662,0.10859857825447361
"EEM, XLV, XLI, LQD",4,0.0006045566738504294,0.1523482818103082,4.84047443463932e-05,0.11044453619482988,0.009934125472498017,0.015310398665292786,0.11669734773819407
"IWM, TLT, USO, AGG",4,0.000523982067119363,0.13204348091407947,4.841272772462061e-05,0.11045364360945453,0.010358685576471202,0.01470722283372268,0.1123552187278527
"EEM, GLD, XLE, AGG",4,0.0007512355095769496,0.18931134841339128,4.8423430516413264e-05,0.11046585214506854,0.010350259107094235,0.016143831079618764,0.09319693716150301
"TLT, XLI, XLY, LQD",4,0.0004074885297205301,0.10268710948957359,4.844127750422128e-05,0.11048620697201875,0.010055231944295652,0.01528376578020391,0.1237386307447248
"GLD, XLK, XLU, AGG",4,0.0008330100829213532,0.209918540896181,4.8447471337589014e-05,0.11049327027956242,0.01045354165252623,0.015752525593371095,0.08355224069558775
"USO, XLF, XLV, LQD",4,0.0006464778720418747,0.16291242375455242,4.845410690380356e-05,0.11050083682831771,0.00957280522854356,0.01491767970220666,0.11202318398581645
"QQQ, IWM, HYG, AGG",4,0.0005790447104523764,0.14591926703399885,4.846330075104756e-05,0.11051131973360913,0.010647774259754782,0.014998266188634632,0.13226445102088202
"QQQ, GLD, XLF, LQD",4,0.0008090296708639931,0.20387547705772627,4.846515895234013e-05,0.11051343835022832,0.010384104125526797,0.015686994182090935,0.09897039189316803
"SPY, XLP, XLY, HYG",4,0.0005412496480120505,0.13639491129903675,4.8472786061971874e-05,0.1105221339262725,0.009948501491744277,0.014982222420991714,0.1322476966102456
"XLK, XLF, XLU, AGG",4,0.0007360418775813982,0.18548255315051235,4.847424302649141e-05,0.11052379491618915,0.009755302744451333,0.01516328351730735,0.12488997489048792
"XLP, XLY, VNQ, HYG",4,0.00043790921788844974,0.11035312290788933,4.8480589120951935e-05,0.11053102939211182,0.010443435721138547,0.015431879019977978,0.1222483318169828
"IWM, TLT, XLE, XLP",4,0.000487121741528144,0.12275467886509228,4.849123307771925e-05,0.11054316231945444,0.0101672063072857,0.015178123759347956,0.14503002446266333
"SPY, XLK, HYG, AGG",4,0.0006699148903668156,0.16881855237243754,4.849241782672769e-05,0.11054451271924526,0.01033183535572896,0.015134548340422336,0.1240063959866281
"EFA, XLE, XLI, LQD",4,0.0006162325348727051,0.1552905987879217,4.850478549747639e-05,0.11055860864430254,0.009036037102076126,0.015121964743737188,0.11860790894091355
"EEM, XLE, VNQ, LQD",4,0.000584164518226459,0.14720945859306767,4.850915439379407e-05,0.11056358761923432,0.00988740002932015,0.015797545471156804,0.12591752500142084
"IWM, TLT, VNQ, AGG",4,0.0003652930979782746,0.09205386069052521,4.8511448579857155e-05,0.11056620207877271,0.011086893498812481,0.01593156955958157,0.12618832712945993
"TLT, GLD, XLV, VNQ",4,0.0005467812064449712,0.13778886402413276,4.851428135710431e-05,0.11056943023272882,0.01136185039341059,0.015349987840268467,0.09553351243508568
"EFA, XLI, VNQ, AGG",4,0.0005428148749414709,0.13678934848525068,4.8516738130477545e-05,0.1105722298268437,0.01042763630872664,0.014837056753518006,0.10609911077003154
"SPY, GLD, XLE, XLP",4,0.000798269631307879,0.20116394708958552,4.851764950976731e-05,0.11057326836293374,0.009909001790385607,0.015155259339505553,0.10512947141845075
"TLT, GLD, XLF, VNQ",4,0.0006214651260922784,0.15660921177525416,4.852116781090694e-05,0.11057727745042627,0.010788504587559578,0.015364411819405198,0.09061983268036222
"QQQ, TLT, USO, XLP",4,0.0006593080980363513,0.16614564070516052,4.852418938341167e-05,0.11058072040197488,0.009812659147848901,0.014360575967961411,0.11739553699631389
"EFA, GLD, VNQ, LQD",4,0.0006439702855861926,0.16228051196772053,4.853224771616072e-05,0.11058990200046522,0.010520025925447986,0.015748233940094763,0.0950117067132239
"SPY, XLE, VNQ, HYG",4,0.0006008558819195889,0.1514156822437364,4.856018034431566e-05,0.11062172230971433,0.00936439150500905,0.015435077159978905,0.13974251253176673
"EFA, EEM, XLE, AGG",4,0.0006387965619351388,0.16097673360765496,4.860448031078803e-05,0.11067216921303469,0.009573507474408232,0.0159986427784044,0.11767198757522701
"QQQ, IWM, XLP, AGG",4,0.0006012686263686244,0.15151969384489333,4.863127889587296e-05,0.11070267513371114,0.010835153724100806,0.014876578421627646,0.13789675611458507
"EFA, XLV, XLP, XLU",4,0.000572727838938583,0.14432741541252292,4.8644306038817535e-05,0.11071750142494194,0.010362200296430741,0.014470324188914951,0.09666670698371427
"SPY, TLT, XLY, LQD",4,0.00042867569489525836,0.1080262751136051,4.864856769689562e-05,0.11072235121969591,0.010741217442141215,0.015602420897958786,0.12729803921660843
"QQQ, XLY, LQD, AGG",4,0.0005047809674218203,0.12720480379029872,4.865038302378466e-05,0.11072441700904881,0.010917755412127552,0.015084606972856402,0.12829448146897715
"TLT, XLK, XLV, XLU",4,0.0006315008982598732,0.15913822636148803,4.8651443800674133e-05,0.11072562412454438,0.009752384921240309,0.014765579969432618,0.1196756003780135
"SPY, QQQ, XLV, AGG",4,0.0006543775057466923,0.16490313144816646,4.868470810897059e-05,0.1107634707088063,0.010246466450325115,0.015044213856772818,0.1269138978587011
"QQQ, EFA, XLE, AGG",4,0.0006755490707782254,0.1702383658361128,4.8688677674681425e-05,0.11076798623257407,0.009365254269647448,0.015564173135135943,0.12653373224681053
"XLF, XLE, XLI, AGG",4,0.0006235844350530089,0.15714327763335822,4.86971460756103e-05,0.11077761872803459,0.009545147818588012,0.015043817150778141,0.1277525638282565
"TLT, GLD, XLK, LQD",4,0.0006857201663386521,0.17280148191734032,4.869806490422071e-05,0.11077866381151029,0.010764578154996318,0.015418883220847146,0.08176444907418279
"QQQ, EEM, HYG, LQD",4,0.000629207248907643,0.15856022672472603,4.870946829628677e-05,0.11079163330623963,0.010319582955444996,0.015320511848324435,0.10926358008107573
"IWM, GLD, XLV, HYG",4,0.000681736613742272,0.17179762666305254,4.871539818607282e-05,0.11079837698671562,0.01086109897620771,0.015467137746562805,0.08838627028721924
"TLT, USO, VNQ, LQD",4,0.0004613084714417715,0.11624973480332641,4.87158981092025e-05,0.11079894549822679,0.010315832156511547,0.014822896229158345,0.10420407692185829
"SPY, XLI, VNQ, AGG",4,0.0005834044192348398,0.14701791364717964,4.87285618666623e-05,0.11081334572333289,0.010187564698448694,0.01524372872431739,0.13286580344298182
"USO, XLV, VNQ, AGG",4,0.0005601374017882353,0.1411546252506353,4.873352649192767e-05,0.11081899059261356,0.010473597347057294,0.014865688517277743,0.11057550860143395
"EFA, GLD, XLV, XLP",4,0.000695918977689608,0.17537158237778122,4.8735016061860555e-05,0.11082068420465947,0.010105209975240129,0.015378594779561135,0.11326092044359237
"EEM, XLP, XLY, HYG",4,0.000550745352021308,0.13878782870936962,4.875624092681432e-05,0.11084481365204783,0.010204665086916389,0.015259628900720608,0.11570980059242453
"TLT, XLE, XLV, VNQ",4,0.00043689019078261117,0.11009632807721802,4.8763098161760635e-05,0.11085260816401066,0.010020438658486563,0.015844216563091987,0.12516222485958284
"SPY, XLY, XLU, AGG",4,0.0005759656114779593,0.14514333409244576,4.876854697152345e-05,0.11085880135029384,0.010403695051899696,0.015264360058949865,0.12468180022215836
"IWM, XLE, XLV, AGG",4,0.0005375396882559728,0.13546000144050516,4.8800283478890745e-05,0.11089486659300542,0.009721595199453925,0.015135522576010354,0.14062763808409062
"QQQ, EFA, XLU, LQD",4,0.0006703677898111125,0.16893268303240036,4.8801947608029116e-05,0.11089675737920987,0.009958100167645227,0.014753334362621323,0.1106243214215501
"GLD, XLY, VNQ, AGG",4,0.0005958163201053835,0.15014571266655663,4.880457767874996e-05,0.11089974560405894,0.011589121433124157,0.016178888101251575,0.08745647037539728
"EFA, TLT, XLV, XLI",4,0.0005164955237520332,0.13015687198551237,4.880897299655696e-05,0.1109047392816572,0.01034736330720008,0.014888415475389993,0.1112869798261551
"XLI, XLP, XLY, HYG",4,0.0005200624828373223,0.13105574567500522,4.881664080840273e-05,0.11091345041841177,0.010043529609127055,0.014494732955266008,0.1265028572847352
"XLE, XLU, VNQ, LQD",4,0.0005233270788146183,0.13187842386128382,4.88181104791521e-05,0.11091511998256293,0.010139749381688438,0.015396313651664039,0.1225245109817269
"XLE, XLU, VNQ, HYG",4,0.0005495141465170056,0.1384775649222854,4.882526391421546e-05,0.11092324601445046,0.009764439055287724,0.015185978899290046,0.12301758228023385
"TLT, GLD, XLE, VNQ",4,0.0006085423157698734,0.1533526635740081,4.8831143429915636e-05,0.1109299244763952,0.010092658409312514,0.01556467975248642,0.0986886165014661
"SPY, TLT, USO, XLV",4,0.0006336207722376181,0.15967243460387978,4.883582299336968e-05,0.11093523964155466,0.009745653660664311,0.014875872303058698,0.11876042300185097
"QQQ, XLU, VNQ, HYG",4,0.0006338039716832681,0.15971860086418355,4.885057110175164e-05,0.1109519892459861,0.010040962064399498,0.015184612106305366,0.12167550372432978
"IWM, GLD, XLV, LQD",4,0.0006555495460398847,0.16519848560205094,4.886214507195099e-05,0.11096513217282107,0.011158923477342292,0.015534590553922029,0.08926336951830205
"SPY, TLT, XLV, XLI",4,0.0005570850680454021,0.14038543714744134,4.88658931069448e-05,0.11096938795429166,0.01024460774502477,0.015011401076413829,0.12197764757217933
"TLT, XLK, XLI, AGG",4,0.0005845647556939302,0.1473103184348704,4.889168279245146e-05,0.1109986669455889,0.010738157539468678,0.015054320156030499,0.12170804652167955
"TLT, XLE, XLI, XLU",4,0.0005675044419677209,0.14301111937586566,4.889309129481154e-05,0.11100026579379217,0.009303118556472452,0.014939410998059361,0.12880089882049173
"QQQ, EEM, TLT, AGG",4,0.000556925437287934,0.14034521019655938,4.890373435152716e-05,0.11101234641509405,0.011016998704004676,0.015545072862225503,0.09773025013160819
"TLT, USO, XLV, XLI",4,0.00061243360706289,0.15433326897984828,4.8918842478705696e-05,0.11102949294954848,0.009667168402001037,0.01441985308002143,0.12106359215258067
"USO, XLP, XLU, LQD",4,0.0005996940515771939,0.15112290099745287,4.895377743101191e-05,0.11106913123192691,0.01009997093661346,0.014016681665519323,0.09148773987417747
"TLT, USO, XLF, XLV",4,0.0006085019702461048,0.15334249650201842,4.896014311400285e-05,0.11107635241008196,0.009858687924600679,0.01476562602528286,0.11306793910640511
"XLP, XLY, VNQ, LQD",4,0.0004117221501860625,0.10375398184688775,4.8960788860482124e-05,0.11107708491332269,0.011042452749094251,0.015686060645198535,0.12226413919027301
"XLK, XLF, XLV, AGG",4,0.0006875808913451608,0.17327038461898053,4.896260981295807e-05,0.11107915048678323,0.010207819937007095,0.015057002503092127,0.12625027714210646
"QQQ, TLT, USO, LQD",4,0.0006108971144177163,0.1539460728332645,4.897755828603188e-05,0.1110961056386768,0.01009867148212093,0.014829874454057786,0.10849859490882219
"SPY, IWM, TLT, LQD",4,0.0004767523702234274,0.12014159729630369,4.898231966801241e-05,0.11110150564388914,0.010615713587161433,0.01548430918110022,0.13550046618367861
"TLT, XLK, XLP, VNQ",4,0.0005589413164852447,0.14085321175428164,4.899157870371795e-05,0.11111200580196959,0.010225802916964814,0.015506753380257126,0.12907631757974802
"TLT, XLK, VNQ, LQD",4,0.0005105303328666096,0.12865364388238562,4.899718899402677e-05,0.11111836763782461,0.010185523357319518,0.015824890415478677,0.12310636184109625
"QQQ, USO, HYG, LQD",4,0.0006750600839158734,0.1701151411468001,4.900351770357817e-05,0.11112554369406569,0.010617795685411574,0.015169651783731334,0.12226958852942149
"QQQ, TLT, USO, HYG",4,0.0006370841821201035,0.16054521389426607,4.90193606604137e-05,0.11114350582208685,0.009846164452130029,0.0148966971903163,0.11556814839924623
"IWM, USO, XLP, AGG",4,0.000610368952533768,0.15381297603850955,4.9027355155770844e-05,0.11115256856795643,0.009991374373695239,0.014397436841703982,0.11809927821541599
"EEM, XLV, XLI, HYG",4,0.0006307437415528167,0.1589474228713098,4.9035780589673595e-05,0.11116211903610755,0.009974145492516644,0.015251399808899651,0.11523235654866582
"QQQ, XLF, XLV, HYG",4,0.0006635646135791181,0.16721828262193777,4.9037658312750556e-05,0.11116424737663248,0.010121143985569585,0.015045314181772582,0.12974106511515404
"SPY, TLT, GLD, VNQ",4,0.0006465839280837917,0.16293914987711552,4.9042265252165944e-05,0.11116946902610364,0.010684337113310141,0.01600614998618465,0.08971341525167686
"IWM, EFA, TLT, LQD",4,0.0004361628259300582,0.10991303213437467,4.904746470921363e-05,0.11117536195903226,0.011197727891673797,0.015363243623872744,0.11322172641371364
"QQQ, GLD, XLP, XLU",4,0.0008312177210715582,0.20946686571003267,4.9052704753157766e-05,0.11118130057611199,0.009827475083396141,0.015469776644452692,0.09125298410206195
"XLK, XLE, XLV, LQD",4,0.0006827769231443078,0.17205978463236557,4.9069192856301886e-05,0.11119998471127626,0.009106280549413474,0.015418049082155362,0.13663370160832933
"TLT, GLD, XLV, XLY",4,0.0005694969689159458,0.14351323616681835,4.906970337170313e-05,0.11120056317154689,0.011657874888940092,0.015422143793803621,0.09755103396094034
"GLD, USO, LQD, AGG",4,0.0006663553645880321,0.16792155187618407,4.908039084833934e-05,0.11121267236147829,0.010081369181439634,0.014695279774483209,0.1093762668982513
"QQQ, XLY, HYG, AGG",4,0.0005309680351242076,0.13380394485130032,4.9092151308469325e-05,0.11122599574620257,0.011012175943188806,0.015158640892322734,0.13108595625941977
"XLE, XLV, XLY, HYG",4,0.000523768922751743,0.13198976853343924,4.910882640375799e-05,0.11124488416887769,0.00932933578425115,0.015103450968850215,0.13104708513305097
"QQQ, EFA, XLV, LQD",4,0.0006219068035748752,0.15672051450086855,4.911762311521341e-05,0.11125484719792564,0.010531817674450442,0.014627160578014225,0.1129534333145219
"QQQ, XLU, VNQ, LQD",4,0.0006076169039808809,0.15311945980318198,4.91310211407876e-05,0.11127001989520123,0.010144110262219355,0.015501235658157933,0.12117009956113567
"USO, XLV, XLY, AGG",4,0.0005828531642592099,0.1468789973933209,4.915578474303165e-05,0.11129805818271933,0.010291786476679122,0.015031831966622815,0.13050322632869804
"SPY, XLF, XLE, LQD",4,0.0006528904423492891,0.16452839147202084,4.916249332620455e-05,0.1113056526785749,0.009515206780335496,0.015589729022192023,0.13079400921451767
"EFA, XLF, VNQ, LQD",4,0.0005470020802462376,0.13784452422205187,4.9182534970318733e-05,0.11132833786830881,0.010375762832811088,0.015305338511585049,0.11101736837479392
"XLF, XLV, XLY, AGG",4,0.0005023858232502088,0.1266012274590526,4.918485881470314e-05,0.11133096793482572,0.010388073509265636,0.015191430449906472,0.12132493534310951
"XLK, XLI, XLP, LQD",4,0.0006790704832298871,0.17112576177393155,4.920041914335937e-05,0.11134857710867509,0.010141345907247816,0.014681574067823248,0.1324696699115938
"GLD, USO, HYG, AGG",4,0.0006925424322904192,0.17452069293718564,4.9219507445688304e-05,0.1113701749855564,0.010071956112964686,0.014705022221689833,0.10946012953865536
"IWM, EEM, HYG, LQD",4,0.0005504110437308418,0.13870358302017213,4.9219579447404275e-05,0.1113702564455424,0.011067661109708294,0.015550692374313063,0.1159462236713883
"USO, XLP, XLY, LQD",4,0.0005704111193271511,0.14374360207044207,4.922949148923914e-05,0.11138146998171762,0.009997910780672206,0.014460567198060159,0.12201276920103621
"GLD, XLK, XLV, LQD",4,0.0007926679388066678,0.19975232057928027,4.922982927875713e-05,0.11138185210458118,0.010519723884946722,0.015396003429526038,0.09439024191464318
"QQQ, EFA, XLU, HYG",4,0.0006965548575134997,0.17553182409340193,4.9239540143360006e-05,0.11139283691569545,0.010063310027610363,0.014816453333889697,0.11704969968685486
"EFA, EEM, XLV, LQD",4,0.0005851542947317887,0.14745888227241075,4.926768617074676e-05,0.11142466923903425,0.010200552228143036,0.015449022208484372,0.11185835326854188
"EFA, XLF, VNQ, HYG",4,0.0005731891479486248,0.14444366528305344,4.928509639970013e-05,0.11144435514069088,0.01008608876573588,0.015110620461199098,0.11329039423955145
"GLD, XLE, XLY, HYG",4,0.0006954210477390051,0.1752461040302293,4.928893567210022e-05,0.11144869577240128,0.010614298342626984,0.01606087656037274,0.1045967466800175
"QQQ, GLD, VNQ, HYG",4,0.0007569951104342929,0.19076276782944182,4.9299139456954485e-05,0.11146023121792153,0.011193439347333734,0.01607261624350376,0.09810987084696399
"EFA, TLT, XLP, XLY",4,0.0004364971342205244,0.10999727782357215,4.930076731346525e-05,0.11146207140993407,0.011147088775960831,0.014975010145540816,0.10746532247764562
"TLT, XLF, XLV, XLI",4,0.0005319662660538888,0.13405549904557998,4.930913137217986e-05,0.11147152598663627,0.010521896814171155,0.015110315638782538,0.11330639584321833
"EEM, USO, XLV, HYG",4,0.0007072794457450326,0.17823442032774822,4.931559404344749e-05,0.11147883072112287,0.01016311876130032,0.015498269370199965,0.12336233059263801
"SPY, TLT, XLV, VNQ",4,0.0004749318030965295,0.11968281438032544,4.933637328957487e-05,0.11150231418662515,0.010552692937988009,0.015608727987002592,0.13024163516818899
"EEM, XLE, VNQ, HYG",4,0.0006103515859288464,0.1538085996540693,4.933848179633213e-05,0.11150469681890399,0.01001582321112555,0.01571197063188793,0.1227131344908895
"EFA, EEM, XLV, HYG",4,0.0006113413624341759,0.15405802333341234,4.934299777287929e-05,0.11150979974318662,0.01006970151511874,0.015428585525984324,0.10758429126271396
"EEM, XLE, XLV, XLP",4,0.0006361132103298743,0.16030052900312833,4.934699109762287e-05,0.11151431189134857,0.009282350771798724,0.015533729654738607,0.12337512564712827
"QQQ, TLT, GLD, XLE",4,0.0007581309587458181,0.19104900160394617,4.936554717284392e-05,0.1115352764265937,0.010404442796978086,0.015646528136242493,0.09899823848188849
"EEM, XLU, VNQ, LQD",4,0.0005708643951377941,0.14385782757472412,4.9396274402526146e-05,0.11156998319188091,0.010742818826075912,0.01555933656941116,0.11356308567153894
"EFA, USO, VNQ, AGG",4,0.0006193505791336869,0.1560763459416891,4.9398841270714255e-05,0.11157288201090798,0.010427618526985413,0.014498153730497043,0.10934784784412976
"EEM, TLT, XLF, XLE",4,0.0006244102445627765,0.15735138162981968,4.9402686291754606e-05,0.11157722413432843,0.010568441061945093,0.015827626732953102,0.11752432648064715
"USO, XLV, XLU, HYG",4,0.0006464420063331921,0.1629033855959644,4.942010282369989e-05,0.11159689024149541,0.009957086799882274,0.014768601714057843,0.10083927892393107
"EFA, GLD, XLF, XLP",4,0.0007706028973369152,0.19419193012890262,4.9421709570743756e-05,0.1115987043465444,0.010600144059707165,0.015488696828559908,0.10237527979082806
"EEM, GLD, XLF, LQD",4,0.0007722771620209066,0.19461384482926847,4.9433971018082306e-05,0.11161254721829775,0.010495637183384785,0.016501064495842842,0.0921826390307795
"QQQ, USO, XLV, AGG",4,0.0007097260447641801,0.1788509632805734,4.944787022674277e-05,0.11162823700632013,0.009767482069100185,0.015427705365629507,0.12629292363024536
"QQQ, TLT, GLD, XLU",4,0.0007448308356571533,0.18769737058560262,4.9450335520156854e-05,0.11163101966335132,0.010682362762918902,0.01572355162157477,0.080234376195788
"TLT, XLV, XLY, XLU",4,0.000446305830164921,0.11246906920156009,4.947823171404286e-05,0.11166250217480711,0.010797224894676593,0.01557116241093296,0.10914511824183648
"QQQ, XLF, XLE, AGG",4,0.0006910198130800811,0.17413699289618043,4.9483044915152015e-05,0.1116679332602619,0.00957699709812563,0.01594829389908303,0.13637150485256277
"SPY, EFA, XLP, XLU",4,0.0006725305605774036,0.1694777012655057,4.949088043918326e-05,0.11167677408787462,0.010260908397962398,0.014569524572309948,0.10922731544192288
"SPY, EFA, VNQ, LQD",4,0.0005721208822377509,0.14417446232391323,4.950550215034463e-05,0.11169326990417483,0.010385556410472743,0.015504914383811198,0.1142934472127034
"XLE, XLY, XLU, HYG",4,0.0005722299089879802,0.144201937064971,4.955960344418408e-05,0.11175428433816033,0.010147639311790062,0.015203957506929561,0.13271261704442971
"EEM, GLD, XLU, HYG",4,0.0007722412963122239,0.19460480667068042,4.9565921217477e-05,0.11176140723346412,0.010909916682060898,0.01661916081652115,0.08742250563405307
"QQQ, GLD, VNQ, LQD",4,0.0007308080427319057,0.18416362676844023,4.956695728795078e-05,0.11176257529496893,0.011293399505778809,0.01618336073632887,0.09195772657131684
"QQQ, GLD, XLF, HYG",4,0.0008352167385663804,0.21047461811872786,4.956719622710768e-05,0.11176284467223951,0.010449869809755452,0.016028698906161817,0.10554402186123812
"XLI, XLU, VNQ, HYG",4,0.0005663685936561957,0.14272488560136132,4.95770200992818e-05,0.11177391943122963,0.010713042753323599,0.014983750943884992,0.12342271691528361
"SPY, EFA, VNQ, HYG",4,0.0005983079499401383,0.15077360338491486,4.9577986661670324e-05,0.11177500900801092,0.010149269291552526,0.015351175417646298,0.11806849001448494
"SPY, GLD, XLP, VNQ",4,0.0007329708134981965,0.18470864500154552,4.959768338231578e-05,0.1117972102171766,0.010577193694014176,0.015597557739064741,0.09964271098179533
"EFA, USO, XLU, LQD",4,0.0006794681159762563,0.17122596522601657,4.960608736703274e-05,0.1118066814483475,0.009938208884978619,0.014419826040616316,0.10309311600922488
"TLT, XLE, XLV, XLY",4,0.00045960595325358585,0.11582070021990364,4.961448424005505e-05,0.11181614386345952,0.010088300331666787,0.015429957836791608,0.12937131023923687
"EEM, XLE, XLI, AGG",4,0.0006581989410537796,0.16586613314555246,4.9635156099065675e-05,0.11183943551790912,0.009977403077540359,0.015952141990651595,0.11736667091155684
"QQQ, GLD, XLE, HYG",4,0.0008222939282439753,0.20721806991748176,4.963770112180581e-05,0.11184230274227666,0.010597941225498732,0.01606684730490009,0.10833566175778708
"EFA, XLE, XLY, AGG",4,0.0005486761902732553,0.13826639994886034,4.964398519445926e-05,0.11184938206804602,0.009995427594490923,0.01567656560985312,0.12286364233122726
"EFA, TLT, GLD, XLU",4,0.0006579930785114402,0.16581425578488293,4.9645534378211816e-05,0.1118511272330743,0.010236269167482295,0.016105406439674005,0.12076311702651654
"GLD, XLK, XLV, HYG",4,0.0008188550065090552,0.2063514616402819,4.966271250360511e-05,0.11187047667239328,0.010083270970388239,0.015607183292447263,0.09755822626076704
"USO, XLP, VNQ, LQD",4,0.0005476953568561764,0.13801922992775645,4.966698926836806e-05,0.11187529349963178,0.01037062637819066,0.014490412931959263,0.10280193308273144
"XLF, XLI, VNQ, AGG",4,0.0005582856172433264,0.14068797554531826,4.969660011441937e-05,0.11190863786515179,0.010524487458015893,0.015102254663221891,0.12429935501730882
"SPY, EFA, XLF, LQD",4,0.0006503425103698386,0.1638863126131993,4.970697144160107e-05,0.11192031452459143,0.010191573597116936,0.015141693863856186,0.11850238683066816
"EFA, TLT, XLK, XLP",4,0.0006216922023154766,0.1566664349835001,4.971549072913072e-05,0.11192990513594185,0.010041399681011559,0.014684058474659072,0.11555965509441757
"SPY, EEM, VNQ, AGG",4,0.0006140872884188255,0.15474999668154404,4.972777557694852e-05,0.111943733390445,0.010579406906558864,0.015904854470257343,0.11438026792819567
"SPY, TLT, XLI, XLU",4,0.0006055460542816395,0.15259760567897315,4.973453736462861e-05,0.11195134396641432,0.010169244306845588,0.015204208634746563,0.12540545665443725
"EEM, TLT, XLY, HYG",4,0.000464358466606903,0.11701833358493956,4.9746548198669335e-05,0.11196486121129554,0.01130400292837116,0.015914830967875673,0.11020662274667625
"TLT, XLY, VNQ, LQD",4,0.00032533526477165756,0.0819844867224577,4.977052599618787e-05,0.11199184144855974,0.011190972466266437,0.016490616668926823,0.119644198760679
"USO, XLP, XLU, HYG",4,0.0006258811192795812,0.15772204205845447,4.977909146686714e-05,0.11200147789047482,0.010098542012526489,0.014242311053133455,0.09308154667732293
"QQQ, TLT, XLF, XLU",4,0.0006478626303171983,0.16326138283993397,4.980849991188501e-05,0.11203455706966053,0.010813139014790434,0.01559537473374418,0.11664483948449333
"GLD, XLI, XLP, XLU",4,0.000763782343044486,0.19247315044721047,4.9815858002938774e-05,0.11204283206319168,0.010042840518008958,0.015163199180300927,0.12297255178393363
"EFA, GLD, XLI, LQD",4,0.0007261235505350652,0.18298313473483643,4.9819340581674955e-05,0.11204674839807753,0.010970668919745614,0.015942280493627642,0.09838224149612518
"EEM, GLD, XLF, HYG",4,0.0007984642297232938,0.20121298589027004,4.982147313051633e-05,0.11204914648889619,0.01079012932863637,0.016496789548066798,0.0912066588592716
"IWM, EEM, XLP, LQD",4,0.0005726349596470896,0.1443040098310666,4.984828493131236e-05,0.11207929247943492,0.01009795537491723,0.01551147110410516,0.12171368388229242
"EFA, XLE, XLV, XLP",4,0.0005860279620272477,0.14767904643086643,4.988344677763142e-05,0.11211881460291631,0.009203388516329384,0.014916304558350352,0.11171347192773484
"QQQ, EFA, XLV, HYG",4,0.0006480938712772626,0.16331965556187017,4.990746987967945e-05,0.11214580870313087,0.010456511988729458,0.01471212783686176,0.11902907745019997
"EFA, GLD, XLI, HYG",4,0.0007523106182374524,0.189582275795838,4.992253486979945e-05,0.1121627335044464,0.01067561725464832,0.01598612105874709,0.09634911259687773
"TLT, XLF, XLP, XLY",4,0.00045196787652237996,0.11389590488363975,4.993018024367512e-05,0.11217132174226231,0.011228909347991855,0.015492157524047095,0.11850706443915549
"XLK, XLU, VNQ, AGG",4,0.0006578202494493106,0.16577070286122628,4.9931564910511686e-05,0.11217287710248386,0.009775666038127245,0.015365997895887183,0.12669953673987933
"SPY, IWM, TLT, XLP",4,0.0005251633538420624,0.13234116516819971,4.994315609691756e-05,0.11218589633471414,0.010604981073365369,0.015204374858358273,0.14242270397599066
"GLD, XLF, XLE, XLP",4,0.0007731508293163657,0.19483400898772416,4.994380851399019e-05,0.1121866290853127,0.009966568520483644,0.015057806914193395,0.10607962413382632
"IWM, TLT, VNQ, HYG",4,0.0003995990078022137,0.10069894996615784,4.9946658260197414e-05,0.11218982967082956,0.010633426866411918,0.016049389761203486,0.13336422885605026
"SPY, USO, XLU, AGG",4,0.0007119388181480733,0.17940858217331448,4.995248665428829e-05,0.11219637532862035,0.009806293785222466,0.014619820912598417,0.11698101033682895
"IWM, XLI, XLP, LQD",4,0.000541952090463104,0.13657192679670221,4.995755507952935e-05,0.11220206718256753,0.010152365109966843,0.014520302374009078,0.14306755854492925
"XLF, XLE, VNQ, LQD",4,0.0005495500122256883,0.13848660308087346,4.996285085606568e-05,0.1122080140441339,0.0097903204198737,0.015537755803728789,0.13069392244944678
"TLT, GLD, XLE, XLY",4,0.0006312580782408479,0.15907703571669368,4.996820170052286e-05,0.11221402242381191,0.010680021536825925,0.015957100536432865,0.10071809799645992
"XLV, XLY, VNQ, AGG",4,0.0004241641951181215,0.10688937716976663,5.000803693219301e-05,0.1122587426747362,0.011322049164300987,0.015666492717927572,0.1175907321783004
"XLK, XLI, HYG, LQD",4,0.0006568465673136393,0.16552533496303712,5.002228260485419e-05,0.11227473097907319,0.01092282183771029,0.015376277931794103,0.12639814675722172
"QQQ, TLT, XLF, XLV",4,0.000599401644080961,0.15104921430840218,5.00381528349544e-05,0.11229253988760123,0.010316874482335455,0.015435877032236055,0.11909840265264149
"SPY, XLF, VNQ, LQD",4,0.0005875916245396067,0.1480730893839809,5.005032697514571e-05,0.11230619928453069,0.010144920893973881,0.015963453978387145,0.12737652584060288
"EFA, TLT, XLE, VNQ",4,0.0004961033681280627,0.1250180487682718,5.0073930189290055e-05,0.11233267738152196,0.010281308264001398,0.015864988935146655,0.11799546170132313
"IWM, USO, HYG, LQD",4,0.0005962638787390722,0.15025849744224617,5.0076294289280966e-05,0.11233532908617308,0.010085130852769346,0.01515702637918732,0.12925555114825538
"QQQ, XLF, VNQ, AGG",4,0.0006257209952703986,0.15768169080814046,5.0084574814985605e-05,0.11234461648595527,0.01034926587151271,0.015888297183895606,0.12723781226765662
"TLT, USO, XLP, XLY",4,0.0005324352175313811,0.13417367481790804,5.0085191889153824e-05,0.1123453085627823,0.010381952203805698,0.014384965538725763,0.11820247536032635
"TLT, XLF, XLI, XLU",4,0.0005804272522901261,0.14626766757711177,5.0090982235956514e-05,0.11235180249315559,0.009955549040737213,0.015302961214141542,0.11676078923815347
"GLD, XLF, XLY, LQD",4,0.0006821567903590229,0.17190351117047376,5.009473641210608e-05,0.11235601263773441,0.011504744837983858,0.016123340026149943,0.10112082570082492
"SPY, EEM, TLT, XLV",4,0.0005877679372293878,0.14811752018180574,5.0102644787981155e-05,0.11236488101969962,0.011197161195490335,0.01585711907970148,0.1197563470250742
"SPY, TLT, XLF, XLE",4,0.0006149145405535192,0.15495846421948684,5.011269679797021e-05,0.11237615224365219,0.009568722629652786,0.01560715700943845,0.13321276886718592
"EFA, TLT, XLE, XLI",4,0.0005782566330769351,0.14572067153538765,5.0120547567412915e-05,0.11238495445115443,0.00967834721655753,0.015311898816110588,0.11889232210421719
"IWM, EFA, TLT, XLP",4,0.00048457380954869335,0.12211260000627072,5.012373999008872e-05,0.11238853356771925,0.010805264103734365,0.015221619976883517,0.116191594134612
"IWM, TLT, XLI, HYG",4,0.00048175227275108637,0.12140157273327376,5.014157276704848e-05,0.11240852430886289,0.010631979238163305,0.015016658799890725,0.13700142967120899
"EFA, TLT, XLI, XLU",4,0.0005649565099882704,0.14236904051704413,5.015039753959815e-05,0.1124184156621091,0.009958555768744538,0.015212046688337259,0.10060991638039785
"SPY, TLT, GLD, XLI",4,0.0007287371930326643,0.1836417726442314,5.01553127454026e-05,0.11242392455274569,0.010982059768781229,0.01575179536943319,0.09630598297715875
"EFA, EEM, XLU, HYG",4,0.0006598023486704133,0.16627019186494416,5.016172578121845e-05,0.11243111178346966,0.01035917463754778,0.01558353069552574,0.10029319732872222
"USO, XLF, XLU, AGG",4,0.00068682001615656,0.17307864407145312,5.018081904430703e-05,0.11245250730493016,0.009720357643769063,0.014807968548828031,0.1051543459881944
"GLD, USO, HYG, LQD",4,0.0007006612744119711,0.17656664115181672,5.018922931748505e-05,0.11246193039427269,0.010137995233525475,0.01485582005478944,0.10922250767858033
"IWM, XLP, VNQ, HYG",4,0.0004859858932166188,0.12246844509058794,5.018934765036511e-05,0.11246206297188402,0.010672360920994935,0.015295037403063034,0.13989677814563117
"EFA, GLD, XLP, XLU",4,0.0007443799639258453,0.187583750909313,5.019637964550401e-05,0.11246994118726573,0.010307381902871402,0.015834564536473222,0.11208601494914405
"EEM, XLI, XLU, LQD",4,0.0006530176600866666,0.16456045034184,5.0200546370773013e-05,0.11247460906993544,0.01146244500524651,0.015725052088376924,0.10705446279976971
"XLI, XLU, VNQ, LQD",4,0.0005401815259538086,0.13612574454035978,5.020450059356384e-05,0.11247903871201109,0.010729540964026642,0.015286374053631658,0.1229530582123729
"SPY, EEM, XLF, AGG",4,0.0006923089165509128,0.17446184697083003,5.020995983526682e-05,0.11248515403593151,0.010621892656986787,0.015773880380674017,0.1192530794453569
"XLI, XLY, XLU, AGG",4,0.0005547784463032313,0.13980416846841429,5.021038935506055e-05,0.11248563516056287,0.010855673748082065,0.01491729572952151,0.1239633528927595
"QQQ, XLE, VNQ, LQD",4,0.0006209170270695454,0.15647109082152544,5.02229377321007e-05,0.1124996902595264,0.009395526355720562,0.01602557529554796,0.14122422842314375
"SPY, TLT, XLE, VNQ",4,0.0005366929124214318,0.13524661393020082,5.0224829505045604e-05,0.11250180903110622,0.009515075281200226,0.016217847690132358,0.14162027661952525
"TLT, XLK, XLE, XLV",4,0.0006448010213485379,0.16248985737983157,5.025577972685724e-05,0.1125364673835465,0.009294753136731825,0.015598436483658691,0.13777282666104163
"SPY, GLD, XLV, XLU",4,0.000805530395272825,0.2029936596087519,5.0269019496583204e-05,0.11255129014426699,0.010031072473265921,0.015452360353061306,0.09031646895440804
"IWM, EEM, TLT, AGG",4,0.0004781292321111328,0.12048856649200547,5.027866611913551e-05,0.11256208891994743,0.01165970560480481,0.016023534127731977,0.11394905297872637
"IWM, EFA, XLU, AGG",4,0.0005834527425127594,0.14703009111321538,5.0283611134600783e-05,0.11256762414619666,0.010332431272380758,0.015028959746483366,0.11420774262171829
"IWM, EEM, XLP, HYG",4,0.0005988220273494769,0.15090315089206818,5.0299020265814384e-05,0.11258487068423192,0.010040554385092264,0.015529496079559507,0.12201015456142106
"IWM, XLY, LQD, AGG",4,0.00042598476224501913,0.10734816008574483,5.033110056529484e-05,0.11262076781151112,0.01138549319476166,0.015376805594851276,0.14105556289762788
"EEM, XLF, XLE, HYG",4,0.0006885732140609336,0.17352044994335528,5.0349731893763404e-05,0.11264161059408011,0.010521070217303152,0.015978226985403104,0.1243933128298349
"EEM, XLF, VNQ, LQD",4,0.0005970873285488641,0.15046600679431374,5.035012956075931e-05,0.11264205542030627,0.010904050248698435,0.015929483328229733,0.109376529607917
"IWM, EFA, XLV, AGG",4,0.0005349917562765222,0.1348179225816836,5.035232967955321e-05,0.11264451641889812,0.01058474883388713,0.014942123261869328,0.1188176008575279
"EFA, TLT, XLK, HYG",4,0.0005994682863992287,0.15106600817260563,5.035291957998425e-05,0.1126451762578231,0.010826197392608934,0.015013792347713764,0.10600737019080331
"EFA, USO, XLF, LQD",4,0.0007056910493873263,0.17783414444560622,5.0353364224514234e-05,0.11264567361677762,0.009930692736143509,0.015081940717773698,0.11548453001508885
"EFA, USO, XLI, AGG",4,0.0007015038440825595,0.176778968708805,5.0356030915971033e-05,0.11264865640931854,0.010027953699268715,0.014890566854701906,0.11283687747021387
"SPY, EFA, XLI, AGG",4,0.0006461553050650717,0.16283113687639805,5.037002541943198e-05,0.11266430848186511,0.010205450889791448,0.015181361063874264,0.1139840614468689
"TLT, XLP, XLU, VNQ",4,0.0004030291806403354,0.10156335352136452,5.038958030547397e-05,0.11268617589118658,0.011521730178227552,0.015629903066138744,0.10093737337249475
"EEM, GLD, VNQ, AGG",4,0.0006859366917672672,0.17285604632535134,5.039200861607208e-05,0.11268889107294544,0.010900142685721875,0.016878929377140858,0.0964548353753325
"USO, XLP, VNQ, HYG",4,0.0005738824245585637,0.14461837098875804,5.040821476327073e-05,0.11270701007632233,0.01066465226994834,0.014604975802808003,0.1052215401210026
"EFA, XLE, XLI, HYG",4,0.0006424196025750923,0.16188973984892327,5.0419660181468784e-05,0.11271980467393533,0.009312104948294268,0.015340756929890979,0.12266748950896778
"SPY, XLV, XLY, AGG",4,0.0005275046252417224,0.13293116556091403,5.042147787959424e-05,0.11272183650765165,0.010907517067223937,0.015205829420550973,0.12891948823441324
"XLE, XLI, VNQ, LQD",4,0.0005534816490424734,0.1394773755587033,5.043297866860805e-05,0.11273469130879468,0.009685367738373774,0.01526692242769575,0.14295546588599883
"EFA, EEM, XLU, LQD",4,0.000633615280968026,0.15967105080394256,5.043866840822108e-05,0.1127410503715116,0.01092398181162565,0.015758100291804293,0.1012710363709145
"QQQ, XLP, XLY, AGG",4,0.0005531919510404553,0.13940437166219474,5.0439115316819884e-05,0.112741549837842,0.01070441635898921,0.01521108138148044,0.13568249267536858
"QQQ, EEM, TLT, XLP",4,0.0006134552630281209,0.15459072628308648,5.044627892656241e-05,0.11274955560663522,0.011311508593685678,0.015674134945261972,0.10967847526065821
"IWM, XLY, HYG, AGG",4,0.00045217182994740634,0.1139473011467464,5.045759702500993e-05,0.11276220311036188,0.011129435790345319,0.015357201699495981,0.14198118393378123
"EEM, GLD, XLU, LQD",4,0.0007460542286098367,0.18800566560967885,5.046418566985427e-05,0.11276956499341156,0.010399477608564849,0.01687446538238578,0.09050022945819935
"EEM, XLF, XLP, XLU",4,0.0006974970068885166,0.1757692457359062,5.0467611532630724e-05,0.11277339272285349,0.010412211846168164,0.015216637755379462,0.10795358397517685
"IWM, GLD, XLU, HYG",4,0.0007301975999785092,0.18400979519458432,5.046788317564357e-05,0.11277369622506031,0.01041740516396315,0.015707723579201388,0.08674732605691549
"TLT, USO, XLV, XLU",4,0.0005822790368350349,0.1467343172824288,5.0477293246619436e-05,0.11278420943619766,0.010189448153962647,0.014971430223945755,0.10298996736849497
"EEM, XLI, XLU, HYG",4,0.0006792047277890539,0.1711595914028416,5.047932838491824e-05,0.11278648302433851,0.01061664790543675,0.01561758884755054,0.10553003856682619
"EFA, TLT, USO, XLF",4,0.0006677151475915562,0.16826421719307216,5.048407268118641e-05,0.11279178301480555,0.010076953536170398,0.014899981591393732,0.11404643604159714
"USO, XLK, XLP, AGG",4,0.0007474873453005511,0.18836681101573888,5.0507281503154245e-05,0.11281770667229002,0.010531964022876738,0.015114725028502763,0.12558795766798414
"SPY, XLK, XLP, LQD",4,0.0007002576484046153,0.17646492739796305,5.05144231677649e-05,0.11282568252962956,0.010029680212146905,0.015231091054879775,0.13277293841911542
"EFA, XLY, XLU, LQD",4,0.0005434949093061424,0.13696071714514788,5.0546298957498954e-05,0.11286127474598956,0.01074849724539485,0.015289724227274338,0.10804839822914936
"SPY, EFA, USO, AGG",4,0.0007226910092572876,0.18211813433283647,5.055191282209258e-05,0.11286754197362205,0.00987497543969596,0.015171926320720695,0.11974122723999026
"EFA, GLD, XLE, XLP",4,0.00075768008701451,0.19093538192765652,5.055886278280111e-05,0.11287530031528546,0.009882913936948812,0.015497834581600192,0.10266427715297022
"USO, XLV, XLI, HYG",4,0.0006765965765610472,0.17050233729338388,5.0564324664980954e-05,0.11288139711916752,0.010060640926017151,0.014814076041588365,0.12318665991026456
"EFA, EEM, XLF, AGG",4,0.000651719372257544,0.16423328180890107,5.058728386884424e-05,0.11290702163704766,0.010840954480134663,0.015810328899228687,0.1027270053870809
"EEM, USO, XLF, AGG",4,0.0007476574555684007,0.18840967880323697,5.059391085986769e-05,0.11291441686820447,0.010500724128988429,0.01547069485803198,0.11716557430162622
"XLK, XLI, XLP, HYG",4,0.0007052575509322745,0.17772490283493317,5.059828929567501e-05,0.11291930261257418,0.01032019250869326,0.014941952759840667,0.13288188523765165
"SPY, IWM, XLU, AGG",4,0.0006240422868061284,0.15725865627514438,5.059983118902174e-05,0.11292102310745099,0.010299551212514912,0.01514251820826333,0.14077868962158846
"IWM, GLD, XLF, AGG",4,0.0007221146235656398,0.18197288513854123,5.061765666194802e-05,0.11294091144846893,0.01084984373242753,0.015716372538761215,0.09369595585524793
"GLD, XLF, XLI, XLP",4,0.0007900052764555558,0.19908132966680006,5.061772086012401e-05,0.11294098306970438,0.010406422028554671,0.015417744163200376,0.10015714632008577
"EEM, XLF, XLV, XLP",4,0.0006490360206522794,0.16355707720437443,5.0634319383146554e-05,0.11295949931082792,0.010744131041585843,0.015345980757706195,0.11160237459710198
"EEM, XLF, VNQ, HYG",4,0.0006232743962512513,0.1570651478553153,5.064091092420111e-05,0.1129668515667259,0.010482577274970541,0.01575875771286708,0.11443683819912198
"QQQ, USO, XLP, HYG",4,0.0007234710675345083,0.1823147090186961,5.064198773597046e-05,0.112968052605436,0.010630511533151204,0.015096027012822536,0.12905621670566114
"EFA, XLY, XLU, HYG",4,0.0005696819770085296,0.14355985820614944,5.064394710225531e-05,0.11297023798225947,0.010169078570956079,0.0152105002785834,0.11447377671724068
"IWM, XLP, VNQ, LQD",4,0.00045979882551423155,0.11586930402958635,5.064487482429034e-05,0.11297127270116579,0.010863968665369128,0.015630789893395013,0.1394800399405418
"SPY, USO, XLV, HYG",4,0.0006977837417357753,0.17584150291741538,5.0645270979285404e-05,0.11297171454297719,0.009918168580692202,0.01546986059992741,0.126854245705585
"GLD, XLF, XLV, XLU",4,0.0007804115932813118,0.19666372150689057,5.0652940343286204e-05,0.11298026804052168,0.010521118868838027,0.015241912333392274,0.0879921685956252
"SPY, EFA, XLV, XLP",4,0.0006240695743411663,0.15726553273397392,5.0670768640509986e-05,0.11300014910347914,0.009936743025281693,0.014702450688043033,0.11466192391468721
"GLD, USO, XLP, AGG",4,0.000714766348206667,0.1801211197480801,5.067111054010521e-05,0.11300053033551,0.010435480184490474,0.014569265299453883,0.11593443376997215
"USO, XLV, VNQ, LQD",4,0.0005682562439097873,0.1432005734652664,5.06729292377073e-05,0.11300255823609588,0.010416686663771973,0.015183649743447226,0.11726760519972712
"EFA, XLF, XLP, XLU",4,0.0006474117585858904,0.16314776316364438,5.068924006970671e-05,0.11302074366047188,0.010337601870063417,0.014867117454078368,0.10372514823081613
"EEM, USO, XLU, AGG",4,0.0007214345221573308,0.18180149958364736,5.070404308012607e-05,0.11303724543791649,0.009992680797675818,0.015201758592757575,0.10784529780168783
"TLT, GLD, XLY, XLU",4,0.0006179579551521831,0.15572540469835014,5.0708606776027464e-05,0.11304233236959914,0.011107158590531869,0.01621619531355197,0.1345249039194385
"IWM, XLE, XLU, AGG",4,0.00058600067449221,0.14767216997203692,5.070976056216748e-05,0.11304361840310227,0.009941398017636936,0.015265804068073537,0.14404185145924187
"XLY, XLU, VNQ, AGG",4,0.00047262518135435873,0.1191015457012984,5.07265392471348e-05,0.11306231861357688,0.01108125281926674,0.016118991741787388,0.12016708638237872
"QQQ, TLT, GLD, XLF",4,0.0007710537690682232,0.19430554980519224,5.074129894143711e-05,0.11307876605818687,0.011145867634961384,0.015952575382786504,0.09458370957904738
"SPY, TLT, XLK, AGG",4,0.0006057519208686584,0.1526494840589019,5.0754293529548516e-05,0.11309324457918,0.010832249314865148,0.015372410815953448,0.12329322078843685
"IWM, TLT, XLF, XLP",4,0.0005000445518505489,0.12601122706633833,5.075721312679742e-05,0.11309649732840073,0.010782446308450218,0.015431900313511224,0.13338083211319618
"SPY, TLT, XLP, XLY",4,0.00047708667851389334,0.12022584298550112,5.076371742372099e-05,0.11310374348702032,0.010912034474675102,0.01551187724273285,0.13308479140154938
"XLV, XLI, XLY, AGG",4,0.000506317460066994,0.1275919999368825,5.0765720190868496e-05,0.11310597459064159,0.010939581671814047,0.015018701699389158,0.12488420965297131
"SPY, XLF, VNQ, HYG",4,0.0006137786922419938,0.15467223044498243,5.0774624017868396e-05,0.11311589301465483,0.010468657833000017,0.015904437133888435,0.12798460625951757
"IWM, XLI, XLP, HYG",4,0.0005681391581654912,0.14317106785770378,5.077579512111885e-05,0.11311719750118437,0.010291359257255144,0.014634149658557506,0.14357449966703428
"USO, XLF, XLV, HYG",4,0.0006726649397442619,0.169511564815554,5.0777247043524945e-05,0.11311881476999433,0.010408719638021357,0.015332964100573984,0.1168976743149791
"IWM, TLT, USO, HYG",4,0.0005582879769433023,0.14068857018971218,5.081709380041449e-05,0.1131631902948324,0.01062416048446216,0.015117792442517649,0.12380305451851248
"GLD, XLF, XLY, HYG",4,0.0007083438580614102,0.17850265223147538,5.08568292962991e-05,0.1132074245916202,0.01119803269347442,0.016261437491003665,0.10283168423767508
"SPY, XLE, XLV, XLP",4,0.0006266175063206169,0.15790761159279545,5.0863571840670415e-05,0.11321492880291427,0.009127781549884098,0.01509448820076044,0.12851090346386462
"EEM, XLY, XLU, AGG",4,0.0005854613154872169,0.14753625150277866,5.0881163393203925e-05,0.11323450523178608,0.010938125388436545,0.01552875608486946,0.10974081704959682
"SPY, XLF, XLI, AGG",4,0.0006616260473669274,0.1667297639364657,5.089216607487859e-05,0.11324674763925631,0.009994318946502526,0.015530064067852286,0.12511143669564972
"EEM, GLD, XLE, LQD",4,0.0007593543516985013,0.19135729662802234,5.0896599134321584e-05,0.11325167981910485,0.010580008469031697,0.016519087614920203,0.09819174236120409
"SPY, GLD, XLY, AGG",4,0.0006991567502289844,0.1761875010577041,5.09157397777723e-05,0.11327297305182124,0.011581855924618054,0.016362646115317386,0.0999929819931118
"IWM, XLF, XLU, AGG",4,0.000598923484814615,0.150928718173283,5.092401294014921e-05,0.1132821753892359,0.009891822692123978,0.015194665809652952,0.1321862873442592
"EFA, USO, XLU, HYG",4,0.0007056551836786435,0.17782510628701817,5.0925160746221954e-05,0.11328345204860212,0.010043728518893427,0.01468381597119422,0.10507957811508961
"XLK, XLV, XLP, XLU",4,0.0007178877836742781,0.18090772148591808,5.093916938213559e-05,0.11329903214193036,0.00972982141958674,0.01478165307349975,0.1236869425753706
"EEM, XLK, XLP, AGG",4,0.0007016345102923208,0.17681189659366484,5.0960068796949996e-05,0.1133222720246616,0.01039600742694276,0.015523794599957836,0.11507285651283028
"EEM, XLV, XLY, AGG",4,0.0005370003292509796,0.13532408297124687,5.0961340271199295e-05,0.11332368573401688,0.011136407727699025,0.015589870852384669,0.11243316860510477
"IWM, GLD, XLU, LQD",4,0.0007040105322761221,0.17741065413358276,5.096688429065689e-05,0.11332984973627,0.010591086312617915,0.01593892614055994,0.09389176818799816
"SPY, XLE, XLI, LQD",4,0.0006568220791660741,0.1655191639498507,5.097341910391302e-05,0.11333711490145708,0.009445086472351394,0.015507937280075367,0.1430769107678037
"SPY, EFA, GLD, XLP",4,0.0007957216993284284,0.20052186823076396,5.0984031340115736e-05,0.11334891220346655,0.010074805442526048,0.015931888424035468,0.10618949705623348
"GLD, XLF, XLP, VNQ",4,0.0007078520115066833,0.1783787068996842,5.09962794902932e-05,0.11336252657538066,0.01112618733869112,0.015606087166936877,0.09548898487930757
"EEM, TLT, GLD, XLV",4,0.0006596173405778294,0.166223569825613,5.1004428682787234e-05,0.11337158386501613,0.010973358260684756,0.016610204035741438,0.1052056973285902
"EFA, TLT, XLV, VNQ",4,0.0004343422588031607,0.1094542492183965,5.100716272469498e-05,0.11337462241005761,0.01122946539455617,0.015819471899003297,0.12823022475589407
"XLF, XLY, XLU, LQD",4,0.000558965651607998,0.1408593442052155,5.1049895184102455e-05,0.1134221036059278,0.011223811177688095,0.015671156787882296,0.11925503691942019
"TLT, XLE, XLY, XLU",4,0.0005080669394898229,0.12803286875143538,5.106311177299571e-05,0.11343678489270984,0.010180318327158933,0.01592209839487864,0.1327649410859819
"IWM, GLD, XLE, AGG",4,0.0007091918132432348,0.17871633693729516,5.107526307583912e-05,0.11345028115924376,0.010503834378522018,0.015875838004579354,0.09696710449301804
"IWM, USO, XLP, LQD",4,0.00061848779465532,0.15585892425314063,5.108560366728673e-05,0.11346176503190958,0.010168059894266425,0.014736210698956169,0.12465963264728264
"IWM, TLT, USO, LQD",4,0.0005321009092409151,0.1340894291287106,5.109056325100225e-05,0.11346727254698849,0.010418468597692014,0.015135803998936433,0.11891943099648872
"SPY, GLD, XLI, XLP",4,0.0008151240784470692,0.20541126776866145,5.110226383945509e-05,0.11348026474917428,0.009925281333127875,0.015534370008635612,0.10590986416305603
"USO, XLI, XLU, AGG",4,0.0006907516529733452,0.17406941654928298,5.110370058304719e-05,0.11348185999060773,0.009984425189339315,0.014546731703134749,0.11565545969154967
"XLK, XLE, XLU, LQD",4,0.0007312379093805449,0.1842719531638973,5.1123581641374426e-05,0.11350393197429927,0.009822072297827642,0.01596659347451442,0.13697997962734754
"SPY, EFA, TLT, GLD",4,0.0007093348139140236,0.17875237310633393,5.1128822050565046e-05,0.11350974917046726,0.011059659490748002,0.016048769249655665,0.09532891660076315
"SPY, IWM, XLV, AGG",4,0.0005755813005698911,0.14504648774361253,5.114133001933153e-05,0.11352363262718274,0.01099298738506177,0.0151608681279657,0.13772813596011846
"GLD, XLI, XLY, AGG",4,0.0006779695850542561,0.17084833543367253,5.114578861329217e-05,0.11352858111748614,0.010745887855684168,0.015989759038032892,0.09411457596498962
"GLD, XLE, XLP, XLU",4,0.0007469278959052959,0.18822582976813457,5.114760816321718e-05,0.11353060053188625,0.009494984856657377,0.01475983868943526,0.09798529929066557
"SPY, EFA, XLF, HYG",4,0.0006765295780722259,0.17048545367420093,5.11493110586906e-05,0.11353249044564306,0.010482276735947283,0.015415033898203381,0.12493397212018809
"EFA, XLE, XLP, XLU",4,0.0006344889482634851,0.15989121496239825,5.115453448989121e-05,0.11353828733714715,0.009640118063332759,0.015089448749444383,0.11112849161441052
"XLF, XLV, XLP, XLU",4,0.0005881985812404388,0.14822604247259058,5.11552452542671e-05,0.11353907611071754,0.010161572832984411,0.014785623722392376,0.10190839430499765
"TLT, USO, XLP, XLU",4,0.0005617181497814239,0.14155297374491882,5.1167642808341034e-05,0.11355283346399571,0.010392559439742493,0.01440829851982022,0.09148530453907489
"EEM, GLD, XLV, XLP",4,0.0007460042259922343,0.18799306495004306,5.1178404535352716e-05,0.11356477421678293,0.0101840428028346,0.016281845838702905,0.11598969883722676
"GLD, XLV, XLP, VNQ",4,0.0006331680918593763,0.1595583591485628,5.1189048137100724e-05,0.11357658266803675,0.010714266540313815,0.015488937731127425,0.10641790609972712
"USO, XLP, XLY, HYG",4,0.0005965981870295382,0.1503427431314436,5.125157026432806e-05,0.11364592252523041,0.010633285070585181,0.014975588437325665,0.1289624119126599
"XLF, XLE, VNQ, HYG",4,0.0005757370799280754,0.145085744141875,5.125577085594033e-05,0.11365057965402976,0.00975202537313515,0.015574321309145437,0.13126656631918587
"TLT, XLI, XLP, XLY",4,0.0004558995133391652,0.11488667736146962,5.127153796979231e-05,0.11366805869894876,0.01085668715564814,0.015135910326273372,0.12962384750158706
"USO, XLK, LQD, AGG",4,0.0006990763616819162,0.17616724314384288,5.127950283546047e-05,0.11367688733659116,0.011131817058833175,0.0156422542007328,0.11880389409939807
"XLK, XLE, XLV, HYG",4,0.0007089639908466951,0.17865892569336717,5.131375647701776e-05,0.11371484789687086,0.009110512530638465,0.015835954890967518,0.1417599211868793
"TLT, GLD, USO, AGG",4,0.000628379462792262,0.15835162462365002,5.1318395414302496e-05,0.11371998788429512,0.010503483881788822,0.015082779853701638,0.10862408530072687
"QQQ, EEM, TLT, HYG",4,0.0005912313471118731,0.14899029947219203,5.132205409766211e-05,0.11372404157701595,0.01113840414577523,0.015886296046813898,0.1042172174361945
"SPY, XLF, XLP, XLU",4,0.0006880013028792592,0.17337632832557331,5.132345279128661e-05,0.11372559124227154,0.009698418328970062,0.015171433930580186,0.12156925967125454
"XLE, XLY, VNQ, AGG",4,0.0004859253044430233,0.12245317671964187,5.132382116332249e-05,0.11372599937198737,0.010064232714643889,0.016157530863295244,0.1402629180669791
"EFA, TLT, USO, XLU",4,0.0006414922141804863,0.16165603797348255,5.1325323611335246e-05,0.11372766396113342,0.010254908054150193,0.01477667541206458,0.10307035042690549
"TLT, GLD, USO, HYG",4,0.0006626853726162011,0.1669967138992827,5.136310274619569e-05,0.11376951213766065,0.009929487975829111,0.015134641513584063,0.10802658715674918
"SPY, EEM, XLE, LQD",4,0.0006875049483500599,0.1732512469842151,5.136574805190527e-05,0.1137724417821826,0.009737072396812594,0.0161898359741394,0.12939285933454414
"XLV, XLI, XLP, XLU",4,0.0005921302180572238,0.1492168149504204,5.139931620807945e-05,0.11380961156438424,0.01020656804990271,0.01461731847301572,0.11215393716507172
"EEM, TLT, XLV, VNQ",4,0.00048442750710578694,0.12207573179065831,5.1406707052918955e-05,0.11381779376413681,0.011319010648798837,0.016335757421346422,0.12863774365013758
"GLD, USO, XLV, AGG",4,0.0007353272352602778,0.18530246328559,5.1408217631233374e-05,0.11381946601118287,0.010226794801539004,0.014736915412784888,0.09615288933870914
"QQQ, XLV, XLI, LQD",4,0.0006413091826935161,0.16160991403876607,5.141261919804553e-05,0.11382433851293612,0.010453608658237277,0.015219461968541613,0.12495264012227958
"USO, XLV, XLY, LQD",4,0.000590972006380762,0.14892494560795203,5.142371652144601e-05,0.11383662224172147,0.010622756314957887,0.01534360528255121,0.1355059992762765
"SPY, EEM, TLT, XLU",4,0.0006362289234656251,0.16032968871333753,5.1446443003477545e-05,0.11386177425666764,0.011073149322207668,0.015959735611378326,0.1108390288430553
"GLD, XLE, XLI, XLP",4,0.0007770824661331509,0.19582478146555402,5.145907103265049e-05,0.11387574763850257,0.010142902277315038,0.014941027587185109,0.10624429581104633
"GLD, XLK, XLU, LQD",4,0.000841128925042905,0.21196448911081206,5.147449393521333e-05,0.11389281132570993,0.010690511026588783,0.016122533666604717,0.08881175582181333
"EFA, XLK, XLV, AGG",4,0.0006721101490433053,0.16937175755891296,5.147676481184388e-05,0.11389532357645181,0.010354743079900652,0.015015047521937582,0.1163836289749236
"QQQ, EEM, XLV, AGG",4,0.0006638732097559497,0.16729604885849933,5.1478085784843236e-05,0.11389678493171129,0.010727159312414827,0.015603143113014625,0.1161204230961036
"SPY, TLT, XLU, VNQ",4,0.0005233927893327669,0.13189498291185725,5.1478850698008406e-05,0.1138976311250507,0.010726245841134102,0.01620351749533888,0.12169313745931698
"TLT, XLK, XLI, XLP",4,0.0006410945814341173,0.16155583452139755,5.1489551870607014e-05,0.11390946875213215,0.010705220845229884,0.015003117625382575,0.1352709260635242
"QQQ, EFA, VNQ, AGG",4,0.0006102502529685431,0.15378306374807288,5.149409907571637e-05,0.11391449849374104,0.010395400514453503,0.01566681880169105,0.11677921448038253
"EFA, GLD, XLY, AGG",4,0.0006585672059356152,0.16595893589577504,5.150454377063986e-05,0.11392605070922648,0.011201187270649999,0.016578017356509867,0.09278844843697764
"EFA, XLK, XLU, AGG",4,0.0007205711352795425,0.18158392609044471,5.1547971704641765e-05,0.11397407104060873,0.010293615261778605,0.015316600207751555,0.11347159279395203
"IWM, XLF, XLV, AGG",4,0.0005504624985783776,0.13871654964175117,5.1552305164366165e-05,0.11397886164293919,0.010728540335260621,0.01515917266757609,0.12883086076377104
"GLD, XLK, XLU, HYG",4,0.0008673159927452925,0.2185636301718137,5.155512293092616e-05,0.11398197655152938,0.011042561657020394,0.01614206820091838,0.09538697420888687
"QQQ, GLD, XLE, XLP",4,0.000844517844160223,0.2128184967283762,5.155935629913836e-05,0.11398665618125162,0.01026638407889126,0.015894494122912543,0.11117225171728606
"QQQ, GLD, XLF, XLP",4,0.0008574406544826281,0.2160750449296223,5.1567725745932924e-05,0.11399590732993486,0.010864740783194432,0.01598966699657441,0.10944217384799615
"SPY, QQQ, XLU, LQD",4,0.0007109573341044816,0.17916124819432938,5.157582626000245e-05,0.11400486049954457,0.009834576267997499,0.015613992160102374,0.1305940848531285
"GLD, USO, XLP, LQD",4,0.0007228851903282188,0.18216706796271115,5.157850540451939e-05,0.11400782149457504,0.010352404557013311,0.014661751774095493,0.11499600282909928
"QQQ, USO, XLV, LQD",4,0.000717844886885732,0.18089691149520445,5.1582374903656786e-05,0.11401209793579589,0.009797299462477503,0.015726666212470666,0.13152623778828776
"EEM, TLT, XLV, XLI",4,0.0005665807720546595,0.14277835455777418,5.158305725413001e-05,0.11401285203011441,0.01079493337150942,0.01607463802538805,0.12211177090783476
"USO, XLV, VNQ, HYG",4,0.0005944433116121746,0.149799714526268,5.1626214271664834e-05,0.1140605365429233,0.01056709473258134,0.015321491200822011,0.11564104773092321
"XLE, XLI, VNQ, HYG",4,0.0005796687167448605,0.14607651661970483,5.162981077823359e-05,0.11406450945020044,0.009824874356993436,0.015232113425870511,0.14353552300842942
"EEM, TLT, XLY, LQD",4,0.0004381713989045158,0.11041919252393799,5.164070622105391e-05,0.11407654433627268,0.011784250869715159,0.016272440564803033,0.11000605734559499
"IWM, TLT, XLI, LQD",4,0.00045556520504869895,0.11480243167227214,5.164355351674064e-05,0.11407968919233012,0.011343364295754351,0.0155287121880556,0.13660249732789187
"GLD, XLY, VNQ, HYG",4,0.0006301222299293228,0.15879080194218934,5.166118544045468e-05,0.11409916183300638,0.012437997650666732,0.016582694691941534,0.09502397349527425
"SPY, XLE, XLP, XLU",4,0.0006750784925568543,0.1701197801243273,5.1661879267572846e-05,0.11409992802551787,0.009462462792837405,0.015203588101101262,0.13189778012994136
"TLT, XLF, XLV, VNQ",4,0.0004498130011050163,0.1133528762784641,5.1662750642118465e-05,0.11410089027616681,0.01099952428486044,0.01609052372730926,0.11053371491010389
"EEM, USO, VNQ, AGG",4,0.0006694358274363132,0.16869782851395093,5.167320160586983e-05,0.11411243054408753,0.010658706901228597,0.015466793329140624,0.12543490089503373
"GLD, XLK, XLV, XLP",4,0.0008410789224253029,0.21195188845117632,5.170079397167586e-05,0.11414289325605129,0.010618125416065148,0.015725756024841653,0.10089701644650229
"QQQ, TLT, USO, XLV",4,0.0006798689850899622,0.17132698424267048,5.170729833726197e-05,0.11415007306607394,0.010117551129978844,0.015450885871001092,0.12656766758492555
"EFA, USO, VNQ, LQD",4,0.0006274694212552387,0.15812229415632015,5.171336993757823e-05,0.11415677476290977,0.010510784550957346,0.014873883952067688,0.1142815833382489
"EEM, XLE, XLP, XLU",4,0.0006845741965661114,0.1725126975346601,5.17180525546007e-05,0.11416194306229803,0.009612179952614285,0.01568197613602941,0.11481828824220774
"GLD, XLK, XLF, AGG",4,0.0008592330163324231,0.21652672011577062,5.171888344329898e-05,0.11416286010656593,0.01121531891783575,0.016312376412257218,0.10200387676123812
"EFA, XLV, XLY, LQD",4,0.0004950339230699051,0.12474854861361609,5.1721463316166874e-05,0.11416570744174474,0.011269067108657193,0.015129585222601152,0.11131245037639703
"QQQ, XLI, XLU, LQD",4,0.0006897701689297532,0.17382208257029783,5.172176347776672e-05,0.11416603871728762,0.010215226576391376,0.015240338390751028,0.12505543650276085
"QQQ, IWM, TLT, AGG",4,0.0005148817409542193,0.12975019872046328,5.173790815701159e-05,0.11418385549440395,0.010746242852712378,0.01558241366053765,0.13539334411948956
"EEM, TLT, XLE, VNQ",4,0.000546188616430689,0.13763953134053364,5.1738580070870405e-05,0.11418459693785035,0.010763503105325168,0.016613759795615298,0.1321033738901205
"SPY, USO, VNQ, AGG",4,0.0006599401234270557,0.16630491110361803,5.173923588127009e-05,0.11418532060681033,0.010228629809182628,0.01544434658274146,0.1261754847073101
"QQQ, GLD, XLI, AGG",4,0.0008048424655592263,0.20282030132092504,5.1740719620884227e-05,0.11418695785624043,0.01114737383043534,0.016387437675253153,0.09470760253698807
"XLF, XLE, XLI, LQD",4,0.0006317032771745607,0.1591892258479893,5.175579361017347e-05,0.1142035900913965,0.00968307461886773,0.015475764219676596,0.13458500979027965
"QQQ, XLE, XLV, XLP",4,0.0006728657191729609,0.16956216123158616,5.1758270843968335e-05,0.11420632317293129,0.009380734424667308,0.015465739143010485,0.1364612216350911
"XLK, XLV, VNQ, LQD",4,0.0006174781053346254,0.1556044825443256,5.176408536682802e-05,0.11421273796052989,0.010602802617105101,0.015741333883941822,0.13406425790934617
"QQQ, XLE, VNQ, HYG",4,0.0006471040947719329,0.1630702318825271,5.176680029697228e-05,0.11421573304425715,0.009612447817467156,0.016261742329235024,0.14232086314141235
"EEM, TLT, XLP, XLY",4,0.0004865823825231508,0.122618760395834,5.1782621402371745e-05,0.11423318516699814,0.011555842767775666,0.015812680249509336,0.11606358321824917
"EFA, EEM, XLE, LQD",4,0.0006469154040566909,0.1630226818222861,5.178945876408498e-05,0.11424072657572437,0.009551915011129994,0.01649036140607001,0.12285933165240093
"SPY, XLF, XLE, HYG",4,0.0006790775100516762,0.1711275325330224,5.179519151378735e-05,0.11424704924624711,0.009875962120383306,0.01616551586457862,0.13717782400961165
"XLF, XLY, XLU, HYG",4,0.0005851527193103854,0.1474584852662171,5.1799355860255803e-05,0.11425164189973142,0.011200617683323632,0.015779213279456885,0.12569076091272358
"EEM, GLD, XLE, HYG",4,0.0007855414194008886,0.19795643768902393,5.182264728585187e-05,0.11427732546763016,0.011187255072768501,0.01673602460612747,0.09981548532373474
"EFA, TLT, XLK, LQD",4,0.0005732812186968413,0.144466867111604,5.183099486009813e-05,0.11428652897321158,0.011119185464098043,0.015212052390873868,0.11035246544871635
"GLD, XLK, XLE, AGG",4,0.0008463102060100179,0.21327017191452452,5.183237012714701e-05,0.11428804518426697,0.010980033664934807,0.01642041331694896,0.10526932975552383
"GLD, XLK, VNQ, AGG",4,0.0007810113882003356,0.19681486982648455,5.1867732352580994e-05,0.1143270245954578,0.01159941338888823,0.016322497552775914,0.09502808412800967
"SPY, USO, XLU, LQD",4,0.0007200576602696254,0.1814545303879456,5.1908822811607434e-05,0.11437230149177324,0.009627716364097538,0.014925371786829643,0.1220417574258077
"EEM, XLF, XLI, AGG",4,0.0006711217513761847,0.16912268134679853,5.1913762696652744e-05,0.11437774346242582,0.011101644409158062,0.015964601061243103,0.11145495398798255
"USO, XLF, XLU, LQD",4,0.0006949388582781119,0.17512459228608418,5.192392856388409e-05,0.11438894176492233,0.00980237454540973,0.015099942368757386,0.1102812824727406
"USO, XLY, XLU, AGG",4,0.0006313141504954472,0.15909116592485267,5.193402096690701e-05,0.11440005805794229,0.010244921026635797,0.01498684813903236,0.1329907046799157
"EFA, XLF, XLV, XLP",4,0.000598950772349653,0.15093559463211256,5.195592166494059e-05,0.11442417690140938,0.010545773005229934,0.015050711147090941,0.11253344659509179
"EFA, XLF, XLI, LQD",4,0.0006291553451951102,0.15854714698916778,5.1966915034507926e-05,0.11443628178465079,0.010723210426667108,0.015246260552551212,0.11101784273551574
"QQQ, TLT, XLV, VNQ",4,0.0005211800159488737,0.13133736401911617,5.1967486299166814e-05,0.11443691077353511,0.010915599205888905,0.015990192220477498,0.13104059740110996
"EEM, XLI, VNQ, AGG",4,0.0005929001232440972,0.1494108310575125,5.197391956047687e-05,0.11444399385393789,0.01100991829397282,0.01604984109168799,0.11708388286526616
"SPY, XLK, XLP, HYG",4,0.0007264447161070026,0.18306406845896467,5.1978304292273944e-05,0.11444882123313038,0.010303641885761019,0.015472410460823302,0.13909667164874184
"XLK, XLE, VNQ, AGG",4,0.0006711203725379757,0.16912233387956987,5.199693022687028e-05,0.11446932522370921,0.010003660930783967,0.01635521854726477,0.14667373510872106
"SPY, TLT, XLE, XLI",4,0.0006188461773703041,0.15594923669731664,5.19991564286764e-05,0.11447177564808914,0.009368335564493515,0.015694930184067583,0.14543949005888934
"TLT, USO, XLK, AGG",4,0.0006611004598861461,0.1665973158913088,5.201162060623204e-05,0.1144854942460855,0.010796285282754886,0.015480982252280387,0.11282125943227994
"IWM, XLE, XLV, LQD",4,0.0005456585303775246,0.1375059496551362,5.204366220983988e-05,0.11452075304013526,0.010119605565838826,0.015671214277428163,0.14736346695414626
"IWM, TLT, USO, XLP",4,0.00058051189285955,0.1462889970006066,5.2054785034689395e-05,0.11453299013271998,0.010231751860447587,0.014763003614607303,0.12624300392742105
"GLD, XLV, XLP, XLY",4,0.0006558838543303508,0.1652827312912484,5.205621367422666e-05,0.11453456179645129,0.011119278533168856,0.015613063619439918,0.10542071721170876
"TLT, GLD, XLI, VNQ",4,0.0006253967629090636,0.15759998425308402,5.207780708152551e-05,0.11455831434053326,0.011444330331209583,0.015856957423140017,0.11136570174817484
"XLK, XLF, XLU, LQD",4,0.00074416071970295,0.1875285013651434,5.2080330087058235e-05,0.11456108930146691,0.010246767101378607,0.01570874266006182,0.12993480918553535
"TLT, XLK, XLI, HYG",4,0.0006188706655178694,0.1559554077105031,5.208303347583267e-05,0.11456406258469466,0.011194446890327914,0.015613511498149829,0.12919078372093895
"XLK, XLV, VNQ, HYG",4,0.0006436651730370126,0.1622036236053272,5.210024784268379e-05,0.11458299374844556,0.010955295608029148,0.015763011407344096,0.1325131918228638
"TLT, GLD, XLK, XLV",4,0.0007546920370108981,0.19018239332674633,5.210104446878856e-05,0.11458386974672621,0.01110838093345909,0.01563829855592809,0.09156505043033503
"SPY, XLK, HYG, LQD",4,0.0006780337324883676,0.17086450058706862,5.2117408340198795e-05,0.11460186255785766,0.010649385545153458,0.015698743198171102,0.12905176796596074
"QQQ, EFA, TLT, XLV",4,0.0005839309017791054,0.14715058724833455,5.21273807040041e-05,0.114612826234279,0.011007666574714954,0.015274252457035384,0.11480790732158597
"QQQ, EFA, XLE, LQD",4,0.0006836679128997773,0.17228431405074388,5.213177456393817e-05,0.1146176565373434,0.009961531681363994,0.01608745522466547,0.13177710370797735
"SPY, EFA, TLT, XLF",4,0.0006123666085740686,0.15431638536066528,5.2132489308285596e-05,0.11461844225816355,0.010914389323540235,0.01566659996978819,0.11497974534354372
"TLT, USO, XLV, XLY",4,0.0005529961045849919,0.13935501835541794,5.2160115541861196e-05,0.11464880774150694,0.010645718640373511,0.015210737988600856,0.13001058041571423
"EFA, XLV, XLY, HYG",4,0.0005212209907722924,0.13134768967461768,5.217136569005839e-05,0.11466117108199582,0.011212054255171716,0.01505600837888319,0.11753446305576498
"SPY, EEM, XLP, XLU",4,0.0007226158088800298,0.18209918383776752,5.2189046284770624e-05,0.11468059846269638,0.01049645652513304,0.015488522262623568,0.116895737281973
"XLE, XLV, XLP, XLU",4,0.0005752757709180337,0.1449694942713445,5.225471958703956e-05,0.11475273127875418,0.010006201864980873,0.015100026761411714,0.11175139279371449
"QQQ, EEM, XLU, AGG",4,0.000712334195992187,0.17950821739003112,5.22573977583315e-05,0.11475567190818735,0.010720005823020238,0.01596306431457147,0.11348101468839877
"GLD, XLY, VNQ, LQD",4,0.0006039351622269355,0.15219166088118777,5.226894766202553e-05,0.11476835282790475,0.012441566568949403,0.01668801660157171,0.09094290660652715
"SPY, EEM, XLV, XLP",4,0.0006741548226437929,0.16988701530623582,5.226896074137929e-05,0.11476836718725061,0.009986000078667108,0.015594894037977133,0.12004307193837294
"TLT, USO, XLP, VNQ",4,0.0005097194550604065,0.12844930267522245,5.226961562885007e-05,0.11476908616204198,0.010554619876659508,0.014883748018029483,0.10925314416612486
"GLD, XLP, XLY, XLU",4,0.0007043448405665881,0.1774948998227802,5.227140440644594e-05,0.11477104996655026,0.01074623265589449,0.016153562845655944,0.12548308676091835
"QQQ, TLT, XLY, AGG",4,0.00046680506562605037,0.1176348765377647,5.22779503125503e-05,0.11477823608490713,0.011456238032128419,0.015837338619001568,0.12775920609648994
"EFA, XLI, VNQ, LQD",4,0.0005509337170630228,0.13883529669988173,5.230778686539391e-05,0.11481098505839617,0.011113929866988522,0.015500535166832965,0.11310797460110089
"QQQ, IWM, HYG, LQD",4,0.0005871635525739284,0.14796521524862996,5.231210032024589e-05,0.11481571878755088,0.0106722090383929,0.01562951399919303,0.13913244384497758
"EFA, XLI, VNQ, HYG",4,0.0005771207847654101,0.14543443776088333,5.2314260404526183e-05,0.11481808926271417,0.010526105507927104,0.01530594251724075,0.11362444944782268
"EEM, GLD, XLF, XLP",4,0.0008206881456395415,0.20681341270116446,5.234505699580684e-05,0.11485188010190919,0.010666015829809725,0.016556966969689533,0.10511800286080786
"TLT, XLV, XLU, VNQ",4,0.00042359006769394637,0.10674469705887449,5.235330768083624e-05,0.11486093128462234,0.011138665222401005,0.015987263669428108,0.11744440581698978
"SPY, QQQ, XLV, LQD",4,0.0006624963478682445,0.1669490796627976,5.236428205254409e-05,0.1148729693062781,0.010596758115628203,0.015597516118772406,0.1319439362408389
"EEM, TLT, GLD, XLF",4,0.0007343012602251366,0.1850439175767344,5.237073624385149e-05,0.11488004845686033,0.011304983836058642,0.01682262316950186,0.09507031181275583
"USO, XLF, VNQ, AGG",4,0.0006348213214355425,0.1599749730017567,5.238835598442526e-05,0.11489937209608748,0.010733672206420762,0.015270426243385532,0.11648509587689904
"EFA, EEM, VNQ, AGG",4,0.0005734977441254565,0.14452143151961505,5.240829615938011e-05,0.1149212366456426,0.010856572136821167,0.016207093146738124,0.1133544814530949
"GLD, USO, XLP, HYG",4,0.0007490722580306061,0.18876620902371274,5.241645164841427e-05,0.11493017800125604,0.010765095078513623,0.014751841149149446,0.11657750197654781
"QQQ, IWM, XLP, LQD",4,0.0006093874684901762,0.15356564205952442,5.241775145768871e-05,0.11493160299646724,0.01109685552611538,0.01545750027867419,0.14491810320410736
"TLT, USO, XLK, XLP",4,0.0007176302856263333,0.180842831977836,5.2421244232371535e-05,0.11493543207626457,0.0100436778455118,0.015142143630654368,0.12555061671006695
"QQQ, EFA, TLT, XLU",4,0.0006323918880153425,0.1593627557798663,5.245730146019923e-05,0.11497495365500351,0.011025152789132598,0.01546129658004456,0.10525214753413126
"EEM, GLD, VNQ, HYG",4,0.0007202426015912063,0.181501135600984,5.248248006855767e-05,0.11500254335133868,0.011373689798305501,0.01706290502934706,0.09472794667034135
"TLT, XLV, XLI, VNQ",4,0.0004537446379218013,0.11434364875629392,5.248610859468882e-05,0.11500651879724726,0.011206755593862062,0.015782149455758423,0.12852176804114335
"USO, XLK, XLP, LQD",4,0.000755606187422103,0.19041275923036996,5.252487574258332e-05,0.11504898385961954,0.01056693358521237,0.015439472233644677,0.1306345290839921
"EEM, TLT, USO, XLF",4,0.0007178003958941827,0.18088569976533403,5.255529479548661e-05,0.11508229354884542,0.010518453658139413,0.015492569756656945,0.11733430132586475
"IWM, EEM, TLT, HYG",4,0.0005124351419350719,0.1291336557676381,5.2557121803077605e-05,0.11508429386486915,0.011506565025294867,0.01627260398447524,0.11771067504287336
"XLK, XLF, XLV, LQD",4,0.0006956997334667129,0.17531633283361164,5.256371060947938e-05,0.11509150739124414,0.010364299206643097,0.015611183626061384,0.13128734360265149
"GLD, USO, XLV, LQD",4,0.0007434460773818296,0.18734841150022105,5.256727642382241e-05,0.11509541111097023,0.010373830698249644,0.014937068913822354,0.09484244962424604
"EEM, USO, XLU, LQD",4,0.0007295533642788826,0.1838474477982784,5.258541558512579e-05,0.11511526713451913,0.01048998611432501,0.0155098266169254,0.11454585351440039
"SPY, XLY, XLU, LQD",4,0.0005840844535995114,0.14718928230707687,5.258653428064281e-05,0.11511649160186385,0.010829584452023892,0.01590809213660587,0.13162206535172571
"USO, XLI, VNQ, AGG",4,0.0006387529582523277,0.16096574547958656,5.258798688398559e-05,0.11511808152833493,0.010002730016478875,0.014859918592249768,0.1248662673890567
"QQQ, EFA, GLD, AGG",4,0.0007854400864405855,0.19793090178302755,5.259318741656817e-05,0.11512377351778902,0.011315320638543654,0.01652840173617458,0.089002121015749
"SPY, EEM, TLT, XLE",4,0.00064952904655429,0.16368131973168107,5.259546398374903e-05,0.11512626513487162,0.010319697497519794,0.016491573709052038,0.12560699824955068
"SPY, XLI, VNQ, LQD",4,0.0005915232613563917,0.1490638618618107,5.260009186687465e-05,0.11513133001252271,0.010480445566900943,0.015916800635773234,0.13966986653294922
"QQQ, EFA, XLF, AGG",4,0.0006884718811006304,0.17349491403735884,5.2602150493375034e-05,0.11513358295619272,0.010925620062496812,0.01567277162232658,0.12451585978243696
"EFA, USO, XLI, LQD",4,0.0007096226862041111,0.178824916923436,5.26139575317219e-05,0.11514650362904606,0.010018050956444613,0.015205847383113863,0.11793573178851302
"SPY, QQQ, XLU, HYG",4,0.0007371444018068687,0.18576038925533092,5.263515440867464e-05,0.11516969614870924,0.010137991052743395,0.015686584849089646,0.1369666692000443
"QQQ, XLE, XLP, XLU",4,0.0007213267054091981,0.18177432976311791,5.264267455628757e-05,0.11517792318054909,0.009334503232497331,0.015417953531582882,0.13391819382689862
"IWM, USO, XLV, AGG",4,0.0006309298395873788,0.15899431957601945,5.266579135510794e-05,0.11520320924994756,0.010299584089189307,0.01565773720573048,0.13026875670527627
"GLD, XLE, XLP, VNQ",4,0.0006949292011842785,0.17512215869843817,5.2673637431100506e-05,0.1152117903369153,0.010181847819202474,0.015524303756097346,0.10613910742021826
"SPY, TLT, XLK, XLP",4,0.0006622817466088456,0.1668950001454291,5.2705601067565475e-05,0.11524674168507543,0.010494718242863821,0.01557185262904179,0.1359041582322842
"EEM, USO, XLV, XLP",4,0.0007295033616612804,0.18383484713864265,5.270610588953258e-05,0.11524729360884016,0.010931543959760546,0.015589702302177185,0.12843576504377108
"EEM, USO, XLF, LQD",4,0.0007557762976899525,0.19045562701786803,5.2712677649460145e-05,0.1152544782976521,0.0107407965746268,0.01579049837515179,0.12233117708755537
"QQQ, XLI, XLU, HYG",4,0.0007159572366321405,0.1804212236312994,5.271508065424548e-05,0.11525710531186294,0.010343675909840028,0.015436169072085799,0.1292656384159172
"IWM, TLT, VNQ, LQD",4,0.00037341194009982647,0.09409980890515628,5.27224062254043e-05,0.11526511340731803,0.011322869854461378,0.016649296920071565,0.1330564189425918
"SPY, QQQ, GLD, AGG",4,0.0008260296307339546,0.20815946694495654,5.273802675253008e-05,0.11528218744297655,0.011677840384565022,0.016564498406756008,0.10273772206903664
"QQQ, XLV, XLI, HYG",4,0.0006674962503959033,0.16820905509976763,5.275819060365944e-05,0.11530422382602547,0.010536456488896468,0.015479580541448367,0.130643667423623
"SPY, EEM, GLD, AGG",4,0.000789277121890868,0.19889783471649872,5.277343010049397e-05,0.1153208757568398,0.011144011654199698,0.017004276097472192,0.09255688570797849
"XLF, XLV, XLY, LQD",4,0.0005105046653717608,0.12864717567368372,5.278463322203489e-05,0.11533311567781733,0.010557855735008156,0.01572728334283682,0.1263921681060297
"QQQ, TLT, XLE, VNQ",4,0.0005829411252737757,0.1469011635689915,5.279173817250482e-05,0.11534087748700031,0.009825738930632927,0.016622670129969885,0.14364954779170347
"QQQ, XLF, XLE, LQD",4,0.0006991386552016329,0.1761829411108115,5.279339643196266e-05,0.11534268897877571,0.009846205723656836,0.01639969843588209,0.1413684523863168
"TLT, XLF, XLE, XLI",4,0.0005937273753787908,0.14961929859545528,5.28039519093862e-05,0.11535421917366231,0.009652131465608678,0.01554085255147974,0.13699057968815176
"IWM, TLT, GLD, XLV",4,0.0006175736442441148,0.15562855834951694,5.280617313959688e-05,0.11535664537068688,0.011735173843118632,0.016135168943204464,0.0917056647366219
"EFA, TLT, USO, XLI",4,0.0006716467844083415,0.16925498967090205,5.282019984139179e-05,0.11537196522565928,0.010191785724522222,0.015099009888800191,0.11552717132868917
"EEM, XLE, XLI, LQD",4,0.0006663177831753317,0.1679120813601836,5.283206661905152e-05,0.11538492443989806,0.010222692298124723,0.016444872512845165,0.1240240650145421
"TLT, GLD, USO, LQD",4,0.0006364983049138139,0.1603975728382811,5.2845377293582444e-05,0.11539945874215692,0.010749451906582542,0.015380585257990968,0.10785937074041729
"QQQ, EEM, TLT, LQD",4,0.0005650442794094859,0.14239115841119043,5.2876267729472144e-05,0.11543318183185883,0.011332567282644057,0.01618410025240555,0.1048622706732526
"QQQ, XLE, XLI, AGG",4,0.0006949514498968661,0.17512776537401026,5.287729137014476e-05,0.11543429917176472,0.00964137851516449,0.016123078166050502,0.13845634143867613
"SPY, EFA, USO, LQD",4,0.0007308098513788394,0.18416408254746752,5.287838863645055e-05,0.11543549686463665,0.010056703223432028,0.015532297204661722,0.1250232784929567
"SPY, USO, XLF, AGG",4,0.0007381617515591432,0.1860167613929041,5.288370620730836e-05,0.11544130094659237,0.010709437208936277,0.015802153195054642,0.13073016935163395
"QQQ, XLY, HYG, LQD",4,0.0005390868772457595,0.1358498930659314,5.2898970216391244e-05,0.11545795985782269,0.011334430341608465,0.015774283165571237,0.13723584802254296
"IWM, TLT, XLV, XLU",4,0.0004943825054930898,0.12458439138425863,5.290756916649121e-05,0.11546734356499151,0.011206127090028198,0.015963465746848926,0.13001485772615096
"TLT, XLF, XLE, VNQ",4,0.0005115741104299183,0.12891667582833943,5.291276407306391e-05,0.11547301219944038,0.01016728129035902,0.016447813620463263,0.13319780721751118
"EFA, USO, XLV, XLP",4,0.0006794181133586539,0.17121336456638078,5.291542481363506e-05,0.11547591546740835,0.010393501347466891,0.01494106434419186,0.11452197869096203
"EEM, TLT, GLD, XLE",4,0.0007213784499027314,0.1817873693754883,5.29256537358957e-05,0.11548707607973162,0.010734194840542744,0.016715982629317516,0.09816698873662277
"EFA, EEM, TLT, XLV",4,0.0005471783929360187,0.13788895501987672,5.2938068996209666e-05,0.11550062072146988,0.011473737458434358,0.016163912029553928,0.1192291673573821
"EFA, USO, VNQ, HYG",4,0.0006536564889576259,0.16472143521732172,5.294835477581489e-05,0.11551184096665308,0.010646299131035755,0.015235141111322037,0.11677197751375512
"QQQ, GLD, XLP, VNQ",4,0.0007792190263505408,0.1963631946403363,5.295274225048635e-05,0.11551662671287871,0.01119114154180794,0.0162972120338188,0.10165546992249486
"TLT, XLK, XLE, XLU",4,0.0006932620075847751,0.17470202591136333,5.295576477530919e-05,0.11551992349104945,0.010129157312089954,0.016214602316336105,0.13939030516349282
"EFA, USO, XLF, HYG",4,0.0007318781170897134,0.18443328550660779,5.2958204168514753e-05,0.11552258415766901,0.01023012698050495,0.015699045779425685,0.12193146670699628
"TLT, GLD, USO, XLP",4,0.0006849092885324491,0.17259714071017715,5.298076068949918e-05,0.11554718384172673,0.010569194668360584,0.01478351227950001,0.11097864128383528
"TLT, GLD, XLF, XLY",4,0.000644180888563253,0.16233358391793976,5.298235198801307e-05,0.11554891908182999,0.01184946260785482,0.016357832861210415,0.09984525510584163
"SPY, EFA, TLT, USO",4,0.0006928339495830694,0.1745941552949335,5.298667611867338e-05,0.1155536342219737,0.01039778891172673,0.01524962477560628,0.12002873593025853
"USO, XLI, XLU, LQD",4,0.0006988704950948972,0.1761153647639141,5.299148754175923e-05,0.11555888049182256,0.010183353929228946,0.014796966121533596,0.12072359028629898
"TLT, XLK, XLI, LQD",4,0.0005926835978154821,0.1493562666495015,5.300538411479868e-05,0.11557403167203811,0.010976837544049683,0.015702444481014433,0.1288872526269711
"XLK, XLE, XLU, HYG",4,0.0007574249770829323,0.19087109422489892,5.301589103295513e-05,0.11558548585486282,0.00969527771965365,0.01630752268539322,0.13925169739421095
"XLF, XLE, XLY, AGG",4,0.0005641469325751108,0.14216502700892794,5.3023146439123764e-05,0.11559339471898553,0.010425675796945205,0.016332751461451283,0.13375414897957383
"SPY, TLT, USO, XLU",4,0.0006820817584738553,0.17188460313541154,5.303803431073679e-05,0.11560962177217636,0.01000393278437341,0.015048987730601678,0.11653876445673839
"SPY, IWM, GLD, AGG",4,0.0007472334255571534,0.18830282324040265,5.305415631071598e-05,0.11562719139674901,0.011282128556366263,0.01638976104776002,0.10240318409240468
"SPY, XLF, XLV, XLP",4,0.000639540316643022,0.16116415979404153,5.3062914671877865e-05,0.11563673506854655,0.010558140774569742,0.015583378322497659,0.12414863960531963
"SPY, EFA, XLE, XLP",4,0.0006858306836660683,0.17282933228384922,5.306620950410996e-05,0.11564032512508648,0.009792365109759988,0.015798487526946518,0.12999904901721915
"TLT, USO, XLF, XLU",4,0.0006569629564823419,0.16555466503355015,5.307556103746279e-05,0.1156505139696345,0.010303444421909053,0.015213979359388521,0.10640685986117027
"QQQ, USO, XLU, AGG",4,0.0007581870310004173,0.19106313181210516,5.308559530210176e-05,0.11566144567715574,0.00990972613953252,0.015451326443311627,0.12517265056257088
"EFA, TLT, GLD, XLI",4,0.0006881476487392953,0.1734132074823024,5.3119730971087564e-05,0.1156986266327914,0.011166236641071699,0.016394473347429467,0.10258782179890558
"IWM, USO, XLP, HYG",4,0.0006446748623577073,0.16245806531414225,5.313235500798061e-05,0.11571237385003867,0.010629634180904776,0.015230277165672323,0.12956087643977632
"TLT, USO, XLV, VNQ",4,0.0005302803421140174,0.13363064621273238,5.315625421868982e-05,0.11573839493923282,0.01112207279412655,0.015677639863176263,0.12583661864939066
"GLD, XLK, XLP, XLU",4,0.0008895399086615401,0.22416405698270808,5.3167342219406426e-05,0.11575046539556728,0.010611320178663565,0.01592379946521265,0.09930058096007444
"GLD, XLE, XLV, XLU",4,0.0007674887829589067,0.19340717330564447,5.3169914177173894e-05,0.11575326506257966,0.009864610843915505,0.015100852193718218,0.09860041105536566
"USO, XLF, XLI, AGG",4,0.000716974586384415,0.18067759576887257,5.3190116087881445e-05,0.11577525320268629,0.010401184897024343,0.015353001359691493,0.12783836571319174
"USO, XLK, HYG, AGG",4,0.0007252634293843033,0.18276638420484442,5.320705464033457e-05,0.11579368622409562,0.011034612675853433,0.01609129287446005,0.12608884903858686
"EFA, XLE, XLY, LQD",4,0.0005567950323948071,0.1403123481634914,5.322050918521635e-05,0.11580832575715151,0.010140497135520937,0.016253519132742273,0.12813877158510023
"SPY, XLI, VNQ, HYG",4,0.000617710329058779,0.1556630029228123,5.322830101934821e-05,0.11581680299885569,0.010620927965909507,0.015866581288821346,0.14022894011847353
"GLD, XLI, XLP, VNQ",4,0.0007117836483234685,0.17936947937751405,5.325038112297396e-05,0.11584082200584317,0.010814345726211427,0.015887122703274293,0.10895218839883702
"QQQ, EFA, TLT, XLE",4,0.0006456920111040075,0.16271438679820988,5.329089000428288e-05,0.11588487511784826,0.009826576479067001,0.016219478647433627,0.1267763920765117
"TLT, GLD, XLU, VNQ",4,0.0005952421926812085,0.15000103255566455,5.3298010550508035e-05,0.11589261692932827,0.010940064182356742,0.016417917216294806,0.12927265283078604
"SPY, XLY, XLU, HYG",4,0.0006102715213018986,0.15378842336807844,5.3305918038740444e-05,0.11590121373722793,0.010832025165822807,0.015872384004503713,0.13429838317015586
"EFA, XLI, XLP, XLU",4,0.0006513433954026754,0.1641385356414742,5.331073881902161e-05,0.1159064544466504,0.01029933071058462,0.014864190895048722,0.10555289605686813
"IWM, TLT, XLI, XLP",4,0.0005039761886673341,0.1270019995441682,5.331950068439146e-05,0.11591597893503142,0.011281539038902465,0.01538556442965606,0.14555657782978737
"QQQ, XLF, XLP, XLU",4,0.0007342495157316032,0.18503087796436402,5.3322902794955e-05,0.1159196769505879,0.009730685983956877,0.015588545177241883,0.13227487282948314
"EFA, EEM, XLE, HYG",4,0.0006731024717590781,0.16962182288328767,5.33368287409899e-05,0.11593481290246453,0.009561340263889205,0.01668938520897761,0.12561709780814778
"EFA, XLF, XLI, HYG",4,0.0006553424128974975,0.16514628805016937,5.3343243679404055e-05,0.11594178456108835,0.010780093705262297,0.015423775566999996,0.11750355731808049
"IWM, XLV, VNQ, AGG",4,0.0004722408704462903,0.11900469935246516,5.334601733002994e-05,0.11594479879307888,0.011003693025695042,0.015829358963122223,0.1374548108057868
"GLD, USO, XLF, AGG",4,0.0008100111549075849,0.2041228110367114,5.334879587568345e-05,0.11594781826611586,0.010466261875250724,0.015287037596205387,0.09811979597782083
"XLF, XLI, VNQ, LQD",4,0.0005664044593648784,0.14273392375994937,5.3354903476889634e-05,0.11595445518036894,0.010678646159579596,0.015768932502146827,0.1311682226509615
"TLT, XLE, XLU, VNQ",4,0.00048535117701884844,0.1223084966087498,5.335655148378067e-05,0.11595624594610128,0.010702364920237229,0.016403698894718127,0.12510947094255664
"SPY, XLI, XLP, XLU",4,0.0006919329396960444,0.1743671008034032,5.336946453725528e-05,0.11597027663754335,0.010388381279300488,0.015009554386760535,0.13230676930511798
"QQQ, TLT, XLF, XLE",4,0.0006611627534058631,0.16661301385827748,5.3384908101583556e-05,0.11598705462938119,0.010198544037227215,0.01625112459839247,0.13612646637095183
"EFA, XLV, XLI, XLP",4,0.0006028824091664381,0.15192636710994242,5.339302694808548e-05,0.11599587402540465,0.010273846169031972,0.014767880416702987,0.11146249428412625
"IWM, EEM, TLT, XLP",4,0.0005346590578513198,0.1347340825785326,5.341420914325485e-05,0.11601888080868658,0.01157935058673749,0.016282379942551474,0.1256188708309347
"XLK, XLF, XLU, HYG",4,0.0007703477874053373,0.194127642426145,5.3434093439542694e-05,0.11604047374414135,0.010306653251262118,0.015915920840423016,0.13633240867873386
"TLT, XLE, XLI, VNQ",4,0.0005155057472467035,0.1299074483061693,5.3458425738604e-05,0.1160668914295899,0.010202525746398513,0.016161210867168357,0.14540206745616424
"EEM, GLD, VNQ, LQD",4,0.0006940555338888191,0.1749019945399824,5.34648330618875e-05,0.11607384688893382,0.011453147473274364,0.01728173654988855,0.09777676258255952
"SPY, XLE, XLI, HYG",4,0.0006830091468684614,0.1721183050108523,5.351002940124669e-05,0.11612289786736364,0.009644450463953567,0.015959001313168696,0.1437497878500137
"SPY, EEM, XLE, HYG",4,0.0007136920160524472,0.1798503880452167,5.3534853642151486e-05,0.11614983046833162,0.010240895073656772,0.01660325196620178,0.1354216425117173
"IWM, XLP, XLY, AGG",4,0.0004743957458636541,0.11954772795764083,5.353742354463744e-05,0.11615261827978152,0.011264126321056129,0.015433324280350135,0.1467932054810681
"XLV, XLY, VNQ, HYG",4,0.0004584701049420606,0.11553446644539928,5.354095062929752e-05,0.11615644432653308,0.011205894470720356,0.016160844634564478,0.12490975505780533
"IWM, GLD, VNQ, AGG",4,0.0006438929954335525,0.16226103484925522,5.356112246979328e-05,0.11617832354784566,0.011190653498677214,0.016328906065428472,0.09095692443345627
"QQQ, EFA, XLP, XLU",4,0.0007187787734297477,0.1811322509042964,5.3577424900829594e-05,0.1161960028357648,0.010107302543941108,0.01513189036083877,0.120096558099972
"QQQ, IWM, XLP, HYG",4,0.0006355745361925634,0.16016478312052598,5.358302195452428e-05,0.11620207198040884,0.011199684336663676,0.01571418603994948,0.14528492007890015
"EFA, GLD, XLI, XLP",4,0.0007745345341537004,0.1951827026067325,5.359209617193687e-05,0.11621191090128452,0.010161845278569065,0.01602781074519134,0.11338015011271263
"SPY, EEM, VNQ, LQD",4,0.0006222061305403775,0.15679594489617513,5.3592891123448556e-05,0.1162127728053549,0.011174348393600536,0.01657546223308314,0.12179281697010746
"EFA, TLT, XLF, VNQ",4,0.0005090261784504677,0.12827459696951787,5.3607762582235846e-05,0.11622889559280615,0.01138354513939791,0.016334082693621278,0.11238808742086281
"EFA, EEM, TLT, XLE",4,0.0006089395022609208,0.15345275456975202,5.360919944110188e-05,0.11623045323475976,0.011000786283163923,0.016723883860221993,0.12188902884192954
"GLD, USO, XLV, HYG",4,0.000769633145084217,0.1939475525612227,5.361728220677216e-05,0.11623921505286666,0.010506858842091594,0.015283194790521976,0.09794496353051041
"EFA, TLT, XLU, VNQ",4,0.00048280324503939786,0.12166641774992826,5.362242041848587e-05,0.11624478459465801,0.011358943022703306,0.01634198871172948,0.10776334105773855
"USO, XLV, XLY, HYG",4,0.0006171590740831491,0.15552408666895357,5.365785483558979e-05,0.11628318631069855,0.010932787917662593,0.015860025881643806,0.14153793635991185
"SPY, QQQ, XLE, AGG",4,0.0007161386150715943,0.18046693099804176,5.367654409759179e-05,0.11630343551500588,0.009878286413811523,0.01664413679168464,0.14535974978606003
"IWM, XLE, XLV, HYG",4,0.000571845598079912,0.1441050907161378,5.3708595719829614e-05,0.11633815419455933,0.010013357573014858,0.015873062061632685,0.1479330778002117
"EEM, XLK, LQD, AGG",4,0.0006532235266736858,0.1646123287217688,5.3708910029545747e-05,0.11633849460709696,0.011268503703405557,0.01613218815502791,0.10624955411114334
"TLT, XLF, XLU, VNQ",4,0.0004982739873412536,0.12556504480999592,5.371843465664483e-05,0.11634880976389271,0.011601866794432336,0.01650421020218244,0.11307796484772425
"XLK, XLU, VNQ, HYG",4,0.0006921261592732498,0.17441579213685895,5.37228397080472e-05,0.1163535801186534,0.010370177057670097,0.015872220553743818,0.13407527210937165
"EFA, TLT, GLD, VNQ",4,0.0006059943837904226,0.1527105847151865,5.373439302335885e-05,0.11636609060154264,0.01133757356270936,0.01655001386622663,0.09952805611433824
"XLK, XLU, VNQ, LQD",4,0.0006659390915708628,0.16781665107585741,5.3738931461326594e-05,0.11637100467150012,0.010073682435402135,0.016004286079178275,0.13354693303206466
"EEM, GLD, XLP, XLU",4,0.0007944652122284716,0.20020523348157485,5.373974186371424e-05,0.11637188212646554,0.010562312973083058,0.016920704074721855,0.10564284900188914
"SPY, QQQ, XLV, HYG",4,0.0006886834155706316,0.17354822072379916,5.3775864430351436e-05,0.11641098675145986,0.010674933964716329,0.015786341884938094,0.13832354534379365
"EEM, XLV, XLP, VNQ",4,0.0005708143925201919,0.14384522691508836,5.379864595371305e-05,0.11643564222494626,0.01123092762800691,0.01607412185424794,0.12571724389355
"XLV, XLY, VNQ, LQD",4,0.0004322830372396734,0.10893532538439771,5.380909082977286e-05,0.1164469445245463,0.011738234865482757,0.01631483245520109,0.12460346640188336
"EFA, GLD, XLP, VNQ",4,0.0006923812692048278,0.17448007983961658,5.3815225260305464e-05,0.11645358202132289,0.010642312711153023,0.016382289694742588,0.11006377015148938
"QQQ, TLT, GLD, VNQ",4,0.0006928321409361357,0.1745936995159062,5.3820386047831e-05,0.11645916573655082,0.011610096242470226,0.016695600463520355,0.08911360662421208
"EFA, TLT, USO, VNQ",4,0.0005894935194594688,0.14855236690378612,5.382136716503363e-05,0.1164602272262444,0.010304180391798175,0.01526252158458049,0.11846352864990695
"SPY, USO, XLU, HYG",4,0.0007462447279720127,0.1880536714489472,5.384963180413794e-05,0.11649080313330647,0.009878581622761898,0.015432969446845038,0.12848897899221678
"TLT, GLD, USO, XLV",4,0.0007054701755860598,0.17777848424768708,5.3850230329302703e-05,0.11649145051455186,0.010532411988034436,0.015166556132084444,0.08881165641847466
"SPY, EEM, VNQ, HYG",4,0.0006483931982427647,0.1633950859571767,5.385359556883464e-05,0.11649509038301284,0.010609776047049841,0.016425181425301038,0.12546130331290306
"SPY, EEM, XLF, LQD",4,0.0007004277586724647,0.1765077951854611,5.3873795891518744e-05,0.11651693681462247,0.01124568002801244,0.016324847235198614,0.12433545178128591
"EEM, XLE, XLY, AGG",4,0.0005987614385758817,0.1508878825211222,5.388148748262592e-05,0.11652525411095113,0.010485061032903786,0.016665883669677705,0.13123870180437402
"SPY, TLT, XLF, VNQ",4,0.0005496157227438367,0.13850316213144687,5.388552984188968e-05,0.11652962507515503,0.010866290162650923,0.016854949167420682,0.1299034481209922
"XLF, XLV, XLY, HYG",4,0.000536691733074148,0.1352463167346853,5.38863481273234e-05,0.1165305098593733,0.010956786243989042,0.01588644553925467,0.1325528828071042
"EFA, USO, XLY, AGG",4,0.0006420663416046614,0.16180071808437468,5.3886883466604824e-05,0.11653108869990195,0.010389444224599571,0.015573529268421671,0.1303371354557965
"SPY, GLD, XLE, XLV",4,0.0008188305183614899,0.20634529062709545,5.3889913016868806e-05,0.1165343643748527,0.010058583309200514,0.015933100932411768,0.10974469027884026
"USO, XLF, XLU, HYG",4,0.0007211259259804992,0.1817237333470858,5.3894814474470306e-05,0.11653966383839674,0.01028558999963311,0.01554506017038512,0.11680031421033932
"SPY, XLE, XLY, AGG",4,0.0005892657345666243,0.14849496511078933,5.3898208288540134e-05,0.11654333309422772,0.010281988905142233,0.016609520253877026,0.14494423053434768
"SPY, EFA, TLT, VNQ",4,0.0005341449804419813,0.1346045350713793,5.3908308787812404e-05,0.11655425266599553,0.010885129372932525,0.016361659104517822,0.11951396787056656
"XLY, XLU, VNQ, HYG",4,0.0005069310911782978,0.12774663497693106,5.391218497914965e-05,0.11655844291489877,0.011278225388136187,0.016435569339407975,0.1275428604348945
"XLE, XLV, XLI, XLP",4,0.0006054303411458888,0.15256844596876398,5.391918683930798e-05,0.11656601169940409,0.00968304335065054,0.01522825099173369,0.1324059244925332
"IWM, GLD, XLF, LQD",4,0.0007302334656871918,0.18401883335317232,5.3922727816251884e-05,0.11656983919391617,0.011222463339392533,0.01619861346368046,0.09910888556097086
"SPY, XLV, XLI, XLP",4,0.0006434719534598072,0.16215493227187142,5.392453295167651e-05,0.11657179034321503,0.010475719465426421,0.015203254233568659,0.1289970215895373
"QQQ, TLT, XLV, XLI",4,0.0006033332808977461,0.152039986786232,5.3930306869110127e-05,0.11657803108225732,0.010845235292562122,0.015725268595922066,0.1277564680640888
"IWM, XLE, XLU, LQD",4,0.0005941195166137618,0.14971811818666797,5.3958125557162114e-05,0.11660809423193938,0.010236165966659425,0.015888078047286494,0.15075440812222574
"XLI, XLY, XLU, LQD",4,0.0005628972884247831,0.14185011668304534,5.3959827465572796e-05,0.11660993320178323,0.011037090286191676,0.015545408803101436,0.13082637135900854
"IWM, GLD, XLE, LQD",4,0.0007173106553647866,0.18076228515192622,5.3981957892484005e-05,0.11663384323988457,0.010855700748244112,0.016329932005370723,0.10194766958629276
"QQQ, GLD, XLV, XLU",4,0.0008517786081251691,0.21464820924754263,5.3984527935930903e-05,0.1166366196348925,0.010743481621081652,0.016059029168264523,0.09887005316629582
"EEM, USO, VNQ, LQD",4,0.0006775546695578652,0.17074377672858204,5.3993247885710374e-05,0.11664603922636643,0.010891573699080483,0.015794723220630042,0.13204856197927772
"QQQ, XLF, VNQ, LQD",4,0.0006338398373919507,0.15972763902277157,5.399458215970334e-05,0.11664748048820105,0.010749914018720785,0.01655270392372154,0.13228415995378373
"SPY, XLV, XLP, VNQ",4,0.0005613186885109346,0.1414523095047555,5.400348017040394e-05,0.11665709152444095,0.010443145100527384,0.015620161757238982,0.12526157760800505
"XLF, XLI, VNQ, HYG",4,0.0005925915270672657,0.14933306482095093,5.4013189547418905e-05,0.11666757804098603,0.010712658366919595,0.01570688567791618,0.1317171016838271
"EEM, TLT, USO, XLU",4,0.0006915774624831128,0.1742775205457444,5.40165605187826e-05,0.11667121860481795,0.011067172161291395,0.015780567340668582,0.11809506235722278
"EEM, TLT, XLI, XLU",4,0.0006150417582908967,0.15499052308930597,5.4024455541889234e-05,0.11667974458557959,0.011582216723515464,0.016347062862713462,0.1133649790005995
"EEM, XLK, HYG, AGG",4,0.0006794105943760729,0.17121146978277035,5.4040445828228e-05,0.1166970108816565,0.011051750049640058,0.01613987035502755,0.11231149399262785
"XLK, XLV, XLI, AGG",4,0.000691512528161946,0.1742611570968104,5.405683195147259e-05,0.11671470195211524,0.010543598432578594,0.015596185774945908,0.1312837131390624
"IWM, EFA, XLU, LQD",4,0.0005915715846343113,0.14907603932784644,5.406309783970053e-05,0.11672146613029043,0.010779733187611594,0.01562219893287747,0.12114536070765225
"SPY, TLT, XLK, HYG",4,0.0006400578306925977,0.16129457333453462,5.408020438373023e-05,0.11673993106345412,0.011141282962378369,0.015970127414669206,0.13026996547737646
"GLD, XLV, XLI, XLU",4,0.0007843432300980969,0.1976544939847204,5.409000755732767e-05,0.11675051136695964,0.010033757268741868,0.015688957164384707,0.09876297547351731
"EEM, USO, XLU, HYG",4,0.00075574043198127,0.19044658885928004,5.4092708898375416e-05,0.11675342668371924,0.010559236913369989,0.01585553979017349,0.11364541756931856
"EEM, GLD, XLI, AGG",4,0.0007680899567161397,0.19355866909246722,5.4110243462048484e-05,0.11677234840678771,0.011210072028278091,0.017475609574308538,0.10076904330777714
"TLT, XLP, XLY, VNQ",4,0.0003737462483902925,0.09418405459435371,5.411100841564175e-05,0.1167731738060661,0.011577443226228234,0.016702241222415495,0.12556925857559287
"GLD, XLE, XLP, XLY",4,0.000717644963655253,0.18084653084112373,5.412243922423486e-05,0.11678550716808651,0.010723560407474492,0.016196077001329044,0.10816516054688574
"IWM, EFA, XLV, LQD",4,0.0005431105983980741,0.13686387079631468,5.412683012060744e-05,0.11679024441447615,0.011101339116783609,0.015555686570795877,0.12579730555079016
"IWM, EEM, XLV, AGG",4,0.0005850770045791485,0.14743940515394544,5.413334147862312e-05,0.11679726902891621,0.0108469912899174,0.016137210543242134,0.12572829142292496
"SPY, USO, VNQ, LQD",4,0.0006680589655486078,0.16835085931824917,5.413424581343005e-05,0.11679824461431076,0.010154705052478924,0.01577562648710363,0.13121021477678185
"EFA, GLD, XLV, XLU",4,0.000764940850979456,0.1927650944468229,5.414466105277769e-05,0.11680947986058314,0.010574986296925113,0.016168670038525505,0.10353517871217277
"QQQ, USO, XLV, HYG",4,0.0007440319545881194,0.1874960525562061,5.4156457608375104e-05,0.11682220387114141,0.010191651801182809,0.016261177548609538,0.13751731574017967
"EEM, TLT, XLE, XLI",4,0.0006283418813795616,0.1583421541076495,5.415973737834235e-05,0.11682574125312568,0.010881916910353309,0.01667768476738359,0.12736468733067552
"EFA, EEM, XLF, LQD",4,0.0006598382143790958,0.16627923002353215,5.417063865980018e-05,0.11683749801442021,0.010852299923275962,0.016341950009263383,0.10798266335424189
"SPY, EFA, XLI, LQD",4,0.0006542741471866235,0.16487708509102914,5.417302130184234e-05,0.11684006747714702,0.010621159343814628,0.01572176828816357,0.11929210336943374
"QQQ, XLP, XLY, LQD",4,0.0005613107931620072,0.14145031987682583,5.4183607217359245e-05,0.11685148274101845,0.010980777079978894,0.015782111575780636,0.1418057246770419
"IWM, EFA, XLU, HYG",4,0.0006177586523366984,0.15567518038884798,5.4185418550061834e-05,0.11685343586996312,0.010645125916975813,0.015501751708153022,0.12164072727215358
"QQQ, TLT, XLU, VNQ",4,0.0005696410021851108,0.14354953255064792,5.419605999301715e-05,0.11686490969594047,0.01044949445937492,0.016550783926797697,0.1237429133726935
"USO, XLY, XLU, LQD",4,0.0006394329926169991,0.16113711413948378,5.420693900936687e-05,0.11687663851412075,0.010179380905923307,0.015313565207267052,0.13797456481345372
"QQQ, XLI, VNQ, AGG",4,0.0006296526320871838,0.15867246328597032,5.4217660383998814e-05,0.11688819622514372,0.010299332531659867,0.016153180766396328,0.13498902363148702
"TLT, USO, XLI, XLU",4,0.000660894593299127,0.16654543751138,5.421865386833566e-05,0.116889267149814,0.010146195060178614,0.014878547079000192,0.11520734982649106
"SPY, XLV, XLY, LQD",4,0.0005356234673632742,0.1349771137755451,5.4234478924668074e-05,0.11690632441838361,0.011317216293636405,0.015807682158391224,0.13394758800707784
"EEM, GLD, XLE, XLP",4,0.0008077653353171365,0.2035568644999184,5.4267356809649664e-05,0.11694175437384081,0.010915483187930093,0.016611666642706108,0.10565402762810883
"XLK, XLF, XLV, HYG",4,0.0007218868011691002,0.18191547389461324,5.4269728191099e-05,0.11694430941331412,0.01058309714383062,0.01593217066012955,0.13769195675430734
"IWM, TLT, XLE, XLV",4,0.0005076826285817548,0.1279360224026022,5.43030619580097e-05,0.11698021889797627,0.010650797668357675,0.0162155663967982,0.1497882036248115
"SPY, QQQ, VNQ, AGG",4,0.0006508397972619121,0.16401162891000187,5.4305636893670835e-05,0.11698299234164364,0.010552873947710177,0.016526533164572997,0.13586094265416693
"XLF, XLE, XLI, HYG",4,0.0006578903448769479,0.16578836690899088,5.432248082556285e-05,0.1170011331912723,0.009979285051252592,0.01602667625848193,0.13524908367786992
"XLE, XLI, XLY, AGG",4,0.0005680785693918959,0.14315579948675777,5.432631152825883e-05,0.11700525845072617,0.009981471576325224,0.015944351945647032,0.14416475728931644
"IWM, XLV, XLI, AGG",4,0.0005543941353951628,0.13970732211958103,5.435409637200835e-05,0.11703517542066619,0.011205433569712372,0.015235064817767891,0.1411285222215396
"IWM, XLK, XLP, AGG",4,0.0006595908139586061,0.16621688511756874,5.4362893615229156e-05,0.11704464614427158,0.010884350659622838,0.015844776188825575,0.1510514192131659
"EEM, XLV, XLI, XLP",4,0.0006529676574690644,0.16454784968220423,5.4366529118826764e-05,0.11704855974314399,0.010511582880585948,0.015591095601162225,0.12308184682072454
"IWM, EFA, XLE, AGG",4,0.0005967528656014243,0.15038172213155893,5.437804368089073e-05,0.11706095424002175,0.00976617333524447,0.01630190075156441,0.13444114762788517
"SPY, GLD, XLY, LQD",4,0.0007072755923505363,0.17823344927233514,5.439205690854186e-05,0.11707603657859515,0.01189833098158957,0.01683718304901674,0.10517766181134425
"QQQ, EFA, XLE, HYG",4,0.0007098549806021645,0.17888345511174544,5.4393679703176615e-05,0.1170777830555418,0.010198109236860932,0.016482573461888844,0.13782163514474755
"SPY, USO, XLI, AGG",4,0.0007420933883759284,0.18700753387073396,5.442413507203478e-05,0.1171105547683588,0.010403645770284565,0.015753863442838627,0.13938007535146624
"IWM, EEM, TLT, LQD",4,0.00048624807423268467,0.12253451470663654,5.4426607259857224e-05,0.11711321458095163,0.01218322139745529,0.016674486842795197,0.12097734227574719
"IWM, XLY, HYG, LQD",4,0.0004602906720689582,0.11599324936137746,5.4439823695708576e-05,0.11712743304332492,0.011803480430991288,0.016016740276650156,0.1487177930746495
"EEM, XLK, XLP, LQD",4,0.0007097533524138727,0.17885784480829595,5.4447768650719126e-05,0.11713597952798799,0.010689833100468085,0.016081782513816173,0.12036184695006569
"SPY, IWM, XLU, LQD",4,0.0006321611289276804,0.15930460448977546,5.445979915941747e-05,0.1171489197055321,0.01065294978306186,0.015775769276232705,0.14751309899302245
"EEM, TLT, XLF, VNQ",4,0.0005591114267530942,0.14089607954177974,5.448726586203072e-05,0.11717845790601505,0.011852765150759031,0.016859064105521203,0.11042651790027769
"EFA, TLT, XLF, XLI",4,0.0005911794433993404,0.14897721973663378,5.4490387728639534e-05,0.11718181474792565,0.011319843072828668,0.01583362022509559,0.11012848460108327
"EFA, XLE, XLV, XLU",4,0.0006550498353170959,0.16507255849990815,5.450693804239524e-05,0.1171996091575548,0.009865857175290376,0.01571302087574307,0.11754103876465827
"XLV, XLI, XLY, LQD",4,0.000514436302188546,0.12963794815151358,5.4510172037335236e-05,0.11720308593807793,0.011204613846057516,0.015609665242489934,0.129933780920372
"IWM, GLD, XLV, XLP",4,0.0007039605296585197,0.17739805347394696,5.452488917671221e-05,0.11721890663426049,0.011513681030749031,0.015892160026618304,0.10155643407667292
"XLY, XLU, VNQ, LQD",4,0.00048074402347591074,0.12114749391592951,5.4532579408760146e-05,0.11722717266490547,0.011314196640074008,0.0167633057301368,0.12707586921732394
"GLD, XLP, XLU, VNQ",4,0.0006816290780956134,0.17177052768009457,5.4549064658399385e-05,0.1172448902678349,0.010883332786298152,0.016384583118444797,0.12054028426799868
"GLD, XLI, XLY, LQD",4,0.0006860884271758079,0.1728942836483036,5.455355654545464e-05,0.11724971748134223,0.011346222490555525,0.016399965077855766,0.0971958252480728
"SPY, XLF, XLI, LQD",4,0.0006697448894884791,0.16877571215109674,5.456241658484284e-05,0.11725923835408618,0.010314798878519526,0.01604799203621557,0.13128713724298224
"USO, XLK, XLV, AGG",4,0.0007680482323541621,0.19354815455324884,5.456493494603875e-05,0.11726194440824256,0.010311953888008311,0.01636258812979117,0.1345049737606533
"USO, XLF, VNQ, LQD",4,0.0006429401635570943,0.16202092121638778,5.4570139278843125e-05,0.11726753642107635,0.010812997278853822,0.015606477210832689,0.12163079311211544
"IWM, XLF, XLU, LQD",4,0.000607042326936167,0.15297466638791407,5.4570754272802855e-05,0.11726819720941531,0.01033888684317016,0.015831998900864872,0.13898561063144943
"XLK, XLY, LQD, AGG",4,0.0005631031550118022,0.14190199506297416,5.4573689976192514e-05,0.11727135146317925,0.011621058005056362,0.015909568205019774,0.13632664905081426
"XLK, XLP, XLY, AGG",4,0.0006115141386304372,0.15410156293487018,5.45882335436926e-05,0.117286976485075,0.011256003255311666,0.015902275038210064,0.14309277004513965
"IWM, EFA, XLV, HYG",4,0.0005692976661004612,0.14346301185731622,5.460140506010392e-05,0.11730112563460843,0.010873352729820379,0.015525606913572213,0.12062734546572096
"XLI, XLY, XLU, HYG",4,0.0005890843561271704,0.14844925774404694,5.4613200251477036e-05,0.11731379485538866,0.010651742221777857,0.015529308725943693,0.131783577011497
"SPY, TLT, USO, XLF",4,0.0007083046918849252,0.17849278235500116,5.4618120360719246e-05,0.11731907914274324,0.010726701995998802,0.015745088987253585,0.13052518896247656
"EEM, XLY, XLU, LQD",4,0.0005935801576087688,0.14958219971740974,5.4624187050003854e-05,0.11732559455038348,0.011238549751629814,0.01619237935038449,0.11507221690025371
"EFA, EEM, XLV, XLP",4,0.0006335652783504239,0.15965845014430682,5.46297990564046e-05,0.11733162132270208,0.010568771301405554,0.01590700041478574,0.11746295533191731
"SPY, QQQ, TLT, XLU",4,0.0006729814323087116,0.16959132094179533,5.4641155366999425e-05,0.11734381599591798,0.010870223755674233,0.016201058192872504,0.12602927273735431
"TLT, USO, XLK, LQD",4,0.0006692193020076979,0.16864326410593988,5.464880186052688e-05,0.11735202626649774,0.010924550369157212,0.015828523718711653,0.1177390139836576
"EFA, EEM, USO, AGG",4,0.000732186713266545,0.18451105174316934,5.4649743179277834e-05,0.11735303694910505,0.011018965550009061,0.0163575185111338,0.11658213097025427
"EEM, XLF, XLE, XLP",4,0.0007107971299771814,0.1791208767542497,5.465642301557764e-05,0.11736020875887009,0.010575010289830917,0.016412132499198713,0.1275464982621669
"USO, XLU, VNQ, AGG",4,0.0006085983880244726,0.15336679378216708,5.465658850488241e-05,0.11736038643098604,0.010541534405594221,0.015483398447154803,0.10227526682840504
"TLT, XLK, XLF, XLV",4,0.000657723831670943,0.16574640558107762,5.465800810422981e-05,0.11736191052580013,0.010511676386541272,0.015992226823414342,0.1262094854894671
"QQQ, EFA, XLV, XLP",4,0.0006703177871935104,0.16892008237276462,5.4671216816739515e-05,0.11737609057136959,0.010640991627098856,0.015290434449458165,0.12197400804288516
"SPY, GLD, XLF, XLV",4,0.000831753328683895,0.20960183882834152,5.467175634696103e-05,0.11737666974077166,0.010892195228253987,0.01629967179303573,0.10584648816810849
"IWM, TLT, XLY, AGG",4,0.0003880088604492491,0.09777823283321077,5.4683624408358485e-05,0.11738940902358415,0.011116417026705202,0.016217321880976097,0.1442478196282898
"GLD, XLK, XLE, LQD",4,0.00085442904813157,0.21531612012915563,5.4698410671705054e-05,0.11740527879643944,0.01130771454222494,0.016781243087918826,0.11062520962701528
"EEM, XLV, XLY, LQD",4,0.0005451191713725317,0.13737003118587798,5.469937766395371e-05,0.11740631657332724,0.011202682482106619,0.016221335867678793,0.1177481516875537
"IWM, GLD, XLF, HYG",4,0.000756420533389579,0.1906179744141739,5.470949326604986e-05,0.11741717209609745,0.011235678301305145,0.016371499099210228,0.10561082125820798
"EFA, XLF, XLE, XLP",4,0.0006607118816745551,0.1664993941819879,5.4712919744015284e-05,0.11742084898131104,0.009995463920710128,0.015827991824867233,0.12214594828522485
"SPY, GLD, XLF, XLU",4,0.0008802143149201323,0.22181400735987333,5.471654730062293e-05,0.11742474151454191,0.010989721738019573,0.016190008751442452,0.10443488926057842
"GLD, XLF, XLE, XLV",4,0.0007937117163699765,0.20001535252523406,5.4722184472953686e-05,0.1174307902008001,0.010258293726790936,0.01577792908673924,0.10974203847600561
"SPY, XLP, XLU, VNQ",4,0.0006097796747471717,0.15366447803628727,5.472224490673242e-05,0.11743085504456047,0.010674540553689823,0.01586629055621586,0.12855320241437995
"TLT, XLF, XLY, XLU",4,0.000520989749812228,0.13128941695268145,5.474912085235878e-05,0.11745968863739771,0.011562152733798677,0.016544258716708338,0.12095352588087538
"GLD, USO, XLF, LQD",4,0.000818129997029137,0.20616875925134254,5.475023521691072e-05,0.11746088401958119,0.010316377875666617,0.015536891729576733,0.09807762270184017
"XLK, XLI, XLU, AGG",4,0.0007399735143981831,0.18647332562834215,5.475285863117595e-05,0.11746369811587042,0.010612827035473222,0.01602525867339699,0.13065192349324084
"EFA, EEM, TLT, XLU",4,0.000595639379172256,0.1501011235514085,5.4754647497063404e-05,0.11746561696624241,0.011299714639435568,0.016601848504597748,0.10770099008666723
"SPY, QQQ, TLT, XLV",4,0.0006245204460724744,0.15737915241026354,5.478401489616164e-05,0.11749711381064955,0.010827878089366895,0.0161295231896003,0.12804289779502587
"EFA, TLT, XLY, XLU",4,0.0005055190075103724,0.12739078989261385,5.4813128396479096e-05,0.11752833001414056,0.011463297072623784,0.016216313944969928,0.10915647309428989
"TLT, XLK, XLF, XLU",4,0.0007061848179071804,0.17795857411260946,5.482022384518809e-05,0.11753593667039627,0.010946653177436374,0.016151251800294857,0.12749447621007926
"USO, XLI, XLU, HYG",4,0.0007250575627972842,0.18271450582491564,5.486628556209633e-05,0.11758530504126898,0.01003394899488491,0.015218294180758988,0.12718255235333087
"QQQ, TLT, XLI, XLU",4,0.0006517942671339834,0.1642521553177638,5.4885047412210755e-05,0.11760540781731557,0.01113728595690401,0.015924193436554386,0.12752915733082681
"EFA, GLD, XLY, LQD",4,0.0006666860480571673,0.16800488411040615,5.490037963611343e-05,0.11762183329765179,0.011674793048046665,0.017002197670626863,0.09530841245392574
"EEM, XLY, XLU, HYG",4,0.0006197672253111561,0.15618134077841134,5.491005512882061e-05,0.11763219751608313,0.011058073653281021,0.01606999366190286,0.12109333974966008
"IWM, XLI, XLU, AGG",4,0.0006028551216314001,0.15191949065111282,5.49101976139614e-05,0.11763235013684914,0.010866738412139051,0.015197579483649226,0.14446643945199533
"USO, XLI, VNQ, LQD",4,0.0006468718003738796,0.16301169369421767,5.491444761753844e-05,0.11763690237174595,0.010103482517460993,0.01516893066926489,0.12990832467614077
"EEM, XLE, XLI, HYG",4,0.0006925048508777187,0.1745112224211851,5.4935161237104304e-05,0.11765908648187902,0.010543678907368886,0.016735464696127383,0.12726112656703759
"SPY, TLT, XLK, LQD",4,0.0006138707629902105,0.15469543227353305,5.493654405050283e-05,0.11766056731431611,0.011219125504781359,0.015963640382703165,0.1302362930942892
"TLT, USO, XLF, XLI",4,0.0006871175267101969,0.17315361673096963,5.4953935870132306e-05,0.11767919034083019,0.010604757534947008,0.015347847447284317,0.12735389636977745
"TLT, USO, XLK, HYG",4,0.0006954063697100854,0.17524240516694153,5.495496252066526e-05,0.11768028957819422,0.01119421919743845,0.016024425858945316,0.12454003970258609
"XLE, XLY, VNQ, LQD",4,0.0004940441465645755,0.12449912493427302,5.496887927188157e-05,0.11769518926665676,0.010400813090150184,0.016780810651145915,0.1470360851969299
"IWM, USO, XLV, LQD",4,0.0006390486817089309,0.1610402677906506,5.497570379479868e-05,0.11770249511496886,0.010279438837938417,0.016049068129298922,0.13526980203796224
"QQQ, XLF, XLV, XLP",4,0.0006857885294953658,0.1728187094328322,5.497626839012943e-05,0.11770309951021943,0.010816922419127298,0.015872579990580057,0.13367774581308411
"GLD, XLK, XLF, LQD",4,0.0008673518584539749,0.21857266833040168,5.498330032551602e-05,0.11771062688657316,0.011606602990016597,0.0167489147848002,0.10717052508321867
"QQQ, IWM, TLT, HYG",4,0.0005491876507781585,0.13839528799609593,5.4989017439247005e-05,0.11771674644964601,0.011505035895935774,0.01606141186526314,0.14225120238715372
"EEM, TLT, GLD, XLU",4,0.0007080783268140667,0.1784357383571448,5.49894786832538e-05,0.11771724014850143,0.011334908806845786,0.017578394652865453,0.10304430072372761
"EFA, TLT, XLE, XLY",4,0.0005188191305990373,0.13074242091095742,5.499110021237106e-05,0.11771897575802089,0.010430882936340282,0.01658383573434603,0.1276126371350782
"TLT, GLD, XLK, XLU",4,0.0008031530232471351,0.20239456185827806,5.49913053886242e-05,0.11771919536733719,0.01112303057024318,0.01653455280731705,0.08360861160482791
"SPY, IWM, XLV, LQD",4,0.000583700142691443,0.14709243595824364,5.4996311725681746e-05,0.11772455374675157,0.011080619045283374,0.01572688614039873,0.14478304603036085
"QQQ, XLF, VNQ, HYG",4,0.0006600269050943378,0.1663267800837731,5.499989868547867e-05,0.11772839278925296,0.011058080901416337,0.0165998052304451,0.138667130550445
"EEM, USO, XLI, AGG",4,0.0007515890923851858,0.1894004512810668,5.5004931180475674e-05,0.11773377874458914,0.01028929142112506,0.016171620327385627,0.12419059364402896
"EFA, GLD, XLY, HYG",4,0.0006928731157595544,0.17460402517140772,5.501065998890947e-05,0.11773990961948794,0.01175964107203608,0.017107186629696545,0.09494805057670963
"QQQ, GLD, XLI, LQD",4,0.0008129613076807782,0.2048662495355561,5.501506045154636e-05,0.11774461870416705,0.011240643873243346,0.016748894500042893,0.0999127650427476
"EFA, EEM, XLP, XLU",4,0.000682026264586661,0.17187061867583858,5.502266488515328e-05,0.11775275602319729,0.010559399950643552,0.01602887686285002,0.1039406435348319
"SPY, XLK, XLU, AGG",4,0.0007611606795729115,0.1918124912523737,5.503488599066865e-05,0.11776583235237843,0.010295490558135754,0.016289370359000244,0.13355956682098047
"QQQ, USO, VNQ, AGG",4,0.0007061883362793998,0.17795946074240876,5.503539598033354e-05,0.1177663779991728,0.010669087246956737,0.016203941618857735,0.13514167865314286
"SPY, USO, XLF, LQD",4,0.0007462805936806951,0.18806270960753516,5.5077436649220234e-05,0.11781134934972734,0.010640037789452212,0.01615358422125742,0.1357573209435995
"QQQ, EEM, XLV, LQD",4,0.0006719920518775017,0.16934199707313044,5.5082696076097314e-05,0.11781697420650611,0.011036332677967789,0.016194731771994916,0.12140354364804684
"TLT, GLD, USO, XLF",4,0.000780154095233367,0.19659883199880848,5.5090257598140094e-05,0.11782506063962499,0.01011604938534154,0.015388550141535284,0.09805232547287046
"EEM, TLT, XLU, VNQ",4,0.0005328884933420242,0.1342879003221901,5.51219384914279e-05,0.11785893474760338,0.012019954865958728,0.016725298720809204,0.12002914125311315
"EFA, USO, XLI, HYG",4,0.0007358097539064986,0.18542405798443765,5.512270958547329e-05,0.11785975910182098,0.0102042415243739,0.015780602979241814,0.12445557591347367
"SPY, GLD, XLY, HYG",4,0.0007334626600529235,0.1848325903333367,5.5124072874679174e-05,0.11786121654055312,0.01156290535063688,0.017016127009868615,0.11168948428790293
"XLK, XLE, XLV, XLP",4,0.0007311879067629427,0.18425935250426156,5.513494520161222e-05,0.11787283907162957,0.009780571359522539,0.016273957084510248,0.14459303948441993
"XLF, XLE, XLV, XLP",4,0.0006014987043291035,0.1515776734909341,5.513720563869588e-05,0.11787525533779923,0.009852985125371697,0.01561468892196422,0.12141686085188663
"EFA, XLE, XLY, HYG",4,0.0005829821000971944,0.14691148922449299,5.514246993388026e-05,0.1178808823488263,0.010653303217136255,0.016577299167500174,0.13418991062905072
"USO, XLK, XLP, HYG",4,0.0007817932551244902,0.19701190029137156,5.515125719400334e-05,0.11789027446269197,0.010745474156475181,0.015945992491487104,0.1370004439624558
"XLV, XLP, XLY, XLU",4,0.0005326927155793259,0.13423856432599013,5.5152718095140564e-05,0.11789183584954228,0.010965766416475618,0.01556119347442395,0.11614331091421581
"EFA, XLY, VNQ, AGG",4,0.0004833773724635729,0.12181109786082037,5.5160218028700014e-05,0.11789985132828797,0.011416837975871025,0.016429481184673692,0.11904500091367964
"IWM, EEM, XLU, AGG",4,0.0006335379908153858,0.15965157368547722,5.5164596678388734e-05,0.11790453071427731,0.011413029393921888,0.016226233930881823,0.1214803548026665
"IWM, XLU, VNQ, AGG",4,0.0005207018566825275,0.13121686788399692,5.517595172273272e-05,0.11791666478546893,0.011268760983576414,0.016199281832205804,0.14077483782652334
"EFA, EEM, XLF, HYG",4,0.0006860252820814832,0.17287837108453377,5.5179462597608834e-05,0.11792041627554334,0.010985559241658668,0.016461842362984272,0.11231023085329406
"XLK, XLF, VNQ, AGG",4,0.0006840431828603805,0.1723788820808159,5.518704682622679e-05,0.11792851987627569,0.010810419519416232,0.016618908840133072,0.1352051698232405
"IWM, XLF, XLV, LQD",4,0.0005585813406999297,0.14076249785638228,5.519406023297429e-05,0.11793601306941626,0.010933299342910083,0.01572728526191578,0.13565283876973877
"EFA, XLF, XLY, AGG",4,0.0005615990005956603,0.1415229481501064,5.5195856532049886e-05,0.11793793217653331,0.011114438103390054,0.01617377985772409,0.12204012596818403
"EFA, XLV, XLP, VNQ",4,0.0005207291442175656,0.13122374434282652,5.519968371232084e-05,0.11794202090648122,0.011069847545361859,0.015683525076852767,0.12182755312024895
"SPY, IWM, XLU, HYG",4,0.0006583481966300675,0.165903745550777,5.520385548312007e-05,0.11794647761483282,0.01059610385966444,0.015792047323914565,0.1480511038559681
"EFA, XLK, XLV, LQD",4,0.0006802289911648572,0.171417705773544,5.521061098081131e-05,0.11795369416497498,0.010998128165985851,0.015507813406944945,0.12326214649802536
"QQQ, XLV, XLP, VNQ",4,0.0006075669013632786,0.15310685914354621,5.5211531252501385e-05,0.11795467720963994,0.01045824792348258,0.015963327903864646,0.12722532878147264
"GLD, XLI, XLY, HYG",4,0.0007122754948781952,0.1794934247093052,5.5219561539398525e-05,0.11796325490562062,0.011349992632970478,0.01663014664303856,0.10376515370752981
"QQQ, USO, XLU, LQD",4,0.0007663058731219693,0.19310908002673624,5.5225086243061284e-05,0.11796915585546693,0.009846117802542097,0.015797407150978337,0.1301882424625589
"SPY, EFA, XLV, XLU",4,0.0006930914476310145,0.17465904480301564,5.522930013807658e-05,0.11797365652888486,0.010400935143924326,0.015400361489878197,0.11782324599429306
"IWM, XLE, XLU, HYG",4,0.0006203065843161492,0.1563172592476696,5.527080483801669e-05,0.11801797667804768,0.010187598417849537,0.016021003126570288,0.15131320606315624
"EEM, XLE, XLV, XLU",4,0.0007051350836197223,0.17769404107217002,5.527842505533938e-05,0.11802611200046167,0.01034146546944487,0.016450946681201218,0.13058860261029903
"XLK, XLY, HYG, AGG",4,0.0005892902227141896,0.14850113612397578,5.5279816546633745e-05,0.11802759749207685,0.011646015321573592,0.01613717147745095,0.13861783920233628
"IWM, EFA, GLD, AGG",4,0.0007066438812637843,0.17807425807847366,5.528649430701045e-05,0.1180347260994265,0.011162045849493846,0.016760334708050096,0.0896214807763871
"EFA, XLK, XLU, LQD",4,0.0007286899774010943,0.18362987430507577,5.528680413765469e-05,0.118035056837742,0.01060425371686337,0.015834112779744884,0.1187765502442818
"USO, XLK, HYG, LQD",4,0.0007333822715058553,0.18481233241947553,5.528697588714619e-05,0.1180352401766559,0.011529937741035844,0.016402263267340837,0.13049348528879745
"EEM, XLE, XLP, VNQ",4,0.000632575501845094,0.1594090264649637,5.529824619285297e-05,0.11804727036487947,0.010105409535302212,0.016451380373034487,0.12924152972227176
"SPY, XLV, XLY, HYG",4,0.0005618105350656614,0.14157625483654668,5.5306116911900885e-05,0.11805567102769364,0.011358825013570937,0.01596412604011574,0.14005912262499987
"IWM, GLD, XLE, HYG",4,0.000743497723067174,0.18736142621292787,5.530726938137823e-05,0.11805690104397674,0.010687310294623437,0.016607565923016973,0.10686072106521338
"USO, XLF, XLI, LQD",4,0.0007250934285059668,0.18272354398350363,5.5315297331186224e-05,0.1180654688190367,0.010611949123389721,0.015696736493332347,0.13285069887359024
"QQQ, IWM, TLT, XLP",4,0.0005714115666944064,0.14399571480699042,5.532305043295899e-05,0.11807374267425279,0.011087998491628412,0.015978221410341054,0.14785089429356968
"QQQ, XLP, XLY, HYG",4,0.0005874978608643946,0.14804946093782745,5.532420514858984e-05,0.11807497489919125,0.011036106432296239,0.016038580091893587,0.14458757790980203
"GLD, XLK, VNQ, HYG",4,0.0008153172980242746,0.2054599591021172,5.53299691798064e-05,0.11808112564381834,0.011649228765662241,0.016830510823828384,0.10655939716590135
"GLD, XLK, VNQ, LQD",4,0.0007891302303218876,0.1988608180411157,5.533342872504613e-05,0.118084817138833,0.012215941108887676,0.016874894379345876,0.10044228433507907
"EEM, XLV, XLY, HYG",4,0.0005713062390749188,0.14396917224687952,5.533749997190564e-05,0.11808916120000269,0.011583368565958619,0.01621966105105383,0.1237688909944491
"EFA, TLT, XLV, XLY",4,0.00045705802127413527,0.11517862136108209,5.534269649176759e-05,0.11809470570658717,0.011483714931578851,0.01593080478471781,0.10984660420050185
"IWM, XLF, XLU, HYG",4,0.0006332293946385543,0.15957380744891567,5.5344887514561155e-05,0.11809704337395333,0.010448057808881603,0.015756286391053566,0.139513319921035
"EEM, XLI, XLP, XLU",4,0.0007014286437053016,0.176760018213736,5.538421473448093e-05,0.11813899488775582,0.010876036583035542,0.01565664006769234,0.11277571055832203
"EEM, USO, VNQ, HYG",4,0.0007037417372602523,0.17734291778958358,5.5416452658007444e-05,0.11817337293069821,0.010927434850145985,0.016124458570200978,0.1293525876408258
"EFA, XLE, XLP, VNQ",4,0.0005824902535424677,0.14678754389270185,5.543417839810438e-05,0.11819227113615469,0.010199902422295081,0.01597739032557476,0.12215824769407602
"SPY, XLK, XLV, AGG",4,0.0007126996933366742,0.1796003227208419,5.543645938322813e-05,0.1181947027771274,0.01066876881170319,0.01596507764027138,0.13488981328162497
"SPY, EFA, USO, HYG",4,0.0007569969190812266,0.19076322360846912,5.545315166239536e-05,0.11821249603541764,0.010251485168447335,0.016144223547769704,0.13105658271936782
"QQQ, TLT, XLY, HYG",4,0.0005011109754499896,0.12627996581339737,5.5462406367904386e-05,0.11822236000313945,0.011711765159444897,0.01625978247646677,0.13472318720677467
"EFA, GLD, XLE, XLV",4,0.0007782409740681208,0.19611672546516645,5.547108553683027e-05,0.11823160979738552,0.01110448023897148,0.016231908199943346,0.10651889766960998
"SPY, XLE, XLV, XLU",4,0.0006956393796104649,0.17530112366183714,5.5474323573149196e-05,0.11823506053803838,0.009416062079406517,0.015775151472771337,0.13677635403305966
"EEM, XLK, XLP, HYG",4,0.0007359404201162601,0.18545698586929754,5.54781340959473e-05,0.11823912124241588,0.010839776617072281,0.016208288071776975,0.12636576973713143
"IWM, XLK, LQD, AGG",4,0.0006111798303399711,0.15401731724567272,5.550266334564927e-05,0.11826525763343863,0.011262911200264663,0.01607149657535343,0.1448665793879278
"SPY, EEM, XLF, HYG",4,0.0007266148263748521,0.18310693624646274,5.55043554426687e-05,0.11826706038264634,0.011655475778328915,0.01656462299772087,0.1307633426696313
"EEM, USO, XLF, HYG",4,0.0007819633653923399,0.19705476807886965,5.5505737527521075e-05,0.11826853282651016,0.01117848614125756,0.016437654830941294,0.12870625986838136
"EEM, XLF, XLI, LQD",4,0.0006792405934977365,0.1711686295614296,5.550904955429758e-05,0.11827206131493181,0.011366011016103284,0.016511055575966743,0.11658220477295533
"XLV, XLI, XLY, HYG",4,0.0005406233698909332,0.13623708921251515,5.551579905237462e-05,0.11827925160905611,0.011213974081063937,0.0157152702125831,0.13607678229519515
"SPY, EFA, XLI, HYG",4,0.0006804612148890108,0.17147622615203073,5.551927302868275e-05,0.11828295229333793,0.010307750430615926,0.015969270173340645,0.1257190216224403
"XLK, XLF, XLE, AGG",4,0.0007493420006700629,0.18883418416885586,5.552033835306089e-05,0.11828408711644751,0.010123531241875684,0.017047272913034525,0.14433021789177236
"QQQ, EFA, VNQ, LQD",4,0.000618369095090095,0.15582901196270393,5.553685179288021e-05,0.11830167645391089,0.010814158306474439,0.016332619008645143,0.12207975305300334
"IWM, TLT, GLD, XLU",4,0.0006660346304803521,0.16784072688104873,5.5556508621682214e-05,0.1183226105723835,0.011152145639588619,0.01673955664106783,0.10681336268847308
"SPY, USO, XLV, XLP",4,0.0007200076576520232,0.18144192972830983,5.5575501691597156e-05,0.11834283428362904,0.01079965395647038,0.01588751753843979,0.1297605752592088
"SPY, GLD, XLV, VNQ",4,0.0007535317005518076,0.18988998853905553,5.5582993694223135e-05,0.11835081077434254,0.01141051800666127,0.01641614057473942,0.10047345488075643
"TLT, USO, XLY, XLU",4,0.0006014570908212292,0.15156718688694976,5.5588934293161476e-05,0.11835713515406113,0.010880906647869285,0.015310795287704156,0.1325661900124273
"XLK, XLE, VNQ, LQD",4,0.0006792392146595276,0.17116828209420096,5.5643314724618934e-05,0.11841501302877086,0.010230678751337003,0.016919855508955004,0.1533866545691266
"XLF, XLI, XLP, XLU",4,0.0006668141377045309,0.1680371627015418,5.5645602957819605e-05,0.11841744780804281,0.010571752439629762,0.01536476278707671,0.12384657742752347
"SPY, TLT, USO, VNQ",4,0.0006300830637528378,0.1587809320657151,5.56522182957123e-05,0.11842448653264029,0.010634015078757577,0.01576022632811052,0.12576677681144144
"QQQ, XLF, XLE, HYG",4,0.0007253257229040201,0.18278208217181308,5.5707114102598105e-05,0.11848287958120668,0.009962851841889492,0.017039641192170565,0.14777452749643516
"TLT, GLD, XLK, XLE",4,0.0008164531463357999,0.20574619287662158,5.5718983713290504e-05,0.118495501584445,0.010947745065545354,0.016696263071533487,0.10554273872181918
"TLT, XLI, XLU, VNQ",4,0.0005022056241580385,0.12655581728782572,5.57261860753852e-05,0.11850315983549584,0.011536444850058074,0.01637843699265484,0.12554739933433468
"QQQ, XLY, XLU, AGG",4,0.0006222138243303034,0.15679788373123646,5.576538909929233e-05,0.11854483562358029,0.011196731288677937,0.01616215784464393,0.13364315302001495
"GLD, XLF, XLP, XLY",4,0.0007305677739776579,0.18410307904236978,5.576920718992646e-05,0.11854889376059766,0.011676171077680316,0.016571605118030717,0.10675226105410907
"EEM, XLI, VNQ, LQD",4,0.0006010189653656492,0.1514567792721436,5.57704859083698e-05,0.11855025284202977,0.011632311465771214,0.01665297497141002,0.12427740265451104
"EEM, TLT, USO, VNQ",4,0.0006395787677620952,0.16117384947604801,5.581315380252005e-05,0.11859559333396437,0.011308465129478805,0.01625482135890711,0.13556285999332918
"XLE, XLI, XLP, XLU",4,0.0006538913273821259,0.16478061450029574,5.581509433847324e-05,0.1185976550075728,0.010178294278846934,0.015537393178661917,0.13580060560182305
"EEM, XLF, XLV, XLU",4,0.0007180578939421274,0.1809505892734161,5.582011263162071e-05,0.11860298640071598,0.011156770188363559,0.016080313510505605,0.11521053714357699
"GLD, USO, XLI, AGG",4,0.0008139427917243701,0.20511358351454126,5.582056526630179e-05,0.11860346726427543,0.010677531831161142,0.015397526649885798,0.09854141622406953
"SPY, EEM, USO, AGG",4,0.000772776257559914,0.19473961690509833,5.5825503016725266e-05,0.11860871283432245,0.010756704208546448,0.01637277237596843,0.12818971155089953
"IWM, TLT, USO, XLV",4,0.000601072779913161,0.15147034053811656,5.582558378270186e-05,0.11860879863332598,0.010876817331305001,0.016107171819207164,0.14203956671911944
"EFA, EEM, VNQ, HYG",4,0.0006078036539493957,0.1531665207952477,5.583189927262895e-05,0.11861550748828122,0.01081904313152371,0.016572508433695364,0.11585500832405216
"EFA, XLF, XLV, XLU",4,0.000667972645639501,0.16832910670115425,5.583377222046205e-05,0.11861749702112433,0.011120870268298945,0.015580061244373125,0.11044548268256638
"TLT, XLK, XLV, VNQ",4,0.0005795022035388556,0.1460345552917916,5.583567163236169e-05,0.11861951463125765,0.01104175769734468,0.016444673401543233,0.14544308863183986
"TLT, XLF, XLV, XLY",4,0.00047252876357599085,0.1190772484211497,5.58382626269118e-05,0.1186222668051061,0.011255164448639334,0.016283653713015614,0.12377680595778728
"XLF, XLE, XLP, XLU",4,0.0006499596905653408,0.16378984202246588,5.584871967169115e-05,0.11863337370768047,0.010180232973000738,0.015882813301372742,0.12347537098526407
"EFA, XLK, XLE, AGG",4,0.0007338712583682073,0.18493555710878826,5.585124738559634e-05,0.11863605835145687,0.01028931777123139,0.01689529784153953,0.13480248006567463
"IWM, GLD, XLP, XLU",4,0.0007524215158947572,0.1896102220054788,5.5851511986692474e-05,0.11863633937645963,0.011036808750078625,0.016321210575444313,0.09636793561229418
"QQQ, EFA, GLD, LQD",4,0.0007935589285621374,0.19997684999765863,5.58555961805414e-05,0.11864067699358612,0.011531086189965935,0.016981154009156108,0.09099352427415563
"SPY, EEM, GLD, LQD",4,0.0007973959640124198,0.2009437829311298,5.585820169380339e-05,0.11864344409548493,0.011601944756536241,0.017431845675886376,0.0938846434415187
"QQQ, EEM, XLU, LQD",4,0.0007204530381137391,0.18155416560466225,5.5866994313631075e-05,0.11865278153939347,0.011314993042245572,0.016462960226560932,0.1187801985867536
"EFA, XLE, XLI, XLP",4,0.0006646435184913403,0.16749016665981775,5.587232874012991e-05,0.11865844614907418,0.009825717528687989,0.015808810404908932,0.12599112787768418
"SPY, GLD, USO, AGG",4,0.0008351299568990984,0.2104527491385728,5.588114488556012e-05,0.11866780739173177,0.010924249851561265,0.01592216916555148,0.10789578801824418
"QQQ, EFA, VNQ, HYG",4,0.0006445561627924822,0.1624281530237055,5.589035578725855e-05,0.11867758700946508,0.010993983912622313,0.01626233532808951,0.12844670667697144
"SPY, EFA, XLF, XLP",4,0.0006987534939884735,0.17608588048509533,5.589973224790536e-05,0.11868754158070742,0.010452968910977092,0.01570321316914337,0.12737571054058205
"IWM, TLT, XLP, VNQ",4,0.0004218229237184616,0.10629937677705233,5.590857534693796e-05,0.1186969291406832,0.011766206760495564,0.016724348891678797,0.14206540010567192
"QQQ, EEM, XLE, AGG",4,0.0007256343190808518,0.18285984840837463,5.5913338575945144e-05,0.11870198532938772,0.010846335029687114,0.017061076515828257,0.13487349038773944
"SPY, EEM, XLE, XLP",4,0.0007359159319686948,0.1854508148561111,5.592950715833566e-05,0.11871914674516738,0.010410588054099534,0.016758276536254568,0.13826173861370883
"USO, XLY, VNQ, AGG",4,0.0005793154557744297,0.14598749485515627,5.593901635015293e-05,0.11872923869139623,0.010974156482262552,0.016078145521477964,0.14216459303937
"EEM, XLI, VNQ, HYG",4,0.0006272060330680365,0.1580559203331452,5.596517938156248e-05,0.11875700065324042,0.011515208371037767,0.016511336654525442,0.12276655942751602
"SPY, EFA, XLP, VNQ",4,0.000620531865856386,0.15637403019580925,5.598148112559169e-05,0.11877429538266733,0.010630854324337616,0.015998447995450242,0.12379882998271985
"EFA, XLK, XLU, HYG",4,0.0007548770451034816,0.19022901536607736,5.5988754958742155e-05,0.118782011473131,0.010331920275644873,0.015967731209306144,0.12516486959570639
"SPY, USO, VNQ, HYG",4,0.0006942460332509951,0.17495000037925076,5.5990966265008e-05,0.11878435712997741,0.010719509993218393,0.01628950859070635,0.1375993449653633
"QQQ, TLT, USO, XLU",4,0.0007283299713261994,0.18353915277420224,5.599560594004588e-05,0.11878927854352665,0.010339800035347272,0.01568335208638708,0.12470469821828933
"SPY, EEM, TLT, XLF",4,0.0006624518568766949,0.16693786793292711,5.601122244755759e-05,0.11880584184620095,0.011972047400214155,0.016866732495444493,0.11904983509286327
"QQQ, XLP, XLU, VNQ",4,0.0006560278875995158,0.16531902767507797,5.601639227424666e-05,0.1188113245995943,0.010940988889902402,0.015970627074410566,0.13054908251903308
"QQQ, GLD, XLI, HYG",4,0.0008391483753831656,0.21146539059655772,5.6021009836064774e-05,0.1188162214459302,0.01202260062385973,0.01699575351689951,0.10648074203205682
"SPY, XLE, XLP, VNQ",4,0.0006230797978358367,0.15701610905463084,5.605966360706314e-05,0.11885720520431192,0.009935580934924753,0.016118271021947028,0.14846781730127623
"QQQ, EEM, XLV, HYG",4,0.0006981791195798891,0.17594113813413206,5.606076277462378e-05,0.11885837042129256,0.010888504084746741,0.016214901072162155,0.12741808052301296
"IWM, TLT, GLD, XLE",4,0.0006793347535690168,0.17119235789939224,5.607534381168391e-05,0.11887382655801211,0.010838274202125105,0.016509565503930554,0.10399224401452234
"SPY, QQQ, GLD, LQD",4,0.0008341484728555064,0.21020541515958763,5.608091678179931e-05,0.11887973346627854,0.01168974945445608,0.016954784676524757,0.1078968964277125
"USO, XLY, XLU, HYG",4,0.0006656200603193862,0.16773625520048532,5.6088823094375497e-05,0.1188881130297837,0.010860548517285245,0.015819590891978517,0.14430942954597026
"EEM, XLP, XLU, VNQ",4,0.0006192753787564294,0.1560573954466202,5.609016472011693e-05,0.11888953490307491,0.0108842785948455,0.016185683765569617,0.11604529671780472
"SPY, IWM, XLV, HYG",4,0.0006098872103938303,0.15369157701924524,5.6092622278519516e-05,0.11889213941294403,0.011214521638726278,0.015899185314298826,0.14515696402726885
"GLD, XLV, XLY, XLU",4,0.0007249057276201992,0.1826762433602902,5.6095042288076155e-05,0.11889470407295352,0.011579002881268022,0.016500848262314148,0.09564551860977555
"TLT, USO, XLF, VNQ",4,0.0006049642617613246,0.15245099396385378,5.611053273557473e-05,0.11891111911576996,0.010617817020659863,0.015788077096595642,0.12268088457651105
"EFA, GLD, XLF, XLV",4,0.0007911637843905258,0.1993732736664125,5.6126060923024225e-05,0.11892757187718123,0.01110415063815745,0.01637146862404516,0.1043582727194926
"QQQ, IWM, TLT, LQD",4,0.0005230005830757713,0.13179614693509437,5.6143967733693094e-05,0.11894654206361217,0.01125820560723513,0.016311388171909746,0.14225717357171508
"IWM, GLD, XLI, AGG",4,0.0007260462603824251,0.18296365761637112,5.6152729187638426e-05,0.11895582270441782,0.011757915965658262,0.016482740285852285,0.09599973928104677
"EFA, USO, XLP, XLU",4,0.0007278790995948913,0.18342553309791262,5.616670374425447e-05,0.11897062386804622,0.010888692429612585,0.014771908763366143,0.11054619844712943
"XLE, XLY, VNQ, HYG",4,0.0005202312142669626,0.13109826599527458,5.617279744617862e-05,0.11897707744114837,0.010319339619785881,0.016838760843930423,0.1476129353022213
"EFA, EEM, VNQ, LQD",4,0.0005816165862470083,0.14656737973424608,5.6192930440584144e-05,0.11899839692629144,0.01143497771807694,0.01680330107987028,0.12013604621435259
"EFA, GLD, USO, AGG",4,0.0007945404126057293,0.20022418397664377,5.6207448756996846e-05,0.11901376847559784,0.011124949872391206,0.015660563403666068,0.10742128916740701
"SPY, EEM, GLD, HYG",4,0.0008235830317148073,0.20754292399213145,5.62156268881817e-05,0.11902242635664,0.011237001983140931,0.017482947974973503,0.0914435081956757
"IWM, XLK, HYG, AGG",4,0.0006373668980423584,0.16061645830667431,5.6233462481695466e-05,0.11904130604704932,0.01125098468552828,0.016310699117251738,0.14522901545515143
"SPY, QQQ, XLP, XLU",4,0.0007593683177231165,0.19136081606622538,5.623586470083298e-05,0.1190438486634648,0.0101918522651083,0.015885900952258093,0.14077450830885385
"SPY, TLT, XLY, XLU",4,0.0005461085518037415,0.13761935505454287,5.626333897444978e-05,0.11907292480476553,0.011472833443155077,0.016770444499832685,0.13478474484122682
"EFA, XLK, XLV, HYG",4,0.0007064160588672445,0.1780168468345456,5.6264816031033926e-05,0.11907448777895518,0.010902349269203145,0.015775312944073604,0.1273003321341193
"GLD, XLE, XLV, VNQ",4,0.000715490088237889,0.18030350223594804,5.6272931596618586e-05,0.11908307504573387,0.010222483331685043,0.01603021019355132,0.10975421157892096
"USO, XLV, XLI, XLP",4,0.0006988204924772948,0.17610276410427828,5.6275677088231794e-05,0.11908597997343942,0.010897171214864115,0.015419713494000821,0.12550565927363222
"XLF, XLV, XLI, XLP",4,0.0006183531514682938,0.15582499417001006,5.628746476614801e-05,0.1190984513798114,0.010797577676519577,0.01554930005019136,0.12051117461922922
"QQQ, EFA, GLD, HYG",4,0.0008197459962645247,0.20657599105866023,5.630582092391196e-05,0.11911786966205287,0.011714054026790823,0.01710672443788918,0.09512975397548507
"GLD, XLK, XLF, XLP",4,0.00091576284207261,0.23077223620229773,5.6311678393573694e-05,0.11912406539058584,0.011483950991039623,0.016690733505758195,0.11752689662940718
"IWM, XLF, XLV, HYG",4,0.000584768408402317,0.14736163891738388,5.6320447703867776e-05,0.119133340511272,0.010820684961746912,0.01583474204760628,0.13619158103404982
"QQQ, XLE, XLI, LQD",4,0.0007030702920184182,0.1771737135886414,5.6332320326090416e-05,0.11914589679118112,0.010016341554558493,0.016597127446179888,0.1452129039300294
"XLF, XLY, VNQ, AGG",4,0.0004988481147654286,0.125709724920888,5.633548777216315e-05,0.11914924640376504,0.011849274999339979,0.017072835150764836,0.12997492931676113
"GLD, XLK, XLF, HYG",4,0.0008935389261563621,0.22517180939140327,5.6349695886040156e-05,0.11916427049783891,0.011439825359322541,0.017121101697287408,0.11370663703997541
"SPY, TLT, USO, XLI",4,0.0007122363287017103,0.179483554832831,5.6378760517578385e-05,0.11919499842875017,0.010473650866009217,0.015742278453489886,0.13888458205420795
"GLD, XLF, XLV, VNQ",4,0.0007284128985602942,0.18356005043719414,5.638770225406258e-05,0.11920445028615237,0.011833307573643346,0.01630867781743896,0.09782478018986407
"EFA, XLP, XLU, VNQ",4,0.0005691901304538028,0.1434359128743583,5.6391228734006666e-05,0.11920817774368368,0.01140082717439555,0.01603159790262329,0.10584154421000225
"XLK, XLE, XLP, XLU",4,0.0007796488929991799,0.19647152103579332,5.641121757795913e-05,0.11922930356940656,0.010173158162697277,0.01628368800033247,0.1461559201789423
"QQQ, EFA, XLF, LQD",4,0.0006965907232221824,0.17554086225198998,5.644362372029077e-05,0.11926354504840644,0.011014274814145783,0.016198477552776463,0.12975995780482485
"USO, XLF, VNQ, HYG",4,0.0006691272312594818,0.1686200622773894,5.645693664847679e-05,0.11927760911175304,0.011406640698708852,0.016123216856162057,0.12606941673992478
"XLF, XLE, XLY, LQD",4,0.0005722657746966628,0.14421097522355902,5.646692505743476e-05,0.11928815999282393,0.010689563048651728,0.016786117930685653,0.1387756377268361
"EFA, EEM, XLE, XLP",4,0.000695326387675326,0.17522224969418215,5.646865672248529e-05,0.11928998907731653,0.010336842459095169,0.016781186477596386,0.12467124496515547
"SPY, GLD, XLE, XLU",4,0.0008672915045977273,0.2185574591586273,5.647247327802437e-05,0.11929402024436156,0.010555302500996377,0.01634591600572212,0.10906938936471389
"IWM, GLD, VNQ, HYG",4,0.0006781989052574917,0.1709061241248879,5.648438345837936e-05,0.11930659927896528,0.011302321416435276,0.016696837681266178,0.09853574098957973
"GLD, XLK, XLE, XLP",4,0.0009028400317502049,0.22751568800105165,5.648646043736627e-05,0.11930879276154084,0.010950545965399605,0.016828658289799004,0.11953301688155249
"QQQ, EEM, XLU, HYG",4,0.0007466401058161263,0.18815330666566382,5.6492806783022375e-05,0.11931549484170796,0.010859477518429592,0.016559979280237114,0.12479491102258977
"SPY, TLT, XLF, XLI",4,0.0006317689876927093,0.15920578489856274,5.64958645338013e-05,0.11931872385555391,0.010337235884383225,0.01633476917536859,0.13371561850587665
"SPY, TLT, XLI, VNQ",4,0.0005535473595606217,0.13949393460927667,5.6510828586616324e-05,0.11933452477731378,0.010802520480517233,0.01674492700405973,0.14213897971006062
"GLD, USO, VNQ, AGG",4,0.0007317895267754976,0.1844109607474254,5.651609236152057e-05,0.11934008243294952,0.010742250854802446,0.016029487650680314,0.1081022234665836
"EFA, USO, XLY, LQD",4,0.0006501851837262135,0.1638466662990058,5.652994116610351e-05,0.11935470319119429,0.010532208349115276,0.01598206732629824,0.1353505541663469
"TLT, USO, XLI, VNQ",4,0.0006088958985781095,0.15344176644168359,5.653037492726777e-05,0.11935516110194598,0.010237261907164235,0.01534250454834841,0.1265415613652039
"EFA, USO, XLF, XLP",4,0.0007541020330059611,0.1900337123175022,5.654951038560054e-05,0.11937536017609052,0.010873850231356154,0.015464006010748795,0.12523359976437132
"IWM, USO, XLU, AGG",4,0.0006793908258236162,0.1712064881075513,5.6555459656744304e-05,0.11938163943211522,0.011121650771043172,0.015700660229020846,0.13421683164474918
"SPY, XLF, XLI, HYG",4,0.0006959319571908666,0.1753748532120984,5.656048084308026e-05,0.11938693886877336,0.010736914353291013,0.016506441830015733,0.1365991359638976
"SPY, IWM, GLD, LQD",4,0.0007553522676787052,0.1903487714550337,5.657245410276193e-05,0.11939957468054904,0.011708986735969573,0.016874645522746628,0.1075723022311007
"SPY, EFA, EEM, AGG",4,0.0006768381742490572,0.1705632199107624,5.657773667114078e-05,0.11940514913992394,0.011257979983804291,0.016563824998571723,0.10960514880213323
"USO, XLU, VNQ, LQD",4,0.0006167172301460247,0.15541274199679822,5.660097751470755e-05,0.1194296710776108,0.010679230583773304,0.015820380660934157,0.10743185166028757
"GLD, XLK, XLE, HYG",4,0.0008806161158339573,0.22191526119015725,5.660335227132543e-05,0.11943217645330763,0.01132530437709244,0.01732663232881612,0.11676539818542242
"TLT, USO, XLK, XLV",4,0.0007381911726799441,0.18602417551534592,5.66112602239314e-05,0.11944051898928905,0.010054118199957475,0.016282607447446897,0.13756517996595685
"QQQ, EFA, USO, AGG",4,0.0007689392221096316,0.19377268397162717,5.664047001528813e-05,0.11947132896160739,0.010517186275883246,0.016441747704228172,0.1305155424257599
"QQQ, TLT, XLY, LQD",4,0.0004749239077476023,0.11968082475239579,5.664202922795544e-05,0.11947297336822572,0.011802599868981635,0.016561523536552287,0.13468308705815912
"EFA, GLD, XLF, XLU",4,0.0008396247706267632,0.21158544219794434,5.664363216204348e-05,0.11947466386156924,0.011065926749152478,0.016356699783379537,0.09200362067258194
"EEM, GLD, XLP, VNQ",4,0.000742466517507454,0.18710156241187842,5.665913720855479e-05,0.11949101462685723,0.011122948431512788,0.017346640371938227,0.11279145231922194
"SPY, EFA, TLT, XLI",4,0.0006162982453908536,0.1553071578384951,5.6674073021524604e-05,0.11950676299450254,0.011337486512341302,0.016200156007703147,0.11849929151040395
"EEM, XLF, XLP, VNQ",4,0.0006454983121674991,0.16266557466620976,5.667954966221467e-05,0.11951253706150707,0.011272321016258875,0.016547429033670024,0.11996033164261233
"GLD, XLE, XLV, XLI",4,0.0007976433531867616,0.20100612500306395,5.669716193379487e-05,0.1195311039324757,0.00983932148139574,0.01598253601201624,0.10990086701617319
"USO, XLI, VNQ, HYG",4,0.0006730588680762667,0.1696108347552192,5.670515709692298e-05,0.11953953148822608,0.010516221221480384,0.015653016701787044,0.13630907772643963
"USO, XLF, XLY, AGG",4,0.0006575370839065171,0.1656993451444423,5.6716376398036556e-05,0.11955135654732327,0.011237398990908328,0.0163339463942881,0.14507145296683943
"XLE, XLV, XLP, VNQ",4,0.0005232770761970161,0.13186582320164805,5.671728091362474e-05,0.11955230984900893,0.010680920458959887,0.01603155488162512,0.1286904138260957
"GLD, USO, XLF, HYG",4,0.0008443170647315242,0.2127679003123441,5.673375333553659e-05,0.11956966940054331,0.010685512274718138,0.01602115716466085,0.09970969280860531
"SPY, USO, XLI, LQD",4,0.0007502122304974801,0.189053482085365,5.6762542953081654e-05,0.1196000034455542,0.010303230559959681,0.016090167021058987,0.14432760634277886
"QQQ, IWM, XLU, AGG",4,0.0006702904996584724,0.16891320591393505,5.67648598514115e-05,0.11960244430008819,0.011183216349551132,0.01613589465943592,0.142965520651827
"EFA, TLT, XLI, VNQ",4,0.0005129578152672529,0.12926536944734773,5.680854833030873e-05,0.11964846083104372,0.011710739944358266,0.01650028771516032,0.12025912417228857
"EEM, USO, XLF, XLP",4,0.0008041872813085877,0.2026551948897641,5.6820150413068985e-05,0.11966067818666826,0.010946555243425013,0.016041924040199523,0.13256455735554673
"SPY, EEM, XLI, AGG",4,0.000696240553367698,0.1754526194486599,5.682643670890841e-05,0.11966729733158062,0.011103816724139667,0.016721177362766806,0.12021642919261621
"SPY, EEM, GLD, XLP",4,0.0008458069476310548,0.21314335080302582,5.682717314784216e-05,0.11966807273979231,0.011116054876457832,0.01738867484622176,0.10895121421724863
"USO, XLK, XLV, LQD",4,0.0007761670744757138,0.1955941027678799,5.6834193113642676e-05,0.11967546392071332,0.010200480516996003,0.01667302878615744,0.13969683210855077
"IWM, TLT, XLE, XLU",4,0.000556143614817992,0.140148190934134,5.686312156871135e-05,0.11970591729448993,0.010409931410399132,0.01660466139689002,0.15319079575507055
"QQQ, USO, XLF, AGG",4,0.0007844099644114872,0.19767131103169477,5.688516894252595e-05,0.11972912166017315,0.011212537448754226,0.016635495578683806,0.14137606753762322
"QQQ, GLD, XLI, XLP",4,0.0008613722912994132,0.21706581740745212,5.689062346019907e-05,0.11973486172360231,0.011152071736037926,0.016561803428489827,0.11033166409670558
"EFA, TLT, USO, XLY",4,0.0006122092819304434,0.1542767390464717,5.689101243299159e-05,0.11973527104873435,0.010620026165957343,0.01579667801906015,0.12987113923637472
"EFA, EEM, TLT, XLF",4,0.0006218623125833258,0.1567093027709981,5.689808996101217e-05,0.11974271865201268,0.011604957667005573,0.01684091596738834,0.10699675877967052
"EFA, EEM, USO, LQD",4,0.0007403055553880969,0.1865569999578004,5.690125534131638e-05,0.1197460493962608,0.01084690562893866,0.016674629832662814,0.12323713384022017
"XLK, XLF, XLP, XLU",4,0.0007925717033215852,0.19972806923703945,5.6908294326039416e-05,0.11975345577544697,0.010384585585228152,0.016171981159531473,0.14017621775199396
"TLT, GLD, XLK, XLF",4,0.0008293759566582049,0.20900274107786765,5.691158399129655e-05,0.11975691698522775,0.011819741970180602,0.016823947399660213,0.101787914278482
"IWM, TLT, GLD, XLF",4,0.000692257563891422,0.17444890610063835,5.692382435964687e-05,0.11976979476742461,0.011478230508696815,0.016548185466642037,0.0935614911398801
"SPY, XLF, XLV, XLU",4,0.0007085621899328701,0.17855767186308327,5.692802569511428e-05,0.11977421456711289,0.010516288502477203,0.016064521811238807,0.1287484369241143
"EEM, TLT, XLK, XLP",4,0.0006717774506181029,0.16928791755576192,5.6940879985047166e-05,0.11978773625138714,0.011423659710319908,0.016452294358759504,0.1246547902946894
"GLD, XLK, XLP, VNQ",4,0.0008375412139405228,0.21106038591301174,5.694502496204657e-05,0.11979209611003448,0.011740145852672133,0.016784567532361717,0.10979227764993493
"IWM, XLV, VNQ, HYG",4,0.0005065467802702295,0.12764978862809784,5.694558425401579e-05,0.11979268438436456,0.011632331443969014,0.016186294134314348,0.14468198966247647
"QQQ, TLT, XLP, XLY",4,0.0005233348913662373,0.1318803926242918,5.697542522514155e-05,0.11982406751874046,0.011448687698944474,0.01632588072798558,0.14036170547200622
"QQQ, XLE, XLV, XLU",4,0.000741887592462809,0.18695567330062784,5.697861988429106e-05,0.11982742678886729,0.009570685189517304,0.01629354933928142,0.14307694600257037
"SPY, IWM, XLE, AGG",4,0.0006373424098947931,0.16061028729348786,5.6988732771544734e-05,0.11983806014129765,0.009858091968582092,0.016780117376564548,0.16059817614367133
"QQQ, TLT, XLE, XLI",4,0.0006650943902226481,0.1676037863361073,5.699936584870903e-05,0.11984923943803179,0.010203238259087893,0.016538539592933953,0.14754063369923243
"QQQ, EFA, XLE, XLP",4,0.0007320788965184123,0.1844838819226399,5.700245333820676e-05,0.11985248533605011,0.010072073021364225,0.016521748234710826,0.14063177843045327
"QQQ, USO, XLV, XLP",4,0.0007662558705043672,0.19309647936710053,5.702391510799496e-05,0.11987504580693487,0.010791213343438442,0.016426824858899628,0.14034192532239387
"IWM, XLE, VNQ, AGG",4,0.0005340019797711923,0.13456849890234046,5.703247390442671e-05,0.11988404157316157,0.011024502662657592,0.016473058803708612,0.1604208809332901
"EEM, TLT, XLK, AGG",4,0.0006152476248779159,0.15504240146923481,5.7037770644857136e-05,0.11988960840082846,0.012101659640857083,0.016535333239823313,0.11282545636232733
"EEM, USO, XLP, XLU",4,0.0007779643478975178,0.1960470156701745,5.705735856487005e-05,0.11991019288762425,0.010763034242646286,0.015448174661369577,0.1169181274604213
"IWM, GLD, VNQ, LQD",4,0.0006520118375551045,0.16430698306388633,5.7067473114345235e-05,0.1199208206476882,0.011580947122511185,0.016891132061811948,0.09808320157418549
"EEM, XLF, XLI, HYG",4,0.0007054276612001237,0.17776777062243118,5.707359813325412e-05,0.1199272559912051,0.011540427380116522,0.016648338694119445,0.12306653104815823
"QQQ, XLF, XLI, AGG",4,0.0007078742602192712,0.17838431357525633,5.7086567228369244e-05,0.11994088102706704,0.011393759737343748,0.016695600168264026,0.13583577716285555
"QQQ, XLI, XLP, XLU",4,0.0007381811525483882,0.18602165044219382,5.709691265734293e-05,0.11995174858938247,0.010572774285820583,0.015487380696615406,0.13437596976525001
"EEM, GLD, XLI, LQD",4,0.0007762087988376917,0.1956046173070983,5.7126465856750814e-05,0.11998278791518893,0.011418758012725098,0.01783340187382203,0.10243772908323778
"QQQ, EFA, GLD, XLP",4,0.0008419699121807725,0.21217641786955466,5.7131487302418367e-05,0.11998806107363111,0.011521998540207759,0.016935123547820913,0.1054400153675431
"SPY, EFA, USO, XLP",4,0.0007792208349974747,0.1963636504193636,5.7132420273851095e-05,0.11998904078710888,0.010661978268987453,0.01579644340732012,0.1338711769414992
"TLT, GLD, XLY, VNQ",4,0.0005659592604311656,0.1426217336286537,5.713385200871574e-05,0.11999054423660377,0.01271972364018273,0.0173511841343726,0.1069056460958081
"SPY, QQQ, GLD, HYG",4,0.0008603355405578936,0.2168045562205892,5.715287713851115e-05,0.12001052053426321,0.011951641907365642,0.01731241389181599,0.11440715344807462
"GLD, XLV, XLU, VNQ",4,0.0007021899651492243,0.17695187121760453,5.718441747716198e-05,0.12004363041929722,0.011411400704758611,0.016486399330459495,0.0948667065785117
"EEM, TLT, USO, XLI",4,0.0007217320327109676,0.18187647224316383,5.71865264082273e-05,0.12004584397168143,0.010593072744573297,0.016185636099564308,0.13410183740539516
"IWM, XLV, VNQ, LQD",4,0.00048035971256784227,0.12105064756709626,5.718905188888617e-05,0.12004849468443707,0.011495256916618417,0.016486308849512056,0.14422504728036611
"SPY, QQQ, XLE, LQD",4,0.0007242574571931464,0.1825128792126729,5.7200122252144525e-05,0.12006011330804425,0.01002585182164858,0.017142146421858018,0.15049528494286823
"USO, XLU, VNQ, HYG",4,0.0006429042978484118,0.16201188305779976,5.7202008319529926e-05,0.120062092670924,0.010650470544240717,0.015907676693305995,0.11389900324195246
"QQQ, XLE, XLP, VNQ",4,0.0006693280106881806,0.1686706586934215,5.7203510347027856e-05,0.12006366897380331,0.010314442214297292,0.01641062047922717,0.15044434411054164
"GLD, XLF, XLE, XLU",4,0.0008421727026062137,0.21222752105676587,5.721795134020211e-05,0.12007882301942725,0.010210378946826784,0.01608570877672411,0.11003430629266286
"QQQ, IWM, XLV, AGG",4,0.000621829513422235,0.15670103738240324,5.7220262396304484e-05,0.12008124801095603,0.011656981886460896,0.016108100099414945,0.14370680259904156
"GLD, USO, XLY, AGG",4,0.0007545052892464721,0.19013533289011098,5.722402280493735e-05,0.12008519370365446,0.011093596947216863,0.01597664743065359,0.11199000748317633
"IWM, USO, XLV, HYG",4,0.0006652357494113182,0.16763940885165218,5.723451467454742e-05,0.12009620184662774,0.010663544203731033,0.016446526858997227,0.14161998371426143
"SPY, XLY, VNQ, AGG",4,0.0005239669167569418,0.13203966302274933,5.723811251782499e-05,0.12009997649663343,0.01169409771741144,0.017202194069077758,0.14442308905669432
"SPY, QQQ, GLD, XLP",4,0.0008825594564741417,0.2224049830314837,5.7241369051706346e-05,0.12010339296218904,0.011344966240312119,0.01691218427673249,0.11819108580389415
"SPY, TLT, GLD, XLY",4,0.0006692996905547665,0.16866352201980117,5.725725150999951e-05,0.12012005403145587,0.01222545378142412,0.017111053901289187,0.10015704378783963
"SPY, TLT, XLV, XLY",4,0.0004976475655675042,0.12540718652301105,5.726568735509563e-05,0.1201289024901339,0.011467184987187936,0.016421847926583442,0.13542492195712963
"EEM, USO, XLI, LQD",4,0.0007597079345067378,0.19144639949569792,5.7268375409203115e-05,0.12013172188526719,0.010595842565932075,0.016499334212046947,0.13077541153250638
"TLT, XLF, XLI, VNQ",4,0.0005284285575691085,0.13316399650741534,5.728806117108067e-05,0.12015236749690923,0.011321796780098868,0.016759070700730024,0.13368154531238474
"EFA, EEM, TLT, USO",4,0.0007023296535923269,0.17698707270526637,5.7311476258066656e-05,0.12017691965195645,0.01102343795271559,0.01657920501584251,0.12666788855635414
"IWM, XLV, XLP, XLU",4,0.0005807693909074948,0.1463538865086887,5.7314261282180706e-05,0.12017983958680233,0.010782494005518246,0.015846831208164734,0.1368030071078108
"SPY, IWM, GLD, HYG",4,0.0007815393353810924,0.19694791251603527,5.7329142634504196e-05,0.12019544061192612,0.011654242622307643,0.017081184673914937,0.1140582694822424
"QQQ, XLV, XLY, AGG",4,0.0005737528380940662,0.1445857151997047,5.733222372194632e-05,0.12019867044992832,0.011969402997626739,0.016298455891186763,0.13649915113389444
"GLD, USO, XLI, LQD",4,0.0008220616338459219,0.20715953172917234,5.7366682046664066e-05,0.1202347864628176,0.010722970057542752,0.015641704704847072,0.09831075246291188
"QQQ, TLT, GLD, XLI",4,0.0007749854058850082,0.19529632228302207,5.7366734293641055e-05,0.12023484121500534,0.01169405581084709,0.016974002861507038,0.09725102756281168
"EEM, GLD, XLI, HYG",4,0.0008023958665400788,0.20220375836809984,5.741788007893571e-05,0.12028842745622623,0.011830763479921331,0.01784925387026941,0.10126095628067311
"QQQ, USO, XLU, HYG",4,0.0007924929408243566,0.19970822108773786,5.744691471864444e-05,0.12031883688391606,0.010220699964587349,0.01629830322455008,0.13661048398998454
"XLK, XLE, VNQ, HYG",4,0.0007054262823619148,0.17776742315520253,5.7451535575247084e-05,0.12032367582883373,0.010468971212539483,0.01729811464727576,0.15402299090479088
"QQQ, GLD, XLE, XLV",4,0.0008650787312138339,0.21799984026588615,5.745512082866697e-05,0.12032743015964431,0.010809141093763894,0.016760512145187256,0.12060805960060417
"IWM, XLP, XLY, LQD",4,0.0004825145879852061,0.12159367617227194,5.745732320795352e-05,0.12032973634311799,0.01174727600274099,0.016069081063662942,0.15352016886466813
"EEM, XLE, XLY, LQD",4,0.0006068802806974337,0.15293383073575328,5.7463529086359565e-05,0.12033623448389355,0.010927380677557216,0.01720835873939156,0.13646675693180732
"QQQ, TLT, XLF, VNQ",4,0.0005958639355961808,0.15015771177023757,5.747109322430255e-05,0.12034415437620659,0.010908187365240758,0.01736685392241603,0.13198007080357532
"EFA, USO, XLV, XLU",4,0.0007484399866485022,0.18860687663542255,5.7478077164480515e-05,0.12035146632031159,0.010971565570870274,0.0156814494503025,0.11745969292826375
"SPY, GLD, USO, LQD",4,0.0008432487990206502,0.21249869735320384,5.74958108645295e-05,0.12037003089582321,0.010820213555151387,0.016139331415681777,0.10766298424354648
"TLT, GLD, XLI, XLY",4,0.000648112525380038,0.1633243563957696,5.751670597435936e-05,0.12039190132869636,0.011735676801837163,0.016730439759448056,0.10903730320307381
"SPY, XLE, XLY, LQD",4,0.0005973845766881761,0.15054091332542038,5.7555213544593216e-05,0.12043219591636403,0.010509547020709744,0.017166127552649162,0.15027631699800037
"QQQ, XLV, XLI, XLP",4,0.0006897201663121512,0.17380948191066212,5.756588478634737e-05,0.12044335999198767,0.01061703820650163,0.015766893498036175,0.1345338910777909
"EFA, USO, XLI, XLP",4,0.0007580336698227465,0.19102448479533213,5.75830999078681e-05,0.12046136798485547,0.010564997617417702,0.015430695784117227,0.12609683067902877
"EEM, XLK, HYG, LQD",4,0.000687529436497625,0.17325741799740152,5.759047268937968e-05,0.12046907950890834,0.01143126709687142,0.01665616812662347,0.11761607142051744
"IWM, EFA, USO, AGG",4,0.0006901430169328304,0.17391604026707327,5.7597832475922314e-05,0.12047677694864029,0.010786728674973777,0.01623164679697761,0.13150192341193268
"EFA, XLF, XLP, VNQ",4,0.0005954130638648725,0.15004409209394787,5.760062846925155e-05,0.12047970108798989,0.011571350139685244,0.016289063580504262,0.12205570891717854
"GLD, USO, XLU, AGG",4,0.000783788221496515,0.19751463181712178,5.760109820614575e-05,0.12048019234691124,0.011246544688107016,0.01560160702966148,0.11750159130655424
"QQQ, USO, VNQ, LQD",4,0.0007143071784009516,0.18000540895703981,5.761356069613388e-05,0.12049322510176969,0.01077733331312083,0.016561910680096388,0.14034492965795908
"QQQ, XLK, XLP, AGG",4,0.0007383870191354074,0.18607352882212266,5.7619138129276e-05,0.12049905729331477,0.011354030346698577,0.016144545507099345,0.1384428043228103
"USO, XLF, XLV, XLP",4,0.0006948888556605097,0.17511199162644844,5.761951536146676e-05,0.12049945174601262,0.011391121699460853,0.015914162221513626,0.12261105711881326
"TLT, XLV, XLI, XLY",4,0.00047646040039277607,0.12006802089897957,5.763933529520986e-05,0.1205201746364188,0.010992855126086224,0.01637589836309823,0.13195154371306494
"SPY, XLF, XLE, XLP",4,0.000701301425967924,0.17672795934391686,5.764160150182822e-05,0.12052254385989665,0.009995311974503523,0.01669287708063058,0.14105318625690855
"GLD, XLF, XLV, XLI",4,0.0008105661635091667,0.20426267320431002,5.764794035951969e-05,0.12052917062105324,0.01123104259185307,0.016401319928854796,0.10415465279409286
"XLK, XLV, XLP, VNQ",4,0.0006658890889532605,0.16780405041622165,5.765338418347758e-05,0.12053486140630167,0.010568951148335972,0.016317819889967507,0.1404008443188265
"TLT, XLF, XLE, XLY",4,0.0005342898729008929,0.13464104797102502,5.7669912313865654e-05,0.12055213769607798,0.010710004895212209,0.01687757654159771,0.14113919165602273
"SPY, EEM, TLT, VNQ",4,0.0005842302287446076,0.14722601764364113,5.7707606450270625e-05,0.12059152882963296,0.012000436918938102,0.017453689192133016,0.12844865357144508
"XLV, XLP, XLU, VNQ",4,0.0005099769531083512,0.1285141921833045,5.771605053940682e-05,0.12060035130931634,0.011690284784634321,0.01607235185627944,0.11136026726110748
"SPY, QQQ, XLF, AGG",4,0.0007290614253939995,0.18372347919928786,5.7716884860183675e-05,0.1206012229820506,0.01142892588961025,0.016882297290481504,0.1434556026919418
"EFA, XLK, VNQ, AGG",4,0.000668572440558525,0.1684802550207483,5.772184735996358e-05,0.12060640751929734,0.010693437214071977,0.016441738493556828,0.12487524473614386
"IWM, TLT, XLY, HYG",4,0.0004223147702731884,0.10642332210884348,5.772821640151972e-05,0.12061306120475912,0.011469438203243068,0.016596381252581123,0.1510188561928193
"TLT, XLI, XLY, XLU",4,0.0005249213866290131,0.1322801894305113,5.773458698682685e-05,0.1206197161357975,0.0114350431284891,0.016540880336583394,0.13331311523225664
"EFA, GLD, USO, LQD",4,0.0008026592547272812,0.20227013219127488,5.774163347067023e-05,0.12062707670589094,0.011367400442024328,0.015843731908109598,0.1071904056874704
"EEM, TLT, XLF, XLI",4,0.0006412646917019667,0.1615987023088956,5.774443093778348e-05,0.12062999874128093,0.012047401719870902,0.017036388953730813,0.11402066235466246
"IWM, XLF, XLE, AGG",4,0.0006122236079032799,0.15428034919162653,5.7761265132054066e-05,0.12064758105025407,0.010417566350335434,0.016866883496729847,0.1522017302958495
"IWM, EFA, XLF, AGG",4,0.0006096756759238293,0.153638270332805,5.7764245278954114e-05,0.12065069336848602,0.011496863186860395,0.01610206132554673,0.12497997496163826
"SPY, QQQ, TLT, XLE",4,0.0006862815553973763,0.1729429519601388,5.776921294731609e-05,0.1206558811775193,0.010177836986937477,0.01691983924608239,0.14558408588728344
"XLV, XLI, XLP, VNQ",4,0.0005401315233362064,0.136113143880724,5.777037138681651e-05,0.12065709092083134,0.011354672646584333,0.015651447681853805,0.1291572392991711
"EFA, EEM, XLI, AGG",4,0.0006556510090743291,0.16522405428673093,5.7779247745832066e-05,0.12066635998466882,0.011669775722676391,0.01704193850633443,0.10666112373674386
"TLT, GLD, USO, XLI",4,0.000784085732050152,0.1975896044766383,5.7782238280891156e-05,0.12066948266560429,0.010916229231688161,0.015533399809747798,0.0982820482635628
"SPY, QQQ, XLV, XLP",4,0.0007109073314868794,0.17914864753469362,5.780243690210027e-05,0.12069057170851943,0.011190468825499483,0.01617190496458401,0.14214732678726905
"XLK, XLV, XLI, LQD",4,0.000699631370283498,0.1763071053114415,5.780261018712892e-05,0.1206907526165799,0.010950129749442377,0.016132315015417384,0.13837758850520643
"QQQ, EEM, TLT, XLV",4,0.0006340161500817318,0.1597720698205964,5.78043623542423e-05,0.1206925818485505,0.011614392602929992,0.01678701478497227,0.12386947176598573
"SPY, TLT, GLD, USO",4,0.0008052728972248802,0.20292877010066981,5.7813412271309516e-05,0.12070202936309728,0.010525157540591412,0.015783341039170604,0.1058527096064813
"TLT, XLK, XLY, AGG",4,0.0005251272532160324,0.13233206781044016,5.785340094164171e-05,0.1207437660390536,0.01182513442362392,0.016460159736717123,0.13946892113228437
"QQQ, EEM, VNQ, AGG",4,0.0006603355012711696,0.16640454632033475,5.785417789838085e-05,0.12074457681565652,0.011501834557069563,0.01703839452799652,0.12497447430606934
"IWM, EFA, TLT, XLV",4,0.0005051346966023042,0.12729394354378068,5.7861544263696144e-05,0.1207522635582929,0.011691196271534744,0.016368876837812265,0.1346453160964005
"TLT, XLK, XLE, VNQ",4,0.0006412633128637577,0.16159835484166693,5.786425884170661e-05,0.12075509607511423,0.010295650939013136,0.017308381140634727,0.15575904742485047
"EFA, TLT, XLK, XLV",4,0.0006422530893690873,0.16184777852101,5.7872512246285554e-05,0.1207637076528539,0.011303772191610799,0.015815555485512143,0.12973141525510257
"XLE, XLV, XLP, XLY",4,0.0005459928386679908,0.13759019534433367,5.7880410514446284e-05,0.12077194810733353,0.010267681196032651,0.016076656013599578,0.13635560663823665
"EFA, XLP, XLY, XLU",4,0.0005919058929247774,0.1491602850170439,5.789368023452701e-05,0.12078579146199608,0.011614143234673704,0.015952516341010324,0.11735138941028334
"USO, XLI, XLY, AGG",4,0.000661468720723302,0.16669011762227212,5.789372201332459e-05,0.12078583504433704,0.010568587610477097,0.01627784059087946,0.15510919505326548
"EEM, GLD, XLV, XLU",4,0.0008150260992820825,0.2053865770190848,5.7895992219222556e-05,0.12078820322880908,0.01123226312674263,0.017332707569122495,0.10396021626424734
"XLE, XLP, XLY, XLU",4,0.000594453824904228,0.14980236387586546,5.790532537528188e-05,0.12079793870166426,0.011020992093752341,0.016261212512825883,0.13963264018414245
"USO, XLV, XLP, XLU",4,0.0006686659222494399,0.16850381240685885,5.7912607922588426e-05,0.12080553462690476,0.011256016678598841,0.015487637543031264,0.10392424779741616
"IWM, EEM, XLV, LQD",4,0.0005931958467007006,0.14948535336857655,5.791335953265391e-05,0.1208063185525856,0.011327698773494332,0.0167518040031988,0.1323541533795436
"XLE, XLI, XLY, LQD",4,0.0005761974115134479,0.14520174770138886,5.7914767585704824e-05,0.1208077871314495,0.010418620325674175,0.01652801773897197,0.1508918179406188
"SPY, EEM, TLT, USO",4,0.0007429191978856962,0.18721563786719544,5.797769261563692e-05,0.12087339880693561,0.010517171086236522,0.016415055729647403,0.13152644928805346
"SPY, EEM, XLF, XLP",4,0.0007488387422910998,0.18870736305735716,5.797788330034558e-05,0.12087359757898782,0.010563255750481074,0.016673501593101124,0.13463920950551933
"SPY, EEM, XLP, VNQ",4,0.0006706171141590125,0.16899551276807115,5.7980196701218136e-05,0.12087600907006722,0.011331369551040879,0.01677150179569371,0.12836262241380492
"IWM, EFA, XLE, LQD",4,0.0006048717077229761,0.15242767034618998,5.799654833292422e-05,0.12089305265356197,0.010209808204057591,0.01684240810216797,0.1412425125567348
"EEM, TLT, XLV, XLY",4,0.0005071432695767616,0.12780010393334393,5.803251952890871e-05,0.1209305375878442,0.0121282354416761,0.016962525457251975,0.11939738634933517
"SPY, GLD, XLU, VNQ",4,0.000801992686788045,0.20210215707058735,5.808601126480477e-05,0.12098625888393609,0.010838853774780168,0.016994445579380457,0.09682326910232986
"EEM, XLE, XLI, XLP",4,0.0007147287667939666,0.1801116492320796,5.8110936464227565e-05,0.12101221421404267,0.010759997114712533,0.016828709678102433,0.13306078684462985
"GLD, USO, VNQ, LQD",4,0.0007399083688970495,0.18645690896205647,5.8118811192995935e-05,0.12102041323939933,0.01139595436580481,0.0162435353866615,0.10786427669860155
"EFA, EEM, GLD, AGG",4,0.000748687577597499,0.18866926955456975,5.812064916491812e-05,0.12102232682261306,0.011403414179560166,0.017981291926666348,0.1035113089397296
"SPY, GLD, XLP, XLY",4,0.0007556865759691714,0.1904330171442312,5.8124413162676477e-05,0.1210262455709276,0.011711499098683426,0.016997569357305054,0.1154956639979805
"SPY, EEM, XLV, XLU",4,0.0007431766959336409,0.1872805273752775,5.813543493189859e-05,0.12103771975230881,0.010919428916823572,0.016513250059092717,0.12617691136018205
"IWM, XLV, XLI, LQD",4,0.0005625129775167147,0.14175327033421212,5.8140528879751465e-05,0.1210430224246626,0.0115453666784382,0.015801898590140667,0.14785441031541247
"SPY, IWM, TLT, XLV",4,0.0005457242408956732,0.13752250870570965,5.81410011235973e-05,0.12104351400693274,0.011664146393629721,0.016416299908635974,0.1475731739940308
"TLT, XLE, XLY, VNQ",4,0.0004560682447688055,0.11492919768173898,5.814915529909571e-05,0.12105200178176369,0.011019485453113684,0.01756322475973321,0.14947371469778825
"SPY, EEM, USO, LQD",4,0.0007808950996814661,0.19678556511972944,5.815749644405981e-05,0.12106068355953997,0.010855129072896272,0.01670664785746906,0.13342444904389728
"QQQ, EFA, XLF, HYG",4,0.0007227777909245696,0.18214000331299154,5.816698282043297e-05,0.12107055658065305,0.011388712802983154,0.01656055126674091,0.13613848311996934
"XLK, XLF, XLV, XLP",4,0.0007441107170853478,0.18751590070550764,5.816979125718618e-05,0.12107347932892207,0.010918644668209833,0.01622021095122293,0.141551505483146
"EFA, USO, XLP, VNQ",4,0.0006758804048738738,0.1703218620282162,5.8192734267607275e-05,0.12109735354431589,0.010837977095740919,0.015466091119251799,0.1215995002315381
"SPY, XLE, XLI, XLP",4,0.0007052330627847092,0.17771873182174672,5.82255234945966e-05,0.12113146544411302,0.010220289658941433,0.016284768455135674,0.1523265256007572
"GLD, XLP, XLY, VNQ",4,0.0006523461458455705,0.16439122875308376,5.822663660878865e-05,0.12113262329122877,0.011990863218220101,0.017166783832240212,0.1015428168597795
"XLF, XLV, XLP, VNQ",4,0.0005361998865194212,0.13512237140289415,5.8249551072183936e-05,0.12115645616388072,0.01117535553025406,0.016172502122801375,0.12023232328389277
"SPY, IWM, TLT, XLU",4,0.0005941852271319104,0.14973467723724143,5.8250084820712445e-05,0.12115701124912061,0.01121206327258173,0.016708025142608843,0.14997180943786392
"QQQ, XLI, VNQ, LQD",4,0.0006377714742087357,0.1607184115006014,5.827234516785154e-05,0.12118015919406357,0.010591219669088856,0.0168215882143732,0.14178214565152913
"SPY, EFA, GLD, XLV",4,0.0008162825863820393,0.20570321176827389,5.828227024053418e-05,0.12119047858893295,0.011066259308039582,0.016810572195227576,0.10633561803845981
"IWM, XLP, XLY, HYG",4,0.0005087016556875934,0.12819281723327353,5.828264931421454e-05,0.12119087270575316,0.011327228315515398,0.016182525179966944,0.15489388498065715
"IWM, XLK, XLP, LQD",4,0.0006677096560801581,0.16826283333219985,5.828411966773481e-05,0.12119240139657755,0.01111174763512502,0.016426788296847128,0.15799925571785833
"EFA, XLK, XLP, XLU",4,0.0007771009610197295,0.19582944217697182,5.828809270492003e-05,0.12119653197034909,0.01089711336370529,0.015806375568872,0.1280995816081133
"SPY, USO, XLF, HYG",4,0.0007724676613830824,0.19466185066853678,5.830401220656204e-05,0.12121308129097962,0.010591558550373413,0.016842625144165468,0.1421481138744719
"SPY, QQQ, TLT, GLD",4,0.0007961725710597364,0.20063548790705357,5.8334635796446945e-05,0.12124491008163861,0.011913926621443173,0.017115685075278175,0.10252399053082317
"SPY, XLF, XLP, VNQ",4,0.0006360026081582419,0.16027265725587694,5.8352981622108596e-05,0.12126397391134502,0.010830728354834762,0.01676301490345983,0.1368345033915106
"SPY, USO, XLP, XLU",4,0.0007684686438882603,0.1936540982598416,5.835400033685922e-05,0.12126503240789788,0.010421411122304259,0.015461323009263698,0.1280320427448577
"EFA, TLT, GLD, XLY",4,0.0006287101462613974,0.15843495685787215,5.8355598982744236e-05,0.12126669346383429,0.01201280309923263,0.01728270994394519,0.09951484707708025
"IWM, TLT, XLF, XLV",4,0.0005206054389041598,0.13119257060384829,5.836117060533919e-05,0.12127248242097412,0.011901886202038546,0.016490267280958183,0.1381436109309946
"XLI, XLY, VNQ, AGG",4,0.0005027797515822136,0.12670049739871783,5.837749197531869e-05,0.1212894388550805,0.011812010389126458,0.016745529767205922,0.14101328934754154
"EEM, TLT, GLD, VNQ",4,0.0006560796320930492,0.1653320672874484,5.8378887058439916e-05,0.1212908881108835,0.011605451746297832,0.01790992982402026,0.10199810335106896
"IWM, TLT, XLF, XLU",4,0.0005690664251403971,0.14340473913538007,5.838346090854717e-05,0.12129563944740095,0.011111812208966506,0.01683780006674676,0.14148864948295448
"EEM, USO, XLP, VNQ",4,0.0007259656531765004,0.1829433446004781,5.838393881826196e-05,0.12129613589147024,0.011462180718108636,0.016010011885706305,0.1344021408459558
"EFA, EEM, XLF, XLP",4,0.0007082491979977309,0.1784787978954282,5.839016492059695e-05,0.12130260326963486,0.01046034557871618,0.01656657857076523,0.11492244618853975
"IWM, XLU, VNQ, HYG",4,0.0005550077665064667,0.13986195715962962,5.8428250681628915e-05,0.12134215743825592,0.011173391653368375,0.016483809374974612,0.1479690021296921
"SPY, QQQ, VNQ, LQD",4,0.000658958639383464,0.16605757712463293,5.842887087613067e-05,0.12134280143784767,0.01109713951620287,0.01715427570529757,0.14247495439431623
"IWM, GLD, XLF, XLP",4,0.0007786444493058268,0.19621840122506837,5.844288529615204e-05,0.12135735286594841,0.011496925890235645,0.016589817714575267,0.10911430865961236
"IWM, EFA, TLT, XLU",4,0.0005535956828385413,0.1395061120753124,5.844340824616863e-05,0.12135789582072729,0.011903652651301213,0.016662247585920716,0.12369330771983911
"QQQ, TLT, USO, XLF",4,0.0007545529047372692,0.19014733199379183,5.8444046077432476e-05,0.12135855804809559,0.010867343566103551,0.016500360524423684,0.14114950606411092
"EEM, USO, XLY, AGG",4,0.0006921515899072877,0.17442220065663652,5.845152251067756e-05,0.12136632017446498,0.010723991165274973,0.016706824647345946,0.13643989243178112
"TLT, XLK, XLU, VNQ",4,0.0006279631897750929,0.15824672382332342,5.845611399023969e-05,0.12137108685984649,0.010593810278188726,0.016926859629642386,0.13606464700049303
"XLK, XLP, XLY, LQD",4,0.0006196329807519892,0.1561475111495013,5.846747893492188e-05,0.12138288467325332,0.011483243374982783,0.016467799165663932,0.14916803900484488
"USO, XLF, XLI, HYG",4,0.0007512804962083541,0.18932268504450525,5.8475861916334615e-05,0.12139158621138586,0.010903201453503219,0.01639255611712973,0.13930093835056145
"XLK, XLI, XLU, LQD",4,0.0007480923565197353,0.1885192738429733,5.8503623130877774e-05,0.12142039791147614,0.011138570673073205,0.016523508527710458,0.13745265084925018
"QQQ, EFA, TLT, XLF",4,0.0006586148214264125,0.16597093499945595,5.8510449784830556e-05,0.12142748183906846,0.011226300891447471,0.01655852414832427,0.12432317179825036
"EFA, GLD, XLE, XLU",4,0.0008267019603043582,0.20832889399669827,5.85264260833432e-05,0.12144405861548965,0.010723712754397095,0.01649241293240169,0.10661317064662634
"EEM, XLY, VNQ, AGG",4,0.0005334626207661993,0.1344325804330822,5.853313823826743e-05,0.1214510223754555,0.012023152870210958,0.017323849425540536,0.12989298216941947
"QQQ, EEM, XLV, XLP",4,0.0007204030354961367,0.18154156494502646,5.854761638014595e-05,0.12146604187095578,0.010812816879905332,0.016553773901659123,0.1303111147498789
"QQQ, EEM, XLP, XLU",4,0.0007688640217323739,0.19375373347655822,5.8553798208954086e-05,0.12147245427938151,0.010678357841727963,0.01640954611655342,0.12767297980649162
"IWM, EEM, XLV, HYG",4,0.0006193829144030878,0.1560844944295781,5.8576154406210795e-05,0.12149564152826685,0.010960968286145996,0.016656860472294758,0.13398146007143474
"EEM, USO, XLV, XLU",4,0.0007985252349511286,0.2012283592076844,5.8576700933330735e-05,0.12149620831614188,0.011419343269402665,0.01639415945697884,0.13380811671875126
"EFA, TLT, XLK, XLU",4,0.0006907140756053247,0.17405994705254182,5.8594301666508344e-05,0.12151446012701576,0.011176073623739942,0.01624822920640431,0.11562538439880277
"USO, XLK, XLU, AGG",4,0.0008165092185903992,0.2057603230847806,5.859452868542541e-05,0.12151469552579723,0.010718143557448214,0.016512758883009848,0.13342439597306532
"GLD, USO, XLV, XLP",4,0.0007918570610004647,0.19954797937211713,5.8597568926697516e-05,0.12151784794641393,0.011046428068322942,0.015321758456000235,0.10299017219791307
"EEM, TLT, XLY, XLU",4,0.000555604255812999,0.14001227246487574,5.860292517833827e-05,0.12152340163499888,0.01242727386983706,0.01701712640965859,0.11634911032394613
"EEM, XLF, XLY, AGG",4,0.0006116842488982867,0.15414443072236825,5.8648212218431066e-05,0.12157034786100034,0.012208393144577254,0.017054248963191992,0.12748723694385566
"EFA, TLT, GLD, USO",4,0.0007646833529315113,0.19270020493874085,5.86492596226234e-05,0.12157143342455537,0.01123369602121964,0.01603490456339082,0.10538825234349958
"USO, XLY, VNQ, LQD",4,0.0005874342978959815,0.14803344306978733,5.8650608167453615e-05,0.12157283108572536,0.011045630919437157,0.01646578800238733,0.1471220207400722
"QQQ, EFA, XLI, AGG",4,0.0006924035179174157,0.17448568651518875,5.865152103090059e-05,0.12157377718812125,0.01103314904854031,0.01648549540546717,0.12531261192828624
"IWM, EFA, VNQ, AGG",4,0.0005314540477917418,0.13392642004351893,5.8699140823778143e-05,0.1216231206950064,0.011659499658213756,0.016495949504301978,0.13120190867671333
"QQQ, EFA, TLT, GLD",4,0.0007555830267663675,0.1904069227451246,5.86993399403622e-05,0.12162332697706997,0.011594800812816414,0.017223567556342783,0.0945808586374488
"IWM, XLI, XLU, LQD",4,0.000610973963752952,0.1539654388657439,5.870161638575006e-05,0.1216256853185585,0.011221850221552556,0.015798550605536053,0.151169726839801
"EEM, GLD, XLY, AGG",4,0.0007086524542382418,0.17858041846803693,5.8721890212307247e-05,0.12164668648796574,0.012228428892340817,0.017933934720024736,0.09723602259210762
"IWM, EFA, GLD, LQD",4,0.0007147627233853362,0.1801202062931047,5.8724310833760405e-05,0.12164919370923764,0.011460055602654886,0.017209434164283215,0.0917967439717765
"SPY, GLD, XLV, XLI",4,0.0008356849655006801,0.21059261130617138,5.872637088698877e-05,0.1216513274219446,0.011177745240261088,0.016741062488576035,0.11011000836961216
"GLD, USO, VNQ, HYG",4,0.0007660954365994367,0.19305605002305803,5.8732474205857964e-05,0.12165764875204604,0.011242437237303967,0.016299074030108947,0.10794612315300367
"SPY, TLT, XLE, XLY",4,0.0005594086748924062,0.14097098607288638,5.8735779826574794e-05,0.12166107231278561,0.010865371690861898,0.017236420716125935,0.15291493548990975
"EFA, GLD, XLP, XLY",4,0.0007150970316758023,0.18020445198230217,5.8748174742218e-05,0.12167390860426461,0.011727653577040746,0.01721284521345588,0.10845749515623604
"GLD, USO, XLU, LQD",4,0.0007919070636180671,0.19956058003175292,5.8765143262780285e-05,0.121691479168513,0.011293507082778263,0.01572641695425847,0.11666700040740519
"SPY, EEM, TLT, GLD",4,0.0007594200622166501,0.19137385567859583,5.8772545945123235e-05,0.1216991437035243,0.01146607186522065,0.017735575901693692,0.0981177079078227
"QQQ, TLT, USO, VNQ",4,0.0006763312766051819,0.17043548170450584,5.877284137627138e-05,0.12169944957484562,0.011327749784661419,0.016486534124167753,0.1354507782770319
"GLD, XLF, XLI, XLU",4,0.0008590271497454041,0.21647484173584183,5.879033138544443e-05,0.12171755628968238,0.011098469795669436,0.016417427619279595,0.09650921231657084
"GLD, XLF, XLU, VNQ",4,0.0007768738847965314,0.1957722189687259,5.8803926430737035e-05,0.12173162884207923,0.011392672318072445,0.016891345393455687,0.09355726701284095
"EEM, GLD, XLI, XLP",4,0.0008246197824563267,0.20780418517899432,5.881054804953524e-05,0.12173848244693575,0.0113910638478849,0.01755667468150737,0.11614073963099636
"TLT, XLV, XLY, VNQ",4,0.0003943071354439035,0.09936539813186368,5.8840009005432995e-05,0.12176897088079998,0.012342492259845851,0.017275333692636594,0.1278535607577228
"XLK, XLP, XLU, VNQ",4,0.0007143500751894976,0.1800162189477534,5.885011386925052e-05,0.12177942640303054,0.010438351992989413,0.01624112583449058,0.1427420851287341
"SPY, XLK, XLU, LQD",4,0.0007692795216944636,0.19385843946700482,5.885419968897757e-05,0.12178365375378729,0.01046763624151509,0.01683201219078572,0.1385590179808226
"IWM, EFA, GLD, HYG",4,0.0007409497910877234,0.1867193473541063,5.885926375216138e-05,0.12178889303029514,0.011661435244933613,0.017335746343709244,0.09560766948002652
"IWM, USO, XLU, LQD",4,0.000687509667945168,0.17325243632218235,5.887035836048055e-05,0.12180037071717434,0.011378685747376853,0.01602471999125942,0.13919304316539383
"EFA, XLF, XLI, XLP",4,0.0006775663288137452,0.1707467148610638,5.8874786579557916e-05,0.12180495153337814,0.01090220770978252,0.015797120803305507,0.11989464135350891
"XLF, XLP, XLU, VNQ",4,0.0005846608727556584,0.1473345399344259,5.888152241460525e-05,0.12181191915605191,0.011424246265825555,0.016588760159765646,0.1201212878202007
"SPY, EFA, GLD, XLU",4,0.0008647435726182765,0.2179153802998057,5.888663487346061e-05,0.12181720727430947,0.01127946875762236,0.01699040703653486,0.0940736863469307
"IWM, TLT, XLK, AGG",4,0.0005732039285442013,0.14444738999313872,5.8895855278586456e-05,0.12182674390380704,0.011826936747413933,0.016501843908410908,0.1476722163544194
"QQQ, EFA, TLT, USO",4,0.0007390821624354137,0.18624870493372425,5.8899696293364546e-05,0.12183071643033158,0.011209190003534713,0.01644445451147833,0.13077524635784132
"GLD, XLE, XLV, XLY",4,0.0007382058507088636,0.18602787437863363,5.891001845262055e-05,0.12184139136623638,0.011084775218882586,0.016787015026923018,0.11689641151947205
"EFA, XLV, XLI, XLU",4,0.0006719042824562861,0.16931987917898408,5.8914985911957826e-05,0.12184652826327623,0.01061089346521957,0.015844296738200536,0.11640586115171081
"EEM, TLT, XLE, XLY",4,0.0005689043789016637,0.14336390348321926,5.894602880286857e-05,0.1218786251084368,0.011202281387982679,0.01752952264152966,0.1360715893994594
"IWM, EEM, XLU, LQD",4,0.0006416568329369375,0.16169752190010825,5.8949600996465045e-05,0.12188231804125318,0.011551084152010872,0.016834363442817645,0.12836075716606654
"IWM, GLD, XLE, XLP",4,0.0007657216389834218,0.1929618530238223,5.8961787069987696e-05,0.12189491515907011,0.01096610744990049,0.016772816901425246,0.11193877259899443
"XLK, XLF, XLE, LQD",4,0.0007574608427916149,0.19088013238348694,5.896544336056144e-05,0.12189869452484504,0.010575222803173199,0.01747960276134448,0.14928893563734624
"EFA, XLK, XLV, XLP",4,0.0007286399747834923,0.18361727364544006,5.899001595680228e-05,0.12192409122529549,0.010855979093280715,0.01601885923326317,0.1301764366750372
"GLD, XLI, XLP, XLY",4,0.0007344994107944432,0.1850938515201997,5.900102353833493e-05,0.1219354662584287,0.011404793304978341,0.016785539252075408,0.10807732376185253
"TLT, USO, XLF, XLY",4,0.0006276800242322991,0.15817536610653937,5.902015622125342e-05,0.1219552350977844,0.011517644467699172,0.016434000438627472,0.1446109541236924
"IWM, XLU, VNQ, LQD",4,0.0005288206988040795,0.13326281609862806,5.902397254563445e-05,0.12195917793056775,0.01166205518614346,0.016844242102089495,0.1475226746100733
"XLF, XLE, XLY, HYG",4,0.00059845284239905,0.1508101162845606,5.904069833749566e-05,0.12197645666705074,0.010755704624842202,0.017407941349186735,0.14518297598786467
"QQQ, EEM, XLF, AGG",4,0.0007385571294032569,0.18611639660962073,5.904166479285328e-05,0.12197745499804064,0.012218785666421511,0.016994639982071447,0.1300650491274219
"EFA, EEM, USO, HYG",4,0.0007664926230904841,0.193156141018802,5.9042502687980314e-05,0.12197832052201342,0.011004274680759577,0.01717477571350666,0.12063196375237739
"EFA, USO, XLY, HYG",4,0.0006763722514286008,0.1704458073600074,5.904577928452643e-05,0.1219817051024483,0.010243357127080842,0.01666108151735845,0.1417444858862733
"SPY, EFA, XLY, AGG",4,0.0005867178025871736,0.14785288625196777,5.905939915506112e-05,0.12199577282461635,0.011590925369337831,0.01657355946688833,0.1302707101167191
"XLF, XLE, XLV, XLU",4,0.0006705205776189516,0.16897118555997578,5.906727642912953e-05,0.12200390838059509,0.00990455849777036,0.01612862365751329,0.1283514448316977
"EFA, GLD, USO, HYG",4,0.0008288463224296685,0.20886927325227647,5.907333905789911e-05,0.12201016942284187,0.011360042050269758,0.016246979354394044,0.10727761387181611
"GLD, XLV, XLI, VNQ",4,0.0007323445353770794,0.184550822915024,5.910151882892421e-05,0.12203926722530295,0.011210044099736093,0.016477826476437314,0.1108115663698529
"GLD, XLK, XLV, XLU",4,0.0009101007957151511,0.22934540052021807,5.910607243988913e-05,0.12204396853123083,0.011590584245973638,0.01683327563095695,0.10730501874184739
"SPY, IWM, VNQ, AGG",4,0.0005720435920851109,0.14415498520544795,5.9133501309476235e-05,0.12207228321772315,0.011833346839862896,0.01692347815113761,0.15728671534549477
"SPY, EFA, XLI, XLP",4,0.0007026851308052586,0.17707665296292519,5.9138778323206546e-05,0.12207772989963424,0.010753487994199895,0.015911503776501194,0.12825250472884175
"SPY, XLV, XLU, VNQ",4,0.0006303405618007827,0.15884582157379726,5.914773601711465e-05,0.12208697504776213,0.0105355431290367,0.016473990276569126,0.13336233043252188
"QQQ, XLE, XLI, HYG",4,0.0007292573597208052,0.1837728546496429,5.9149950106476715e-05,0.12208926007979626,0.010045460136578857,0.017139233128337743,0.1492195569408985
"QQQ, EFA, USO, LQD",4,0.0007770580642311835,0.19581863218625822,5.915010061328647e-05,0.12208941540751267,0.010821227588685717,0.01682115784176948,0.1357363868622843
"SPY, IWM, GLD, XLP",4,0.0008037632512973404,0.20254833932692978,5.915049705897633e-05,0.12208982455086925,0.012116330502320655,0.016962818129490038,0.11783767973414516
"EFA, XLI, XLY, AGG",4,0.0005655306374124456,0.1425137206279363,5.915414570371777e-05,0.12209358999282836,0.011613795455349876,0.016299558494875698,0.1234193334117486
"GLD, USO, XLY, LQD",4,0.0007626241313680239,0.19218128110474203,5.9155270669047436e-05,0.12209475094614,0.01112175352595939,0.01629684848013166,0.11140761723815984
"EFA, XLF, XLY, LQD",4,0.0005697178427172123,0.1435688963647375,5.9170756860465974e-05,0.12211073142372633,0.011250099434660713,0.016786136941025116,0.1273085645977694
"IWM, XLV, XLI, HYG",4,0.0005887000452191021,0.1483524113952137,5.917082846039583e-05,0.12211080530411611,0.011172557348958256,0.015915507471936062,0.14875678881674226
"QQQ, XLI, VNQ, HYG",4,0.0006639585419111229,0.16731755256160297,5.918157380337775e-05,0.12212189237991358,0.011190023639363484,0.016923808571729065,0.14237406096794802
"EFA, EEM, USO, XLP",4,0.0007887165390067319,0.19875656782969645,5.9182052433209396e-05,0.12212238620813454,0.010780220481894452,0.01655680743647228,0.12549455353266925
"EEM, XLK, XLV, AGG",4,0.0007221953973459316,0.18199324013117477,5.919269671366411e-05,0.12213336797060563,0.01119541226170784,0.01661349405552236,0.12815771422644984
"TLT, XLE, XLI, XLY",4,0.0005382215097176781,0.13563182044885488,5.919328869513345e-05,0.12213397869214625,0.010694203390569255,0.016811717278154677,0.1532327782895374
"TLT, XLK, XLF, XLE",4,0.0007194849409958451,0.18131020513095297,5.9209098706865884e-05,0.12215028806404922,0.010679080405557777,0.017225883578662896,0.14755861262571435
"XLK, XLY, HYG, LQD",4,0.0005974090648357414,0.15054708433860683,5.922138894524558e-05,0.1221629649861278,0.011842559651968301,0.01671075631765026,0.14471900914230984
"IWM, TLT, XLY, LQD",4,0.0003961277025708011,0.09982418104784188,5.922311108654035e-05,0.12216474120550565,0.011601468351171955,0.016954515629544257,0.1510574034179285
"USO, XLF, XLY, LQD",4,0.0006656559260280689,0.16774529335907337,5.922668872508914e-05,0.12216843110526739,0.011250902677226917,0.0167532850374238,0.14999959792465756
"XLK, XLF, VNQ, LQD",4,0.0006921620249819325,0.174424830295447,5.923180766163444e-05,0.12217371047296502,0.011247991060076526,0.01727213002476192,0.14174199486080474
"QQQ, EEM, TLT, XLU",4,0.000682477136317969,0.17198423835212817,5.9234256855155494e-05,0.12217623634528602,0.011818298131232844,0.017059751390800612,0.1137954576500847
"TLT, GLD, XLK, VNQ",4,0.0007511543285261176,0.18929089078858163,5.923900116160989e-05,0.1221811290368758,0.012361360019954937,0.017288466548221245,0.09537212095683711
"SPY, XLK, XLV, LQD",4,0.0007208185354582262,0.181646270935473,5.925078681749155e-05,0.12219328245860274,0.011059761653328126,0.016534558809375776,0.14002737255169673
"GLD, USO, XLI, HYG",4,0.0008482487015483092,0.2137586727901739,5.925411227504081e-05,0.12219671146684057,0.011421331155111193,0.01604139929077883,0.09992181929573352
"QQQ, GLD, XLF, XLV",4,0.000878001541536239,0.22125638846713225,5.925561887371286e-05,0.12219826494748459,0.011223390265558787,0.017029263022481835,0.11677150524366209
"EEM, GLD, XLF, XLV",4,0.0008412490326931523,0.2119947562386744,5.9257377296321944e-05,0.12220007806328576,0.011108018902446304,0.01751145417102192,0.10616242122312491
"IWM, EEM, XLU, HYG",4,0.0006678439006393249,0.16829666296110987,5.926014164088677e-05,0.12220292833440395,0.011553869680648709,0.016709699211003973,0.12886000413237386
"QQQ, USO, XLF, LQD",4,0.0007925288065330392,0.19971725924632586,5.926205416807821e-05,0.12220490027145274,0.011603894019070006,0.01698636130831846,0.14634505999420055
"EFA, XLY, VNQ, LQD",4,0.0004914962145851249,0.12385704607545146,5.933639784736419e-05,0.12228152868498078,0.011813784297273408,0.017098671431398302,0.12605843828439
"EFA, GLD, XLV, VNQ",4,0.0007129421562584385,0.1796614233771265,5.934049481914051e-05,0.12228575016911582,0.011571416802968075,0.01684801548916833,0.10838858090000003
"EFA, XLY, VNQ, HYG",4,0.000517683282287512,0.13045618713645302,5.934995745116798e-05,0.12229549982601295,0.011574265190360233,0.017007592147766107,0.1261168971364427
"QQQ, EEM, XLE, LQD",4,0.0007337531612024038,0.18490579662300577,5.936195307817846e-05,0.1223078581927628,0.011206062552194574,0.017547806057158135,0.14007002284325298
"IWM, XLI, XLU, HYG",4,0.0006371610314553393,0.1605645799267455,5.937966173725923e-05,0.12232610006776692,0.01092571299089379,0.015765282631269657,0.15170555606667557
"QQQ, GLD, XLF, XLU",4,0.0009264625277724761,0.23346855699866398,5.938650611279155e-05,0.1223331498017748,0.011528836530012427,0.017013042562952635,0.11539097621415506
"EEM, GLD, XLE, XLV",4,0.0008283262223707474,0.20873820803742835,5.938754851191347e-05,0.12233422344136655,0.011214172811405755,0.017405807628876245,0.10926885291124344
"SPY, QQQ, VNQ, HYG",4,0.0006851457070858512,0.1726567181856345,5.9404110483850295e-05,0.12235128050793043,0.011417444044726038,0.017292481016600424,0.14718355058886412
"XLK, XLV, XLI, HYG",4,0.0007258184379858852,0.18290624637244307,5.94125398784994e-05,0.12235996097327692,0.011153658010353888,0.016441644081422617,0.1388297263771907
"IWM, EEM, XLE, AGG",4,0.0006468381139040505,0.16300320470382074,5.942416103331704e-05,0.1223719272561967,0.010827280644883766,0.017378401290088618,0.14156012485382952
"EFA, XLK, XLE, LQD",4,0.0007419901004897591,0.18698150532341928,5.9429097765543e-05,0.12237701024668332,0.010756931160540563,0.01736927551948822,0.1400040050731336
"SPY, XLV, XLI, XLU",4,0.0007124938267496553,0.17954844434091313,5.9433752383263823e-05,0.12238180257122577,0.010628234892274234,0.016003516600818148,0.13715783464934372
"USO, XLV, XLP, XLY",4,0.0006393829899993969,0.16112451347984802,5.9437160710011746e-05,0.12238531161427404,0.011382637616111252,0.016355422174850528,0.14100753057397475
"SPY, GLD, USO, HYG",4,0.0008694358667230374,0.21909783841420544,5.944925206509966e-05,0.12239775945827243,0.011396327299122398,0.016631841700098026,0.1085881139000765
"QQQ, XLF, XLV, XLU",4,0.0007548104027852141,0.19021222150187395,5.94509767212098e-05,0.12239953485918512,0.010878037890439406,0.016490414000023868,0.13939910944777878
"QQQ, GLD, XLV, VNQ",4,0.0007997799134041515,0.20154453817784618,5.9461553584820845e-05,0.12241042236417148,0.011757306863233721,0.01709997081682537,0.11047969252364975
"GLD, USO, XLU, HYG",4,0.0008180941313204543,0.2061597210927545,5.9462894816594865e-05,0.12241180291859895,0.011519556905984359,0.015963960777548924,0.11729035902094465
"QQQ, XLF, XLE, XLP",4,0.000747549638820268,0.18838250898270753,5.949075087794708e-05,0.12244047215378853,0.01034260987226682,0.017253353084954764,0.15155649678160077
"XLE, XLV, XLI, XLU",4,0.0006744522144357366,0.16996195803780562,5.9493366038092504e-05,0.12244316331097999,0.01025522623969784,0.01599382295202915,0.14064390967272766
"EFA, XLI, XLP, VNQ",4,0.0005993447006816579,0.15103486457177778,5.9498876579386624e-05,0.12244883379602041,0.011570989078592742,0.01604071180907724,0.12267277332253379
"SPY, GLD, XLE, VNQ",4,0.0008152928098767097,0.20545378808893083,5.951071371037419e-05,0.12246101361255467,0.010944397120810773,0.017189468390954737,0.12016157071083
"GLD, XLK, XLI, AGG",4,0.0008631646531492081,0.21751749259360045,5.954638689986172e-05,0.12249771221849473,0.012028905661933629,0.017737704975526507,0.10296377559521064
"SPY, IWM, TLT, GLD",4,0.0007173763658829353,0.1807788442024997,5.955112967170757e-05,0.12250259049208025,0.012090214910704783,0.01724606040702086,0.10222361626237442
"EEM, XLE, XLY, HYG",4,0.0006330673483998209,0.15953297179675485,5.9573709769083886e-05,0.12252581304284066,0.010666709621382355,0.017614985621306513,0.142456886901284
"SPY, XLF, XLY, AGG",4,0.0006021885448890292,0.15175151331203537,5.9576947570029054e-05,0.12252914260553414,0.011581163645439907,0.017215509684495006,0.14248392435636414
"QQQ, EFA, TLT, VNQ",4,0.0005803931932943251,0.14625908471016993,5.958096662820321e-05,0.12253327544102953,0.011654471705397037,0.017047070841038302,0.12312415437800484
"EFA, XLK, XLF, AGG",4,0.0007467940686906123,0.1881921053100343,5.9581568713702804e-05,0.1225338945592325,0.01170037919303674,0.016802305476918078,0.1325592613874811
"XLI, XLP, XLU, VNQ",4,0.0005885925095724436,0.14832531241225577,5.958673619540782e-05,0.1225392080978279,0.011430824223105731,0.016243079277968277,0.13245729041888443
"IWM, GLD, XLI, LQD",4,0.0007341651025039769,0.18500960583100218,5.960247778107728e-05,0.1225553931935738,0.012051463272846976,0.016948109798704487,0.10196489800431574
"GLD, USO, XLF, XLP",4,0.0008665409806477719,0.21836832712323853,5.963794109492478e-05,0.12259184783631025,0.011180342735223458,0.015696161864205752,0.10550298402590674
"USO, XLK, XLV, HYG",4,0.0008023541421781011,0.20219324382888149,5.9672634104117576e-05,0.12262750015489034,0.010872534944295515,0.01730482171832885,0.1456533559448414
"SPY, XLI, XLP, VNQ",4,0.0006399342449750267,0.16126342973370672,5.9675742728897435e-05,0.12263069423142868,0.011575821812083538,0.016343176800157278,0.1489386975445417
"IWM, XLY, XLU, AGG",4,0.0005434176191535022,0.13694124002668254,5.970333034754942e-05,0.12265903655084878,0.011948274881747325,0.01658295431309646,0.14862603019360388
"IWM, XLK, XLP, HYG",4,0.0006938967237825452,0.1748619743932014,5.971374845032694e-05,0.12266973795310068,0.011291955261074826,0.016753019613831438,0.1583902204196186
"TLT, GLD, USO, XLY",4,0.000724648229572254,0.18261135385220803,5.972565586049271e-05,0.12268196801830399,0.011076424795190254,0.015972006052108866,0.10814342091701923
"TLT, USO, XLU, VNQ",4,0.0005787413283502546,0.14584281474426414,5.972989875906949e-05,0.12268632559207857,0.011720175957757848,0.016381510064079525,0.11156633167280694
"QQQ, USO, VNQ, HYG",4,0.0007404942461033391,0.18660455001804144,5.975130063076449e-05,0.12270830354524771,0.011257558485655935,0.017051075851533454,0.14628250157181688
"XLK, XLI, XLU, HYG",4,0.0007742794242221224,0.19511841490397483,5.9761298593113104e-05,0.12271856927728789,0.011077219972421292,0.016763790907167994,0.13807173039255882
"QQQ, XLY, XLU, LQD",4,0.0006303326664518552,0.15884383194586751,5.9766531192052065e-05,0.12272394167560428,0.011549882554748585,0.01679430182509285,0.1390250962356283
"SPY, EFA, XLE, XLV",4,0.0007063915707196792,0.17801067582135915,5.976857054975877e-05,0.12272603545515194,0.010381031504567585,0.016856621107175732,0.1392600416495049
"SPY, QQQ, EFA, AGG",4,0.0007135906830921438,0.17982485213922023,5.978413044940967e-05,0.1227420094069314,0.01148009390248693,0.016587233307096865,0.1327545634560584
"SPY, XLP, XLY, XLU",4,0.0006324954372181465,0.15938885017897292,5.9818476705700924e-05,0.12277726226723186,0.011049943924563009,0.01657188730860237,0.13812805243489745
"SPY, USO, XLY, AGG",4,0.0006826558858980305,0.17202928324630368,5.982105837560882e-05,0.12277991167391114,0.011176236018794252,0.016888750618412687,0.15647682207011027
"QQQ, EFA, XLV, XLU",4,0.0007393396604833584,0.1863135944418063,5.983934562215004e-05,0.12279867709703476,0.010826376479791743,0.01613595079584555,0.1286021144816144
"EFA, XLV, XLP, XLY",4,0.0005434449066885402,0.13694811648551214,5.9846961001920554e-05,0.1228064907587705,0.011644919911902151,0.015941594765112563,0.11986719428494386
"EEM, TLT, XLK, HYG",4,0.0006495535347018549,0.16368749074486744,5.9855202167438554e-05,0.12281494593979397,0.012103459209554522,0.016970910941784604,0.11530420265339769
"XLK, XLP, XLY, HYG",4,0.0006458200484543763,0.16274665221050283,5.987243515190905e-05,0.12283262456807263,0.011549060563055043,0.016830818944682364,0.15195775630868902
"IWM, XLF, VNQ, AGG",4,0.0005469247900935975,0.13782504710358656,5.9878470773740126e-05,0.12283881566908122,0.011954634341044072,0.016744975187570146,0.1488812344499253
"IWM, EFA, TLT, XLE",4,0.0005668958059272063,0.14285774309365598,5.988062032756691e-05,0.12284102052061789,0.01112476719329006,0.01714925910914758,0.1436433250414304
"EEM, XLP, XLY, XLU",4,0.000641991141227404,0.1617817675893058,5.988289492955443e-05,0.12284335359411074,0.0116253969823173,0.01649322709368673,0.124754667006721
"XLE, XLP, XLU, VNQ",4,0.0005717380624332534,0.14407799173317984,5.988702156353972e-05,0.12284758619530141,0.010702476566883078,0.016471257727013734,0.13206758694295362
"QQQ, USO, XLP, XLU",4,0.0008147168567406043,0.2053086478986323,5.988851003867381e-05,0.12284911285697508,0.010608463206040331,0.015857499480336986,0.1386658830816141
"SPY, USO, XLI, HYG",4,0.0007763992981998675,0.1956526231463666,5.9893030620174335e-05,0.122853749296812,0.010743065104272316,0.01675421244253915,0.15070647026477257
"XLE, XLI, XLP, VNQ",4,0.0006018926326611083,0.1516769434305993,5.991041575192014e-05,0.1228715783632809,0.010671936656925488,0.016209724617901034,0.15229753503786214
"IWM, EFA, XLE, HYG",4,0.0006310587754253632,0.15902681140719152,5.994318164719308e-05,0.12290517391506615,0.010127782653598252,0.017169631571729762,0.1418480474806566
"SPY, GLD, XLI, XLU",4,0.0008841459517369174,0.2228047798377032,5.9955555306820686e-05,0.12291785849630969,0.011334319558247916,0.016813927444182374,0.10532196061944565
"EEM, USO, XLI, HYG",4,0.0007858950022091249,0.19804554055669948,5.9965347397014915e-05,0.1229278957114607,0.010610710579562713,0.017138875386346987,0.13122390903557213
"TLT, XLK, XLV, XLI",4,0.000661655468487728,0.16673717805890748,5.997244153487706e-05,0.12293516692463967,0.011319613788902562,0.016473391145433735,0.1411179371618585
"QQQ, GLD, XLY, AGG",4,0.0007454049630813283,0.18784205069649473,5.997349340619748e-05,0.12293624501489284,0.01249626343003151,0.01766628821895872,0.11104995600279288
"SPY, IWM, EFA, AGG",4,0.0006347944779153427,0.15996820843466636,5.998019369203962e-05,0.12294311209008003,0.011417073000021743,0.0165167697067401,0.13461215578202135
"EEM, TLT, XLI, VNQ",4,0.0005630430635698791,0.14188685201960954,5.998315606263892e-05,0.12294614808030795,0.012318438827190194,0.01753813833646557,0.13050177713928468
"SPY, QQQ, XLE, HYG",4,0.0007504445248955337,0.1891120202736745,6.008376300472426e-05,0.1230492107946675,0.010389172916438063,0.01770439358732903,0.15645758259029308
"SPY, XLE, XLY, HYG",4,0.0006235716443905634,0.15714005438642198,6.009890990659842e-05,0.12306471995036922,0.010451815406543339,0.017680617869967198,0.1562372503876227
"EFA, GLD, XLK, AGG",4,0.0008437622740305673,0.21262809305570296,6.0101851572060195e-05,0.1230677317421556,0.01247767697672255,0.017543238213238055,0.09356672481396877
"USO, XLV, XLP, VNQ",4,0.0006166672275284223,0.15540014133716243,6.0121555864313254e-05,0.12308790386470533,0.011555374079881215,0.016168656881409813,0.12283305601082206
"QQQ, GLD, XLE, XLU",4,0.0009135397174500712,0.23021200879741796,6.012377737523935e-05,0.12309017791261948,0.011013653582080696,0.01721916554025652,0.11804986611346524
"SPY, USO, XLV, XLU",4,0.0007890295309418711,0.19883544179735152,6.01254145101576e-05,0.12309185373760409,0.010543808024616973,0.016186553137805076,0.13632534366091487
"EEM, TLT, GLD, XLI",4,0.0007382328970419216,0.18603469005456424,6.0138764935517725e-05,0.12310551881922462,0.011691126772070307,0.018261261214772645,0.1053755291282007
"EEM, USO, XLI, XLP",4,0.0008081189181253729,0.20364596736759397,6.014884438787185e-05,0.12311583482941466,0.011028729186505278,0.016431131278500086,0.13404537747309264
"USO, XLI, XLP, XLU",4,0.0007472814787135322,0.18831493263581012,6.01517758057567e-05,0.1231188348834194,0.010693260107850327,0.015538974858656206,0.12129605850803449
"QQQ, USO, XLI, AGG",4,0.0007883416012282725,0.19866208350952466,6.0153595923671654e-05,0.12312069758072872,0.010989000920249325,0.01717922139533887,0.14741785492959847
"XLF, XLI, XLY, AGG",4,0.0005810013797143012,0.1464123476880039,6.0173985905380326e-05,0.12314156263486283,0.011201099915415078,0.016964576339230306,0.1384171775622155
"QQQ, XLK, LQD, AGG",4,0.0006899760355167723,0.1738739609502266,6.0176498546003486e-05,0.12314413357360099,0.012047755045366213,0.016750604413847747,0.12844700522634533
"SPY, XLK, XLU, HYG",4,0.0007954665893968508,0.20045758052800638,6.017788612340631e-05,0.12314555332247443,0.01083178827263654,0.017018303274944174,0.14489472974113105
"SPY, EFA, XLE, XLU",4,0.0007548525569559164,0.1902228443528909,6.018265931130152e-05,0.12315043705341847,0.010552061800505932,0.016749403652121252,0.13669202801036506
"TLT, XLY, XLU, VNQ",4,0.00044276812168014064,0.11157756666339544,6.02090938477997e-05,0.12317748028615266,0.011989478975808293,0.017823035455959497,0.12966075705951952
"IWM, XLK, HYG, LQD",4,0.0006454857401639102,0.16266240652130537,6.021701554158368e-05,0.12318558323310033,0.011758681373609312,0.016877518181080086,0.15221922224076267
"XLF, XLP, XLY, XLU",4,0.0006073766352266331,0.15305891207711153,6.022395213284632e-05,0.12319267810010981,0.011759981368221394,0.01658480632687529,0.12963359744863112
"QQQ, EFA, XLP, VNQ",4,0.00066678007870873,0.16802857983459996,6.023107703848801e-05,0.12319996515299418,0.012036120196833346,0.01662640653654075,0.1307262630756183
"QQQ, EEM, TLT, XLE",4,0.0006957772594066338,0.17533586937047171,6.023297720787746e-05,0.12320190849327425,0.011191049086950282,0.01770301345605583,0.1351212295001819
"EFA, TLT, XLK, XLE",4,0.0007040141986939894,0.17741157807088534,6.0240356882571244e-05,0.12320945553977566,0.010951295501277778,0.01733627432720914,0.1350372782511744
"IWM, EFA, XLP, XLU",4,0.0006399825682529463,0.16127560719974246,6.025616581880836e-05,0.12322562146866904,0.011416820206666716,0.01615157749472593,0.13045807788199204
"EEM, XLV, XLU, VNQ",4,0.0006398362658100401,0.1612387389841301,6.026358402566148e-05,0.1232332064602179,0.010847536072479515,0.016929727231273572,0.13196446558670694
"IWM, EFA, USO, LQD",4,0.0006982618590543823,0.17596198848170433,6.028287083669738e-05,0.12325292471518776,0.01072769817794298,0.016674634107085678,0.1365080419927306
"IWM, XLE, XLI, AGG",4,0.0006161552447200649,0.15527112166945636,6.028536005266599e-05,0.12325546938481809,0.010262970431857856,0.016679990132627016,0.16421594601891443
"IWM, GLD, XLI, HYG",4,0.0007603521702063641,0.19160874689200377,6.029315534062614e-05,0.1232634379929336,0.011994173084899916,0.017171953888487468,0.1064203718723774
"USO, XLF, XLP, XLU",4,0.000743349841896747,0.18732416015798026,6.031122061282166e-05,0.12328190294780114,0.010950273072647348,0.015886460692766363,0.1194847905177997
"SPY, EEM, USO, XLP",4,0.000829306083300101,0.20898513299162547,6.032285468398288e-05,0.12329379295148514,0.011117605217435,0.016744716488698533,0.14216045411863265
"EEM, XLF, XLI, XLP",4,0.0007276515771163715,0.1833681974333256,6.032824770187009e-05,0.123299304218926,0.011228952813296514,0.016766708814295813,0.12700934527219765
"XLK, XLE, XLI, AGG",4,0.0007532736374868481,0.18982495664668572,6.033686420454515e-05,0.1233081091394454,0.010644214860012501,0.017449821278201244,0.15072699811198864
"EFA, XLV, XLU, VNQ",4,0.0005897510175074137,0.14861725641186826,6.035667909131659e-05,0.12332835493515586,0.01147144946485847,0.016541828115227253,0.12093685217870642
"EFA, XLE, XLV, VNQ",4,0.0006030511405960785,0.15196888743021178,6.036357010216977e-05,0.12333539502408375,0.010356559356618942,0.01669361900705016,0.13374751347533798
"EEM, XLK, XLU, AGG",4,0.0007706563835821688,0.19420540866270655,6.036387735118003e-05,0.12333570891066938,0.011933433443792383,0.01728400619637986,0.12180197421741767
"IWM, TLT, USO, XLU",4,0.0006495337661493981,0.16368250906964832,6.036583461176314e-05,0.12333770843567798,0.011323407080556805,0.01616862981375904,0.13452358862895686
"SPY, EFA, EEM, LQD",4,0.000684957016370609,0.17260916812539348,6.037431809983881e-05,0.12334637473861719,0.011504851317315027,0.017101290417587612,0.11493681867826733
"GLD, XLE, XLI, XLU",4,0.0008461043394229989,0.21321829353459573,6.0377322267213296e-05,0.12334944349828966,0.01122489146362407,0.016293545550764194,0.11019145611624859
"XLF, XLY, VNQ, LQD",4,0.0005069669568869805,0.12775567313551908,6.037892221838123e-05,0.12335107781868819,0.012425687894996448,0.01771702062745387,0.13690416925865745
"SPY, GLD, XLF, VNQ",4,0.0008282156201991148,0.20871033629017693,6.038653222430442e-05,0.12335885100196384,0.01223565629285948,0.01738630016817048,0.11494520461827251
"XLE, XLI, XLY, HYG",4,0.0006023844792158352,0.15180088876239045,6.0392452975516614e-05,0.1233648983699585,0.010340913877114234,0.016938463695166776,0.1549674875310757
"TLT, USO, XLI, XLY",4,0.0006316116610490842,0.15916613858436923,6.0417713128674155e-05,0.12339069538837152,0.010998140352034879,0.016222764530739165,0.15463202875655935
"TLT, USO, XLY, VNQ",4,0.0005494583961002116,0.13846351581725333,6.042136443440112e-05,0.12339442385079272,0.01141212959059527,0.016524053386762116,0.14177289118764702
"USO, XLK, VNQ, AGG",4,0.0007645105238693816,0.19265665201508417,6.042197460896875e-05,0.12339504690813212,0.011451491400812277,0.017090739444916944,0.14329389087323852
"IWM, USO, XLF, AGG",4,0.000705613759234686,0.17781466732714088,6.0431385613852906e-05,0.12340465621155036,0.011122962706501016,0.016816961943648127,0.1461795545169201
"EEM, XLE, XLV, VNQ",4,0.0006531363888987048,0.16459037000247362,6.0435606845153e-05,0.12340896614500324,0.010747391591464017,0.01738527205274619,0.14515454733186672
"TLT, GLD, USO, VNQ",4,0.0007019324671012795,0.17688698170952244,6.0436122345008536e-05,0.12340949246691743,0.011446170259065828,0.016557793369934487,0.1060613151457781
"SPY, GLD, USO, XLP",4,0.0008916597826392851,0.22469826522509986,6.044140221885778e-05,0.12341488305367454,0.011434527779738258,0.016139859654416534,0.11508407458474901
"USO, XLY, VNQ, HYG",4,0.0006136213655983688,0.15463258413078895,6.0448403711509685e-05,0.12342203099649772,0.011132023490987205,0.016893797122691134,0.15339901966634562
"SPY, USO, XLP, VNQ",4,0.0007164699491672429,0.18055042719014522,6.0498171291489174e-05,0.1234728276401544,0.010778931422463627,0.016247203569739438,0.1385374030687877
"XLK, XLF, VNQ, HYG",4,0.0007183490926843199,0.18102397135644863,6.0501482473166334e-05,0.12347620654700207,0.011675717844372553,0.017404095281671556,0.14655955826619937
"USO, XLK, XLV, XLP",4,0.0008245780580943491,0.20779367063977597,6.050154459244571e-05,0.12347626993595297,0.0108571934049357,0.017097626454993752,0.14841054333784376
"SPY, IWM, XLF, AGG",4,0.0006502652202171982,0.16386683549473396,6.050180231350638e-05,0.12347653292429135,0.01213543818748158,0.017029992392906083,0.14905681881874344
"EFA, EEM, XLV, XLU",4,0.0007025871516402718,0.17705196221334848,6.0509012779208924e-05,0.12348389052973935,0.011140895464737635,0.016877374109159023,0.11990785787035652
"QQQ, XLF, XLP, VNQ",4,0.0006822508210105856,0.17192720689466756,6.0515483077026974e-05,0.12349049248995163,0.011140652758909434,0.01728369857603471,0.14251853291177552
"SPY, IWM, XLP, XLU",4,0.0006805721125463153,0.17150417236167145,6.053742828655537e-05,0.12351288162864614,0.010842653535764349,0.016312141467303056,0.15653678156566042
"USO, XLI, XLY, LQD",4,0.0006695875628448542,0.16873606583690326,6.054871177951217e-05,0.12352439179545499,0.010492758002576737,0.01661993917753438,0.1599808370899558
"EFA, XLF, XLY, HYG",4,0.0005959049104195995,0.15016803742573906,6.055417157003363e-05,0.12352996088256676,0.011502989051560433,0.016928333376222803,0.13368679817597529
"EFA, USO, XLF, XLV",4,0.000774662920059572,0.19521505585501214,6.061695375083337e-05,0.12359398183249058,0.011014271062096827,0.01670846220222599,0.13246190802954227
"IWM, USO, VNQ, AGG",4,0.0006273921311025986,0.15810281703785484,6.062455961414317e-05,0.12360173551679637,0.011589030521682335,0.016464604019817725,0.1433119491972541
"SPY, EEM, XLI, LQD",4,0.0007043593954892499,0.17749856766329097,6.063495020429534e-05,0.12361232726343448,0.011532611574514866,0.017263086884615343,0.1254894306948504
"EFA, XLE, XLP, XLY",4,0.0006052060160134423,0.15251191603538744,6.0663091943712516e-05,0.12364100925589194,0.010874098387574263,0.01693572383788541,0.13701983557170716
"XLF, XLE, XLP, VNQ",4,0.0005979609958443233,0.15068617095276945,6.0667291724317866e-05,0.1236452890915303,0.010666165429783082,0.016780158897984752,0.14022651161755306
"GLD, XLF, XLE, VNQ",4,0.0007901740078851963,0.19912384998706947,6.0676979485688344e-05,0.12365516095332804,0.011119905813661004,0.01694452184737474,0.1210887023260313
"SPY, IWM, XLE, LQD",4,0.0006454612520163451,0.16265623550811897,6.068771868887419e-05,0.12366610331694089,0.010373121763119079,0.01731893610911623,0.16719912001188153
"TLT, GLD, USO, XLU",4,0.0007539311618222971,0.18999065277921887,6.069369343163999e-05,0.12367219066861103,0.011478375230513253,0.015985678499099792,0.11594671085231534
"EFA, EEM, XLP, VNQ",4,0.0006300275698656435,0.15876694760614216,6.069567487032368e-05,0.12367420938628057,0.011490691883985998,0.017047943650870243,0.1256548608304653
"GLD, XLE, XLY, XLU",4,0.000786666836945101,0.19824004291016545,6.0719186147709307e-05,0.1236981604924776,0.011513068720991716,0.01710164695388304,0.1142856113093188
"IWM, XLE, VNQ, LQD",4,0.0005421208218927444,0.1366144471169716,6.0719512674262166e-05,0.12369849309475871,0.011397617551508475,0.01708930075124237,0.16703620301138467
"EEM, XLV, XLP, XLY",4,0.0005935301549911666,0.14956959905777398,6.0736201952229925e-05,0.12371549172178051,0.011475154979214667,0.01677119810697328,0.1266830894723987
"XLK, XLI, VNQ, AGG",4,0.0006879748196771658,0.17336965455864578,6.07424117917315e-05,0.12372181606942383,0.011095125559677666,0.017105738074214852,0.14745111938861333
"QQQ, XLE, XLY, AGG",4,0.0006355139474189682,0.16014951474958,6.074474978875948e-05,0.1237241970948585,0.010973647574848158,0.017911199699613578,0.15297385682501674
"EFA, GLD, XLF, XLE",4,0.000852924893715428,0.21493707321628786,6.0754595581590754e-05,0.12373422358652787,0.010826722427959566,0.017351479149691724,0.11768739243919824
"EFA, GLD, XLV, XLI",4,0.000795095421207311,0.20036404614424239,6.0756162466398196e-05,0.12373581915327649,0.011156501945009313,0.016796200312479814,0.11476282287655726
"IWM, EFA, TLT, USO",4,0.0006602859572586123,0.1663920612291703,6.075742307107345e-05,0.12373710281847765,0.011292543675993008,0.016626788934739848,0.13457592897990678
"QQQ, XLY, XLU, HYG",4,0.0006565197341542427,0.16544297300686914,6.0766934433202365e-05,0.12374678774484209,0.011536089341253676,0.016859200506085577,0.14497157576763198
"IWM, USO, XLU, HYG",4,0.0007136967356475553,0.17985157738318394,6.0776915011094124e-05,0.12375694963433657,0.011571596002580497,0.016474744588978536,0.14551134038959657
"EFA, GLD, USO, XLP",4,0.0008510702383459162,0.2144697000631709,6.080266367696847e-05,0.12378316220955117,0.011789521384740067,0.015940104494203525,0.11330822195933032
"QQQ, IWM, XLU, LQD",4,0.0006784093417800242,0.1709591541285661,6.080798260544762e-05,0.12378857627654016,0.011197854780021667,0.0167231010763513,0.14968844382454272
"EFA, XLF, XLE, XLV",4,0.0006812727687281659,0.1716807377194978,6.0821393241526106e-05,0.12380222573469582,0.010389012512499364,0.016710015835250926,0.13162548960959242
"IWM, TLT, XLK, XLP",4,0.0006297337542843883,0.15869290607966585,6.0841562319688625e-05,0.12382275115891075,0.011777538696997627,0.016712248986079255,0.16073722820011105
"XLK, XLE, XLP, VNQ",4,0.0007276501982781625,0.18336784996609695,6.084969861401097e-05,0.12383103024174016,0.010432987296896085,0.017268951878865003,0.1624256917426644
"QQQ, EFA, XLF, XLP",4,0.0007450017068408176,0.18774043012388603,6.085463079695583e-05,0.12383604871293685,0.011014061120164707,0.016587772339400828,0.13840002175644062
"EFA, EEM, GLD, HYG",4,0.0007829934874214381,0.1973143588302024,6.086062907396858e-05,0.12384215165540399,0.012001282852494927,0.018250833694940415,0.10180482274364788
"USO, XLK, XLU, LQD",4,0.0008246280607119511,0.20780627129941168,6.086877311707485e-05,0.12385043732463308,0.01089509196995102,0.016857145951492833,0.13839865824576392
"EEM, XLI, XLP, VNQ",4,0.0006494299489842844,0.16365634714403965,6.087290222488507e-05,0.12385463802648264,0.011543093872528934,0.016739280680235974,0.13077056197017933
"EEM, GLD, XLF, XLU",4,0.0008897100189293898,0.22420692477020623,6.087492228005926e-05,0.1238566930552198,0.011690766734560277,0.017808023940946535,0.09309596065711423
"EFA, EEM, TLT, VNQ",4,0.0005436406844512385,0.1369974524817121,6.0897670512579355e-05,0.12387983277826135,0.012131304629752378,0.017699550304122447,0.12753259167901887
"TLT, XLK, XLP, XLY",4,0.0005816570789562192,0.14657758389696726,6.0911440619387724e-05,0.12389383776478033,0.01190392093200165,0.016808504559388263,0.15185683836694697
"SPY, EEM, USO, HYG",4,0.0008070821673838532,0.203384706180731,6.092047940406502e-05,0.12390302986539267,0.011021539891851348,0.01737662015336284,0.13939659535896232
"SPY, XLK, XLV, HYG",4,0.0007470056031606135,0.1882454119964746,6.092672748105544e-05,0.12390938352371048,0.011421422815748896,0.016754003417352163,0.1462244591630929
"QQQ, XLF, XLI, LQD",4,0.0007159931023408233,0.18043026178988747,6.0939972521973875e-05,0.1239228513049043,0.011843745236584926,0.01718870516545609,0.1408270506649968
"XLF, XLE, XLI, XLP",4,0.0006801142607931956,0.1713887937198853,6.0950012524542815e-05,0.123933059173833,0.010836588051776458,0.016582643756669443,0.14405994901037966
"QQQ, XLV, XLU, VNQ",4,0.0006765887746531267,0.17050037121258793,6.096538440705603e-05,0.1239486864415195,0.01054627100942971,0.016743822308226245,0.13537884494135066
"EEM, XLF, XLE, XLV",4,0.0007313580170307922,0.18430222029175963,6.09728654613231e-05,0.1239562910717057,0.011061841265543102,0.01730419269997342,0.13660308610228344
"IWM, TLT, XLP, XLY",4,0.00044453868618943624,0.11202374891973793,6.097409777003382e-05,0.12395754369157419,0.012335181270711587,0.01679474475166607,0.1566408352751455
"IWM, XLV, XLY, AGG",4,0.0004949566329172649,0.12472907149515075,6.101822174392602e-05,0.12400238658779661,0.012133793053165167,0.016593221660310974,0.14909745555515974
"GLD, USO, XLI, XLP",4,0.000870472617464557,0.21935909960106836,6.102738413973803e-05,0.1240116962355325,0.011404169538548961,0.015526716249041105,0.10569312006633802
"SPY, GLD, XLK, AGG",4,0.0008843518183239363,0.22285665821763195,6.104020780737164e-05,0.12402472482314829,0.011975052317726888,0.017775162528506583,0.11092525068305759
"XLF, XLY, VNQ, HYG",4,0.0005331540245893677,0.13435481419652068,6.104429435358203e-05,0.12402887638410127,0.012337690058234022,0.01774845265188092,0.1385357842614351
"GLD, USO, XLY, HYG",4,0.0007888111990704112,0.19878042216574363,6.104978696209571e-05,0.12403445615815034,0.011326637368040408,0.016676161698815323,0.11294433203198562
"QQQ, GLD, USO, AGG",4,0.0008813781697514424,0.2221072987773635,6.10751650340299e-05,0.12406023371159486,0.011911779822425143,0.017012239098289614,0.1050606969641289
"EFA, USO, XLV, VNQ",4,0.0006964412919274846,0.17550320556572613,6.108109583939467e-05,0.12406625710291844,0.011167524198622053,0.016511069956427756,0.13431807799805195
"EEM, USO, XLF, XLV",4,0.0008247481683621985,0.207836538427274,6.109556272653645e-05,0.12408094860649312,0.011461667033994663,0.017298027643018278,0.1404609737333956
"IWM, EFA, XLV, XLP",4,0.0005915215820167092,0.1490634386682107,6.10980145084409e-05,0.12408343828298403,0.011397240046927416,0.016204147883991177,0.12858998795805143
"EEM, USO, XLY, LQD",4,0.0007002704320288398,0.17646814887126763,6.110009782315281e-05,0.12408555375802016,0.011188658487878304,0.01711649929648678,0.14141097390206103
"XLF, XLV, XLI, XLU",4,0.0006873750247581419,0.17321850623905174,6.111600325569018e-05,0.12410170353558377,0.011043182229204763,0.01628401235544817,0.12869486789823648
"SPY, GLD, XLF, XLE",4,0.0008935144380087971,0.22516563837821688,6.112197975640322e-05,0.1241077713062869,0.01097473738842203,0.017392685221281068,0.12426747386144266
"EFA, EEM, GLD, LQD",4,0.0007568064197190508,0.1907152177692008,6.112493949293155e-05,0.12411077613252909,0.0116499906187374,0.01837473123100054,0.1048295210600877
"XLE, XLV, XLY, XLU",4,0.0006150147119578389,0.15498370741337542,6.113308540214247e-05,0.12411904576389518,0.010312670667423186,0.01678853057133879,0.14444517054662165
"EEM, TLT, XLK, LQD",4,0.0006233664669994677,0.15708834968386587,6.114505751349203e-05,0.12413119871088006,0.012408486910933604,0.017130250415968332,0.11959360033022015
"EFA, XLF, XLE, XLU",4,0.000729733754964403,0.18389290625102958,6.11486886091617e-05,0.12413488441815518,0.010644545127706058,0.01679575443833427,0.1261443978375958
"SPY, USO, XLF, XLP",4,0.0007946915772993301,0.20026227747943118,6.11581439583366e-05,0.12414448146212873,0.010874595011027137,0.0167053882337112,0.14593857872681482
"EEM, TLT, USO, XLY",4,0.0006622945302330698,0.1668982216187336,6.117307777939518e-05,0.12415963756554536,0.011783446847088137,0.016845177554030637,0.13596576599997978
"EEM, XLV, XLI, XLU",4,0.0007219895307589124,0.18194136175124592,6.119643077565179e-05,0.12418333445138383,0.011329488646616061,0.016792307889851144,0.12844478489418298
"QQQ, XLK, HYG, AGG",4,0.0007161631032191598,0.18047310201122826,6.122256950701925e-05,0.12420985273225651,0.01184393209303272,0.016858256683166435,0.1348266564194811
"GLD, XLE, XLU, VNQ",4,0.0007639510744741264,0.19251567076747986,6.122692508078673e-05,0.12421427100119477,0.010668282659261839,0.016898266033432155,0.11005016355290287
"IWM, XLF, XLE, LQD",4,0.0006203424500248317,0.15632629740625759,6.124702441164144e-05,0.12423465761104527,0.010854298442164827,0.017323868879250467,0.1588663481758572
"QQQ, IWM, XLV, LQD",4,0.0006299483555437871,0.15874698559703435,6.125839888629509e-05,0.12424619317848883,0.011606848967146666,0.016708768781640047,0.15071748561142806
"QQQ, IWM, GLD, AGG",4,0.0007934816384094973,0.19995737287919332,6.128009647376205e-05,0.12426819509185782,0.012479124757571904,0.017702990750788586,0.11366914739217471
"TLT, USO, XLK, XLU",4,0.0007866521589161813,0.19823634404687768,6.129143649074298e-05,0.12427969261173456,0.011353916964747876,0.01662451948144525,0.13294724626563126
"IWM, XLE, XLV, XLP",4,0.0005940695139961597,0.14970551752703223,6.130119396699272e-05,0.12428958475947277,0.010826974973617056,0.016626676903618,0.1565634358086675
"XLK, XLY, XLU, AGG",4,0.0006805360119202853,0.1714950750039119,6.13132830279023e-05,0.12430183958023863,0.011559105434435472,0.017015319542208522,0.1438753505825261
"TLT, XLK, XLI, XLU",4,0.0007101164547239652,0.17894934659043923,6.131905074200535e-05,0.12430768595298261,0.011377296274525826,0.016872703953094956,0.13987242362383512
"SPY, TLT, XLK, XLV",4,0.0006828426336624563,0.17207634368293898,6.132266333779262e-05,0.12431134767640378,0.011605361894307161,0.016949157528379888,0.14141137401976545
"SPY, XLK, VNQ, AGG",4,0.0007091619848518941,0.1787088201826773,6.132690207726761e-05,0.12431564392091382,0.011104346861350695,0.01741116051584194,0.1477204875415994
"QQQ, XLV, XLY, LQD",4,0.0005818716802156181,0.14663166341433576,6.132837955066053e-05,0.1243171414036152,0.012368309297583256,0.016899969904917777,0.1417388555018918
"SPY, EFA, EEM, HYG",4,0.0007111440840729964,0.1792083091863951,6.135306511959177e-05,0.12434215861942051,0.01145451776723832,0.017187804550044376,0.12099270517986627
"SPY, XLF, XLI, XLP",4,0.0007181558731071143,0.18097528002299282,6.135484927792287e-05,0.12434396655260989,0.01114062669000194,0.016544719412276643,0.14068701637209768
"IWM, EEM, TLT, XLV",4,0.0005552199449049306,0.13991542611604252,6.135998236509691e-05,0.12434916789429845,0.012195195863004483,0.01752379389082381,0.13905904493850663
"QQQ, XLK, XLP, LQD",4,0.0007465058612569594,0.18811947703675377,6.136495641900495e-05,0.12435420788051062,0.011508063041151982,0.01669506220219014,0.14340907774019307
"IWM, GLD, XLV, XLU",4,0.0007729824029483679,0.1947915655429887,6.137102496362778e-05,0.12436035658856162,0.012326365706516209,0.01705838180159673,0.09812407519258848
"IWM, TLT, XLV, XLI",4,0.0005245370757209449,0.13218334308167812,6.13831731051141e-05,0.12437266428958074,0.011603895184145315,0.016578787585583937,0.15028805711792992
"IWM, EFA, GLD, XLP",4,0.0007631737070039712,0.19231977416500076,6.141779264194474e-05,0.12440773185686682,0.011580263374062772,0.017276428854838575,0.10628050298239089
"TLT, XLK, XLY, HYG",4,0.0005594331630399715,0.14097715708607284,6.143696877344227e-05,0.12442715190386483,0.012181675768150855,0.017006380718323767,0.1463402791569005
"USO, XLP, XLY, XLU",4,0.0006878439762356343,0.17333668201137983,6.144226678920698e-05,0.12443251677467654,0.011339382714252168,0.016134510626810008,0.13846991973418787
"EFA, GLD, XLE, VNQ",4,0.0007747032655833405,0.1952252229270018,6.144652608441588e-05,0.12443682964971746,0.011295875992442535,0.017353401903994366,0.11768185214216453
"SPY, XLE, XLV, VNQ",4,0.0006436406848894475,0.16219745259214077,6.144909606420087e-05,0.12443943188627397,0.010240294233094242,0.01691607237156778,0.15330060519719169
"EEM, USO, XLV, VNQ",4,0.000746526540230111,0.188124688137988,6.148026933828399e-05,0.12447099209553833,0.011681073743612236,0.01713483179217004,0.1510070650658505
"USO, XLF, XLV, XLU",4,0.0007639107289503577,0.19250550369549013,6.148874723798204e-05,0.12447957384234361,0.01130444284346978,0.016500464385849713,0.12668309735260463
"SPY, XLY, VNQ, LQD",4,0.0005320857588784939,0.13408561123738044,6.149477360178516e-05,0.12448567366428098,0.012071597430727,0.017875534036323432,0.1512386105176623
"EFA, EEM, XLI, LQD",4,0.000663769851195881,0.167270002501362,6.1507279975923e-05,0.12449833153071811,0.012012136482807894,0.017531350183215694,0.1125720172052056
"IWM, GLD, XLY, AGG",4,0.0006666087579045271,0.1679854069919408,6.151899907600217e-05,0.12451019141882544,0.012620120822691505,0.017720610188458105,0.11395785226865851
"SPY, TLT, XLK, XLU",4,0.0007313036198986936,0.1842885122144708,6.157167247265808e-05,0.12456348366640135,0.011331746806715143,0.0171461534737301,0.13933335530686197
"EFA, USO, XLP, XLY",4,0.0006985961673448485,0.17604623417090182,6.157412305809237e-05,0.1245659624883109,0.011034500766437914,0.016611025054469736,0.14176498248177583
"SPY, USO, XLI, XLP",4,0.0007986232141161154,0.2012530499572611,6.161624647725792e-05,0.12460856355912701,0.011129725293431744,0.016523485355632573,0.14677878276781753
"GLD, XLF, XLY, XLU",4,0.000799589647267506,0.20149659111141152,6.162031340415854e-05,0.12461267583134532,0.012611685073152018,0.01751619691888431,0.11264310969838354
"QQQ, EFA, USO, XLP",4,0.0008254690478498186,0.2080182000581543,6.162237852104777e-05,0.1246147639218726,0.01141274129291314,0.0168113613070791,0.144458828161535
"SPY, XLK, XLE, AGG",4,0.0007744608026615761,0.1951641222707172,6.163263070785623e-05,0.124625129642379,0.01076745823380368,0.017994872082136376,0.1534890928568794
"SPY, QQQ, XLF, LQD",4,0.0007371802675155515,0.185769427413919,6.163883935239542e-05,0.12463140662290405,0.01158974822605161,0.017421196714461764,0.1484029955056122
"SPY, XLK, XLP, XLU",4,0.0008176905053130985,0.2060580073389008,6.174004940427297e-05,0.12473368610714905,0.010891055408256713,0.016813436411793743,0.1486267951804613
"XLK, XLE, XLV, XLU",4,0.0008002097800527908,0.20165286457330328,6.175406994367218e-05,0.12474784818106238,0.009902828505399653,0.0172648209143768,0.15120246685853567
"IWM, EFA, XLF, LQD",4,0.0006177945180453811,0.15568421854743603,6.178112626864658e-05,0.12477517309023833,0.012040356662559083,0.016674717485341373,0.13022926103276078
"USO, XLV, XLI, XLU",4,0.0007678423657671428,0.19349627617332,6.178901737309796e-05,0.12478314140147573,0.010662355777735217,0.016184186671120756,0.13340840525924325
"SPY, EFA, USO, XLV",4,0.0007997817220510853,0.2015449939568735,6.17937511872219e-05,0.124787921287198,0.010813736749309924,0.017099707725778953,0.14308461554645657
"QQQ, XLE, XLI, XLP",4,0.0007514812756370532,0.18937328146053742,6.180267098713473e-05,0.12479692740111013,0.010342197954440161,0.016983617256767378,0.15437433161741154
"QQQ, EEM, XLE, HYG",4,0.0007599402289047909,0.1915049376840073,6.181207815147731e-05,0.12480642489139847,0.010974290216695543,0.017955716951910533,0.14605362825407464
"QQQ, TLT, XLI, VNQ",4,0.0005997955724129658,0.1511484842480674,6.182439008544846e-05,0.12481885395056715,0.011103281571228647,0.01744439303263806,0.14421628419620736
"QQQ, IWM, XLU, HYG",4,0.0007045964094824115,0.1775582951895677,6.183305841220285e-05,0.12482760399797442,0.011448778853515225,0.01689873690407185,0.15025896070014944
"IWM, USO, XLV, XLP",4,0.0006874596653275658,0.17323983566254658,6.183483468544421e-05,0.12482939694131323,0.011331285070005664,0.016640113144689696,0.13977783455763348
"EFA, TLT, XLF, XLY",4,0.0005317419409214424,0.1339989691122035,6.184905851181576e-05,0.12484375332782002,0.012312862171344694,0.017158158650075847,0.12361193076448806
"SPY, IWM, XLV, XLP",4,0.000632111126310078,0.15929200383013967,6.185205726154528e-05,0.12484677981393599,0.011620845321845685,0.01650267743166629,0.15333170684023056
"IWM, GLD, XLP, VNQ",4,0.0007004228211737394,0.17650655093578232,6.187084876318815e-05,0.1248657434540131,0.011702954647606637,0.01716622492555387,0.10752440985447775
"SPY, QQQ, TLT, VNQ",4,0.000620982737587694,0.1564876498720989,6.188296096628054e-05,0.12487796508392782,0.011515357807674367,0.01783706372097768,0.14558040160255292
"SPY, IWM, USO, AGG",4,0.0007307325612261993,0.1841446054290022,6.188847338149943e-05,0.12488352690462366,0.01071554093748707,0.01719907237555405,0.1575453066680238
"EFA, XLK, VNQ, LQD",4,0.0006766912826800768,0.17052620323537937,6.189935356781734e-05,0.1248945038786334,0.011543408029410857,0.0170884308377552,0.13071968634750752
"QQQ, EEM, VNQ, LQD",4,0.0006684543433927215,0.1684504945349658,6.190244822852127e-05,0.1248976258925179,0.01195065049698772,0.017668741239683084,0.13022758658638867
"XLI, XLP, XLY, XLU",4,0.000611308272043418,0.15404968455494134,6.190688062937659e-05,0.12490209733468412,0.011592569972202225,0.016198102794078743,0.14013226540472112
"XLE, XLV, XLU, VNQ",4,0.0005922989494868642,0.1492593352706898,6.192649652753268e-05,0.12492188409137223,0.010782766109373785,0.016816867694919954,0.13686863875712763
"QQQ, TLT, USO, XLI",4,0.0007584845415540543,0.1911381044716217,6.193268435071088e-05,0.12492812516154697,0.011093685268378178,0.017026278702547748,0.14689785724533766
"IWM, XLE, VNQ, HYG",4,0.0005683078895951317,0.1432135881779732,6.194810341416419e-05,0.1249436755517036,0.010624119489014726,0.017145522456512918,0.1675900454860988
"EFA, XLK, XLE, HYG",4,0.0007681771681921466,0.19358064638442093,6.1955361190538e-05,0.12495099447389595,0.010685645232351467,0.017821019207384617,0.14601317928017277
"SPY, QQQ, XLE, XLP",4,0.0007726684408117815,0.19471244708456895,6.195536217444319e-05,0.12495099546606134,0.01054966884625082,0.017546084922353617,0.15984442854080894
"SPY, IWM, TLT, XLE",4,0.0006074853502205751,0.15308630825558495,6.198176593834373e-05,0.12497761806204591,0.011249369113635103,0.01758986579304142,0.16951459798701363
"USO, XLI, XLP, VNQ",4,0.0006952827839925147,0.1752112615661137,6.199348383434324e-05,0.12498943125822477,0.010735632154322985,0.016070632262543665,0.13343745632396975
"QQQ, EFA, USO, HYG",4,0.0008032451319335707,0.20241777324725982,6.200588312228395e-05,0.12500193017235997,0.011439038682007789,0.017404739677432026,0.14172475584289967
"IWM, EEM, XLF, AGG",4,0.0006597609242264557,0.16625975290506684,6.202521602959493e-05,0.12502141592326463,0.012408732981314946,0.017225159012739705,0.13042969932888404
"IWM, TLT, GLD, VNQ",4,0.0006140359357593345,0.15473705581135228,6.204585842852345e-05,0.12504221816645733,0.012515966221827624,0.0175932712307663,0.10075060198339147
"QQQ, GLD, XLU, VNQ",4,0.0008482408996403889,0.213756706709378,6.205066744081926e-05,0.12504706392029544,0.011630186562920579,0.017576140284584336,0.10783048546518792
"XLK, XLI, XLP, XLU",4,0.0007965033401383703,0.2007188417148693,6.210458358491885e-05,0.12510137914267594,0.01065007663601129,0.016377873928265885,0.14658932968912253
"EFA, USO, XLV, XLI",4,0.0007785945568763571,0.19620582833284197,6.211025821528181e-05,0.12510709440415846,0.011054168975770155,0.01663463259266873,0.13714266971240963
"USO, XLF, XLI, XLP",4,0.000773504412124602,0.1949231118553997,6.211111537904826e-05,0.1251079576826357,0.010750291525527075,0.016448813141973356,0.13841665015840043
"EEM, GLD, XLY, LQD",4,0.0007167712963597937,0.18062636668266802,6.21232436907574e-05,0.12512017187516514,0.012560758547249112,0.018351303314189982,0.09938773588100158
"SPY, XLY, VNQ, HYG",4,0.0005582728265808811,0.14068475229838204,6.213006881893025e-05,0.1251270448079488,0.012110128879268852,0.01791705166822889,0.1515407937408524
"XLK, XLF, XLE, HYG",4,0.0007836479104940021,0.1974792734444885,6.214351931695346e-05,0.12514058841108378,0.010696772894977322,0.018110819002602762,0.1556576883114461
"QQQ, EEM, XLE, XLP",4,0.0007821641448210386,0.19710536449490174,6.214395845496958e-05,0.12514103056412929,0.011102020324731194,0.017721740181043433,0.14881303714035232
"IWM, GLD, USO, AGG",4,0.0008025819645746412,0.2022506550728096,6.215259381022004e-05,0.12514972489053044,0.011384638999674282,0.0165515711998619,0.10037552483567214
"SPY, EEM, XLI, HYG",4,0.0007305464631916371,0.18409770872429254,6.216942186519616e-05,0.12516666612972255,0.011648617219908527,0.01744670156577785,0.13171749542346234
"XLK, XLV, XLI, XLP",4,0.0007480423539021329,0.1885066731833375,6.21816870498956e-05,0.12517901236458806,0.010972618323918439,0.016467677872246726,0.14501789898732143
"QQQ, USO, XLV, XLU",4,0.0008352777437942152,0.21048999143614222,6.218342523439931e-05,0.1251807619367634,0.010429253152961575,0.016936477920889387,0.1468722069793098
"EFA, GLD, XLF, VNQ",4,0.0007876260759057457,0.1984817711282479,6.219547665444784e-05,0.12519289163894595,0.011965364846573089,0.017388988061398804,0.10129128371163387
"QQQ, USO, XLP, VNQ",4,0.0007627181620195868,0.19220497682893586,6.219573244455375e-05,0.1251931490778451,0.011086055156918101,0.01686508608414018,0.14903371807859134
"EFA, EEM, GLD, XLP",4,0.0008052174033376858,0.20291478564109683,6.220934979894026e-05,0.1252068534439427,0.011537540417881707,0.01819039944164133,0.11974913169625367
"SPY, XLV, XLP, XLY",4,0.0005840344509819094,0.14717668164744116,6.224453775845183e-05,0.12524225930224137,0.011375905189200348,0.016611852387744652,0.1396211061258653
"SPY, EFA, XLF, XLU",4,0.0007677753672783214,0.193479392554137,6.227054134585455e-05,0.12526841748483672,0.01092348272826097,0.016625103847795506,0.1336652123972527
"IWM, EFA, TLT, GLD",4,0.0006767868215895664,0.17055027904057074,6.22930111478792e-05,0.12529101647470803,0.012111093664687024,0.01759778153247385,0.0952851321252508
"SPY, TLT, USO, XLY",4,0.0006527988262238125,0.16450530420840073,6.231564386211844e-05,0.1253137751935271,0.011683965290159961,0.01685247367989622,0.15596922794567658
"EFA, GLD, XLU, VNQ",4,0.0007614031424946758,0.1918735919086583,6.23162926750795e-05,0.12531442755772393,0.011929263082610457,0.017710863661490182,0.10126908278479207
"EEM, GLD, USO, AGG",4,0.0008446256609083558,0.21284566654890566,6.23262353242524e-05,0.12532442420259352,0.01167300556300145,0.017204323431523606,0.10666412787175383
"IWM, TLT, XLV, VNQ",4,0.00044238381077207233,0.11148072031456223,6.233345103203429e-05,0.12533167859752234,0.012215613835652115,0.01747005279214502,0.1499183171082058
"GLD, XLF, XLV, XLY",4,0.0007511286610312688,0.18928442257987974,6.234891501656346e-05,0.12534722407845333,0.0127272570152257,0.01735500618704203,0.11406818839320954
"TLT, XLK, XLY, LQD",4,0.0005332460953375842,0.1343780160250712,6.235223334773674e-05,0.1253505596462563,0.012306478718505666,0.01711868141567962,0.14630482687662572
"TLT, XLK, XLF, VNQ",4,0.0006541861231861625,0.16485490304291295,6.236046240291718e-05,0.12535883106321283,0.011444985594485394,0.017900284523288765,0.1441796189038581
"XLF, XLI, XLP, VNQ",4,0.0006148154429835134,0.15493349163184536,6.237266886259819e-05,0.12537109935457513,0.011753716459397694,0.016625024548623996,0.14066147068875756
"GLD, USO, XLF, XLV",4,0.0008871018677013827,0.22354967066074843,6.237528692161029e-05,0.1253737305189799,0.011121978361156672,0.01662670090222041,0.1091270552160446
"EEM, GLD, XLV, VNQ",4,0.0007630274045610649,0.19228290594938835,6.239237571562447e-05,0.12539090349916684,0.011772505498154286,0.017891395569750917,0.11113407489131277
"USO, XLF, XLY, HYG",4,0.0006918429937304563,0.174344434420075,6.239433937490906e-05,0.12539287668156068,0.011646083751090821,0.01741752377852285,0.15632511178459307
"EEM, XLF, XLE, XLU",4,0.0007798190032670295,0.19651438882329145,6.240013457367675e-05,0.1253986998041309,0.011055825445751314,0.017350028145101504,0.13402258515952914
"EFA, EEM, XLI, HYG",4,0.0006899569188982682,0.17386914356236358,6.242001602348255e-05,0.12541867499665912,0.011987402707094278,0.017643761713891103,0.11466679762252052
"EEM, GLD, XLY, HYG",4,0.000742958364062181,0.1872255077436696,6.242174397761383e-05,0.12542041094797404,0.012662983797828348,0.018458423729222392,0.10030744458177632
"IWM, XLE, XLP, XLU",4,0.0006425305002323968,0.161917686058564,6.243754090558932e-05,0.12543627987232606,0.010988651585976,0.016769072410273134,0.1598514629478901
"EFA, XLE, XLV, XLI",4,0.0006852044055449512,0.17267151019732768,6.244051717982161e-05,0.12543926948653297,0.010338720938758204,0.016887301055460185,0.1367547573814285
"QQQ, EEM, VNQ, HYG",4,0.0006946414110951087,0.17504963559596737,6.244417215696001e-05,0.12544294074819004,0.011833441960922944,0.017587844903039152,0.13618870862059584
"EFA, GLD, XLI, XLU",4,0.0008435564074435484,0.2125762146757742,6.245812717158746e-05,0.12545695695034229,0.011811933940706697,0.01721865665796685,0.10342020758711912
"XLK, XLV, XLY, AGG",4,0.000632075025684048,0.1592829064723801,6.248824898652861e-05,0.12548720550161763,0.0121665945425382,0.017019587757422315,0.1444220606101042
"QQQ, TLT, XLF, XLI",4,0.0006780172005450533,0.17086033453735341,6.251472866878759e-05,0.12551379057511758,0.012079384337607243,0.017328540117403934,0.13591833573585232
"EFA, XLK, VNQ, HYG",4,0.0007028783503824641,0.17712534429638097,6.251721584795225e-05,0.12551628736416628,0.011325398465644025,0.01711431668764352,0.13646528922207735
"EFA, XLK, XLE, XLP",4,0.0007904010841083943,0.19918107319531536,6.252558781427645e-05,0.12552469131289534,0.010624422171703384,0.017486825206316416,0.1487558578436563
"SPY, USO, XLY, LQD",4,0.0006907747280195823,0.17407523146093476,6.254459734040349e-05,0.12554377136991576,0.011163802075896937,0.017292014022370187,0.16130486850443326
"IWM, TLT, XLK, HYG",4,0.0006075098383681404,0.1530924792687714,6.254607633726836e-05,0.1255452557327103,0.011710143374727592,0.017086689768865394,0.15494831586662117
"SPY, EFA, GLD, XLE",4,0.0008780436957069415,0.22126701131814927,6.254924768362598e-05,0.12554843852582856,0.010864661590740081,0.017959156185032205,0.11672052204173988
"IWM, TLT, XLF, XLE",4,0.0005823665482290618,0.1467563701537236,6.256349263556035e-05,0.12556273389888103,0.011450492493814312,0.017392274537788115,0.16122403289560672
"XLI, XLY, VNQ, LQD",4,0.0005108985937037655,0.12874644561334891,6.256560386067177e-05,0.1255648524583583,0.012386303714020983,0.01740843532851414,0.14785362801264168
"IWM, TLT, XLI, XLU",4,0.0005729980619571821,0.1443955116132099,6.258985687449209e-05,0.1255891871634338,0.011563485104452112,0.01674759103935938,0.15361531740218004
"IWM, XLF, XLP, XLU",4,0.000655453310554802,0.1651742342598101,6.25904979236265e-05,0.1255898303078473,0.011309616382584537,0.01664016390405946,0.1482317274261299
"EEM, XLF, XLY, LQD",4,0.0006198030910198386,0.15619037893699933,6.262863015982372e-05,0.12562808125684152,0.01283115763195804,0.01764809104003209,0.13272606262791753
"USO, XLV, XLY, XLU",4,0.0007084048632892449,0.17851802554888974,6.262899668378956e-05,0.1256284488653544,0.01099891563137143,0.016757144779623225,0.15036601557011064
"QQQ, IWM, XLV, HYG",4,0.0006561354232461743,0.1653461266580359,6.26357289221855e-05,0.12563520083316915,0.012192722893672502,0.01688494920994152,0.15112382945558345
"QQQ, EFA, XLI, LQD",4,0.0007005223600389676,0.17653163472981984,6.263767169695133e-05,0.1256371492339417,0.011499436087265577,0.016998236632480266,0.13055635540146882
"SPY, EFA, EEM, XLP",4,0.0007333679999892444,0.18480873599728959,6.265172983694982e-05,0.12565124718406642,0.011232493876474276,0.01720132866270189,0.12387536304454183
"QQQ, USO, XLI, LQD",4,0.0007964604433498242,0.20070803172415572,6.26751585883589e-05,0.12567473876744858,0.01115122165877089,0.017547977785058913,0.15232096909932746
"IWM, TLT, GLD, XLI",4,0.0006961892007082069,0.17543967857846815,6.267910817746998e-05,0.12567869851618627,0.012228963580775203,0.017377120621457465,0.10453109718224296
"QQQ, XLV, XLY, HYG",4,0.0006080587479180053,0.15323080447533732,6.268103702094599e-05,0.1256806322759334,0.01215145139425952,0.01710432963531402,0.14681249227694004
"GLD, XLI, XLU, VNQ",4,0.0007808055216133165,0.19676299144655576,6.27021364717687e-05,0.1257017835628664,0.011564617776239862,0.017345486610998866,0.11565089649352589
"XLF, XLV, XLU, VNQ",4,0.0006052217598092693,0.15251588347193587,6.271312597684951e-05,0.12571279865696283,0.011448803382325044,0.01698019883010446,0.12492680177603444
"EEM, XLY, VNQ, LQD",4,0.0005415814628877513,0.13647852864771334,6.271483566990817e-05,0.12571451224427854,0.012437747908560424,0.017981610030298568,0.13690314471571652
"XLF, XLV, XLP, XLY",4,0.0005589156489903958,0.14084674354557974,6.27368065795044e-05,0.12573653111977884,0.011707930412752948,0.016884531619784846,0.13219100606751588
"QQQ, USO, XLF, HYG",4,0.0008187158742354264,0.20631640030732745,6.276964920847266e-05,0.12576943826118933,0.011360478207606132,0.017745310783458455,0.15268622953830147
"IWM, EEM, XLV, XLP",4,0.0006416068303193355,0.16168492124047254,6.279587052300992e-05,0.12579570490202954,0.011333438906496358,0.01707444043230747,0.13699149671467525
"QQQ, EEM, GLD, AGG",4,0.000835525334743212,0.21055238435528945,6.279769247133262e-05,0.12579752979600126,0.01244901044680737,0.018428812465808048,0.0940160158802884
"EEM, XLE, XLP, XLY",4,0.0006552912643160687,0.1651333986076493,6.281743844737826e-05,0.12581730599857607,0.01124888577815962,0.0178248476465017,0.1452359151449284
"IWM, EFA, USO, HYG",4,0.0007244489267567695,0.1825611295427059,6.282338152072527e-05,0.12582325756084514,0.010857332753159858,0.017187241150254173,0.14288563019611977
"IWM, USO, XLI, AGG",4,0.000709545396051471,0.1788054398049707,6.282966106061776e-05,0.12582954576440178,0.010926395456418644,0.016698316529926288,0.15623418248394239
"QQQ, TLT, GLD, USO",4,0.0008515211100772243,0.21458331973946052,6.283189540127492e-05,0.12583178311190413,0.011713611071540403,0.016939078465804485,0.10249408816734673
"SPY, EEM, XLE, XLV",4,0.0007564768190223057,0.19063215839362102,6.28398371522191e-05,0.12583973522842146,0.01077585990875452,0.017778221120690173,0.14741685268382865
"QQQ, TLT, XLK, AGG",4,0.0006520001337210025,0.16430403369769264,6.284473392464267e-05,0.12584463814167832,0.012928012177172205,0.017065870483851477,0.13081853727480508
"SPY, EEM, TLT, XLI",4,0.0006663834936934801,0.16792864041075697,6.28479106133319e-05,0.12584781871196513,0.01163713854311981,0.017741888338201794,0.12553530086808773
"QQQ, GLD, USO, LQD",4,0.0008894970118729943,0.22415324699199457,6.287298579663965e-05,0.12587292171373948,0.011781463935905116,0.017233381313267702,0.10640269295302796
"USO, XLF, XLP, VNQ",4,0.0006913511471757294,0.1742204890882838,6.287617928058801e-05,0.1258761183811615,0.011181404267368867,0.01644722154354106,0.13206970074086477
"IWM, EEM, VNQ, AGG",4,0.0005815392960943682,0.14654790261578077,6.28806760976052e-05,0.1258806195432661,0.0120392236913653,0.017502281326409862,0.138301452543929
"QQQ, EEM, XLF, LQD",4,0.0007466759715248088,0.18816234482425181,6.288865563274559e-05,0.12588860639252422,0.012499732294446349,0.017524277130912563,0.13516352878613824
"IWM, TLT, USO, XLF",4,0.0006757566995604679,0.17029068828923793,6.289062706583413e-05,0.1258905795545886,0.012011766381495722,0.016955444051238798,0.14573142000064265
"GLD, USO, XLP, XLY",4,0.000811035114986659,0.20438084897663805,6.289101227796404e-05,0.12589096510094336,0.01176381350995765,0.016504668621780343,0.11342849413660527
"IWM, GLD, XLI, XLP",4,0.0007825760861226119,0.1972091737028982,6.289563147603735e-05,0.1258955882148434,0.01189178540251257,0.016956227697745217,0.11134718387527931
"SPY, XLK, XLV, XLP",4,0.0007692295190768612,0.19384583880736903,6.291475294151258e-05,0.12591472408444207,0.011370806410065793,0.016861125203705776,0.1499723588067453
"EEM, XLY, VNQ, HYG",4,0.0005677685305901385,0.1430776697087149,6.291661520777237e-05,0.12591658759813434,0.012907034872618163,0.017869855941279107,0.13724391748110365
"IWM, EFA, VNQ, LQD",4,0.0005395728899132938,0.13597236825815004,6.29173013037187e-05,0.1259172741467076,0.011919348514674542,0.017165092592596604,0.13803833852310388
"EFA, EEM, XLE, XLV",4,0.0007158872747289366,0.180403593231692,6.291894596329642e-05,0.12591891987604842,0.011019412232961635,0.01794243019105171,0.13730091428186564
"EFA, USO, XLF, XLU",4,0.0008231239062958091,0.20742722438654387,6.292444033682857e-05,0.1259244176674278,0.011357080354630053,0.01646250569335857,0.13104963329015284
"EEM, XLK, XLV, LQD",4,0.0007303142394674836,0.18403918834580588,6.29320604956081e-05,0.12593204216915266,0.011489885026600552,0.017155075284689087,0.13494221539457663
"IWM, EFA, XLI, AGG",4,0.0006136073127406143,0.1546290428106348,6.294346428209883e-05,0.12594345159272438,0.012000558701205765,0.016737003852084507,0.13499033455220866
"GLD, XLK, XLI, LQD",4,0.0008712834952707601,0.21956344080823154,6.295548122121377e-05,0.12595547335366522,0.011962284190999976,0.018134550471568783,0.10812949536206573
"IWM, EFA, VNQ, HYG",4,0.0005657599576156809,0.14257150931915158,6.295553347312746e-05,0.12595552562403972,0.012154619049348711,0.0169947325718208,0.13853003074011516
"SPY, QQQ, XLV, XLU",4,0.0007799292047767273,0.19654215960373528,6.295782617522577e-05,0.12595781911480086,0.0107475283801562,0.01681019512096842,0.1478453730289988
"SPY, XLI, XLY, AGG",4,0.0006061201817058144,0.15274228578986523,6.295974973835069e-05,0.12595974330739315,0.011719897531242926,0.01720152592480408,0.14877673826238658
"IWM, EEM, USO, AGG",4,0.0007402282652354568,0.1865375228393351,6.297108658425469e-05,0.12597108326609,0.011394541769834267,0.017597818797740722,0.13925678846150402
"IWM, USO, XLF, LQD",4,0.0007137326013562379,0.17986061554177196,6.298367860218187e-05,0.12598367754494957,0.011206375678139516,0.01717017744821606,0.15110075312672333
"EFA, GLD, XLK, XLP",4,0.0009002920997707545,0.22687360914223015,6.300071622306518e-05,0.1260007162210296,0.012314932493696196,0.01760119813784132,0.10561461175408626
"QQQ, IWM, XLE, AGG",4,0.0006835906227471371,0.17226483693227856,6.300346080638496e-05,0.12600346075885777,0.010325880010282843,0.017930273544204855,0.16276017574531876
"SPY, QQQ, XLP, VNQ",4,0.0007073696230020991,0.17825714499652898,6.300765726976855e-05,0.12600765703710895,0.011419507829912688,0.017519808338653894,0.15092379808291367
"USO, XLK, XLF, AGG",4,0.0008427321520014691,0.21236850230437024,6.302341750724172e-05,0.12602341533153635,0.01225103814263181,0.01777280229663906,0.1492616654366865
"IWM, EEM, TLT, XLU",4,0.0006036809311411677,0.15212759464757428,6.304182009228746e-05,0.12604181315443078,0.012304005881070746,0.017628236812154464,0.13087598828959923
"EFA, XLV, XLY, XLU",4,0.0006124667799783881,0.1543416285545538,6.304741565470454e-05,0.12604740673645587,0.012152646313532738,0.01683938712199029,0.12489244190629534
"IWM, EEM, XLE, LQD",4,0.0006549569560256025,0.16504915291845182,6.304818329832706e-05,0.12604817408903005,0.011204085299103122,0.017892467540142263,0.1484657866941308
"IWM, EEM, XLP, XLU",4,0.0006900678165555728,0.17389708977200433,6.305399557809542e-05,0.1260539840135172,0.01121424412090915,0.01700279793741648,0.13753884983208164
"GLD, XLK, XLI, XLP",4,0.0009196944788893952,0.2317630086801276,6.305685550433133e-05,0.1260568426825434,0.01239997729085322,0.01744853822686518,0.11843310036991417
"SPY, EFA, EEM, TLT",4,0.0006469811145748392,0.16303924087285948,6.307934842660145e-05,0.12607932345751052,0.012376805718903485,0.017575184253948252,0.11979412506284792
"QQQ, TLT, XLY, XLU",4,0.0005923567646560855,0.14927390469333354,6.30846440837143e-05,0.1260846156717623,0.01234385674829897,0.017568742572644798,0.14213063137712312
"QQQ, XLK, XLP, HYG",4,0.0007726929289593465,0.1947186180977553,6.310985702656665e-05,0.12610980917714054,0.011700596298408408,0.017000386974142908,0.14971652377253042
"GLD, XLE, XLI, VNQ",4,0.0007941056447019813,0.20011462246489928,6.31130997735197e-05,0.12611304905887802,0.011422091341002005,0.017030515398637217,0.1212667446457244
"SPY, QQQ, TLT, XLF",4,0.0006992043657197815,0.17619950016138494,6.311564067176204e-05,0.12611558765388217,0.011327676951664159,0.017625600029219188,0.14321213431773505
"QQQ, XLE, XLV, VNQ",4,0.0006898888977417914,0.17385200223093145,6.311644382659272e-05,0.12611639007005143,0.011099282598574836,0.01752959245326119,0.1552970244915025
"XLI, XLY, VNQ, HYG",4,0.0005370856614061528,0.1353455866743505,6.313488810562343e-05,0.12613481598122345,0.011700935555799784,0.017463931352515616,0.1481874307081643
"USO, XLK, VNQ, LQD",4,0.0007726293659909336,0.19470260022971525,6.313489281545901e-05,0.12613482068602497,0.011414251526151793,0.01746012513813852,0.14845579411843268
"IWM, XLI, VNQ, AGG",4,0.0005508564269103825,0.1388158195814164,6.31414048083725e-05,0.12614132555078797,0.011444702821434831,0.01669411038804313,0.16090518158072775
"EFA, XLE, XLU, VNQ",4,0.0006515121268323157,0.16418105596174357,6.314909208672509e-05,0.12614900398280884,0.011355622410452224,0.01711721168137525,0.13054855536748933
"IWM, EFA, XLF, HYG",4,0.0006439815857477685,0.16228335960843765,6.318921354381919e-05,0.1261890716862694,0.012125376768785433,0.016871583739043655,0.13657789596814707
"SPY, QQQ, XLI, AGG",4,0.0007329930622107847,0.18471425167711775,6.319076839436299e-05,0.12619062419759827,0.012186471043603958,0.01749828303182165,0.14436670745267088
"QQQ, TLT, XLK, XLP",4,0.0007085299594611895,0.17854954978421975,6.319744251666076e-05,0.1261972880619806,0.011674796912739793,0.01704111900831908,0.1432668542005171
"QQQ, XLF, XLI, HYG",4,0.0007421801700432106,0.18702940285088906,6.321905626326394e-05,0.126218866174366,0.011894128940445291,0.01766148237512023,0.14721487144277035
"XLV, XLI, XLP, XLY",4,0.0005628472858071809,0.14183751602340958,6.323534160986465e-05,0.126235122235002,0.01185661943528576,0.016342785138082298,0.13693209612205637
"SPY, EFA, XLY, LQD",4,0.0005948366447087255,0.14989883446659882,6.32475261212193e-05,0.12624728346601072,0.011650678652496655,0.017219243569817008,0.13549425948771876
"SPY, IWM, XLE, HYG",4,0.0006716483197187325,0.16925537656912057,6.325608761648435e-05,0.12625582790253312,0.01032410681801275,0.0177609514756453,0.16784322515646333
"EFA, XLI, XLY, LQD",4,0.0005736494795339974,0.14455966884256735,6.327372347126884e-05,0.1262734267958217,0.012041857663526546,0.016896634190373835,0.13034916273366504
"GLD, USO, XLP, VNQ",4,0.0007883193525156844,0.19865647683395246,6.328973523995275e-05,0.12628940288269677,0.011552594360303243,0.016417915071924485,0.11355571697578282
"SPY, EFA, XLV, VNQ",4,0.0006410927529099968,0.1615553737333192,6.329688897604635e-05,0.1262965400237223,0.011235261696187831,0.016984584568918132,0.1333560032617247
"SPY, QQQ, USO, AGG",4,0.0008095287664030005,0.20400124913355613,6.330828825312163e-05,0.12630791202369968,0.01133011767964938,0.01773646745741158,0.15043504769758642
"IWM, EEM, GLD, AGG",4,0.0007567291295664106,0.19069574065073547,6.331245581293746e-05,0.12631206935546674,0.012722040596521733,0.018438470916067203,0.09335633837241553
"QQQ, GLD, XLE, VNQ",4,0.0008615410227290537,0.21710833772772153,6.332506925883915e-05,0.12632465101169868,0.011694353101430289,0.01794333389922967,0.12945068024317075
"USO, XLK, XLU, HYG",4,0.0008508151284143383,0.21440541236041324,6.335495987841456e-05,0.12635446129583425,0.011025188588047427,0.017349640319991526,0.1447904045963051
"IWM, USO, VNQ, LQD",4,0.0006355109732241505,0.16014876525248592,6.337813209272024e-05,0.12637756639279576,0.011450699641760953,0.016857910617642843,0.14871340271369304
"GLD, XLK, XLE, XLV",4,0.0009234009188038157,0.23269703153856156,6.338913200460446e-05,0.12638853296545666,0.011563405346226322,0.017851784665727847,0.1289221500956581
"SPY, IWM, VNQ, LQD",4,0.0005801624342066628,0.146200933420079,6.34321430547128e-05,0.12643140452351082,0.012069840959966098,0.017618394231062696,0.16392289108392655
"IWM, TLT, XLK, LQD",4,0.0005813227706657532,0.1464933382077698,6.343666834595788e-05,0.1264359142932948,0.012290848855006246,0.01716318179995706,0.1546626285184679
"EFA, GLD, XLK, LQD",4,0.0008518811161521193,0.21467404127033404,6.349901382672333e-05,0.12649802956700268,0.012758800905852527,0.017955912337435976,0.09690407274026114
"SPY, EEM, XLI, XLP",4,0.000752770379107885,0.18969813553518702,6.351203382818209e-05,0.12651099764329538,0.010880798665254005,0.017301069165028056,0.1355467781689792
"EEM, GLD, XLE, XLU",4,0.0008767872086069846,0.22095037656896013,6.354286280314446e-05,0.126541698370112,0.01224286125527399,0.018078275176956322,0.10957791202698597
"EFA, XLK, XLF, LQD",4,0.0007549129108121641,0.19023805352466536,6.355779543130845e-05,0.12655656620140154,0.01163706609505586,0.01731426373920914,0.1377629801558221
"QQQ, USO, XLF, XLP",4,0.0008409397901516743,0.21191682711822193,6.356100774755532e-05,0.12655976435022287,0.011583933341350888,0.017304659146582073,0.15638466455597133
"QQQ, XLI, XLP, VNQ",4,0.0006861824578273705,0.17291797937249737,6.356624230023509e-05,0.12656497564357702,0.01205716619335952,0.017033398195515206,0.15096287528364805
"EFA, EEM, USO, XLV",4,0.0008092774260603428,0.20393791136720638,6.359131154174253e-05,0.12658993051786988,0.011858536570906403,0.01781572960797001,0.14236642089752538
"EEM, XLF, XLV, VNQ",4,0.0006660591992211099,0.1678469182037197,6.360903891276602e-05,0.1266075740468043,0.011837138476537614,0.01747193739286213,0.12685790018116794
"USO, XLI, XLY, HYG",4,0.0006957746305472414,0.17533520689790483,6.362027453908297e-05,0.12661875526101538,0.01085525076007208,0.017296786722062,0.16624786741852582
"GLD, XLV, XLY, VNQ",4,0.0006729070328991816,0.16957257229059375,6.362726264198022e-05,0.12662570902379586,0.012841712367892145,0.01756516581998537,0.10681012081556851
"SPY, EFA, XLU, VNQ",4,0.0006895537391462341,0.173767542264851,6.363143504701516e-05,0.1266298607432221,0.011338972905557658,0.017003568442412464,0.12712147291953935
"SPY, XLF, XLY, LQD",4,0.0006103073870105813,0.15379746152666648,6.363232916374112e-05,0.12663075040945923,0.01184587567995676,0.01778317288296326,0.14752079845187183
"QQQ, GLD, XLY, LQD",4,0.0007535238052028801,0.1898879989111258,6.363296532060743e-05,0.1266313833960329,0.012563596493465891,0.018093421558581537,0.1161744714561952
"EFA, GLD, USO, XLV",4,0.0008716311253995271,0.21965104360068083,6.367385629871962e-05,0.12667206395759623,0.011405138359696945,0.01678717619660005,0.10630274704123299
"QQQ, XLV, XLI, XLU",4,0.0007587420396019991,0.19120299397970375,6.36847015257786e-05,0.1266828511855342,0.01092868043118155,0.016655617227284297,0.1402590288672828
"USO, XLK, XLP, XLU",4,0.0008730390443305861,0.2200058391713077,6.375800818715226e-05,0.12675574173646878,0.010828981016538905,0.01656628608304844,0.14653766357600884
"SPY, XLE, XLU, VNQ",4,0.0006921016711256847,0.17440962112367256,6.376183776339882e-05,0.12675954842289594,0.010853985150398787,0.017309373114541043,0.15666565618623862
"SPY, GLD, USO, XLV",4,0.000912220669692896,0.2298796087626098,6.377263559368127e-05,0.12677028109777025,0.011196019149029688,0.017179056073102356,0.11384963961480066
"EEM, USO, XLY, HYG",4,0.0007264574997312271,0.18306728993226923,6.380415587563616e-05,0.1268016059861243,0.01075962046025362,0.017735050558410514,0.1479471957588553
"SPY, QQQ, EFA, LQD",4,0.0007217095252136957,0.18187080035385134,6.383883031406751e-05,0.12683605654207722,0.012034629203429901,0.017076583283097514,0.1379537964550953
"IWM, XLF, XLE, HYG",4,0.000646529517727219,0.16292543846725918,6.38454702573073e-05,0.12684265254574836,0.010861496335017687,0.01779508450493269,0.159501812396452
"SPY, USO, XLV, VNQ",4,0.0007370308362208538,0.18573177072765515,6.384657361634889e-05,0.1268437485701204,0.011346194436424045,0.01727563828850326,0.14765606380321816
"EEM, GLD, USO, LQD",4,0.0008527445030299077,0.21489161476353674,6.386593765090233e-05,0.12686298233932305,0.01150675281793577,0.017366643032286987,0.1063949893428745
"XLV, XLI, XLU, VNQ",4,0.0006091533966260545,0.15350665594976573,6.387805469983295e-05,0.12687501639155718,0.01129658581908788,0.016686964475036734,0.13723116049606465
"IWM, XLY, XLU, LQD",4,0.0005515364612750541,0.13898718824131365,6.387988020308586e-05,0.12687682929194613,0.012318306220809273,0.0172515038676531,0.1553197297617367
"EEM, GLD, XLP, XLY",4,0.0007651822799784288,0.19282593455456407,6.388236539938449e-05,0.12687929728937222,0.012372469656379942,0.01848000816684734,0.11121774992882794
"XLK, XLF, XLE, XLP",4,0.00080587182641025,0.203079700255383,6.388860908101073e-05,0.1268854975496203,0.011124238710631005,0.01815335211787221,0.15936388782367228
"IWM, XLK, XLU, AGG",4,0.0007286126872484542,0.18361039718661046,6.389525027250493e-05,0.12689209222276715,0.011923736950207247,0.01737744653205417,0.15512553089459014
"EFA, USO, XLK, AGG",4,0.0008272614096996135,0.2084698752443026,6.390399485300991e-05,0.12690077502899066,0.011829226326014127,0.01778039072398076,0.13871960543128292
"SPY, GLD, XLK, XLP",4,0.0009408816440641235,0.2371021743041591,6.390411487170269e-05,0.1269008941957033,0.012056297582026133,0.017745226845176047,0.12622546615829022
"IWM, XLE, XLI, LQD",4,0.0006242740868416169,0.15731706988408745,6.391579677138836e-05,0.12691249263327023,0.010594379649755506,0.017166337515033592,0.17078638176473193
"XLK, XLE, XLI, LQD",4,0.0007613924796084,0.1918709048613168,6.39266466511807e-05,0.1269232640460272,0.010883054895428906,0.01791486223212823,0.15739293465269522
"TLT, USO, XLK, VNQ",4,0.0007346534641951638,0.18513267297718128,6.394631717228003e-05,0.12694278997806285,0.011536375042696305,0.01729571569260847,0.14359451963502612
"EFA, XLE, XLI, XLU",4,0.0007336653917811881,0.1848836787288594,6.39522060136272e-05,0.12694863494907715,0.010999455465913088,0.01693350952800079,0.134440855619966
"IWM, XLK, XLV, AGG",4,0.0006801517010122168,0.17139822865507864,6.395878415337025e-05,0.1269551637652022,0.011752999870057514,0.017126485854234826,0.15686164638339783
"IWM, XLF, VNQ, LQD",4,0.0005550436322151494,0.13987099531821767,6.396388588123458e-05,0.12696022700858375,0.012324057324790498,0.01743010870715011,0.15558115447978815
"SPY, EFA, GLD, XLF",4,0.0008909665060293464,0.22452355951939532,6.396527092630619e-05,0.12696160157082598,0.011929197652106302,0.01789534026330308,0.11197568324416407
"IWM, XLF, XLI, AGG",4,0.00062907805504247,0.15852766987070244,6.396736469026024e-05,0.12696367945970055,0.011987714143495495,0.016915867017201745,0.1526701520361068
"XLK, XLF, XLP, VNQ",4,0.0007405730086005676,0.18662439816734305,6.397851985342293e-05,0.12697474947036744,0.011292318901608379,0.01777543314034432,0.1509283398116582
"SPY, QQQ, XLF, HYG",4,0.0007633673352179388,0.1923685684749206,6.398393406587888e-05,0.1269801220057749,0.011993999643387258,0.017867022840632463,0.15473490141705415
"XLP, XLY, XLU, VNQ",4,0.0005291550070945457,0.13334706178782552,6.398985452644678e-05,0.12698599663216648,0.011784710037157085,0.01742312038472087,0.13643874409386758
"IWM, XLF, XLV, XLP",4,0.0006069923243185646,0.15296206572827828,6.399192029252359e-05,0.12698804634183466,0.011546178160252208,0.016952295823577112,0.14500166055312502
"EFA, TLT, XLY, VNQ",4,0.0004535203127893549,0.11428711882291744,6.399198826949721e-05,0.12698811378988703,0.011965835109911319,0.017979330112402856,0.12926716178605024
"GLD, USO, XLV, XLU",4,0.0008608789342903129,0.21694149144115885,6.399859523860849e-05,0.12699466917996732,0.011930029600734941,0.016196515084781916,0.09912447867797225
"QQQ, TLT, XLV, XLY",4,0.0005438957784198483,0.13706173616180178,6.400089617894333e-05,0.12699695207796807,0.012528752305007475,0.017388772732351333,0.14271218671472197
"IWM, TLT, XLE, VNQ",4,0.0005041449200969745,0.12704451986443757,6.401326966896431e-05,0.12700922784025975,0.011525994199636702,0.017906679232113816,0.1694335415958308
"GLD, USO, XLP, XLU",4,0.000840318047236702,0.21176014790364892,6.401731935692977e-05,0.1270132452854674,0.011344806811989447,0.016029570677597985,0.11916682758387254
"SPY, EFA, GLD, VNQ",4,0.0008127448778972589,0.20481170923010925,6.401769165272855e-05,0.12701361461074792,0.011985545781958946,0.017926691400511053,0.10408566772797778
"QQQ, GLD, USO, XLP",4,0.0009379079954916292,0.23635281486389056,6.403682342132869e-05,0.12703259228314137,0.011530092745713465,0.016932688704039436,0.11608605926777327
"XLK, XLF, XLV, XLU",4,0.0008131325903751958,0.20490941277454935,6.404327529000379e-05,0.12703899154622159,0.011196976445805801,0.017176275721134438,0.14727717842180854
"QQQ, IWM, TLT, XLV",4,0.0005919724537480171,0.14917705834450032,6.404439648206587e-05,0.12704010356371961,0.012128147258414988,0.017240795828988558,0.15345808227912183
"XLV, XLP, XLY, VNQ",4,0.0004806940208583084,0.12113489325629372,6.404448235618514e-05,0.12704018873474118,0.012050337408759252,0.017012907103077797,0.1332560438158341
"EEM, USO, XLP, XLY",4,0.0007486814156474749,0.18866771674316368,6.405560631766422e-05,0.12705122113561673,0.01171911136801096,0.017357276197054263,0.14917171721975986
"SPY, XLF, XLE, XLU",4,0.000770323299257772,0.19412147141295855,6.40646308346896e-05,0.12706017066863154,0.010734706538261368,0.01745767969313116,0.14854066850618042
"SPY, IWM, VNQ, HYG",4,0.00060634950190905,0.1528000744810806,6.409211083746283e-05,0.12708741846083993,0.012156833788343403,0.017645012615386712,0.16445643803178356
"EEM, XLK, XLU, LQD",4,0.0007787752257037207,0.1962513568773376,6.410822739716953e-05,0.12710339611547256,0.012571524424962812,0.01777617183711615,0.12705914716172284
"IWM, GLD, USO, LQD",4,0.0008107008066961928,0.2042966032874406,6.412582233560652e-05,0.12712083711403432,0.011590853595161934,0.016882241166239573,0.10556642804057415
"GLD, XLF, XLI, VNQ",4,0.0008070284550243864,0.20337117066614538,6.415785338308253e-05,0.12715258177692185,0.012290470154187522,0.017372376305396973,0.10712777739650059
"XLF, XLI, XLY, LQD",4,0.000589120221835853,0.14845829590263496,6.416081830048531e-05,0.12715551978471992,0.011725224242387616,0.017498538567656697,0.14340172009708074
"IWM, EFA, USO, XLP",4,0.0007466728426730174,0.18816155635360038,6.417273943076603e-05,0.12716733203363606,0.011251167692904088,0.016870032053181272,0.14404580575052173
"EEM, XLK, XLV, HYG",4,0.0007565013071698707,0.19063832940680742,6.417448547989112e-05,0.12716906204314227,0.011707808509178097,0.01723224295603337,0.13562234234736148
"GLD, XLF, XLE, XLI",4,0.0008723272728340688,0.21982647275418535,6.418202469740633e-05,0.1271765317334389,0.01104375752776406,0.017327133269629855,0.1213162791730954
"SPY, EFA, USO, XLU",4,0.0008482427082873226,0.2137571624884053,6.418803116712428e-05,0.12718248249706135,0.010937142913988188,0.016742871537309658,0.14047814447761386
"QQQ, EEM, USO, AGG",4,0.000819024470412258,0.206394166543889,6.419226767245795e-05,0.12718667954412288,0.01156220105759651,0.01786248940061201,0.13888028648212014
"EEM, XLF, XLY, HYG",4,0.0006459901587222259,0.16278951999800093,6.420026480345176e-05,0.12719460181340184,0.01249964482462012,0.017851352291793902,0.13906120360419316
"SPY, XLF, XLE, XLV",4,0.0007218623130215349,0.1819093028814268,6.421011575241137e-05,0.12720435986870757,0.010646564061409394,0.017481108432815275,0.14817742753268004
"SPY, IWM, EFA, LQD",4,0.0006429133200368945,0.16201415664929741,6.421030131947418e-05,0.1272045436787047,0.011794900753831643,0.017152501275498097,0.14170979991689658
"EFA, GLD, XLK, HYG",4,0.0008780681838545065,0.22127318233133564,6.421359685585046e-05,0.12720780796662726,0.01250952751001085,0.018190247841129572,0.10342169035103888
"GLD, USO, XLV, XLI",4,0.0008910335045181679,0.2245404431385783,6.422444490860441e-05,0.1272185525659222,0.011489706501523433,0.016623827934148898,0.10931134002421095
"GLD, XLK, XLI, HYG",4,0.0008974705629731472,0.2261625818692331,6.422578889148876e-05,0.127219883668612,0.012949428537525008,0.018473219787634176,0.1146598065115848
"QQQ, EFA, XLE, XLV",4,0.0007526397835720232,0.18966522546014983,6.42283154062827e-05,0.1272223859325993,0.01055661322097071,0.0176229177378924,0.14981189484651558
"QQQ, IWM, TLT, XLU",4,0.0006404334399842544,0.1613892268760321,6.423957646459781e-05,0.12723353830291229,0.01174096624719164,0.017464710537203807,0.1521121870758132
"TLT, XLK, XLE, XLI",4,0.00072341657781263,0.18230097760878278,6.424583585048285e-05,0.12723973685261095,0.011194703118319643,0.01781281413255064,0.1596688895259618
"QQQ, EFA, XLI, HYG",4,0.0007267094277413548,0.1831307757908214,6.426494290684438e-05,0.1272586563363168,0.011477599791772033,0.017325609516197705,0.13693010003273487
"IWM, EFA, XLE, XLP",4,0.0006532826913416111,0.16462723821808598,6.428481779350016e-05,0.127278333128471,0.01088924876994533,0.01749524266738982,0.1503978868623672
"EFA, EEM, TLT, XLI",4,0.000625793949400111,0.15770007524882795,6.43102651301327e-05,0.12730352238957665,0.01272188766526203,0.017975668999540315,0.11983110701823896
"EEM, XLE, XLU, VNQ",4,0.000701597375134942,0.17680253853400538,6.432110257442637e-05,0.1273142484121689,0.011521628360934285,0.017771216782181094,0.13769941436012811
"EFA, XLF, XLV, VNQ",4,0.0006159739509184834,0.15522543563145783,6.432214877156825e-05,0.12731528380534365,0.012028311710945296,0.01723873913411642,0.12867057513561442
"SPY, EEM, GLD, XLV",4,0.0008663678346846657,0.21832469434053575,6.433338099649524e-05,0.1273263995058244,0.011550276392072864,0.018282129532061875,0.10992433487659925
"SPY, EEM, XLE, XLU",4,0.0008049378052585429,0.2028443269251528,6.435389965847991e-05,0.12734670279962862,0.010950412512367771,0.017968592433762517,0.14488825936798688
"XLK, XLF, XLI, AGG",4,0.0007661964478092534,0.19308150484793185,6.436298857218248e-05,0.12735569527975568,0.01190000820432427,0.01782165068346498,0.14376708831695395
"TLT, USO, XLK, XLF",4,0.0008128750923272511,0.2048445232664673,6.436919180952167e-05,0.12736183233606316,0.01180537921165515,0.017534007103356255,0.149031755447247
"SPY, EFA, XLF, XLV",4,0.0007193143810420845,0.18126722402260528,6.439422189180547e-05,0.12738659237429573,0.011456389308083013,0.01686313790304891,0.1345843460228241
"QQQ, XLY, VNQ, AGG",4,0.0005702151296092859,0.14369421266154003,6.439800609684388e-05,0.1273903353335906,0.012631938529833117,0.01813304669994505,0.15422048046412018
"GLD, XLK, XLV, VNQ",4,0.0008581021009941334,0.2162417294505216,6.446074333409064e-05,0.1274523727522985,0.011893628195097282,0.017812804428362743,0.11881364107895043
"TLT, XLF, XLY, VNQ",4,0.0004689910550912105,0.11818574588298504,6.446690886979045e-05,0.1274584678834137,0.012695592963831605,0.01850605559187035,0.14007829060046173
"EEM, TLT, GLD, USO",4,0.0008147686012341377,0.2053216875110027,6.44854724922098e-05,0.12747681776714098,0.011965607988222096,0.017398705784038283,0.10443824254723078
"EFA, EEM, XLI, XLP",4,0.0007121808348145161,0.17946957037325806,6.449980245177969e-05,0.12749098092746985,0.011532982113417734,0.01733431377857968,0.11812170932555088
"EEM, USO, XLF, XLU",4,0.0008732091545984357,0.2200487069588058,6.450302305724972e-05,0.12749416382888643,0.011778962028141313,0.01707491710577503,0.13832964381922475
"QQQ, EEM, XLP, VNQ",4,0.0007168653270113564,0.1806500624068618,6.450800007665159e-05,0.12749908242538924,0.011629383375363305,0.017711508541849715,0.13900808852717406
"SPY, GLD, XLK, LQD",4,0.0008924706604454885,0.2249026064322631,6.451785132733078e-05,0.1275088174774096,0.012162326017969394,0.018165388682920912,0.11604530460005336
"EFA, EEM, XLY, AGG",4,0.0005962135065964311,0.15024580366230064,6.451828950808906e-05,0.12750925047242043,0.012002354522781505,0.017735786520351373,0.11776430237220414
"XLE, XLP, XLY, VNQ",4,0.0005424551301832105,0.13669869280616906,6.452135587103632e-05,0.1275122805046681,0.010997245255656238,0.017514423386100892,0.15623839250921334
"SPY, IWM, TLT, USO",4,0.0007008755015519814,0.1766206263910993,6.45385204967734e-05,0.12752924043209424,0.01140202958661608,0.017395602549062913,0.15708612015869683
"EFA, XLI, XLY, HYG",4,0.0005998365472363849,0.15115880990356897,6.456105029058738e-05,0.12755149812224087,0.011570133139411755,0.017087387409436525,0.13467480472348836
"IWM, XLY, XLU, HYG",4,0.0005777235289774414,0.14558632930231524,6.456501161926659e-05,0.12755541120648384,0.012313866719982107,0.017152611279863342,0.1558526026316145
"EFA, XLF, XLU, VNQ",4,0.0006644349371547208,0.16743760416298964,6.456990144862988e-05,0.12756024131779747,0.011792365372984939,0.017237045682741658,0.12003688640867205
"IWM, EFA, TLT, XLF",4,0.0005798186162496112,0.14611429129490203,6.457290888748436e-05,0.12756321193685136,0.012859230983310968,0.017207831246854422,0.13193427073708552
"QQQ, XLE, XLY, LQD",4,0.0006436327895405204,0.16219546296421114,6.458490982845295e-05,0.12757506526265291,0.011234471831797993,0.01843644938068231,0.15905415099061393
"SPY, IWM, XLF, LQD",4,0.0006583840623387501,0.16591278370936502,6.459916456849483e-05,0.12758914323429207,0.012545940793221237,0.017591511122345038,0.15574225671932596
"SPY, EFA, XLY, HYG",4,0.0006210237124111128,0.15649797552760042,6.460086391273125e-05,0.1275908214018872,0.011784199758044787,0.017409391103561413,0.14181434879914323
"EEM, XLK, XLV, XLP",4,0.0007787252230861187,0.1962387562177019,6.46227920741216e-05,0.1276124743223743,0.011427381474203554,0.017406004711551137,0.14099192783263004
"EFA, EEM, TLT, GLD",4,0.0007188305179232809,0.18114529051666678,6.462930848942454e-05,0.1276189082359467,0.011481949124039924,0.018853535168669115,0.10903040727646396
"IWM, EEM, TLT, XLE",4,0.0006169810542298327,0.15547922566591785,6.464416398232406e-05,0.12763357443692339,0.011613324412373428,0.01817900609797903,0.15067484031510125
"QQQ, GLD, XLY, HYG",4,0.0007797108729052676,0.19648713997212744,6.46460007697974e-05,0.12763538770258406,0.01305942505181401,0.018438215271647934,0.12263569289861087
"IWM, XLF, VNQ, HYG",4,0.0005812306999175368,0.14647013637921927,6.465393058204033e-05,0.12764321567037618,0.01221417739038526,0.017422180757335072,0.15610470302375667
"SPY, IWM, USO, LQD",4,0.0007388514033477515,0.18619055364363338,6.465399300757049e-05,0.12764327729225605,0.010725542788750306,0.01759031117508376,0.1624025806845768
"SPY, GLD, XLY, XLU",4,0.0008247084492590196,0.20782652921327294,6.46562003189537e-05,0.12764545616815481,0.012668579482302073,0.018102498132785298,0.12136282121298902
"QQQ, EEM, TLT, XLF",4,0.0007087000697290389,0.1785924175717178,6.466739038663968e-05,0.12765650150867053,0.01263583009160432,0.017914188780999384,0.12983995865811637
"QQQ, EFA, XLE, XLU",4,0.0008011007698082604,0.20187739399168164,6.472850045324225e-05,0.12771680435329194,0.01059215573114189,0.01763601524198603,0.14728857492523162
"QQQ, EFA, TLT, XLI",4,0.0006625464582431976,0.16696170747728578,6.478003161448883e-05,0.12776763270426195,0.012147870646161537,0.0172992393930972,0.12512188743096364
"QQQ, EEM, XLF, HYG",4,0.000772863039227196,0.19476148588525338,6.480023466694819e-05,0.12778755469947353,0.012297873124286953,0.017817743112474346,0.14149896555593888
"XLK, XLV, XLU, VNQ",4,0.0007349109622431085,0.18519756248526334,6.480601303976946e-05,0.1277932521145851,0.011148833546229532,0.01713864443687797,0.14830354319479688
"IWM, TLT, GLD, USO",4,0.0007727249049004231,0.19472667603490662,6.480968849453978e-05,0.12779687594234854,0.01164922240489823,0.016727550779661423,0.10153958967747012
"IWM, TLT, XLU, VNQ",4,0.0004908447970083098,0.12369288884609406,6.4813967952162e-05,0.12780109515941102,0.012697217897200495,0.017982993629521653,0.1500641347868762
"EFA, XLK, XLP, VNQ",4,0.000725102266298712,0.18272577110727542,6.481939008789e-05,0.127806440769424,0.011684632686727923,0.017225147311289147,0.13886964939168034
"EEM, XLK, XLE, AGG",4,0.0007839565066708337,0.1975570396810501,6.483228484077294e-05,0.12781915263322152,0.011595482436304915,0.018522258097083133,0.14307510024728276
"EEM, GLD, USO, XLP",4,0.0009011554866485428,0.2270911826354328,6.48382944597231e-05,0.12782507658456624,0.012307678589063,0.017205128233000803,0.11004532807798628
"GLD, USO, XLV, VNQ",4,0.0008088802395692953,0.20383782037146242,6.484799927319282e-05,0.12783464247552223,0.01171885920055888,0.016969445677981608,0.10925791555455722
"SPY, XLE, XLP, XLY",4,0.0006457955603068113,0.16274048119731643,6.488235745111945e-05,0.12786850307124936,0.010890024808240145,0.01794403078942483,0.15726865341671248
"EEM, USO, XLV, XLI",4,0.0008286798051789834,0.2088273109051038,6.488397164352021e-05,0.12787009366606053,0.011381975314285383,0.017640060709054554,0.15016429121400154
"EEM, XLE, XLV, XLI",4,0.0007352896538475774,0.1852929927695895,6.488709385215389e-05,0.12787317017554065,0.011146144006482114,0.017881891590244097,0.14813620962000718
"SPY, GLD, XLE, XLI",4,0.000897446074825582,0.22615641085604668,6.48988980094007e-05,0.12788480088880375,0.011555316542573107,0.017752171902854812,0.12515069224141195
"EEM, XLI, XLY, AGG",4,0.0006156158857150718,0.1551352032001981,6.490160584263426e-05,0.12788746878542806,0.011950754559445763,0.017708350840775555,0.13171322359033555
"SPY, GLD, XLI, VNQ",4,0.0008321472570159,0.2097011087680068,6.490228959132235e-05,0.1278881424410146,0.012101293545606042,0.017825249572019575,0.11584280934287161
"EFA, EEM, XLE, XLU",4,0.0007643482609651738,0.19261576176322381,6.490578875491458e-05,0.1278915898964372,0.011671746441589753,0.018036785268840623,0.13169341796697076
"XLK, XLI, VNQ, LQD",4,0.0006960936617987177,0.17541560277327686,6.493185006627415e-05,0.12791726316921062,0.011450941686512619,0.017716350996495066,0.15444877112707978
"IWM, USO, XLP, XLU",4,0.0007359206515638031,0.18545200419407837,6.495137284240045e-05,0.1279364918867362,0.011201038580094271,0.016391768786109984,0.14118127269174485
"QQQ, EFA, GLD, XLV",4,0.0008625307992343833,0.21735776140706461,6.495322722526397e-05,0.12793831818797102,0.011631209819729356,0.017740694873470603,0.10640731535165238
"EEM, XLF, XLU, VNQ",4,0.000714520185457347,0.18005908673525145,6.495676533454569e-05,0.12794180264599025,0.011804174532760562,0.017535456587040643,0.1258133303569764
"TLT, GLD, XLK, XLI",4,0.0008333075934749903,0.20999351355569756,6.4959298739992e-05,0.1279442975770237,0.012571225979617968,0.018089857879395974,0.1027498288055918
"QQQ, IWM, GLD, LQD",4,0.0008016004805310493,0.2020033210938244,6.498154904944838e-05,0.1279662078849764,0.012898968371961916,0.018120123373744974,0.11897102681119376
"EEM, XLK, XLU, HYG",4,0.0008049622934061082,0.20285049793833926,6.499839815231741e-05,0.1279827970251627,0.01203582259990528,0.017852805446260313,0.13303911493820264
"GLD, XLK, XLF, XLV",4,0.0009363237291262209,0.23595357973980766,6.50064785590632e-05,0.12799075199749366,0.011660151992419376,0.01782893988941556,0.12483233572644026
"EEM, TLT, XLF, XLY",4,0.0005818271892240687,0.14662045168446533,6.50188405005278e-05,0.12800292108437608,0.013810491417133083,0.018089078214831952,0.12933093245537974
"EEM, XLK, XLP, XLU",4,0.0008271862093223559,0.20845092474923368,6.50208425669574e-05,0.12800489180837296,0.011589539105108489,0.017454733614377084,0.13584923752812106
"QQQ, EEM, XLV, XLU",4,0.0007894249087859848,0.19893507701406815,6.502368787850918e-05,0.1280076925242554,0.011637200164449095,0.017541299553212413,0.1368734256469859
"QQQ, XLK, HYG, LQD",4,0.0007242819453407116,0.18251905022585935,6.503071480413074e-05,0.1280146090516272,0.012252468956051064,0.017411437361708717,0.13981318972184276
"QQQ, GLD, XLV, XLI",4,0.000881933178353024,0.22224716094496205,6.503823153015985e-05,0.12802200727062626,0.012231989380584066,0.017653210582958167,0.11765566730283694
"SPY, QQQ, TLT, USO",4,0.0007796717067287825,0.1964772700956532,6.505797105132088e-05,0.12804143354763278,0.011419440094905739,0.017531930682627827,0.14964160844141872
"QQQ, IWM, XLP, XLU",4,0.0007268203253986593,0.18315872200046213,6.510385800294626e-05,0.12808658093938827,0.01137622198453658,0.017014772566418437,0.15862396325859285
"SPY, IWM, XLI, AGG",4,0.0006541968570339833,0.1648576079725638,6.510553431330486e-05,0.12808822993137514,0.011890245720558612,0.017317560220388276,0.16110094728719238
"EFA, GLD, XLE, XLI",4,0.0008568565305322131,0.21592784569411771,6.510700083793446e-05,0.12808967253904385,0.012239234499112083,0.017983316660489496,0.11784167337472928
"QQQ, GLD, USO, HYG",4,0.0009156840795753815,0.23075238805299614,6.510744648026247e-05,0.12809011091035147,0.012217428319702676,0.017772266951953466,0.11252030210201303
"EEM, GLD, XLF, XLE",4,0.0009030101420180545,0.22755855578854975,6.515101750824485e-05,0.1281329637996316,0.01197177182391326,0.018557161819937013,0.1205949472518616
"XLE, XLV, XLI, VNQ",4,0.0006224535197147192,0.15685828696810925,6.516567560310076e-05,0.12814737707804008,0.010728392197680915,0.016865015517614435,0.15709549376550247
"IWM, EEM, XLE, HYG",4,0.0006811440237279897,0.17164829397945341,6.518303654665634e-05,0.1281644459659441,0.011446360727238203,0.018188331613421826,0.149964072035641
"IWM, XLV, XLY, LQD",4,0.0005030754750388167,0.1267750197097818,6.518978533541697e-05,0.12817108060918062,0.012432489674694817,0.01722563487340878,0.1558606998385278
"SPY, EEM, USO, XLV",4,0.0008498669703537117,0.21416647652913534,6.519215454558833e-05,0.12817340966631208,0.011573049527057096,0.017980202681411584,0.15126792832992852
"IWM, USO, VNQ, HYG",4,0.0006616980409265376,0.1667479063134875,6.520060020238127e-05,0.12818171184299296,0.011581830372416547,0.01729400386027902,0.15452312870253782
"USO, XLV, XLI, VNQ",4,0.0007158436710461254,0.18039260510362362,6.520771355324586e-05,0.12818870393064263,0.011270384846589794,0.016877502560542337,0.14678067250673965
"QQQ, EEM, XLF, XLP",4,0.0007950869551434438,0.20036191269614784,6.521098931193316e-05,0.12819192371833396,0.01165915822376737,0.017673280269728885,0.14524846284823278
"QQQ, XLP, XLY, XLU",4,0.0006787436500704905,0.1710433998177636,6.521671988747092e-05,0.12819755618436207,0.011357347869185725,0.017397158253081368,0.14870795474563336
"QQQ, GLD, XLF, VNQ",4,0.0008744638330514589,0.22036488592896764,6.521954248772305e-05,0.12820033036972336,0.012594351965505042,0.0182523380486887,0.12578117440312753
"XLF, XLV, XLY, XLU",4,0.0006279375222802439,0.15824025561462146,6.52438407579582e-05,0.1282242093795297,0.011509895205003916,0.01753906417051853,0.13748828487201947
"EEM, XLV, XLY, XLU",4,0.0006625520282810146,0.1669631111268157,6.524459929796661e-05,0.1282249547595459,0.012248691737636624,0.017558260290014116,0.13319925406237632
"QQQ, EEM, GLD, XLP",4,0.000892055160483399,0.22479790044181655,6.525283657268194e-05,0.12823304884590342,0.012526729864801777,0.018531639899072794,0.10821834312966538
"SPY, XLE, XLV, XLI",4,0.00072579394983832,0.18290007535925665,6.525375268736062e-05,0.12823394900421212,0.010841176497718954,0.017274653149742792,0.15719966000827446
"IWM, TLT, USO, VNQ",4,0.0005975350714283806,0.15057883799995192,6.526236932715574e-05,0.1282424152550288,0.011538752692541104,0.01699419060289588,0.15113606599719287
"USO, XLV, XLU, VNQ",4,0.0006856891008182704,0.17279365340620412,6.526993256430283e-05,0.12824984602799458,0.011896306964608406,0.01695854030194981,0.12588870184149148
"USO, XLP, XLU, VNQ",4,0.0006651282137646595,0.1676123098686942,6.527148773258787e-05,0.1282513739053588,0.01189004718620595,0.016407769783153732,0.11402168266879553
"EFA, TLT, XLK, XLF",4,0.0007169370090163944,0.18066812627213139,6.527676517253178e-05,0.12825655859829552,0.012133663339921268,0.017401572626637385,0.13236288501844573
"IWM, XLE, XLY, AGG",4,0.000556717742242167,0.14029287104502608,6.52863145743312e-05,0.12826593964389557,0.011230012058702213,0.017988082150352056,0.16833067861928863
"EEM, TLT, GLD, XLY",4,0.0006787953945640236,0.17105643943013396,6.529037172674249e-05,0.1282699250609398,0.012909075440438065,0.01873689159346053,0.10134779356903667
"SPY, XLK, XLE, LQD",4,0.0007825796447831283,0.19721007048534833,6.529096235309888e-05,0.12827050523398167,0.010806809261496618,0.018474266407149376,0.15858348311030634
"EFA, GLD, XLY, XLU",4,0.0007841189049656505,0.19759796405134392,6.529270143078026e-05,0.12827221351702256,0.01254932485361035,0.018342181142469008,0.10600773683878417
"SPY, GLD, XLV, XLY",4,0.0007762474630227823,0.19561436068174115,6.529800853745146e-05,0.12827742650769766,0.012424732256137865,0.017874063733971813,0.12275713376366792
"EEM, TLT, XLK, XLV",4,0.0006923383376717135,0.17446926109327182,6.530587045043662e-05,0.1282851486085199,0.01181567626821366,0.017535469714445445,0.1386863972724529
"IWM, TLT, XLE, XLI",4,0.000586298185045847,0.14774714263155345,6.530779884830497e-05,0.128287042641776,0.011500533309175538,0.017465395246214786,0.17308928761690323
"SPY, XLF, XLU, VNQ",4,0.0007050244814480897,0.1776661693249186,6.53095150692019e-05,0.1282887282555988,0.01153216122799117,0.01756220932715239,0.1449801078662707
"IWM, GLD, XLY, LQD",4,0.0006747276000260789,0.1700313552065719,6.535387875318882e-05,0.1283322930746723,0.01304879694018506,0.018242956127052665,0.120919983583469
"GLD, XLY, XLU, VNQ",4,0.0007213680191354185,0.18178474082212548,6.535688764649503e-05,0.12833524725077186,0.012231638654529746,0.018204421792795803,0.11443896005886145
"EEM, GLD, USO, HYG",4,0.0008789315707322949,0.2214907558245383,6.538586317219163e-05,0.1283636923720734,0.011993067969539683,0.017698882585901556,0.10644686519433244
"QQQ, TLT, XLE, XLY",4,0.0006056568877447503,0.15262553571167708,6.540678430828976e-05,0.12838422662340193,0.011246332519352665,0.01829224681413749,0.16013553508415335
"SPY, EEM, XLY, AGG",4,0.0006368030508898001,0.16047436882422964,6.543154922410564e-05,0.12840852932914784,0.012742647322682439,0.01784235449640532,0.13778555843301654
"SPY, XLV, XLY, XLU",4,0.0006530563242717574,0.16457019371648288,6.543225287895078e-05,0.12840921978384418,0.01177618757363124,0.01743562480062193,0.14518623046576418
"IWM, GLD, XLE, XLV",4,0.0007862825260370326,0.19814319656133222,6.544524139367848e-05,0.12842196397504196,0.011313989017959183,0.0175751945330222,0.11913388522133417
"XLK, XLY, XLU, LQD",4,0.0006886548540418372,0.17354102321854298,6.544917861135194e-05,0.12842582688096926,0.01210620402827422,0.017604440961138695,0.1506732420393051
"QQQ, IWM, VNQ, AGG",4,0.0006182918049374549,0.15580953484423862,6.546158142311598e-05,0.12843799484041019,0.012076393420361198,0.017829659649643108,0.1597083919318354
"EFA, GLD, XLV, XLY",4,0.0007356579187294131,0.1853857955198121,6.546172936392065e-05,0.12843813997293796,0.012391493293735126,0.017806633796275173,0.1112576574242744
"XLF, XLE, XLV, VNQ",4,0.000618521882897934,0.15586751449027939,6.546283663331761e-05,0.12843922621845727,0.010649999200443449,0.017217305551681873,0.14505729210966745
"SPY, XLK, XLF, AGG",4,0.0007873836129839814,0.19842067047196332,6.548981997986097e-05,0.12846569438929978,0.012123490685040978,0.018016440168975734,0.15132120962895468
"IWM, XLI, XLP, XLU",4,0.0006593849473715872,0.16616500673763995,6.549435625163361e-05,0.128470143517518,0.011453336448529711,0.016442216132927578,0.16022936152685008
"SPY, EEM, XLV, VNQ",4,0.0006911780012126234,0.1741768563055811,6.550357349990746e-05,0.12847918322427443,0.011927247650748388,0.01785104205328905,0.1434672108058943
"IWM, TLT, USO, XLI",4,0.0006796883363772533,0.17128146076706785,6.550911380473171e-05,0.12848461650638335,0.011138989226909214,0.016921971667018646,0.15576929806851247
"SPY, TLT, XLK, XLE",4,0.0007446037429873585,0.18764014323281436,6.551219672495399e-05,0.1284876397739814,0.010796839900217455,0.018172575732761796,0.1581956471608834
"QQQ, XLE, XLU, VNQ",4,0.0007383498839780286,0.1860641707624632,6.551528181120747e-05,0.12849066509448956,0.010990176623137664,0.01765175421521258,0.15869286122387005
"SPY, QQQ, GLD, XLV",4,0.0009031203435277525,0.2275863265689936,6.552314972762425e-05,0.12849838026746216,0.011954543285299692,0.01795423030315112,0.12546536902863326
"IWM, USO, XLI, LQD",4,0.000717664238173023,0.1808513880196018,6.552663148808172e-05,0.12850179428707054,0.011056503981887773,0.01710317826201985,0.16109879407463434
"GLD, XLK, XLF, XLU",4,0.000984784715362458,0.2481657482713394,6.552923446216958e-05,0.12850434655865436,0.01253038156655186,0.017989756977613146,0.12347948986520607
"SPY, QQQ, EFA, HYG",4,0.000747896592916083,0.18846994141485293,6.553211249615399e-05,0.12850716847332216,0.011992702470816232,0.017445368359354934,0.1442737836217064
"SPY, XLF, XLV, VNQ",4,0.0006565634952118526,0.16545400079338687,6.553454267749761e-05,0.12850955121985835,0.0116418732916409,0.017755856668585354,0.14167268763643792
"USO, XLK, XLF, LQD",4,0.000850850994123021,0.2144144505190013,6.553505622348386e-05,0.12851005473626542,0.012182638398107126,0.01810417969946304,0.15419276203676202
"USO, XLK, VNQ, HYG",4,0.000798816433693321,0.2013017412907169,6.553699103584618e-05,0.1285119517439263,0.011700424582007271,0.018029440769828885,0.1543590688897104
"EFA, XLK, XLF, HYG",4,0.0007810999785145516,0.19683719458566698,6.554551281720721e-05,0.12852030668317058,0.012313673730265685,0.01767850918347538,0.14410452500512694
"EFA, XLK, XLV, XLU",4,0.0007976618480733404,0.20101078571448178,6.555692046395006e-05,0.12853149013730222,0.011032664419144895,0.0169375083176307,0.13679923267514238
"SPY, TLT, XLY, VNQ",4,0.0004941098570827241,0.12451568398484647,6.556033927874503e-05,0.12853484157318493,0.012344998290848433,0.01860222008130817,0.15433987487019052
"QQQ, GLD, XLP, XLY",4,0.0008019347888215153,0.20208756678302187,6.558356784510279e-05,0.1285576100313237,0.012952810255355985,0.01810895796860871,0.12634773264751709
"SPY, XLK, VNQ, LQD",4,0.0007172808269734459,0.18075476839730836,6.558488955041734e-05,0.12855890543523296,0.011498434728933426,0.018025983827336976,0.15471789597733665
"SPY, IWM, EFA, HYG",4,0.0006691003877392819,0.16861329771029904,6.558831167659108e-05,0.12856225940182037,0.011821904074696077,0.0173336771429932,0.14468093568416274
"EFA, TLT, XLK, VNQ",4,0.000638715380884307,0.16095627598284537,6.559561207982389e-05,0.12856941410816036,0.011480786977973148,0.01759529183528392,0.13792156629299746
"EFA, USO, XLI, XLU",4,0.0008270555431125943,0.20841799686437376,6.560213826744704e-05,0.12857580971316748,0.011321142092339014,0.016642513192053406,0.13467208718626555
"USO, XLF, XLV, VNQ",4,0.0007119120342293403,0.17940183262579373,6.563069405730976e-05,0.12860379038909414,0.011920091451100241,0.017335589280372366,0.13880313089361052
"SPY, XLF, XLY, HYG",4,0.0006364944547129686,0.16039660258766808,6.563747948665007e-05,0.1286104382646907,0.012295634019732207,0.018130219891349508,0.15342808533336771
"GLD, USO, XLV, XLY",4,0.0008315960020402698,0.209562192514148,6.563756137407175e-05,0.12861051848999785,0.011570034273842936,0.01723166489509177,0.12103858012970536
"QQQ, GLD, XLF, XLE",4,0.0009397626508611412,0.23682018801700758,6.564163794102233e-05,0.12861451224934778,0.01137425657854622,0.018349484841151637,0.13501655250474298
"QQQ, EFA, GLD, XLU",4,0.0009109917854706205,0.22956992993859637,6.56436881436072e-05,0.1286165207591506,0.012138202665767072,0.018076658146585257,0.10403963990986442
"EFA, USO, XLV, XLY",4,0.000719157054398459,0.1812275777084117,6.565076969274737e-05,0.12862345805712244,0.011906101579811623,0.01775503035434986,0.15270765171459522
"SPY, EEM, XLF, XLU",4,0.0008178606155809479,0.20610087512639885,6.565663509124746e-05,0.12862920369416256,0.012265102698722325,0.017742175079932188,0.14037960105459069
"QQQ, EEM, TLT, VNQ",4,0.0006304784415969515,0.15888056728243177,6.565847175319857e-05,0.1286310028018364,0.012662456046645468,0.018407847817417774,0.13213141526355876
"IWM, EEM, USO, LQD",4,0.0007483471073570088,0.18858347105396622,6.566164255800634e-05,0.1286341087138928,0.011354241753209263,0.017989423649299594,0.14576299168739248
"SPY, USO, XLY, HYG",4,0.0007169617957219697,0.18067437252193635,6.568217107216772e-05,0.12865421528339546,0.011366019219835462,0.017962633021709813,0.1677670904270202
"SPY, USO, XLF, XLV",4,0.000815252464352941,0.20544362101694114,6.568562807664175e-05,0.12865760092320128,0.0110156793366131,0.01778567138496603,0.15301351096753146
"IWM, XLV, XLI, XLP",4,0.0006109239611353498,0.15395283820610814,6.571138515436067e-05,0.12868282348044313,0.011899736458056821,0.016503982358033305,0.15701603762473715
"SPY, TLT, XLF, XLY",4,0.0005723314852148114,0.14422753427413249,6.572060606991778e-05,0.12869185183848775,0.012325868754252279,0.018021142198233437,0.14773302572671354
"EEM, GLD, XLF, VNQ",4,0.0008377113242083722,0.21110325370050978,6.57273165025027e-05,0.1286984217410248,0.012603461950478343,0.01857307913571768,0.10430121094456624
"XLF, XLE, XLP, XLY",4,0.0006206767583152978,0.15641054309545505,6.573618348764674e-05,0.1287071025191966,0.011361480795181097,0.017950509497642275,0.1489853362780561
"SPY, QQQ, GLD, XLU",4,0.0009515813297639896,0.2397984951005254,6.574083036061014e-05,0.12871165157387174,0.012496568734242873,0.018161671709557174,0.12411537277530849
"QQQ, USO, XLI, XLP",4,0.0008448714269684591,0.2129075995960517,6.574710838289591e-05,0.12871779718628565,0.01180574942712908,0.017606676920379326,0.15723086169736122
"EEM, GLD, XLE, VNQ",4,0.000824788513885967,0.20784670549926368,6.576351253425623e-05,0.1287338539725762,0.012195156939455372,0.018578726866644392,0.12063985245221309
"QQQ, IWM, GLD, XLP",4,0.0008500114641496842,0.21420288896572043,6.577783827602352e-05,0.12874787472248983,0.013073306051797191,0.017949624282872733,0.12864231931570747
"USO, XLP, XLY, VNQ",4,0.0006358452815146166,0.1602330109416834,6.580468390010107e-05,0.12877414469848159,0.01168689760071457,0.01724769209429565,0.14763004582881134
"QQQ, EFA, XLI, XLP",4,0.0007489333436576024,0.1887312026017158,6.582167498867627e-05,0.12879076867984918,0.011321533622928114,0.016950394636951152,0.1391474704940282
"EEM, XLK, VNQ, AGG",4,0.0007186576888611512,0.1811017375930101,6.583830273654096e-05,0.12880703509361716,0.012654077626494018,0.017982603447847727,0.13319511815878116
"EFA, USO, XLU, VNQ",4,0.0007449022781637219,0.18771537409725791,6.584680904230962e-05,0.12881535575645486,0.011596767393110411,0.01669241809444728,0.12634990787763
"IWM, EEM, TLT, USO",4,0.0007103712055612388,0.1790135438014322,6.58481034817367e-05,0.12881662189871945,0.011754813330522812,0.017793803233617577,0.14905989986755208
"SPY, GLD, XLK, HYG",4,0.0009186577281478757,0.23150174749326466,6.585416996979919e-05,0.12882255560416972,0.012813803848157699,0.018549207908452492,0.12251815163510504
"SPY, QQQ, EFA, TLT",4,0.0006837336234179259,0.1723008731013173,6.588323540415794e-05,0.12885098106668727,0.012470912437157753,0.017360436629115027,0.13256037755878458
"SPY, QQQ, USO, LQD",4,0.0008176476085245524,0.2060471973481872,6.589840011641596e-05,0.1288658093884364,0.011793882797317889,0.01805233120982104,0.1551523113000085
"SPY, EFA, TLT, XLY",4,0.0005568607429129558,0.14032890721406488,6.590340679811975e-05,0.12887070463501848,0.01222054841697727,0.017665584566403426,0.13696435179001754
"SPY, QQQ, XLF, XLP",4,0.0007855912511341865,0.197968995285815,6.593440757709052e-05,0.12890101128162965,0.011699135900641358,0.017805081874834032,0.15845078698016135
"USO, XLK, XLP, VNQ",4,0.0008210403496095686,0.2069021681016113,6.594287583834373e-05,0.12890928869271842,0.011438507200913729,0.01755798799652106,0.15704368507236022
"EFA, TLT, USO, XLK",4,0.0007974043500253954,0.20094589620639966,6.595011829845978e-05,0.12891636750704646,0.011779558384623138,0.01776671145422946,0.13897126680268768
"QQQ, XLF, XLI, XLP",4,0.0007644040859594582,0.19262982966178346,6.595065148541466e-05,0.1289168886311041,0.011450425893914956,0.01731399824879734,0.15099564559901413
"XLE, XLI, XLP, XLY",4,0.000624608395132083,0.1574013155732849,6.595702223097674e-05,0.12892311508106738,0.010821708625042347,0.017356013455665918,0.1600368641463964
"SPY, EFA, XLE, VNQ",4,0.0007028538622348991,0.17711917328319457,6.597451438398117e-05,0.1289402094955769,0.011320015719322939,0.017801044777869146,0.14795465275885145
"GLD, XLE, XLY, VNQ",4,0.0007346681422240833,0.185136371840469,6.597567273632326e-05,0.12894134142916872,0.011738758631429686,0.018267886963236012,0.12583362988381264
"EFA, TLT, GLD, XLK",4,0.0008139052143563493,0.20510411401780002,6.599490126322767e-05,0.1289601299562519,0.012891054512424517,0.0180394509135645,0.09291216474251163
"QQQ, IWM, GLD, HYG",4,0.0008277875482334365,0.208602462154826,6.601925706424328e-05,0.1289839245029756,0.013013046364121044,0.01842949487272084,0.12536072787126507
"EFA, TLT, XLI, XLY",4,0.0005356735777382274,0.13498974159003332,6.602755897561636e-05,0.1289920341023248,0.012173611378282862,0.017386774858182266,0.13345314633549177
"SPY, EEM, GLD, XLU",4,0.000914828820920903,0.23053686287206757,6.603771937413974e-05,0.1290019584435958,0.012428101487399604,0.018785941545654196,0.10082865502791405
"GLD, XLV, XLI, XLY",4,0.0007550602978480539,0.1902751950577096,6.60404463071528e-05,0.12900462189163034,0.012359715658886633,0.01766110432955907,0.11494925850882964
"IWM, GLD, USO, HYG",4,0.0008368878743985803,0.21089574434844222,6.604501119425977e-05,0.12900908038178346,0.011627520553708236,0.01735092041493187,0.1120601296640652
"IWM, EEM, XLF, LQD",4,0.0006678797663480075,0.1683057011196979,6.604761463226396e-05,0.12901162307067732,0.012952081499422029,0.01779816858082644,0.13653389657544968
"IWM, GLD, XLY, HYG",4,0.0007009146677284663,0.17663049626757352,6.605164237740921e-05,0.12901555673292706,0.013074943577962801,0.018398932738205316,0.12290462116155487
"QQQ, EEM, GLD, LQD",4,0.0008436441768647639,0.2125983325699205,6.606561884828243e-05,0.12902920580150518,0.012551865997819022,0.01881331467346755,0.0961748954576056
"QQQ, USO, XLV, VNQ",4,0.0007832790490731977,0.19738632036644582,6.60676357918406e-05,0.12903117537844813,0.011279671466915529,0.01803923324377461,0.15807311622101694
"EFA, EEM, XLF, XLU",4,0.0007772710712875788,0.19587230996446986,6.608165624378386e-05,0.12904486573836843,0.012271013041808833,0.0176707909371031,0.12114045840225052
"QQQ, USO, XLI, HYG",4,0.0008226475110522115,0.2073071727851573,6.608666573850423e-05,0.1290497569393413,0.011342369186834633,0.01821375513787287,0.15881617205922094
"USO, XLF, XLP, XLY",4,0.000714066909646704,0.1799448612309694,6.609754628879384e-05,0.12906037991876534,0.011777381880186314,0.017573422469088593,0.15430978279090146
"XLF, XLI, XLY, HYG",4,0.0006153072895382402,0.15505743696363652,6.609995765120084e-05,0.12906273407960414,0.01190786869486261,0.017842991418862492,0.1495229095577868
"XLK, XLI, VNQ, HYG",4,0.0007222807295011049,0.18201474383427843,6.610543698755692e-05,0.12906808327725466,0.012182780788003772,0.01786531926977516,0.15488894092838779
"QQQ, TLT, GLD, XLY",4,0.0007155479034071104,0.18031807165859182,6.613946811992033e-05,0.12910130117942237,0.01360506443995741,0.018364169846673432,0.11085103230908222
"EFA, XLF, XLP, XLY",4,0.0006181288263358474,0.15576846423663354,6.615366792135859e-05,0.1291151591261939,0.01229565890666088,0.01733256031952195,0.13596400655828644
"QQQ, EEM, TLT, USO",4,0.00078916741073804,0.19887018750598606,6.616892025286521e-05,0.12913004260714095,0.011721624260840795,0.017756368531563576,0.1391448928018002
"IWM, USO, XLF, HYG",4,0.0007399196690586251,0.18645975660277353,6.617600181760676e-05,0.12913695233370232,0.011614238138311899,0.017833755102674997,0.15741047501104233
"EEM, GLD, XLV, XLI",4,0.0008451806695099375,0.21298552871650425,6.618258329223123e-05,0.1291433737736562,0.011541123533271582,0.01835581701290972,0.1190424581435896
"USO, XLI, XLP, XLY",4,0.0007179985464634892,0.18093563370879928,6.619256555827677e-05,0.1291531127022719,0.011548353131309204,0.01744335827095599,0.160483599082061
"EFA, XLK, XLF, XLP",4,0.0008033238944307993,0.2024376213965614,6.619461378243838e-05,0.12915511090612897,0.011378612145862858,0.017483072837993385,0.14630418441117554
"EFA, XLF, XLI, XLU",4,0.0007465882021035933,0.18814022693010551,6.620902314381282e-05,0.12916916749844304,0.011652118642609113,0.01691440281233499,0.12631783393099205
"IWM, XLV, XLY, HYG",4,0.0005292625427412042,0.13337416077078346,6.622717098073286e-05,0.12918686886500763,0.012455988419744693,0.01729167868053042,0.15596991864081
"IWM, XLV, XLP, VNQ",4,0.0005287706961864774,0.13325021543899232,6.627013011737822e-05,0.12922876146423176,0.011941408890059195,0.01735614618163869,0.15344206788323878
"SPY, XLE, XLI, XLU",4,0.0007742549360745574,0.19511224389078846,6.629266123580886e-05,0.12925072777908772,0.010830572284836823,0.017479781211173218,0.16058121407109793
"SPY, QQQ, EFA, XLP",4,0.0007701205088323309,0.19407036822574739,6.630772286704679e-05,0.12926540976802647,0.01209152322102078,0.017310123897592383,0.14651923507813125
"QQQ, XLK, XLU, AGG",4,0.0008074088924252555,0.20346704089116438,6.631186176611226e-05,0.12926944405024837,0.011809091059129948,0.017935415326782916,0.14426142833947642
"QQQ, IWM, XLV, XLP",4,0.0006783593391624221,0.17094655346893037,6.633239069251935e-05,0.12928945221677937,0.012269887564283481,0.017208248862151863,0.15718885975274122
"TLT, XLF, XLI, XLY",4,0.0005511443200400831,0.13888836865010096,6.634705003410902e-05,0.12930373779823798,0.01214649408296323,0.01773554347605882,0.14429559163296424
"QQQ, GLD, XLI, XLU",4,0.0009303941645892614,0.23445932947649387,6.635351223540858e-05,0.1293100347356034,0.012444300103488301,0.0179827043328083,0.11628430126056699
"IWM, XLE, XLI, HYG",4,0.0006504611545440041,0.163916210945089,6.64181547268051e-05,0.1293730071968449,0.010538836649443606,0.017588000920600012,0.17142799675881082
"EFA, XLE, XLY, XLU",4,0.0006742278893032903,0.16990542810442916,6.642146490612145e-05,0.12937623103314844,0.011726081902735566,0.017621810039020133,0.143631962647095
"SPY, TLT, GLD, XLK",4,0.0008544947586497185,0.21533267917972906,6.642371401866196e-05,0.12937842143380332,0.012888461987242852,0.018105261045295813,0.11070796684054962
"GLD, XLK, XLE, XLU",4,0.000971861905040053,0.24490920007009334,6.64496572152045e-05,0.1294036847165935,0.012034144302369706,0.01823625115083486,0.1264034890892226
"EEM, GLD, XLU, VNQ",4,0.0008114883907973023,0.20449507448092016,6.646814731628152e-05,0.1294216872232121,0.0128651481251063,0.01883526777780736,0.10078345386019105
"GLD, XLI, XLY, XLU",4,0.0008035212840842912,0.20248736358924138,6.649623816091789e-05,0.12944903250527334,0.012280176716785352,0.01772194625421563,0.11793695528741732
"USO, XLF, XLV, XLI",4,0.0007940652991782129,0.20010445539290964,6.650442689139631e-05,0.12945700281032257,0.011085090638955122,0.017397523660389658,0.14662176261499626
"QQQ, XLF, XLE, XLU",4,0.0008165715121101161,0.20577602105174927,6.652337751865239e-05,0.12947544606874464,0.010780717075957309,0.01798889507749969,0.15732937667434865
"EFA, USO, XLK, LQD",4,0.0008353802518211654,0.2105158234589337,6.654837894169817e-05,0.12949977410523905,0.011706659742045338,0.018191980516118585,0.14389890811363337
"QQQ, XLF, XLE, XLV",4,0.0007681105258738789,0.19356385252021746,6.658276615095735e-05,0.12953322766781217,0.01123263364568195,0.018143829251188598,0.1586256257537596
"EFA, XLP, XLY, VNQ",4,0.0005399071982037599,0.1360566139473475,6.660252707719955e-05,0.12955244815693098,0.012376399027650045,0.017661924257541248,0.13215489622372123
"SPY, USO, XLV, XLI",4,0.000819184101169726,0.20643439349477094,6.660344553774396e-05,0.12955334142935673,0.010768993309501344,0.017558557772387795,0.15809728426217828
"SPY, GLD, XLF, XLI",4,0.0009103688851479873,0.2294129590572928,6.661072429161175e-05,0.12956042035083926,0.012543726482442383,0.018041947491931592,0.12366320919900153
"XLK, XLV, XLY, LQD",4,0.0006401938678056,0.1613288546870112,6.661915830593274e-05,0.12956862233231878,0.01261758519990595,0.017579771424947654,0.15121102006514764
"QQQ, XLK, XLV, AGG",4,0.0007589479061890183,0.19125487235963262,6.662733887325492e-05,0.1295765773435162,0.011974909974168462,0.017495213647124374,0.14556176567912749
"SPY, IWM, XLF, HYG",4,0.0006845711300411376,0.17251192477036667,6.662898745700873e-05,0.12957818041308578,0.012805537221123965,0.018039836911704046,0.15635686980998864
"EFA, EEM, XLF, XLV",4,0.0007288100850513417,0.1836601414329381,6.663258275965938e-05,0.129581676387652,0.012006840841564587,0.017663985187579584,0.12459317357063993
"QQQ, TLT, XLK, HYG",4,0.0006863060435449419,0.17294912297332535,6.663481904551742e-05,0.1295838508436541,0.012903490421400607,0.017641448761352624,0.13777608072592729
"GLD, XLK, XLY, AGG",4,0.0008037271506713102,0.20253924196917017,6.667994845136381e-05,0.12962772469554373,0.01353303947322787,0.018670530562657914,0.11915971244608048
"EFA, XLV, XLI, VNQ",4,0.0006199055877352687,0.1562162081092877,6.66801118238842e-05,0.1296278834958699,0.01183065868685234,0.016923577952695314,0.1346110037355961
"SPY, EEM, XLF, XLV",4,0.0007693996293447106,0.19388870659486707,6.668034189248034e-05,0.12962810712536477,0.01199061461133347,0.017816507175807225,0.1417721952795744
"EFA, GLD, XLF, XLI",4,0.0008697793408546182,0.2191843938953638,6.669195917624725e-05,0.12963939876601677,0.012343151803716968,0.017941900474510646,0.1055274712322446
"QQQ, EEM, GLD, HYG",4,0.0008698312445671512,0.2191974736309221,6.67040635257134e-05,0.1296511627733426,0.012654869946492335,0.018945877888461814,0.10219385348380361
"IWM, GLD, USO, XLP",4,0.000859111790314828,0.21649617115933664,6.670725064660293e-05,0.12965426010333767,0.011989222732157679,0.016869720714430197,0.11582072103935814
"QQQ, EEM, USO, LQD",4,0.00082714331253381,0.20844011475852015,6.670741588343286e-05,0.12965442068292576,0.011597797419698939,0.01819801088552443,0.14405423869913125
"XLK, XLY, XLU, HYG",4,0.0007148419217442246,0.1801401642795446,6.67139401382588e-05,0.1296607608910314,0.01184599362633387,0.017815008960060705,0.152824291400108
"IWM, GLD, XLF, XLV",4,0.0007992053363594377,0.2013997447625783,6.671846821809413e-05,0.12966516105322864,0.012423193984970798,0.017791985068330747,0.11643193006685815
"TLT, XLI, XLY, VNQ",4,0.00047292269190799577,0.11917651836081493,6.67291243650787e-05,0.1296755155763795,0.01254732473851828,0.01822862545228612,0.15096484381513098
"IWM, EEM, GLD, LQD",4,0.0007648479716879627,0.19274168886536658,6.6755789952664e-05,0.1297014227681074,0.01292935979185074,0.018851055760716023,0.0954378517857799
"EFA, XLE, XLV, XLY",4,0.000625766903067053,0.15769325957289737,6.678076871064552e-05,0.1297256864120698,0.011339226792316857,0.017757206034318018,0.14620628068296304
"SPY, IWM, TLT, XLF",4,0.0006204081605429801,0.156342856456831,6.680092244215947e-05,0.12974525985724558,0.012106249876782799,0.01783519824432663,0.15812181316836427
"QQQ, EFA, USO, XLV",4,0.0008460299349034294,0.2131995435956642,6.68072104568457e-05,0.12975136621679603,0.01154578736350729,0.018167116353310697,0.1535917329176265
"SPY, XLK, VNQ, HYG",4,0.0007434678946758331,0.18735390945830996,6.682448744389353e-05,0.12976814260773395,0.011870867374647532,0.018180068796241834,0.1551576526272238
"GLD, USO, XLF, XLU",4,0.0009355628539376199,0.2357618391922802,6.685124500721833e-05,0.1297941205980418,0.01164135963160107,0.016928044565986112,0.10942386416215377
"SPY, IWM, XLE, XLP",4,0.0006938722356349803,0.17485580338001502,6.68605492974802e-05,0.12980315259255074,0.011331798586778435,0.01800310845066092,0.17606737695701702
"EFA, USO, XLF, VNQ",4,0.0007711252115747918,0.19432355331684753,6.688346973778429e-05,0.1298253995715848,0.011594278198515927,0.017315668969894393,0.14202292045629294
"QQQ, IWM, XLE, LQD",4,0.000691709464868689,0.17431078514690962,6.68856015073548e-05,0.1298274685105329,0.01057353634320215,0.018453186358797342,0.16963806527813685
"SPY, EEM, XLU, VNQ",4,0.0007396389874488606,0.18638902483711287,6.693809331559432e-05,0.12987840280635488,0.011845493639339857,0.017862416789854663,0.1358883677869922
"SPY, IWM, EFA, TLT",4,0.0006049374182411246,0.15244422939676341,6.697966296386261e-05,0.1299187248509366,0.012615049441280436,0.017641900950259585,0.14455971600101214
"XLK, XLE, XLI, HYG",4,0.0007875795473107872,0.19847004592231837,6.700863471732359e-05,0.12994681969469488,0.01073565054132399,0.018475488413731377,0.15934193691886334
"IWM, USO, XLY, AGG",4,0.0006501078935735732,0.16382718918054046,6.703087552892463e-05,0.12996838320641296,0.0114180798387202,0.018087594918480297,0.17300810864843408
"EFA, XLK, XLI, AGG",4,0.0007507257055073974,0.18918287778786416,6.705321864771985e-05,0.12999004230796068,0.012070493391874578,0.01776009461641468,0.13337310205902864
"USO, XLK, XLV, XLU",4,0.000893599931384197,0.22518718270881766,6.705983042058733e-05,0.12999645097458626,0.010555434446666323,0.01781837383938359,0.15493510732076898
"IWM, EEM, GLD, HYG",4,0.0007910350393903499,0.19934082992636817,6.707896280512539e-05,0.13001499385413823,0.01296557411290723,0.018912629460172924,0.1013181549815454
"EEM, TLT, XLY, VNQ",4,0.0005036055610919814,0.12690860139517932,6.70823347813955e-05,0.130018261659321,0.012978269246369351,0.01874424560779328,0.13862484043712142
"QQQ, EEM, USO, XLP",4,0.0008755542961524449,0.2206396826304161,6.709102039371668e-05,0.13002667856719483,0.011417643021177943,0.017964476171726113,0.15266617685137884
"IWM, GLD, XLF, XLU",4,0.000847666322595675,0.21361191329411008,6.710129868345021e-05,0.13003663817643646,0.01230937208521569,0.017593791303704948,0.11502542138572469
"IWM, EEM, VNQ, LQD",4,0.0005896581382159202,0.1485938508304119,6.710435419052233e-05,0.13003959879979493,0.012574573762860492,0.01816053869448387,0.14508185588891176
"IWM, EFA, XLI, LQD",4,0.0006217261548621662,0.1566749910252659,6.71050227109263e-05,0.1300402465514174,0.01236991472509179,0.01731728199168799,0.14178130280940537
"XLK, XLE, XLY, AGG",4,0.0006938361350089501,0.1748467060222554,6.71051103893487e-05,0.13004033150571356,0.011743349306013305,0.018822049021647008,0.1628904305313451
"IWM, EFA, XLV, XLU",4,0.0006605434553065571,0.1664569507372524,6.710577633429098e-05,0.1300409767582562,0.012265069353781476,0.017141925630055285,0.13532388725383937
"EEM, TLT, XLK, XLU",4,0.0007407993239079509,0.18668142962480364,6.712763361537749e-05,0.1300621531079473,0.012720228331175538,0.01816485730172795,0.1264685145037826
"SPY, EFA, XLI, XLU",4,0.0007717070040951067,0.19447016503196687,6.715369582950662e-05,0.13008739888642432,0.011974932137745756,0.017129060586194587,0.13440948754369553
"SPY, XLI, XLY, LQD",4,0.0006142390238273663,0.15478823400449632,6.715980877119776e-05,0.130093319622269,0.012063694262278464,0.0177948156382981,0.15554070886596194
"SPY, IWM, EEM, AGG",4,0.0006848797262179689,0.17258969100692817,6.716095882534378e-05,0.13009443348578228,0.0128312965883364,0.017935571274171527,0.1432323118875667
"QQQ, TLT, XLK, LQD",4,0.0006601189758425545,0.16634998191232372,6.721013922923737e-05,0.13014205732878137,0.01323799464612876,0.01765950635601382,0.13770693513246757
"GLD, XLF, XLE, XLY",4,0.0008128897703561708,0.20484822212975504,6.721982850419764e-05,0.1301514378831744,0.012180128376488991,0.01848987518723674,0.13234203831760827
"QQQ, USO, XLY, AGG",4,0.0007289040987503744,0.18368383288509435,6.722131428892804e-05,0.1301528762679099,0.011996806844746095,0.01808674938625421,0.16474778762969333
"EFA, XLF, XLV, XLI",4,0.0006981272158673561,0.17592805839857373,6.723510361750091e-05,0.1301662249264771,0.01166267779557235,0.017051006794295175,0.1269597502054136
"EFA, USO, XLK, XLP",4,0.0008837912354398006,0.22271539133082974,6.724646812392434e-05,0.1301772252248024,0.01194445994344808,0.017838100181919555,0.1525200878870855
"IWM, EEM, XLE, XLP",4,0.0007033679396442377,0.1772487207903479,6.724777936142554e-05,0.1301784943801365,0.011305640925454365,0.018399600310777423,0.15732816849041786
"SPY, QQQ, XLI, LQD",4,0.0007411119043323365,0.1867601998917488,6.725740032570973e-05,0.1301878061958141,0.012623721074570068,0.01800712800776698,0.14931321198942882
"EFA, USO, XLY, XLU",4,0.0007676180406346965,0.19343974623994353,6.727165710658293e-05,0.13020160364165603,0.011713310131487673,0.017258389050772094,0.15162651195367305
"EFA, GLD, XLI, VNQ",4,0.0007915577127225308,0.19947254360607775,6.7286721024812e-05,0.1302161806314892,0.012185580338950548,0.01795222487966965,0.1108943715147026
"SPY, XLV, XLI, VNQ",4,0.0006604951320286377,0.1664447732712167,6.731701872646734e-05,0.13024549404516753,0.012153301475429656,0.017403353423122436,0.15374415130767538
"IWM, XLP, XLU, VNQ",4,0.0005772316824227146,0.14546238397052408,6.732693436540087e-05,0.1302550861198173,0.012119702770299787,0.01763177933846539,0.1566380629723111
"IWM, EEM, VNQ, HYG",4,0.0006158452059183074,0.15519299189141347,6.73308062939915e-05,0.1302588315089839,0.012298597792801923,0.018039486792967303,0.14557711869679624
"EEM, USO, XLU, VNQ",4,0.0007949875264663482,0.20033685666951975,6.734595628591699e-05,0.13027348534544964,0.01196986976806009,0.017439497338216384,0.13990011959889315
"IWM, EEM, GLD, XLP",4,0.0008132589553065976,0.2049412567372626,6.736059836337086e-05,0.13028764633521267,0.012380233756859023,0.01860356150000521,0.10790233552478035
"IWM, XLE, XLV, XLU",4,0.0006630913872860077,0.16709902959607395,6.736117602775499e-05,0.13028820498799673,0.010754249392260157,0.017450366592816447,0.16459544543726
"EFA, XLF, XLE, VNQ",4,0.0006777350602433855,0.17078923518133315,6.736133139497776e-05,0.13028835524149654,0.011827281855627302,0.017748831218424604,0.1388521026160041
"IWM, XLI, VNQ, LQD",4,0.0005589752690319346,0.14086176779604753,6.737149735500197e-05,0.13029818622475334,0.012186975137882623,0.017384110354351185,0.167510681847998
"XLF, XLE, XLV, XLI",4,0.0007006751478468065,0.17657013725739523,6.738435416916885e-05,0.13031061833415783,0.010809291178005762,0.017332723539364436,0.1489319107392758
"QQQ, EEM, XLI, AGG",4,0.000742488766220042,0.18710716908745056,6.738613978291415e-05,0.13031234486914264,0.012702787591688205,0.018296013493361962,0.13103125446075048
"XLV, XLI, XLY, XLU",4,0.000631869159097029,0.15923102809245132,6.738648419666934e-05,0.13031267788500348,0.012329415134980275,0.017277535510888075,0.14491710608535424
"QQQ, XLE, XLY, HYG",4,0.0006698198572429075,0.16879460402521268,6.74096256735108e-05,0.13033505157755806,0.011629484995171397,0.018971317688520305,0.1649098568655043
"GLD, XLK, XLU, VNQ",4,0.0009065630872303706,0.2284538979820534,6.744172585411673e-05,0.13036608038610892,0.01222278925793397,0.018269918175354557,0.11620479208762902
"QQQ, XLF, XLY, AGG",4,0.0006484367577413733,0.16340606295082608,6.744214378520206e-05,0.1303664843196706,0.012445274970896873,0.01828915862560837,0.15147479289222865
"IWM, EEM, USO, XLP",4,0.0007967580909756436,0.2007830389258622,6.746283775459752e-05,0.1303864836329233,0.012025566663696748,0.01801865287793746,0.15131715956884018
"SPY, USO, XLP, XLY",4,0.0007391857116382173,0.18627479933283075,6.747334038042242e-05,0.1303966325326941,0.011977478906061358,0.017927456009586222,0.1621685881400814
"QQQ, EFA, EEM, AGG",4,0.0007230863871014012,0.1822177695495531,6.74965360867052e-05,0.13041904421459968,0.01239570533691301,0.01790334373299148,0.12052985945937911
"EEM, XLE, XLI, XLU",4,0.0007837506400838146,0.19750516130112128,6.749875643067756e-05,0.13042118930806737,0.011734845604314021,0.018193544152739216,0.1414969491461383
"SPY, USO, XLF, XLU",4,0.0008637134505891783,0.21765578954847292,6.75203343772796e-05,0.13044203411122682,0.011316272962086048,0.017757257976538165,0.15164795380706664
"EEM, XLF, XLP, XLY",4,0.0006682140746384737,0.16838994680889535,6.752286782323887e-05,0.13044448126101846,0.012442165096267126,0.018003698511379493,0.1426482692304507
"QQQ, IWM, XLF, AGG",4,0.0006965134330695423,0.17552138513352467,6.753518506330025e-05,0.13045637828773135,0.01301012885378402,0.01806979653446373,0.15394753114471904
"QQQ, XLV, XLP, XLY",4,0.0006302826638342532,0.1588312312862318,6.755668465480502e-05,0.13047714180273443,0.012090897032723306,0.01748043354689956,0.1500936420052208
"EFA, EEM, USO, XLU",4,0.00085773841229658,0.21615007989873816,6.755834555172031e-05,0.13047874569842216,0.011481008152874164,0.01788013135604639,0.1310367902166345
"QQQ, IWM, TLT, GLD",4,0.0007636245787352794,0.1924333938412904,6.760153281624926e-05,0.13052044387640893,0.012965052369954709,0.01834055542300091,0.11350937825901175
"IWM, EFA, XLF, XLP",4,0.0006662055016640163,0.1678837864193321,6.760972403161898e-05,0.13052835115777714,0.012045755717353994,0.017202298770113023,0.13882997683568388
"SPY, IWM, TLT, VNQ",4,0.0005421865324108929,0.136631006167545,6.761118969916065e-05,0.1305297659700211,0.012564037304538925,0.01842597129682783,0.16634171643462237
"XLK, XLE, XLI, XLP",4,0.0008098034632270351,0.20407047273321283,6.762280858668988e-05,0.1305409811662447,0.011236788406665298,0.018034782892048823,0.16637328915227412
"IWM, EEM, XLF, HYG",4,0.0006940668340503947,0.1749048421806995,6.764392184149698e-05,0.1305613583877605,0.012662279351092624,0.018008291224813875,0.14195495660446023
"IWM, EFA, TLT, VNQ",4,0.0005015969881175238,0.12640244100561598,6.76863726933397e-05,0.1306023197294811,0.012964540826774071,0.01812766851804344,0.14156746321247138
"XLF, XLE, XLU, VNQ",4,0.0006669828691341713,0.16807968302181117,6.76887849386084e-05,0.13060464694845017,0.011610794200269184,0.017934176311374995,0.14844872038469958
"USO, XLK, XLI, AGG",4,0.0008466637888182543,0.2133592747822001,6.771412388487891e-05,0.13062909024788272,0.0118088495847519,0.01860886977221927,0.15751745556689778
"SPY, EFA, USO, VNQ",4,0.000796244013566305,0.20065349141870886,6.772627285494356e-05,0.13064080817051685,0.011764770962981553,0.017709576220716554,0.15178510356872454
"GLD, USO, XLK, AGG",4,0.0009397003573414242,0.2368044900500389,6.774265953390992e-05,0.13065661178273874,0.012824848359688508,0.018244769186107294,0.10946831499797083
"EFA, EEM, XLV, VNQ",4,0.0006505884569192542,0.16394829114365206,6.775901091594068e-05,0.1306723794488225,0.011727227122981992,0.017942144814357786,0.1396184107943622
"EFA, GLD, USO, XLF",4,0.000946315045046834,0.23847139135180218,6.776197894906172e-05,0.13067524132429814,0.011173805195524513,0.0177332176116271,0.11706511685507648
"EEM, USO, XLF, VNQ",4,0.0008212104598774181,0.20694503588910937,6.776260218824453e-05,0.13067584226412174,0.011983223881051382,0.017870459844699014,0.14919304132794609
"XLK, XLE, XLV, VNQ",4,0.0007482110853317733,0.18854919350360685,6.77695391312854e-05,0.1306825308183306,0.011155816350609764,0.018361396386124176,0.16727091432527819
"EEM, XLK, XLF, AGG",4,0.0007968793169932387,0.20081358788229617,6.777745956709393e-05,0.1306901672311566,0.012687272965153241,0.018114553406266918,0.13802720147662828
"SPY, IWM, USO, HYG",4,0.0007650384710501386,0.19278969470463492,6.781623930493966e-05,0.13072754990760285,0.011267916951150585,0.018291666959767697,0.1686420583997329
"QQQ, IWM, TLT, XLE",4,0.0006537335630729193,0.16474085789437568,6.782095695467959e-05,0.1307320968721119,0.011261800609454123,0.01846718964229785,0.17209086871581558
"XLV, XLY, XLU, VNQ",4,0.0005497158941481564,0.13852840532533542,6.783066135811323e-05,0.1307414496716498,0.011918034175240165,0.017954186393004334,0.14118176937516136
"IWM, USO, XLV, XLU",4,0.000756481538617414,0.19063334773158835,6.783397783228811e-05,0.1307446458320057,0.011885146414042837,0.01720278968022672,0.15155281730361247
"QQQ, EFA, XLF, XLU",4,0.0008140235801306656,0.20513394219292774,6.783503720274896e-05,0.13074566675455343,0.012047128815737267,0.017529955944900557,0.14475692143051855
"SPY, IWM, XLV, XLU",4,0.0007011329995999262,0.1766855158991814,6.784707955511032e-05,0.1307572714914463,0.012003288295868195,0.01732855811170546,0.16128814622474075
"IWM, EFA, EEM, AGG",4,0.0006442901819245999,0.16236112584499918,6.78912331127541e-05,0.1307998117139854,0.012611825363157775,0.018156303320309174,0.12384035301762075
"QQQ, GLD, USO, XLV",4,0.0009584688825452401,0.2415341584014005,6.789155781857931e-05,0.1308001245040768,0.011854608674933537,0.01814219054018227,0.12466516222793
"EEM, XLP, XLY, VNQ",4,0.0005899924465063861,0.1486780965196093,6.789229150226608e-05,0.1308008312610094,0.012876361057914407,0.018247147970896296,0.1430692104668131
"EEM, XLF, XLE, VNQ",4,0.0007278203085460121,0.18341071775359505,6.79133270895319e-05,0.13082109320198346,0.011756445241399793,0.018231622278040944,0.1457745565343196
"EEM, GLD, USO, XLV",4,0.0009217163737021535,0.23227252617294267,6.79174560297089e-05,0.13082506991967038,0.011906921741621121,0.01787458335203232,0.10913643037089493
"IWM, TLT, XLY, XLU",4,0.0005135605594792842,0.12941726098877962,6.792294964904609e-05,0.13083036081720334,0.012634926977370143,0.018089500847489497,0.15832439226928052
"IWM, XLI, VNQ, HYG",4,0.0005851623367343218,0.1474609088570491,6.79654541655586e-05,0.1308712896311516,0.012068124572049735,0.017375602102331578,0.16804207514672242
"IWM, XLF, XLI, LQD",4,0.0006371968971640218,0.1605736180853335,6.799617774664161e-05,0.13090086627732334,0.012644542524522868,0.017451792704211957,0.15932506138955738
"SPY, IWM, GLD, XLV",4,0.0008243241383509512,0.2077296828644397,6.80199675290564e-05,0.130923763379007,0.012729069397638057,0.01821637127704927,0.1251007108910841
"GLD, USO, XLF, VNQ",4,0.0008835641592166025,0.22265816812258382,6.805665976784421e-05,0.13095907094010995,0.011495170701828568,0.017727299046893897,0.12053228929803761
"USO, XLK, XLF, XLP",4,0.0008992619777416562,0.22661401839089737,6.805982107742584e-05,0.13096211250400366,0.011946150173781556,0.018233477650549182,0.16412101991647787
"QQQ, EFA, XLV, VNQ",4,0.0006873409657623407,0.17320992337210986,6.806998591136981e-05,0.13097189183051908,0.012291919704383708,0.01763552480322838,0.1399402321910861
"IWM, XLK, XLU, LQD",4,0.0007367315293700061,0.18565634540124154,6.807312651723096e-05,0.13097491317936502,0.012089033948506928,0.01793859743727292,0.16175848713990593
"QQQ, XLF, XLU, VNQ",4,0.0007512726943004338,0.1893207189637093,6.80816138319642e-05,0.13098307785990898,0.011813014445855325,0.017941071585905105,0.1482215120510254
"SPY, EFA, XLV, XLI",4,0.0007232460178588695,0.18225799650043512,6.809298290928753e-05,0.13099401395918997,0.01143787076146047,0.017283294491911003,0.13545576706862117
"SPY, IWM, EFA, XLP",4,0.0006913243036555296,0.17421372452119346,6.809678455876082e-05,0.13099767062359438,0.0118615407818519,0.017478682719730104,0.14820167253712602
"EFA, XLI, XLU, VNQ",4,0.000668366573971506,0.1684283766408195,6.811225796711584e-05,0.13101255286312527,0.011915283573566183,0.017308411595711882,0.13095764811631705
"IWM, XLK, XLV, LQD",4,0.0006882705431337687,0.1734441768697097,6.813167413405075e-05,0.13103122483507812,0.012144675180954231,0.01767617616282955,0.16376974825136204
"TLT, XLK, XLI, VNQ",4,0.0006581177600029476,0.16584567552074278,6.813603866055462e-05,0.13103542170901641,0.011698606328091563,0.018124254990731375,0.1571671422527403
"SPY, USO, XLU, VNQ",4,0.000785491822457091,0.19794393925918694,6.813950653390647e-05,0.1310387562767002,0.011053812148266765,0.017344946595886635,0.14763680356302555
"EFA, GLD, XLE, XLY",4,0.0007974190280543153,0.20094959506968746,6.814939688520444e-05,0.13104826597506553,0.011794084370029885,0.018964573101027195,0.12123527712783588
"IWM, TLT, XLF, VNQ",4,0.0005170677304193795,0.13030106806568362,6.816535350013179e-05,0.13106360700832712,0.012638767015502324,0.018475953370091464,0.1580433725842033
"QQQ, XLF, XLV, VNQ",4,0.0007028117080641965,0.17710855043217752,6.822054515484312e-05,0.13111665561255165,0.012089350569884624,0.01817001206476877,0.14958897796000403
"XLK, XLV, XLY, HYG",4,0.0006663809355079874,0.16792799574801284,6.823617406197477e-05,0.1311316737619773,0.01285230646236089,0.017911662259360642,0.15416716333276947
"SPY, QQQ, USO, XLP",4,0.0008660585921431877,0.21824676522008332,6.825523917220731e-05,0.13114999150360723,0.011885981419196681,0.018214173223903115,0.16466338804955427
"EEM, XLV, XLI, VNQ",4,0.0006699908360378951,0.16883769068154958,6.826210641761728e-05,0.13115658892041818,0.011942983560414299,0.017857652852242698,0.14637169272302009
"SPY, XLK, XLE, XLP",4,0.0008309906284017632,0.20940963835724433,6.827201354986242e-05,0.13116610619579028,0.011608282169210308,0.018600420327374953,0.16760316755215598
"SPY, XLI, XLU, VNQ",4,0.000708956118264875,0.1786569418027485,6.827638458434162e-05,0.13117030500556937,0.011409515507572587,0.017456293101321848,0.1570342821409798
"SPY, EFA, XLP, XLY",4,0.0006432476283273606,0.16209840233849487,6.828832265842616e-05,0.1311817720185369,0.012284589154585688,0.017544213656328297,0.1439970359479612
"SPY, GLD, USO, XLU",4,0.0009606816559291334,0.2420917772941416,6.833538707319648e-05,0.13122696956969446,0.011922586984433804,0.01721982762866943,0.1112065246724464
"XLF, XLE, XLI, XLU",4,0.0007491361340830437,0.18878230578892702,6.833646932370993e-05,0.13122800870841142,0.011030815935479773,0.01765161864002903,0.1523393919786159
"EEM, USO, XLV, XLY",4,0.0007692423027010856,0.19384906028067359,6.834022190055387e-05,0.13123161173642417,0.012187201815736706,0.018468762055858134,0.15820508753736495
"XLK, XLF, XLI, LQD",4,0.000774315289930805,0.19512745306256285,6.835114735647703e-05,0.13124210122453928,0.012482684445015657,0.01829674688606889,0.14872032569398996
"IWM, GLD, XLE, XLU",4,0.00083474351227327,0.21035536509286404,6.836584116652824e-05,0.13125620737308052,0.011922922553332322,0.017761599623979794,0.12028450037700089
"SPY, XLK, XLP, VNQ",4,0.0007656918105920809,0.19295433626920439,6.838948721852006e-05,0.1312789045470256,0.011518335632229437,0.018244626859415015,0.1611284667863474
"IWM, EEM, USO, HYG",4,0.0007745341750593959,0.19518261211496776,6.839037317609463e-05,0.1312797548762788,0.011675418117284012,0.018549944524968928,0.14892240773583731
"EEM, XLK, XLE, LQD",4,0.0007920753487923855,0.19960298789568115,6.841565283369617e-05,0.13130401560535548,0.011853115425230421,0.019005138862950775,0.14823007428277657
"IWM, EFA, XLI, HYG",4,0.0006479132225645534,0.16327413208626748,6.841702209584977e-05,0.13130532954969554,0.012186134870294109,0.017477130944227263,0.14236348190923742
"TLT, XLK, XLY, XLU",4,0.0006506789522460673,0.16397109596600895,6.84194351796977e-05,0.1313076451136179,0.01281130148706847,0.01806305684312007,0.15371666173933995
"SPY, IWM, USO, XLP",4,0.0007872623869663863,0.19839012151552934,6.842842274966919e-05,0.13131626910979705,0.011661091566769453,0.018114098562169823,0.16436970404064466
"SPY, XLK, XLE, HYG",4,0.0008087667124855155,0.2038092115463499,6.843896139143518e-05,0.1313263807109663,0.011263751165690837,0.019062129111505115,0.16451062432484886
"XLK, XLI, XLP, VNQ",4,0.0007445046454173526,0.18761517064517286,6.845155847312254e-05,0.13133846631976057,0.012384243378156865,0.017663032478357873,0.16291915087938402
"QQQ, IWM, USO, AGG",4,0.0007769807740785434,0.19579915506779294,6.845691582943953e-05,0.13134360581702775,0.011971745522336485,0.018504233070725802,0.16545971461304332
"SPY, IWM, GLD, XLU",4,0.0008727851245871884,0.21994185139597147,6.848959138831964e-05,0.131374948258245,0.012585934079981601,0.018331280051325415,0.12372478907932294
"QQQ, EFA, XLU, VNQ",4,0.0007358019519985782,0.1854220919036417,6.849062826775542e-05,0.13137594271202915,0.011898381270825528,0.017611853418234926,0.13732855545492506
"IWM, EEM, TLT, XLF",4,0.0006299038645522375,0.15873577386716387,6.855130594045604e-05,0.13143412455292927,0.013172882402460718,0.01828809875327818,0.138968917544259
"USO, XLV, XLY, VNQ",4,0.0006564061685682273,0.16541435447919328,6.856840194624499e-05,0.1314505127051764,0.01171776646248051,0.01804686106040448,0.16026560129231182
"XLE, XLI, XLU, VNQ",4,0.0006709145059509565,0.16907045549964103,6.857601737456156e-05,0.1314578121618853,0.011317114071870579,0.017605206296085852,0.1604677478470674
"IWM, TLT, GLD, XLY",4,0.0006367516982303091,0.1604614279540379,6.858533810679973e-05,0.13146674561619578,0.013152490865004833,0.018498668055843846,0.12049133101704035
"IWM, TLT, XLV, XLY",4,0.000465099573243047,0.11720509245724785,6.858725851799775e-05,0.13146858615857795,0.012511255992373453,0.017917075369751147,0.15893371779479137
"QQQ, USO, XLF, XLV",4,0.0008615006772052851,0.21709817065573184,6.86119928882876e-05,0.13149228953763212,0.011937696902008544,0.018575403044981256,0.16340481346890312
"QQQ, EEM, TLT, GLD",4,0.0008056682750689939,0.20302840531738647,6.86212712974575e-05,0.13150118009721165,0.012892967805705488,0.01906019319536084,0.09738641971511197
"IWM, USO, XLI, HYG",4,0.0007438513058754103,0.1874505290806034,6.862286681325749e-05,0.13150270885780602,0.011390352398626048,0.01772902362078955,0.1673500166088029
"EFA, EEM, XLY, LQD",4,0.0006043323487179829,0.1522917518769317,6.863145282192782e-05,0.1315109353290661,0.012503323369775454,0.018296820821847568,0.12306217693893684
"SPY, XLP, XLY, VNQ",4,0.0005804967424971288,0.14628517910927646,6.86454639796506e-05,0.13152435866740408,0.012614403065493905,0.01840157295787073,0.15715415618356754
"SPY, XLF, XLI, XLU",4,0.0007871777463969625,0.19836879209203453,6.867634630989277e-05,0.1315539405342652,0.011744791534872321,0.01766382225185753,0.1488901685024896
"SPY, EFA, XLK, AGG",4,0.0007719128706821258,0.19452204341189572,6.868234184209301e-05,0.13155968282193234,0.012004126557666079,0.017796270662900748,0.140750858133193
"SPY, EEM, USO, XLU",4,0.0008983279565899492,0.22637864506066718,6.868640827020876e-05,0.1315635773460596,0.012049196194834638,0.01802374945108935,0.14870125871158113
"SPY, TLT, XLK, VNQ",4,0.0006793049251776758,0.1711848411447743,6.869112331725074e-05,0.13156809292509786,0.011773464708132998,0.018565957257661223,0.15743894657734114
"IWM, USO, XLF, XLP",4,0.000762143584974873,0.19206018341366798,6.870022286796635e-05,0.13157680708516803,0.011604784568672682,0.01779980840833873,0.15611494068499865
"EFA, GLD, USO, XLU",4,0.0009200921116357644,0.23186321213221261,6.870938806359219e-05,0.13158558352655975,0.012378417935483015,0.01717170731547786,0.11301534310744121
"IWM, GLD, XLP, XLY",4,0.000723138583644714,0.18223092307846792,6.872207196399155e-05,0.13159772845655762,0.013223241898650368,0.018269806739994468,0.1272782935225586
"SPY, QQQ, TLT, XLI",4,0.0007031360025365667,0.1771902726392148,6.880973549807406e-05,0.13168163632608254,0.012340738693370205,0.018139699876938763,0.15093792209814172
"QQQ, XLY, VNQ, LQD",4,0.0005783339717308379,0.14574016087617117,6.883782196444442e-05,0.13170850821051766,0.013071475410057406,0.018767173215659443,0.160255133784157
"EFA, USO, XLI, VNQ",4,0.0007750568483915769,0.1953143257946774,6.883791702922292e-05,0.13170859915496855,0.011585703308631358,0.017281135809600764,0.14377323705942824
"EEM, XLF, XLV, XLI",4,0.0007482124641699823,0.18854954097083554,6.889653368804775e-05,0.13176466328036526,0.011668675084151918,0.01793808813643247,0.13419049640127834
"EEM, TLT, XLK, XLE",4,0.0007540994469966158,0.19003306064314718,6.893882064007869e-05,0.13180509398843365,0.012298736222228877,0.018997271635087198,0.14331496287479206
"TLT, XLK, XLV, XLY",4,0.00060221796600983,0.15175892743447716,6.894381861089909e-05,0.13180987174694683,0.012710649781751656,0.018021244440595514,0.15423420531952148
"IWM, GLD, XLV, VNQ",4,0.0007209837082273503,0.18168789447329226,6.89673498916848e-05,0.1318323639047126,0.012950360318092503,0.018045615095342412,0.11252155811220299
"EEM, XLF, XLI, XLU",4,0.0007966734504062196,0.20076170950236735,6.897042695907771e-05,0.13183530480750438,0.012655982939516974,0.01789118517130999,0.13277694968040277
"EEM, GLD, XLI, XLU",4,0.0008936416557461747,0.22519769724803604,6.898452174213856e-05,0.1318487750379916,0.01283502738702964,0.019279388358746666,0.1041320902140278
"QQQ, EFA, XLY, AGG",4,0.0006329660154395177,0.15950743589075847,6.901168982821208e-05,0.1318747353995808,0.01237897435108348,0.01792725641534473,0.1414514099053511
"EEM, XLI, XLY, LQD",4,0.0006237347278366238,0.1571811514148292,6.902670122316192e-05,0.13188907728935254,0.012448119530082477,0.018312150885608336,0.13869154599950373
"IWM, EFA, XLP, VNQ",4,0.0005879838735319288,0.14817193613004606,6.902911723563386e-05,0.1318913854024581,0.012373570392816528,0.017689487120349123,0.1472101326126607
"EFA, XLI, XLP, XLY",4,0.0006220604631526324,0.15675923671446335,6.902963074722137e-05,0.13189187597536017,0.012621736024948175,0.017160171246460822,0.13670802946197136
"GLD, USO, XLK, XLP",4,0.0009962301830816111,0.25105000613656603,6.906488268636348e-05,0.13192554884086555,0.012349502742402714,0.017802465386532528,0.12413981668701812
"SPY, XLI, XLY, HYG",4,0.0006404260915297535,0.16138737506549788,6.906887120385757e-05,0.13192935815568918,0.012333228192754338,0.018133364375189902,0.15979163044505096
"QQQ, IWM, EFA, AGG",4,0.0006810426907676866,0.17162275807345703,6.910067089981145e-05,0.1319597251692822,0.012110583795048951,0.017762295162989338,0.1443108815600873
"IWM, XLE, XLP, VNQ",4,0.0005905318055113793,0.1488140149888676,6.911767597549671e-05,0.13197596124228522,0.011738704296693173,0.01780111053957348,0.17599511228938614
"SPY, GLD, USO, VNQ",4,0.0009086829612081159,0.2289881062244452,6.912001412068593e-05,0.13197819349579254,0.012002628992003498,0.01809467309233292,0.12278334026921345
"XLK, XLP, XLY, XLU",4,0.0007370658376604723,0.18574059109043903,6.912517858123567e-05,0.13198312393056694,0.012176829733465115,0.017910818458268984,0.1564857542975958
"EEM, XLE, XLV, XLY",4,0.0006758521513696796,0.17031474214515926,6.914308416254592e-05,0.13200021670043413,0.011724488913682636,0.018632640733590087,0.15431713495228971
"SPY, QQQ, EEM, AGG",4,0.0007636759313947701,0.19244633471148206,6.914343913155127e-05,0.1320005555334936,0.012914967822332132,0.018193317608884048,0.13923486005837415
"QQQ, EFA, GLD, XLE",4,0.0009242919085592854,0.23292156095693992,6.915600032622306e-05,0.13201254516979896,0.012242588066052199,0.019050721839359953,0.12496569831949944
"EFA, EEM, GLD, XLV",4,0.0008257782903912968,0.20809612917860681,6.925551689452101e-05,0.13210749508419006,0.011994894703414557,0.018916109173106887,0.11812621524375477
"TLT, USO, XLK, XLI",4,0.0008168067291440363,0.20583529574429715,6.928010947929159e-05,0.13213094864104127,0.01218711855362124,0.018442132418803058,0.15638783730209815
"TLT, GLD, USO, XLK",4,0.0009098432976672062,0.22928051101213598,6.928628706852839e-05,0.13213683945542648,0.012332578585944191,0.018026185759112696,0.10975845572127729
"QQQ, EFA, USO, XLU",4,0.0008944909211396667,0.225411712127196,6.928758672216489e-05,0.13213807874335676,0.011385523556813876,0.01790635229415344,0.15103016105515332
"IWM, XLE, XLY, LQD",4,0.000564836584363719,0.1423388192596572,6.930188237680138e-05,0.1321517096331105,0.011728662268305948,0.01852929469970746,0.17489122321885908
"IWM, XLF, XLV, XLU",4,0.0006760141976084129,0.17035557779732005,6.930626164404348e-05,0.13215588497792657,0.011911244171798169,0.017570868516246268,0.15298109637007296
"USO, XLK, XLF, HYG",4,0.0008770380618254085,0.22101359158000294,6.930700954963489e-05,0.13215659804379046,0.012614760974837316,0.01884308018363807,0.16049724174951396
"SPY, TLT, XLI, XLY",4,0.0005762631220315966,0.14521830675196234,6.932361953037211e-05,0.13217243328944872,0.012224342478705734,0.018131682202590527,0.15853975331671677
"XLE, XLV, XLY, VNQ",4,0.0005630160172368214,0.141880036343679,6.932610404945824e-05,0.1321748017606362,0.011259937538716697,0.01823325599139031,0.16100522275829843
"SPY, IWM, XLI, LQD",4,0.0006623156991555354,0.1669035561871949,6.93475740074283e-05,0.13219526712356963,0.012310462354229388,0.01788684288836717,0.16769197540705783
"QQQ, XLE, XLV, XLI",4,0.0007720421626906641,0.19455462499804735,6.935440120232588e-05,0.13220177420513735,0.011313070945429186,0.018219115656255048,0.16030580238590564
"IWM, XLF, XLE, XLP",4,0.0006687534336434667,0.1685258652781536,6.936196954393323e-05,0.13220898730824307,0.011077068388557801,0.01827271080177771,0.1679528412711062
"IWM, XLK, XLU, HYG",4,0.0007629185970723933,0.1922554864622431,6.936256060974277e-05,0.13220955061437573,0.012422738761392068,0.018199703761962498,0.16235023713908658
"EFA, GLD, USO, VNQ",4,0.0008680934169147468,0.2187595410625162,6.937587467980452e-05,0.1322222387471591,0.012242725908577074,0.017793434121095807,0.1171777820849248
"SPY, QQQ, USO, HYG",4,0.0008438346762269399,0.21264633840918887,6.937591823875469e-05,0.13222228025626462,0.011949329433633043,0.018829656369695722,0.16185587190995587
"IWM, USO, XLP, VNQ",4,0.0006839219568427855,0.17234833312438197,6.937789452744746e-05,0.13222416352889801,0.012080648269497053,0.017460604665105395,0.1576957742605103
"XLF, XLV, XLI, VNQ",4,0.0006353763300371243,0.16011483516935532,6.94200573120301e-05,0.1322643354900768,0.012281932070547756,0.01751690628721007,0.145464649412274
"EEM, XLK, XLE, XLP",4,0.0008404863324110206,0.21180255576757717,6.942346948495215e-05,0.13226758601489613,0.012323785811874592,0.018850163463657664,0.1568713801687539
"GLD, USO, XLY, XLU",4,0.0008800569882765071,0.2217743610456798,6.942692028752014e-05,0.13227087325808004,0.01220932500095733,0.01733442744087815,0.11932029185633508
"SPY, IWM, XLP, VNQ",4,0.0006285734178252978,0.15840050129197505,6.942852013465801e-05,0.1322723972487602,0.012150749256611422,0.01798636277694067,0.17281018092451084
"USO, XLF, XLI, XLU",4,0.00084252628541445,0.2123166239244414,6.943673326429701e-05,0.1322802206779337,0.011640240617403085,0.01751318771908878,0.1493763510610887
"EFA, XLE, XLI, VNQ",4,0.0006816666970601707,0.17178000765916301,6.944159816026344e-05,0.13228485452381308,0.011537586988845688,0.017749126251180337,0.1510018015196204
"SPY, EEM, XLE, VNQ",4,0.0007529391105375254,0.1897406558554564,6.944630446119864e-05,0.13228933715240263,0.011783858568412022,0.018585242242193097,0.15605655728529
"SPY, XLK, XLV, XLU",4,0.0008382513923667094,0.21123935087641077,6.946891791637532e-05,0.1323108737592137,0.011228450514508376,0.017859794559199015,0.15567424294923016
"XLF, XLP, XLY, VNQ",4,0.0005553779405056154,0.13995524100741508,6.947172711993245e-05,0.13231354894425204,0.012954986785263583,0.01843389893515116,0.14482594845363161
"EEM, USO, XLI, XLU",4,0.0008771407914152209,0.22103947943663566,6.947582544040348e-05,0.13231745164936362,0.011749813903845255,0.0179636789645951,0.14070129940611942
"IWM, EEM, XLI, AGG",4,0.0006636925610432407,0.16725052538289667,6.949953948527495e-05,0.13234003154861831,0.012493182254242443,0.018178091982242957,0.1437293810111827
"SPY, QQQ, XLI, HYG",4,0.0007672989720347239,0.19335934095275042,6.950640714894407e-05,0.13234657004068487,0.01247322394650473,0.018451846801013794,0.15563952353669064
"GLD, XLF, XLY, VNQ",4,0.0007475909525464884,0.1883929200417151,6.950854448410415e-05,0.13234860486606667,0.013929224027660184,0.018760193746255985,0.12316265032459073
"GLD, XLK, XLE, VNQ",4,0.0009198632103190356,0.23180552900039697,6.952859434411585e-05,0.13236769158188563,0.012345231871748925,0.01896066987889179,0.137704695667333
"QQQ, TLT, USO, XLY",4,0.0006990470390761564,0.17615985384719143,6.954036275693327e-05,0.13237889338843709,0.011873331286669932,0.01805957050451197,0.16388209701485013
"SPY, XLK, XLF, LQD",4,0.0007955024551055335,0.20046661868659443,6.954652796276263e-05,0.13238476138368868,0.01278123176185733,0.01849910493812944,0.15623087600599872
"EFA, EEM, XLY, HYG",4,0.0006305194164203704,0.15889089293793332,6.955127493415888e-05,0.13238927933714287,0.011851727294676033,0.01840633976059967,0.1294192028146124
"IWM, GLD, XLK, AGG",4,0.000851803825999479,0.2146545641518687,6.956904801141185e-05,0.13240619358200653,0.013326127241052924,0.018943612360835468,0.12181840663007759
"QQQ, EEM, XLE, XLV",4,0.0008027250318746496,0.2022867080324117,6.957778947128015e-05,0.1324145118435385,0.011288870571195538,0.018763749294813604,0.1578879732492401
"TLT, XLK, XLF, XLI",4,0.0007363393881350351,0.18555752581002885,6.957804717997426e-05,0.13241475706790962,0.012733266032104847,0.018248406576215955,0.14920720315464542
"USO, XLE, LQD, AGG",4,0.0005564643489256719,0.1402290159292693,6.957965254009008e-05,0.1324162846484627,0.013004317796071859,0.01830683326292509,0.11503852816255766
"SPY, EFA, XLF, XLE",4,0.0007810754903669864,0.19683102357248056,6.959435069303142e-05,0.13243026985792908,0.012112160520344072,0.01857130722483945,0.15255482710299462
"SPY, USO, XLI, XLU",4,0.0008676450874059634,0.21864656202630278,6.962254530455182e-05,0.1324570927385433,0.011852426866887212,0.017520873969386654,0.1606086620355286
"SPY, EEM, XLY, LQD",4,0.000644921893011352,0.1625203170388607,6.96251938032404e-05,0.1324596121027711,0.013142842635307891,0.018432692774316316,0.14456275725234902
"SPY, QQQ, XLE, XLV",4,0.0007932293278653922,0.19989379062207882,6.964126499559144e-05,0.1324748986747642,0.011273719597195232,0.01876157874453734,0.16817561562680194
"EFA, EEM, XLU, VNQ",4,0.0006990494431554915,0.17616045967518384,6.966631101698489e-05,0.1324987183948592,0.012256931520967681,0.01808918149859873,0.12833886976222486
"EFA, USO, XLK, HYG",4,0.0008615673195235525,0.21711496451993523,6.966851973645221e-05,0.13250081876571917,0.01191275304564792,0.01872679230845353,0.14985250044615017
"SPY, QQQ, XLE, XLU",4,0.0008416903141016293,0.21210595915361058,6.966866975719365e-05,0.1325009614259942,0.011136979392076297,0.018750540194580945,0.16571742330597128
"GLD, USO, XLK, LQD",4,0.000947819199462976,0.23885043826466995,6.967523378720958e-05,0.132507203254679,0.012919686967600421,0.018464828073616414,0.11480048284992328
"XLK, XLV, XLI, XLU",4,0.0008170642271919811,0.20590018525237924,6.969927949106409e-05,0.132530066142548,0.011485012873407379,0.017666204626520233,0.15145362029301668
"QQQ, IWM, XLE, HYG",4,0.0007178965325710763,0.18090992620791124,6.973498991801759e-05,0.13256401268572263,0.010946404157156711,0.01895762704981734,0.1700253992278692
"QQQ, EEM, USO, HYG",4,0.0008533303802361971,0.21503925581952169,6.975141832649073e-05,0.1325796267089166,0.012007428163015295,0.01889902091961014,0.14998179638144427
"QQQ, XLY, VNQ, HYG",4,0.000604521039433225,0.1523393019371727,6.975413666464215e-05,0.1325822101169302,0.013222332507423254,0.018929276223124007,0.16301641745682738
"IWM, XLK, XLV, HYG",4,0.0007144576108361562,0.18004331793071138,6.977336245569772e-05,0.13260048016065337,0.012369696863062676,0.017970793239089847,0.16419952227317003
"IWM, EEM, XLF, XLP",4,0.0007162907499666426,0.18050526899159391,6.978753899775892e-05,0.13261395035001125,0.012363843155817227,0.018083981825032486,0.14570441848211824
"SPY, GLD, XLE, XLY",4,0.0008380085723476842,0.21117816023161642,6.980736480961092e-05,0.13263278603732168,0.012052543878384808,0.019192465387555646,0.14084531270205336
"SPY, GLD, USO, XLF",4,0.0009869045893402032,0.2486999565137312,6.980931493879733e-05,0.1326346386302497,0.011094156361313874,0.018177029283979074,0.12935236639478487
"XLK, XLY, VNQ, AGG",4,0.0006285373171992677,0.15839140393421547,6.982354527076539e-05,0.13264815644490835,0.013147286938886215,0.01871395162725852,0.16315155099289902
"IWM, EFA, GLD, XLV",4,0.0007837345940575821,0.1975011177025107,6.982722235895249e-05,0.13265164919614092,0.01283889450402731,0.018354326187636445,0.10689383317303258
"USO, XLF, XLU, VNQ",4,0.0007603730204655775,0.19161400115732555,6.983683358096017e-05,0.13266077816145194,0.011776498052207662,0.017839467516707123,0.13628198218994803
"SPY, EEM, GLD, XLE",4,0.0009281289440095677,0.23388849389041108,6.986546399294346e-05,0.13268796827980203,0.012208019747709692,0.019336204689806014,0.12254872226745439
"QQQ, EFA, XLF, XLV",4,0.0007655625938944282,0.1929217736613959,6.987262146328307e-05,0.13269476481288678,0.012346571764324915,0.017729715375797837,0.14520718310711067
"EFA, EEM, XLE, VNQ",4,0.0007123495662441562,0.17951209069352736,6.98800531263562e-05,0.13270182134334765,0.011693150618544151,0.01862384635797247,0.1436373500889052
"EEM, XLE, XLY, XLU",4,0.0007243131376059168,0.18252691067669102,6.988375410273991e-05,0.1327053353633171,0.012000908333422702,0.01844218426097504,0.15178221934589364
"GLD, USO, XLI, XLU",4,0.0009394944907544051,0.23675261167011008,6.988479646038247e-05,0.13270632504902088,0.012062143231890534,0.016955647297529873,0.10960646866155321
"QQQ, IWM, VNQ, LQD",4,0.0006264106470590068,0.15785548305886973,6.994337795199291e-05,0.1327619344688161,0.012483881290939034,0.01851085576910147,0.16662352127379054
"IWM, EFA, USO, XLV",4,0.0007672337297266281,0.19334289989111028,6.994526116072614e-05,0.1327637217484618,0.01217217166745951,0.018440635175657926,0.15214371241205016
"IWM, XLF, XLI, HYG",4,0.0006633839648664091,0.1671727591463351,6.99599896629621e-05,0.13277769916317442,0.012623764271441473,0.017859187556204907,0.1599372142725083
"IWM, EFA, TLT, XLI",4,0.0005837502530663964,0.1471050637727319,6.997233918276179e-05,0.1327894177788877,0.012971947300739237,0.01780632383997827,0.14426338546634454
"IWM, USO, XLI, XLP",4,0.0007660752217916581,0.19305095589149784,7.001617196892612e-05,0.13283100291787828,0.011474105598842958,0.017565486020401287,0.1615630862616768
"EEM, XLK, VNQ, LQD",4,0.0007267765309827034,0.18314768580764126,7.002132655737126e-05,0.13283589233508222,0.012948597218374554,0.018604883115197566,0.13972919439587916
"IWM, EEM, TLT, GLD",4,0.0007268720698921927,0.18317176161283255,7.003639895613707e-05,0.13285018832108045,0.01284893497857365,0.01932017783501668,0.09733417318146287
"USO, XLF, XLV, XLY",4,0.0007346277967003148,0.18512620476847935,7.004034612838321e-05,0.1328539319115267,0.012007981757464925,0.01834533606666638,0.1673542684164323
"IWM, EEM, XLV, XLU",4,0.0007106287036091835,0.17907843330951426,7.011157504181269e-05,0.13292146896019771,0.01257047777712029,0.018161063898943067,0.14501212701676813
"IWM, USO, XLY, LQD",4,0.0006582267356951251,0.1658731373951715,7.01129770401364e-05,0.13292279794720835,0.011551241910484216,0.018538050762194926,0.17779052859138023
"QQQ, USO, XLY, LQD",4,0.0007370229408719262,0.1857297810997254,7.01280080373631e-05,0.13293704534634243,0.01190330772595738,0.018486173249749393,0.16919785406557575
"QQQ, XLE, XLP, XLY",4,0.0006920437731591553,0.17439503083610713,7.013030000533993e-05,0.13293921769495132,0.011394351102173177,0.018983101234424288,0.16764790410644959
"TLT, USO, XLE, AGG",4,0.000518488447129902,0.1306590886767353,7.013302878657715e-05,0.1329418040129494,0.012910196520097821,0.018309747283641903,0.11101092870539986
"SPY, XLF, XLV, XLI",4,0.0007387167601607251,0.18615662356050272,7.017520706893821e-05,0.13298177386909993,0.011677084474083109,0.01787747188307729,0.1475768585962094
"IWM, TLT, USO, XLY",4,0.0006202508338993552,0.1563032101426375,7.025028831400459e-05,0.13305289420049893,0.01201014037652036,0.018297836038853505,0.17256641922125182
"EFA, EEM, USO, VNQ",4,0.0008057397175755624,0.20304640882904174,7.027899653830157e-05,0.13308007787663786,0.012174460971254849,0.01823970931579769,0.14828563859338217
"XLF, XLI, XLU, VNQ",4,0.0006838373162733616,0.17232700370088713,7.029262977599722e-05,0.13309298517784965,0.011398666407327817,0.017858905446486766,0.14878028958222056
"IWM, TLT, XLF, XLI",4,0.0005992209953682521,0.15100369083279955,7.029589044775328e-05,0.13309607204134097,0.012470877850450838,0.017714505041974107,0.16169200645200743
"SPY, IWM, XLF, XLP",4,0.0007067950459573852,0.17811235158126107,7.03123234794973e-05,0.13311162803013613,0.012511190715154602,0.018003303124564985,0.16475536163816384
"QQQ, XLK, XLU, LQD",4,0.0008155277345468073,0.20551298910579543,7.031433024806155e-05,0.13311352757143624,0.011960898006545812,0.01845582967923447,0.14920257845814278
"SPY, QQQ, XLI, XLP",4,0.0007895228879509716,0.19895976776364485,7.032596476546474e-05,0.13312453988989828,0.012202832738436156,0.01777442598053593,0.15931005752972727
"GLD, USO, XLI, VNQ",4,0.0008874957960333875,0.22364894060041365,7.036696058182851e-05,0.1331633360449519,0.012159421506446343,0.01754107360180543,0.1207353732037274
"USO, XLK, XLI, LQD",4,0.0008547826309398063,0.21540522299683118,7.037044004025607e-05,0.1331666282900657,0.012075781403590677,0.01894440319342845,0.1622011731480545
"SPY, XLF, XLE, VNQ",4,0.0007183246045367546,0.18101780034326218,7.03954140517828e-05,0.13319025617908115,0.011439964502973255,0.01873670695111539,0.16487619737546677
"SPY, EFA, GLD, XLI",4,0.0008948981428461316,0.22551433199722518,7.039731326183646e-05,0.13319205284844432,0.012822626456735268,0.018756452394902985,0.11274035411318795
"SPY, EFA, USO, XLF",4,0.0008744656416983925,0.2203653417079949,7.04241439360762e-05,0.13321743231233368,0.011696313752081071,0.01850491615432794,0.15758356286809183
"XLI, XLP, XLY, VNQ",4,0.0005593095773224006,0.14094601348524496,7.043140497728287e-05,0.13322429978902228,0.012748154290160445,0.017902026603974212,0.15679710697437477
"IWM, EFA, XLY, AGG",4,0.0005541698102627164,0.13965079218620452,7.04371291824608e-05,0.13322971348006465,0.013208031836964467,0.018027511258647353,0.1509331975091721
"QQQ, USO, XLU, VNQ",4,0.0008317400353094348,0.20959848889797758,7.0446664994815e-05,0.13323873152613463,0.011722257737062015,0.017949270488587882,0.1555605765038024
"IWM, XLY, VNQ, AGG",4,0.0004914189244324846,0.12383756895698612,7.045524662426803e-05,0.13324684667681838,0.013709430234707312,0.018575015114868088,0.1677685043948558
"SPY, EEM, GLD, VNQ",4,0.0008628301261998854,0.2174331918023711,7.046932588344677e-05,0.13326015954751289,0.012798343610139155,0.019448760071317486,0.11244889618916587
"GLD, XLK, XLY, LQD",4,0.0008118459927928623,0.2045851901838013,7.047417385646367e-05,0.133264743318812,0.013842674404732266,0.019079341622035628,0.1242453821092595
"QQQ, XLE, XLI, XLU",4,0.0008205031489269012,0.2067667935295791,7.047940603619092e-05,0.13326969018167675,0.01151909815434655,0.018272243986972605,0.1626791186705635
"SPY, EEM, GLD, XLF",4,0.0009410517543319726,0.2371450420916571,7.049634063383816e-05,0.13328570005716,0.012339906385812244,0.01930094624984057,0.11786019547941873
"SPY, XLF, XLP, XLY",4,0.0006587183706292164,0.16599702939856253,7.049980137266382e-05,0.13328897158396594,0.012329892039894728,0.018504952088972227,0.15592553231292783
"EEM, XLI, XLY, HYG",4,0.000649921795539011,0.16378029247583076,7.050224797654084e-05,0.13329128437406662,0.012541307504857636,0.018466728547039717,0.13988249712267153
"GLD, USO, XLF, XLI",4,0.000965717424165475,0.2433607908896997,7.05139202777975e-05,0.1333023177218047,0.011708007444577433,0.017754290070455207,0.12163679159267649
"QQQ, USO, XLF, XLU",4,0.0009099616634415224,0.22931033918726362,7.053279547434228e-05,0.13332015773893405,0.011928481703092006,0.01836059233013577,0.16206875126266063
"XLK, XLE, XLU, VNQ",4,0.0007966720715680107,0.2007613620351387,7.056024577992782e-05,0.13334609831765537,0.011463070874847341,0.01862320725189373,0.17067485445137875
"IWM, TLT, XLK, XLV",4,0.0006502946413379989,0.16387424961717573,7.056981540650509e-05,0.13335514044250144,0.01247526491495875,0.018011653062326022,0.16644833951249272
"IWM, XLK, XLP, XLU",4,0.0007851425129886412,0.1978559132731376,7.059481318919447e-05,0.133378757392911,0.011921952267581967,0.017875742620219116,0.17051678195926223
"USO, XLV, XLI, XLY",4,0.0007385594335171001,0.18611697724630924,7.0595080340047e-05,0.1333790097642498,0.01201935544388053,0.01819372036167739,0.17216379812922022
"USO, XLI, XLU, VNQ",4,0.0007643046572823626,0.19260477363515538,7.059824654306628e-05,0.13338200076791737,0.011652224399877413,0.017344613606884707,0.14640244617264364
"QQQ, XLK, XLV, LQD",4,0.0007670667483105701,0.19330082057426368,7.062482109115872e-05,0.13340710219089535,0.012131772081751577,0.018036587374895014,0.15062146722933167
"SPY, XLE, XLY, XLU",4,0.0007148174335966594,0.18013399326635818,7.062799088124335e-05,0.13341009595256773,0.011530419352244886,0.018561571195213244,0.16607325110740645
"GLD, XLE, XLI, XLY",4,0.0008168214071729559,0.20583899460758487,7.063366350775671e-05,0.13341545339260627,0.011977220814494491,0.01869255598379187,0.13322860965436223
"GLD, XLK, XLP, XLY",4,0.0008602569764114972,0.2167847580556973,7.06505876554239e-05,0.1334314359106085,0.013950637485310417,0.018821260141495294,0.134305811395238
"SPY, TLT, XLK, XLF",4,0.0007575265533097633,0.19089669143406035,7.06754729588128e-05,0.13345493316329984,0.012833492538855653,0.018511952721751494,0.15107466431413608
"QQQ, EFA, XLE, VNQ",4,0.0007491020750872428,0.1887737229219852,7.06834069771719e-05,0.13346242376881712,0.011812734806441454,0.01878714154574861,0.158421238783373
"SPY, EFA, XLF, VNQ",4,0.0007157766725573039,0.1803757214844406,7.069414090986587e-05,0.13347255713923442,0.011980939105579845,0.01814999709974718,0.14490832165387801
"IWM, XLP, XLY, XLU",4,0.0005999474448936893,0.1511867561132097,7.074765958481208e-05,0.13352306997434055,0.012756311060774924,0.017781777413449062,0.16424184079070336
"EFA, EEM, USO, XLF",4,0.00088396134570765,0.22275825911832778,7.075310654739378e-05,0.13352820994060857,0.01211031038398902,0.0187057951898802,0.14526876356870744
"EFA, XLK, XLE, XLV",4,0.0008109619711620052,0.20436241673282532,7.075835692006195e-05,0.1335331642097034,0.011313763297126756,0.018655896793997654,0.15789006539379258
"IWM, EFA, GLD, XLU",4,0.0008321955802938194,0.20971328623404248,7.076962650357309e-05,0.13354379760550625,0.012389728496105064,0.01853076000929934,0.10446532273770148
"EEM, XLI, XLU, VNQ",4,0.0007184518222741323,0.18104985921308134,7.079422630556698e-05,0.13356700576490768,0.012873462600435141,0.018086867329988026,0.13886420779890474
"XLF, XLE, XLY, XLU",4,0.000689698631605146,0.1738040551644968,7.08011359757255e-05,0.1335735238207139,0.011804985373182036,0.018451852581756977,0.156205926420384
"IWM, XLE, XLI, XLP",4,0.000672685070460252,0.1695166377559835,7.080373811874004e-05,0.13357597840151686,0.011394279276847462,0.017962944627184053,0.17968927729670203
"EEM, GLD, XLV, XLY",4,0.0007857431670320397,0.198007278092074,7.080388896932179e-05,0.13357612069628721,0.012969884079832331,0.019112175182323266,0.11413002984524467
"USO, XLK, XLV, VNQ",4,0.0008416012366631796,0.21208351163912126,7.082168622334016e-05,0.133592907477462,0.011666127022373655,0.01891614570971627,0.1660384768104325
"EEM, XLK, VNQ, HYG",4,0.0007529635986850906,0.18974682686864283,7.082740877156658e-05,0.13359830466901434,0.012806161931842192,0.018526915962971728,0.14433328217479535
"IWM, TLT, XLE, XLY",4,0.0005268606825679491,0.13276889200712316,7.08487134109362e-05,0.1336183961120471,0.012411768138707974,0.018895664034698417,0.17719769273963326
"EEM, XLK, XLP, VNQ",4,0.0007751875146013381,0.1953472536795372,7.085268967996646e-05,0.1336221456172275,0.012233830437904152,0.01845229507350481,0.1470854797804535
"XLE, XLY, XLU, VNQ",4,0.0006114770034730585,0.15409220487521072,7.086545318258938e-05,0.13363418051536263,0.01210587544699624,0.018584208015786852,0.16426249434320594
"QQQ, IWM, VNQ, HYG",4,0.0006525977147613938,0.16445462411987125,7.088436521779562e-05,0.133652010964611,0.012218426986035138,0.018650807863723376,0.16701865571962626
"XLK, XLF, XLI, HYG",4,0.0008005023576331924,0.20172659412356447,7.089458938352366e-05,0.13366164941615813,0.01266415745718252,0.01882159835658201,0.15507106848761332
"QQQ, IWM, TLT, USO",4,0.0007471237144043252,0.18827517602988997,7.093142592620913e-05,0.13369636993353523,0.01225368635624227,0.018485889385124594,0.16497634464210997
"QQQ, EFA, GLD, VNQ",4,0.000858993090749603,0.21646625886889995,7.093779637412512e-05,0.13370237352522776,0.0127763332959532,0.018898899477483057,0.1155275295570739
"IWM, XLK, XLE, AGG",4,0.000741912810337119,0.18696202820495397,7.094631789945763e-05,0.13371040389836286,0.010882639165690582,0.01921926046359831,0.1747064465547189
"EFA, USO, XLF, XLI",4,0.0008532784765236642,0.21502617608396338,7.099344698821313e-05,0.1337548079174342,0.01180857043171015,0.018209574332221253,0.15042890016952626
"SPY, EFA, EEM, XLU",4,0.0008023898732790922,0.20220224806633122,7.10239021021819e-05,0.13378349423508806,0.012648094140339756,0.018388694301784518,0.13051411705394433
"EEM, USO, XLY, XLU",4,0.000817703288937323,0.2060612288122054,7.106108305910749e-05,0.13381850743038157,0.012140397659601483,0.018301772931670384,0.15756514375205344
"XLK, XLV, XLP, XLY",4,0.0006886048514242351,0.17352842255890727,7.107327468454211e-05,0.1338299862530988,0.012772353000865736,0.01796323466688069,0.15784424201581992
"XLK, XLE, XLY, LQD",4,0.0007019549771305019,0.1768926542368865,7.108002391973208e-05,0.13383634046017728,0.011639000464977591,0.019314999099378463,0.1686512635389884
"USO, XLF, XLY, XLU",4,0.0007830887829365521,0.19733837330001114,7.110165986295423e-05,0.133856708033122,0.01238400608136657,0.018342832940520987,0.1660704484397565
"IWM, EEM, XLP, VNQ",4,0.0006380691218345553,0.16079341870230793,7.112749672496002e-05,0.13388102619374384,0.012407677803538433,0.018446132462911335,0.15412215910374671
"EEM, XLK, XLE, HYG",4,0.000818262416494773,0.20620212895668277,7.11301361927516e-05,0.1338835102638611,0.011872505332522999,0.019378053189847467,0.15417862475460364
"QQQ, GLD, XLE, XLI",4,0.0009436942876779261,0.23781096049483738,7.114655431043906e-05,0.13389896073618587,0.011825666204460298,0.019062044520350534,0.13590564745374234
"IWM, GLD, USO, XLV",4,0.0008796726773684389,0.2216775146968466,7.11496748380157e-05,0.13390189714555936,0.012360853399799199,0.018014542991526643,0.12321994334160458
"SPY, QQQ, GLD, VNQ",4,0.0008995826350429721,0.22669482403082897,7.115307902240518e-05,0.1339051004019119,0.013038176057733837,0.019052955552667682,0.1344084938987693
"IWM, TLT, XLK, XLU",4,0.0006987556275742364,0.17608641814870757,7.11568640530647e-05,0.1339086619355608,0.012133481011451163,0.018313955472309473,0.16443554987098907
"EFA, XLF, XLY, XLU",4,0.0006871506996256955,0.17316197630567526,7.116640017452517e-05,0.1339176345519153,0.012877299326337322,0.018073572490294915,0.1422654185909814
"SPY, EEM, XLY, HYG",4,0.0006711089607137392,0.16911945809986226,7.116675152881275e-05,0.13391796513261697,0.012984535611284615,0.018635763418015826,0.14740277793649548
"EFA, XLK, XLI, LQD",4,0.0007588445476289495,0.19122882600249527,7.117412280446051e-05,0.13392490039841004,0.01228148402140089,0.018248255552035072,0.13857633575432793
"QQQ, EEM, XLE, XLU",4,0.000851186018110887,0.21449887656394354,7.117794826295778e-05,0.13392849944005705,0.01149072797600065,0.01912716709064782,0.1554036171268003
"GLD, XLK, XLF, VNQ",4,0.0009327860206414406,0.23506207720164304,7.123991608241262e-05,0.13398678611254164,0.012852911381013441,0.019111749913191155,0.13378305472507157
"SPY, QQQ, XLU, VNQ",4,0.000776391496291947,0.19565065706557064,7.125446896675092e-05,0.13400047081865507,0.012305725187417729,0.01845694647834465,0.15660299902060093
"QQQ, USO, XLV, XLI",4,0.0008654323140220702,0.2180889431335617,7.125780846580908e-05,0.13400361089681087,0.011644080311648411,0.018760820171680816,0.1667545212101531
"EFA, EEM, XLF, XLE",4,0.0007905711943762437,0.19922394098281343,7.127612836336604e-05,0.13402083549794874,0.011847287944921393,0.019024797438951486,0.14445302560369744
"QQQ, IWM, XLE, XLP",4,0.0007401204484873241,0.18651035301880567,7.127667838632154e-05,0.1340213526023112,0.011509039439829219,0.018834023304609326,0.17813173609986632
"SPY, IWM, XLI, HYG",4,0.0006885027668579227,0.1735026972481965,7.128130900569309e-05,0.1340257060023735,0.012511106795432053,0.018209415040368045,0.16831320493790536
"SPY, QQQ, XLV, VNQ",4,0.00072793051005571,0.18343848853403893,7.130660689572267e-05,0.1340494868983918,0.012801578802397906,0.0186124339710378,0.15835634310162028
"QQQ, XLV, XLY, XLU",4,0.0006993045371241011,0.1762247433552735,7.135399708314792e-05,0.13409402397181344,0.012447744464642656,0.01816433386065841,0.15571149678141993
"SPY, USO, XLK, AGG",4,0.0008678509539929824,0.21869844040623154,7.136532999019295e-05,0.13410467239260765,0.01223101821611434,0.019050720788611065,0.16057635137233994
"QQQ, EEM, XLI, LQD",4,0.0007506076083415939,0.18915311730208167,7.137780806194145e-05,0.1341163958343992,0.013145639351765827,0.018777366928253866,0.13622681338495446
"SPY, IWM, EEM, LQD",4,0.0006929985683395211,0.1746356392215593,7.13965840657549e-05,0.1341340344005586,0.01307564950321342,0.018524132670449157,0.1501209277726805
"QQQ, IWM, USO, LQD",4,0.0007850996162000952,0.197845103282424,7.140559023915097e-05,0.13414249416298343,0.01191606225417958,0.018886511621843523,0.1702731406408472
"QQQ, XLK, XLP, XLU",4,0.0008639387181654426,0.2177125569776915,7.14184262337177e-05,0.13415455046660496,0.012188102295947911,0.018138461571482432,0.15912878039657408
"IWM, XLK, XLV, XLP",4,0.0007366815267524041,0.18564374474160583,7.14314772147399e-05,0.134166807587102,0.012371085982698827,0.017996842309826313,0.17009392620969266
"EFA, EEM, GLD, XLU",4,0.000874239276627534,0.22030829771013857,7.143263555752285e-05,0.13416789541651072,0.012549668258578974,0.019622900546845335,0.10796065255340104
"IWM, XLF, XLY, AGG",4,0.0005696405525645721,0.14354941924627215,7.145643735014353e-05,0.13419024633793683,0.013096198881005952,0.01850452997737302,0.16127458646547244
"SPY, XLE, XLV, XLY",4,0.0006663564473604219,0.16792182473482634,7.146007497112479e-05,0.13419366189475362,0.011823898915296416,0.018696951750169506,0.16467965940260998
"QQQ, GLD, XLI, VNQ",4,0.0008783954698682438,0.22135565840679744,7.146329797116024e-05,0.13419668806916354,0.013106268492390443,0.01882206631926608,0.1266846035181567
"QQQ, EFA, EEM, LQD",4,0.0007312052292229532,0.1842637177641842,7.147627229904362e-05,0.13420886937665108,0.012630438883887147,0.018410496062896704,0.12579958946025138
"SPY, EFA, EEM, XLV",4,0.0007539288870428549,0.18999007953479943,7.148803522415022e-05,0.13421991236953576,0.01215889371468016,0.0182127515994978,0.13315720974457335
"EEM, TLT, XLI, XLY",4,0.0005857588260408538,0.14761122416229516,7.149244541686371e-05,0.1342240524088349,0.0132739780633159,0.018819455833140052,0.14043542773344153
"SPY, EEM, USO, VNQ",4,0.0008463292618689315,0.21327497399097076,7.152519968806714e-05,0.13425479626960418,0.011945815881458167,0.018589161553209756,0.1599128345152231
"USO, XLE, HYG, AGG",4,0.0005826514166280592,0.1468281569902709,7.153044953330694e-05,0.13425972323222385,0.013523696102178994,0.01867686813853877,0.11662552893704448
"SPY, QQQ, GLD, XLE",4,0.0009648814528526544,0.2431501261188689,7.154761157945902e-05,0.13427582849501868,0.012499311209856307,0.01949126955942855,0.1437895253450011
"TLT, XLK, XLE, XLY",4,0.0006639790753347321,0.1673227269843525,7.155404207625242e-05,0.13428186252512142,0.011609280938993284,0.019110190855447937,0.17155241098869578
"IWM, EEM, TLT, VNQ",4,0.0005516822364201502,0.13902392357787785,7.158533426949762e-05,0.13431122155618047,0.013328714920993181,0.019034745256990438,0.1476793681782771
"XLK, XLF, XLI, XLP",4,0.00082272627354944,0.20732702093445887,7.158763759438268e-05,0.13431338233320028,0.012423196122483887,0.018202732314884628,0.1587762920647181
"EFA, EEM, TLT, XLY",4,0.0005663564469222131,0.1427218246243977,7.15892669333557e-05,0.13431491081486685,0.013127509495798198,0.01882248771180466,0.12030350905576626
"QQQ, EFA, GLD, XLF",4,0.0009372147188816904,0.236178109158186,7.15906782838569e-05,0.13431623478765306,0.012213809768072318,0.01920043514570627,0.12333990864900268
"SPY, USO, XLF, VNQ",4,0.0008117147558681609,0.20455211847877655,7.159750420951244e-05,0.1343226379312033,0.011932597416143328,0.018621281784065826,0.16181455486289598
"SPY, IWM, TLT, XLI",4,0.0006243397973597654,0.15733362893466088,7.162486573409065e-05,0.13434830168257003,0.012165507622227125,0.018140867122792254,0.17001625066548154
"IWM, GLD, XLV, XLI",4,0.0008031369731762227,0.20239051724040813,7.16309293401603e-05,0.13435398838039905,0.012982629284421517,0.018221884617617007,0.11732939679670473
"IWM, TLT, XLI, VNQ",4,0.0005209993672361645,0.13129184054351345,7.164849882689688e-05,0.134370464404861,0.0127006832564443,0.01834940970181823,0.16991654713192283
"EFA, XLK, XLE, XLU",4,0.0008594229573982423,0.21657458526435705,7.165041063104918e-05,0.1343722571032592,0.011743606577053532,0.0189333855313905,0.15540541869650615
"USO, XLK, XLI, XLP",4,0.0009031936145584413,0.2276047908687272,7.166820110925797e-05,0.1343889380846988,0.012513949278697457,0.018702278881014053,0.16498303416086224
"QQQ, XLF, XLY, LQD",4,0.0006565555998629252,0.16545201116545716,7.16806801625545e-05,0.13440063765088223,0.01257945730685711,0.018862950818840207,0.1563969843735774
"EFA, EEM, XLP, XLY",4,0.0006527433323366181,0.16449131974882775,7.169901481362714e-05,0.1344178252057146,0.012559054489552128,0.018482603167248757,0.13163958671551668
"IWM, EFA, XLI, XLP",4,0.0006701371384808013,0.1688745588971619,7.170661668895861e-05,0.13442495082988715,0.01270377808954635,0.017465430081018862,0.15089695380580537
"XLF, XLE, XLV, XLY",4,0.0006412376453689087,0.161591886632965,7.172001345951409e-05,0.13443750738464896,0.011998001766817515,0.018576035696119597,0.15738975781847653
"QQQ, XLV, XLI, VNQ",4,0.0007067433448809818,0.1780993229100074,7.173101932023212e-05,0.13444782210470535,0.012864088488570428,0.018171393410689695,0.15578804939412783
"EEM, GLD, XLY, XLU",4,0.000834204153268277,0.2102194466236058,7.173483478089944e-05,0.1344513977792223,0.013393091693183866,0.01956312365384023,0.10804223604315022
"XLF, XLI, XLP, XLY",4,0.0006375312054544882,0.160657863774531,7.174340124815367e-05,0.1344594255325179,0.012601901965748218,0.017875290818777635,0.14908423226067913
"GLD, XLK, XLY, HYG",4,0.0008380330604952495,0.21118433124480288,7.175156759141019e-05,0.1344670778779526,0.013787010277409653,0.019500857582954553,0.13066952208035376
"EEM, XLK, XLF, LQD",4,0.0008049981591147907,0.20285953609692725,7.175920389767614e-05,0.13447423315347215,0.013223650334228065,0.018598204445453813,0.14312867706342836
"GLD, USO, XLU, VNQ",4,0.0008573412258055327,0.21604998890299423,7.178218397572059e-05,0.13449576336034377,0.012491413613586123,0.01771240141324701,0.11496987861142616
"SPY, EFA, GLD, USO",4,0.0009714338470383475,0.24480132945366356,7.178625117925286e-05,0.134499573594758,0.012234111559431386,0.018425379283191573,0.11814700402549683
"EEM, GLD, XLE, XLI",4,0.0009069417788348395,0.22854932826637955,7.179852721712387e-05,0.13451107336838564,0.012817875569670305,0.019536056706488336,0.12075969509657092
"IWM, GLD, XLU, VNQ",4,0.0007694446944635875,0.19390006300482407,7.180840697396061e-05,0.13452032767369426,0.01224887210869244,0.01850139123282654,0.11601295635330189
"IWM, XLE, XLY, HYG",4,0.0005910236520661062,0.14893796032065876,7.181132639688965e-05,0.13452306215670307,0.011621686397436149,0.019042743014707667,0.17552934322901614
"QQQ, IWM, XLF, LQD",4,0.0007046322751910942,0.17756733334815572,7.18157021019291e-05,0.134527160565018,0.013429504397327364,0.018643223171115598,0.15935498539585768
"EFA, GLD, XLK, XLV",4,0.0009208529868243652,0.23205495267974002,7.182936318362032e-05,0.13453995511472538,0.01196795693969711,0.018640239371429012,0.11433705007587147
"TLT, USO, XLE, LQD",4,0.0005266072892514539,0.13270503689136637,7.184069879114061e-05,0.13455057077310165,0.012902776548428455,0.01858284947077823,0.1116254080242236
"SPY, XLE, XLI, VNQ",4,0.0007222562413535397,0.182008572821092,7.190019381372223e-05,0.1346062734089983,0.011645617362950101,0.018311161091377415,0.17666674987113506
"IWM, XLF, XLP, VNQ",4,0.0006034546158337846,0.15207056319011372,7.190237748486557e-05,0.13460831744801702,0.012858227755755652,0.01825666164596186,0.16468580819461143
"QQQ, XLK, XLU, HYG",4,0.0008417148022491945,0.21211213016679703,7.191903616554295e-05,0.13462390988868517,0.01216553875725364,0.018637871331676655,0.1554883779428966
"QQQ, EFA, EEM, XLP",4,0.0007796162128415881,0.1964632856360802,7.197193030651536e-05,0.13467340657027235,0.011819933223082845,0.018424289240118005,0.1346110063329553
"XLK, XLF, XLE, XLV",4,0.0008264327134638606,0.20826104379289287,7.198753139173056e-05,0.13468800210381066,0.01166365254272778,0.019177305544554546,0.16640915438933424
"EFA, GLD, USO, XLI",4,0.0009502466818636195,0.2394621638296321,7.198856473155838e-05,0.13468896878494807,0.012368188885568307,0.018156613848330644,0.11724474241426197
"SPY, EEM, TLT, XLY",4,0.0006069459912155822,0.15295038978632672,7.199298316949513e-05,0.13469310212001495,0.014010376075629678,0.01892560992211096,0.14459644168908414
"SPY, USO, XLV, XLY",4,0.0007597465986918282,0.19145614287034068,7.201002776814977e-05,0.13470904571547432,0.01233971180341995,0.018915576315566958,0.17470865308499872
"EEM, USO, XLI, VNQ",4,0.0008251420966942033,0.20793580836693923,7.201215393221845e-05,0.13471103440668494,0.0118435321461086,0.01831153104019211,0.15579484837054203
"IWM, EFA, EEM, LQD",4,0.0006524090240461519,0.16440707405963026,7.204637708786923e-05,0.13474304073362398,0.012931149613031904,0.018723650636359834,0.13078286924422933
"EEM, GLD, XLK, AGG",4,0.0008938475223331938,0.22524957562796483,7.206273318073752e-05,0.13475833466448692,0.01314987321369165,0.019721988607763814,0.10083324984472808
"SPY, XLK, XLF, XLP",4,0.0008439134387241683,0.2126661865584904,7.206790746192261e-05,0.1347631725673023,0.012793068115839017,0.01870408417482804,0.16616726999283016
"USO, XLY, XLU, VNQ",4,0.0007048671548044646,0.17762652301072507,7.208794229773573e-05,0.1347819033068958,0.01237577087550922,0.01824263557573853,0.1631624693730619
"IWM, EFA, XLE, XLV",4,0.0006738435783952219,0.16980858175559593,7.209836965573824e-05,0.13479165090333317,0.012373231523049873,0.018633066779705804,0.15535576930170703
"SPY, GLD, XLY, VNQ",4,0.000772709754538002,0.19472285814357648,7.212364368576291e-05,0.13481527438985633,0.013732647176474665,0.01934570484928752,0.1317846139996618
"SPY, XLK, XLF, HYG",4,0.0008216895228079203,0.20706575974759592,7.215598096200267e-05,0.13484549381579156,0.012852473771830384,0.019053865143019644,0.16252595677919546
"TLT, USO, XLE, HYG",4,0.0005527943569538412,0.13930417795236796,7.217010463962175e-05,0.1348586903732373,0.012805474439559438,0.018670943650081047,0.11320636153761743
"GLD, USO, XLK, HYG",4,0.0009740062671653633,0.24544957932567155,7.217405275658896e-05,0.13486237909313487,0.013011486346168041,0.019033960402087668,0.12088298061653935
"GLD, XLK, XLV, XLI",4,0.0009402553659430059,0.2369443522176375,7.221137061200172e-05,0.13489724012827112,0.012808548796994793,0.01868828019220234,0.12573306254173044
"EFA, GLD, XLF, XLY",4,0.0008103418383767203,0.2042061432709335,7.222247336173531e-05,0.13490761018992703,0.01328832130229954,0.01924606462659855,0.12080741187623645
"EEM, XLE, XLI, VNQ",4,0.0007317519453627972,0.18440149023142488,7.22886983073529e-05,0.13496944829646795,0.012278348065788343,0.01863345555886353,0.1578901338310592
"EEM, XLK, XLF, XLP",4,0.0008534091427334257,0.21505910396882327,7.23073488513286e-05,0.1349868582882601,0.012281645023455922,0.01870675869635984,0.15306011506348172
"XLK, XLF, XLE, XLU",4,0.000874893699700098,0.22047321232442468,7.232001142345327e-05,0.13499867732207685,0.011878915554550827,0.019087198641783435,0.1651390866509188
"QQQ, TLT, XLK, XLV",4,0.0007290908465148004,0.1837308933217297,7.233800580931504e-05,0.13501547120218255,0.012807673207200804,0.018427419969017887,0.14749737132976148
"SPY, XLK, XLI, AGG",4,0.0007913152498007666,0.19941144294979318,7.238598291053181e-05,0.13506023727749786,0.012557169037248978,0.018832054039242506,0.15452314066139683
"XLE, XLV, XLI, XLY",4,0.0006451692821856938,0.16258265911079484,7.240056714502495e-05,0.13507384247346446,0.011746924967677019,0.01822516544423954,0.16484393341557924
"IWM, GLD, XLK, XLP",4,0.000908333651739666,0.22890008023839584,7.24273545788281e-05,0.1350988280995238,0.013340285995659793,0.018912113070352336,0.1365995793523176
"GLD, USO, XLY, VNQ",4,0.0008280582935554895,0.20867068997598334,7.242979349127371e-05,0.13510110273347503,0.011857951735873376,0.0184383339286674,0.12997884246768177
"IWM, XLK, VNQ, AGG",4,0.0006766139925274366,0.17050672611691403,7.246961708952098e-05,0.13513823850620255,0.012395285894928955,0.018732099111768284,0.17265100346537576
"QQQ, EEM, XLI, XLP",4,0.0007990185919602291,0.20135268517397772,7.247313795618895e-05,0.1351415212470232,0.012314597098404247,0.018551547420891722,0.14616144167786604
"QQQ, EEM, USO, XLV",4,0.0008961151832060557,0.22582102616792604,7.248382127774926e-05,0.13515148153828288,0.011856500997374413,0.019166301271488894,0.16169381928476934
"EEM, GLD, USO, XLF",4,0.0009964002933494608,0.2510928739240641,7.248553763162194e-05,0.1351530816636037,0.012431920678314872,0.0188359122469738,0.12002181654139776
"EEM, XLK, XLV, XLU",4,0.0008477470963759667,0.21363226828674362,7.24976392742221e-05,0.1351643632660028,0.012443449281951999,0.01859570163510428,0.14516999630444316
"QQQ, XLK, XLV, XLP",4,0.0008154777319292053,0.20550038844615973,7.25070334855405e-05,0.1351731202508702,0.012075148127085534,0.018138149308370374,0.16044455681143888
"EFA, XLF, XLE, XLI",4,0.000759888325192258,0.19149185794844903,7.25190933471713e-05,0.1351843612385958,0.011937454274041559,0.01844022436422583,0.14533721116200626
"QQQ, GLD, USO, XLU",4,0.001006929868781477,0.2537463269329322,7.254040558351132e-05,0.13520422407249283,0.012900349840352501,0.018227283753713578,0.12206794704202473
"QQQ, TLT, XLY, VNQ",4,0.0005403580699350679,0.13617023362363712,7.254469583925953e-05,0.13520822220373066,0.013303682547377339,0.019374316671377723,0.1615071501938784
"QQQ, XLI, XLY, AGG",4,0.0006523683945581583,0.1643968354286559,7.255294406994294e-05,0.13521590847835038,0.013072082615877138,0.018603262988296954,0.15866684739155512
"QQQ, EEM, XLV, VNQ",4,0.0007374262140649675,0.1858314059443718,7.255487789776806e-05,0.13521771049029616,0.012522351912251001,0.018707824779373793,0.14811635698058478
"SPY, EEM, XLP, XLY",4,0.0006933328766299871,0.17471988491075674,7.257731694296979e-05,0.13523861826278907,0.012050240699588556,0.018618255652873943,0.15109523225121335
"QQQ, XLK, XLV, HYG",4,0.0007932538160129575,0.19989996163526527,7.258178123777527e-05,0.1352427775222003,0.012495555520734928,0.018344998288750386,0.1567883870714475
"EFA, XLK, XLI, XLP",4,0.0008072555312475844,0.20342839387439127,7.258393737065032e-05,0.13524478628547526,0.011894622263308018,0.01801290051902878,0.1470687258787553
"GLD, XLK, XLF, XLE",4,0.000998084838451123,0.251517379289683,7.259683296237958e-05,0.1352567998531669,0.01241340266658713,0.01954974577284098,0.14300899816485013
"EEM, GLD, XLF, XLI",4,0.0009198645891572446,0.23180587646762565,7.259833895365118e-05,0.13525820276907458,0.01325536483018661,0.019597548953249295,0.11003390170672955
"TLT, GLD, XLK, XLY",4,0.0007738700909970923,0.19501526293126725,7.26328203324601e-05,0.1352903201407253,0.01385697883632625,0.01914337571577362,0.11894856979455504
"EFA, GLD, XLY, VNQ",4,0.0007321202102446327,0.18449429298164746,7.264200436631231e-05,0.135298873241098,0.013720365949865844,0.019277416905290314,0.11300093410210876
"XLE, XLI, XLY, XLU",4,0.0006936302684219308,0.17479482764232657,7.266608312740636e-05,0.13532129524988448,0.01150838329373429,0.0182411679870891,0.1681171021322182
"IWM, XLV, XLI, XLU",4,0.0006799458344251981,0.17134635027514994,7.266983491423145e-05,0.1353247885584394,0.012397770918825182,0.01761068261654725,0.16494677394856883
"QQQ, TLT, XLK, XLU",4,0.0007775518327510374,0.19594306185326144,7.26731112295973e-05,0.1353278390792468,0.012176819542981871,0.018757214938204026,0.145485048660422
"SPY, EEM, XLV, XLI",4,0.0007733312661614959,0.19487947907269695,7.267420736249771e-05,0.13532885965435984,0.012170366146191944,0.01856808004409613,0.14483618818325084
"IWM, EFA, USO, XLU",4,0.0008156947159628654,0.2055550684226421,7.26775806523227e-05,0.13533200037088539,0.012447959595141375,0.017959672295562324,0.1528128850068845
"USO, XLE, HYG, LQD",4,0.0005907702587496109,0.14887410520490196,7.268085953038719e-05,0.1353350531150654,0.01357796319157051,0.01881894997611464,0.11567979524627647
"XLK, XLF, XLV, VNQ",4,0.0007611338956541784,0.19180574170485296,7.269048896894866e-05,0.1353440180435584,0.012405567798070652,0.018718835135917895,0.15738200646700828
"EEM, XLI, XLP, XLY",4,0.0006721457114552588,0.1693807192867252,7.269393510163697e-05,0.1353472262206083,0.01229449574531698,0.018272683840593117,0.14483456924725369
"QQQ, GLD, XLY, XLU",4,0.0008709566621113633,0.21948107885206355,7.272495230922395e-05,0.13537609826673408,0.013533033891817281,0.019150614496061785,0.13218940645520694
"QQQ, EFA, EEM, HYG",4,0.0007573922969253403,0.19086285882518575,7.273603880184921e-05,0.135386416519775,0.012681273853998472,0.018597967947445025,0.13194912881290355
"GLD, USO, XLF, XLY",4,0.000906279921687577,0.2283825402652694,7.275198403123045e-05,0.13540125544421688,0.011949625839754376,0.01868134660725701,0.137450464253286
"QQQ, XLK, XLE, AGG",4,0.0008207090155139205,0.20681867190950798,7.275930585575031e-05,0.135408068724316,0.012397042115656466,0.019682124586173935,0.16396136696867214
"QQQ, XLK, VNQ, AGG",4,0.0007554101977042379,0.19036336982146795,7.276692930396119e-05,0.13541516231426312,0.012787581580787225,0.018929731748805956,0.15470112727275032
"QQQ, XLI, XLU, VNQ",4,0.0007552043311172189,0.19031149144153917,7.277648146352319e-05,0.13542405003841765,0.012370556146291433,0.018022468587818648,0.15910905101313044
"SPY, XLI, XLP, XLY",4,0.0006626500074460015,0.16698780187639237,7.280027719518035e-05,0.13544618803489986,0.012714430800844886,0.017963891535695817,0.16141549882840733
"SPY, EEM, XLI, XLU",4,0.0008217922523977329,0.2070916476042287,7.283489402743483e-05,0.135478386818391,0.013009447058159138,0.01866922986101298,0.14129067132411544
"IWM, XLV, XLP, XLY",4,0.000551486458657452,0.1389745875816779,7.283568112586882e-05,0.13547911884758826,0.013256003769515771,0.017851463499937586,0.16224627137243464
"USO, XLI, XLY, XLU",4,0.0007870204197533374,0.19832914577784103,7.284078754078805e-05,0.13548386789680383,0.012077158743613899,0.018003146070502827,0.17587914290847806
"IWM, EFA, XLE, XLU",4,0.0007223045646314592,0.18202075028712772,7.285049792897519e-05,0.13549289825707378,0.011927475044265078,0.018474459594927467,0.15863517513076741
"IWM, XLV, XLU, VNQ",4,0.0005977925694763255,0.150643727508034,7.286361629237241e-05,0.135505096973058,0.012105710094232431,0.018282588885165985,0.16131459303215478
"SPY, EFA, XLK, LQD",4,0.0007800317128036777,0.19656799162652677,7.287179519744075e-05,0.13551270194987283,0.01275526746099096,0.018297683250098274,0.14590989910592722
"EEM, GLD, XLK, XLP",4,0.0009503773480733807,0.23949509171449196,7.287844204724161e-05,0.13551888206410534,0.012529479358667137,0.019311056990192112,0.11338524723894483
"EFA, XLY, XLU, VNQ",4,0.0006089290714936077,0.15345012601638913,7.289440415384042e-05,0.1355337221755818,0.012876263517152382,0.018640144546024834,0.13504104666788452
"SPY, TLT, USO, XLK",4,0.0008379938943187644,0.21117446136832863,7.290190995576564e-05,0.1355406998242703,0.012788335900563847,0.0188865015872671,0.15945703896609265
"SPY, QQQ, XLF, XLU",4,0.0008546131244240345,0.21536250735485668,7.290207445059861e-05,0.1355408527402379,0.012474041258315543,0.018728105073123044,0.16411017272323314
"EFA, GLD, XLK, XLU",4,0.0009693139730606024,0.2442671212112718,7.291169276599124e-05,0.1355497937181381,0.012776833792216773,0.01909397203248787,0.1122659394082769
"QQQ, IWM, XLV, XLU",4,0.0007473812124522703,0.1883400655379721,7.293701029392833e-05,0.13557332552559867,0.012104853962239188,0.018119188957992007,0.16339439302811865
"XLK, XLF, XLU, VNQ",4,0.0008095948818904156,0.20401791023638471,7.294342631009741e-05,0.13557928835240488,0.012235205362908091,0.01856257841185093,0.15912804731505736
"SPY, IWM, EEM, HYG",4,0.0007191856360419082,0.18123478028256085,7.296281435693221e-05,0.13559730534913633,0.012870238263222755,0.01868727737869465,0.15053941444964747
"EFA, EEM, GLD, XLE",4,0.000887539399716199,0.22365992872848214,7.296591114009355e-05,0.13560018291766265,0.012709686091043306,0.019809460523897003,0.12086741306229032
"EFA, TLT, XLK, XLI",4,0.0007208686458331795,0.18165889874996125,7.296862639868154e-05,0.13560270591867904,0.012714532826670077,0.01837332791764338,0.1381091757351992
"SPY, USO, XLI, VNQ",4,0.0008156463926849459,0.20554289095660638,7.297646449760484e-05,0.13560998876703892,0.01163391485371221,0.01833411786665347,0.16944173071925928
"QQQ, EFA, USO, VNQ",4,0.000842492226418649,0.21230804105749956,7.298887986123416e-05,0.13562152382653356,0.012042282249579976,0.018728238918675325,0.16220686515746607
"IWM, EFA, EEM, HYG",4,0.0006785960917485391,0.17100621512063185,7.299087176570524e-05,0.1356233744048485,0.012417185699220984,0.01881371749484194,0.13237700930074658
"SPY, EFA, XLE, XLI",4,0.0007850071271837715,0.19782179605031042,7.30154154234832e-05,0.13564617461144185,0.011870171982266491,0.018813557686458315,0.15407861243069487
"QQQ, XLF, XLE, VNQ",4,0.0007645728173890985,0.19267234998205282,7.301721218699558e-05,0.13564784359186433,0.012553750633124776,0.019413510643206892,0.16734612450700392
"EFA, USO, XLY, VNQ",4,0.0007156193459136788,0.18033607517024705,7.302814495066637e-05,0.13565799839142523,0.012188106951480567,0.018679633776526844,0.16067869583646532
"EFA, XLK, XLI, HYG",4,0.0007850316153313364,0.19782796706349678,7.306575230011014e-05,0.1356929238377144,0.012662169745730976,0.018611014031632695,0.1449129533006822
"EEM, GLD, XLI, VNQ",4,0.0008416429610251572,0.2120940261783396,7.31136653254022e-05,0.1357374070107476,0.012811330926886673,0.019623608636485,0.11573127140282669
"SPY, EEM, XLF, XLE",4,0.0008311607386696126,0.20945250614474237,7.314557624706266e-05,0.13576702550420625,0.012296184929414582,0.019459410780943737,0.15961522757669477
"SPY, USO, XLY, XLU",4,0.0008082075849280655,0.20366831140187253,7.315813489662796e-05,0.1357786801893075,0.012142263948106701,0.018505938212990302,0.17713691407152143
"EEM, TLT, XLK, XLF",4,0.0007670222573190207,0.19328960884439322,7.319008232825376e-05,0.13580832355463324,0.012967405210733201,0.01885694414370503,0.13779872775971602
"SPY, GLD, XLK, XLV",4,0.0009614425311177342,0.24228351784166902,7.319280258533016e-05,0.13581084732635756,0.012823066420176733,0.018924688481234856,0.13347571283468307
"QQQ, EEM, XLI, HYG",4,0.0007767946760439811,0.19575225836308324,7.319329920589494e-05,0.1358113080707403,0.012956340315775082,0.019064534531458573,0.14242539002109011
"SPY, IWM, EEM, XLP",4,0.0007414095519581561,0.18683520709345533,7.319439390756407e-05,0.1358123236849519,0.012663403860145145,0.01874591778988071,0.15607476352270333
"IWM, GLD, XLI, XLU",4,0.0008515979594124601,0.21460268577193994,7.31981532716864e-05,0.13581581139346394,0.012731456519945726,0.018296146940493863,0.11989653753323393
"EFA, EEM, XLV, XLI",4,0.0007327417218681267,0.1846509139107679,7.320193523302299e-05,0.13581931997592167,0.012363278850436967,0.018601959396339816,0.1347993373871781
"SPY, QQQ, EEM, LQD",4,0.0007717947735163222,0.1944922829261132,7.320365660918568e-05,0.13582091689248307,0.013343187599005631,0.018717750983275362,0.14439736060571906
"USO, XLF, XLI, VNQ",4,0.0007905275906934324,0.19921295285474497,7.321144017048645e-05,0.13582813744936129,0.011830297436119757,0.01839799227853682,0.15836271034173888
"EEM, USO, XLK, AGG",4,0.0008773466580022399,0.22109135781656447,7.32121690640926e-05,0.13582881360061766,0.012208891011202918,0.01937367323562961,0.14701713399105587
"IWM, USO, XLY, HYG",4,0.0006844138033975124,0.17247227845617313,7.32162984299837e-05,0.1358326441042649,0.01150737208860236,0.019233407663802337,0.18392024770406246
"QQQ, EEM, TLT, XLI",4,0.0007126317065458238,0.1795831900495476,7.323207666883324e-05,0.1358472794006048,0.012941862026652996,0.019049027658724592,0.13167525999824325
"QQQ, USO, XLP, XLY",4,0.0007854339244905613,0.19792934897162145,7.327499734774277e-05,0.13588708301980426,0.012393490247903488,0.019073194423846074,0.1724900705758018
"QQQ, GLD, XLV, XLY",4,0.0008224956758751262,0.2072689103205318,7.328066424230491e-05,0.13589233749207805,0.01299982260239158,0.018967856103800095,0.13355294677120433
"QQQ, EEM, GLD, XLV",4,0.0009126160475370097,0.22997924397932645,7.328254544376216e-05,0.13589408173952264,0.012090169596804878,0.01940366615172953,0.11447796367776919
"EFA, XLV, XLY, VNQ",4,0.0005604680852573707,0.1412379574848574,7.333325064893845e-05,0.13594108710589484,0.013658864143672948,0.018423112902618246,0.13756124857312346
"SPY, EEM, XLF, VNQ",4,0.0007658619208599306,0.1929972040567025,7.338078438529789e-05,0.13598513766252204,0.013206390650845255,0.019098041967490324,0.1505931700865314
"QQQ, EFA, XLY, LQD",4,0.0006410848575610696,0.16155338410538952,7.338297157801064e-05,0.13598716423860996,0.012861385730274549,0.018477759890693876,0.14661133966933915
"QQQ, IWM, USO, XLP",4,0.0008335105998187303,0.21004467115432002,7.339826625161042e-05,0.1360013349030289,0.011928868220096206,0.01911078867803095,0.1746463407803065
"IWM, GLD, XLK, LQD",4,0.000859922668121031,0.21670051236649981,7.340525407778808e-05,0.1360078087008338,0.013399041136086016,0.019336538200100076,0.1270794344440045
"QQQ, TLT, XLF, XLY",4,0.0006185796980671554,0.15588208391292316,7.34102652665864e-05,0.13601245107408283,0.013372635876540733,0.01902497938600648,0.1550046685406663
"EEM, TLT, XLK, VNQ",4,0.0006888006291869334,0.1735777585551072,7.342949375873212e-05,0.13603026290940004,0.013471317869210547,0.01912680082346349,0.14682266699191748
"EFA, USO, XLK, XLV",4,0.0009043521224934113,0.22789673486833967,7.343820709743184e-05,0.1360383335260794,0.011626446784950293,0.01924513990713662,0.16160758715358559
"IWM, EEM, USO, XLV",4,0.0008173189780292545,0.20596438246337215,7.344332843279227e-05,0.1360430768729657,0.01291038434312582,0.019335189210280174,0.16447305986993932
"SPY, GLD, USO, XLI",4,0.0009908362261569882,0.24969072899156103,7.346041371794772e-05,0.13605889995484613,0.011964772009051407,0.01840558381270315,0.13022002310607006
"EFA, EEM, GLD, XLF",4,0.0009004622100386038,0.22691647692972816,7.346991983708998e-05,0.13606770299724574,0.01290016383146526,0.019810205165654533,0.11066673230558566
"QQQ, GLD, USO, VNQ",4,0.0009549311740604598,0.24064265586323588,7.348808408225076e-05,0.13608452222323889,0.01218568775535768,0.01894191946867646,0.13351182375729642
"QQQ, EEM, XLF, XLU",4,0.000864108828433292,0.21775542476518958,7.349933841067899e-05,0.13609494215249554,0.013135051916788619,0.01885360609254559,0.1509637719207959
"QQQ, IWM, EFA, LQD",4,0.0006891615328892386,0.17366870628808811,7.351393331088639e-05,0.1361084537945508,0.012536545993372686,0.018335758256511816,0.1494521607269913
"QQQ, USO, XLY, HYG",4,0.0007632100085743136,0.19232892216072703,7.354660125217996e-05,0.1361386922059609,0.012159304166567336,0.019210618436202725,0.17596324884868986
"SPY, EFA, XLK, XLP",4,0.0008284426964223127,0.2087675594984228,7.356649902488491e-05,0.13615710688124583,0.012508415019883944,0.018303322107703524,0.15433560505667998
"SPY, QQQ, EEM, XLP",4,0.0008202057571349571,0.2066918507980092,7.358387576468748e-05,0.13617318639402268,0.012151844768991792,0.018700715536834178,0.1537001106225242
"XLK, XLF, XLY, AGG",4,0.0007067589453313552,0.1781032542235015,7.361935289520412e-05,0.13620600915375003,0.013462649692016871,0.019171378240671232,0.15926509964147817
"QQQ, IWM, TLT, XLF",4,0.0006666563733953242,0.1679974060956217,7.365876817344897e-05,0.13624246613926635,0.013148641787695458,0.018799481290575237,0.1623522919004704
"GLD, XLI, XLY, VNQ",4,0.0007515225893632736,0.18938369251954495,7.366121860168368e-05,0.13624473232981996,0.013453660718809785,0.019040982673378948,0.12406307368252312
"EFA, XLK, XLV, VNQ",4,0.0007456631533523228,0.18790711464478535,7.366520599848138e-05,0.13624841984998323,0.012291195690363571,0.018252057285606756,0.1511875166013652
"IWM, EEM, XLI, LQD",4,0.0006718114031647928,0.16929647359752778,7.3666615527079e-05,0.13624972334953164,0.012964989171532423,0.018763697572977626,0.1506763515913906
"USO, XLK, XLY, AGG",4,0.0007872262863403563,0.1983810241577698,7.368263001632413e-05,0.13626453230431493,0.012600894575444355,0.019321678533922845,0.17395568899390834
"IWM, GLD, XLE, VNQ",4,0.0007827448175522524,0.1972516940231676,7.368643232929512e-05,0.13626804815136367,0.011728992380149208,0.01891245945060922,0.13662587374245505
"EFA, EEM, XLF, VNQ",4,0.0007252723765665614,0.18276863889477346,7.368766510655715e-05,0.13626918803182328,0.012265037544655716,0.018828541892890523,0.13380627665682387
"SPY, EFA, USO, XLI",4,0.0008783972785151774,0.2213561141858247,7.371938919268092e-05,0.13629851824783568,0.011794421744628147,0.018774034662432465,0.15903839226559624
"QQQ, IWM, TLT, VNQ",4,0.000588434745263237,0.1482855558063357,7.376373279429602e-05,0.13633950514859072,0.012686453824131149,0.019190658798013405,0.1693415872281857
"SPY, GLD, XLK, XLU",4,0.0010099035173539714,0.2544956863732008,7.380235188234371e-05,0.13637519083158278,0.012894313398825234,0.019277984791327696,0.13215306148199657
"QQQ, EFA, EEM, TLT",4,0.0006932293274271831,0.17469379051165013,7.382261082366149e-05,0.13639390722302336,0.013262095549581547,0.018802855964980904,0.12432972775667661
"SPY, IWM, XLI, XLP",4,0.0007107266827741704,0.17910312405909093,7.383372913349068e-05,0.1364041778745785,0.012446833838855647,0.018115826911492744,0.17652283457617202
"EFA, EEM, XLI, XLU",4,0.0007812027081043641,0.19686308244229977,7.383540218331748e-05,0.13640572330439807,0.013037298610509732,0.01879610991915327,0.12227772303136697
"IWM, USO, XLV, VNQ",4,0.0007044828438963963,0.17752967666189187,7.38374876688965e-05,0.1364076496849129,0.012630898358326897,0.018543333623192524,0.16252020432380643
"EEM, XLF, XLY, XLU",4,0.0007372359479283218,0.1857834588779371,7.384354276935815e-05,0.13641324267782162,0.01337690087912411,0.018785230973125552,0.14830788030631714
"SPY, QQQ, IWM, AGG",4,0.0007216322350610555,0.181851323235386,7.386245501278719e-05,0.1364307101177091,0.013907774722056752,0.018815779034238932,0.16690610814713824
"QQQ, IWM, XLI, AGG",4,0.0007004450698863275,0.17651215761135453,7.386691517951801e-05,0.1364348292234741,0.01291717405686689,0.018566191171893898,0.16630581905310005
"QQQ, GLD, XLF, XLI",4,0.0009566170980003313,0.24106750869608348,7.387703530760378e-05,0.1364441750223004,0.013157061667360933,0.019311537165897435,0.1344318363400987
"SPY, IWM, EEM, TLT",4,0.0006550226665437511,0.16506571196902528,7.387785439949763e-05,0.13644493141437466,0.013670982601088896,0.019021682415777633,0.15174716189629422
"QQQ, XLF, XLI, XLU",4,0.0008334259592493062,0.21002334173082518,7.38817458252285e-05,0.1364485249020948,0.012414689857948535,0.018473377675731685,0.15668226272684305
"SPY, QQQ, USO, XLV",4,0.0008866194791967984,0.2234281087575932,7.390011186107758e-05,0.13646548350770443,0.011868556630052242,0.01948525925546561,0.17187867684124025
"GLD, XLK, XLI, XLU",4,0.0009887163521792432,0.24915652074916927,7.391851998127811e-05,0.13648247885821124,0.013363415879756431,0.019206657015835488,0.12438931588580315
"GLD, USO, XLK, XLV",4,0.001016791070135222,0.25623134967407596,7.392652412132366e-05,0.13648986804365212,0.01260666094907115,0.019072607250940954,0.13291372311407035
"EEM, XLK, XLF, HYG",4,0.0008311852268171778,0.20945867715792882,7.39351412176353e-05,0.13649782264506674,0.013234732403202469,0.018963084749433506,0.14942732446946916
"IWM, EFA, EEM, XLP",4,0.0007008200076647869,0.17660664193152628,7.395962578164834e-05,0.13652042227071884,0.012622758425913606,0.018767599962760013,0.1356138680713328
"IWM, GLD, XLF, XLE",4,0.0008609664456843398,0.21696354431245363,7.39600540489956e-05,0.1365208175347148,0.011938450756076156,0.01896756031010245,0.13470084460623155
"QQQ, XLF, XLY, HYG",4,0.0006827426675653125,0.17205115222645873,7.39668499685161e-05,0.13652708959055,0.013227487866369994,0.01923144191058278,0.16267179029538748
"SPY, QQQ, EFA, XLU",4,0.0008391423821221789,0.21146388029478907,7.396881021488507e-05,0.13652889867771967,0.012057275289385628,0.018448548681540944,0.15277064241386817
"SPY, EFA, XLY, XLU",4,0.0007122695016172088,0.17949191440753662,7.398173585363788e-05,0.13654082699001333,0.012925266978684546,0.018390054021035357,0.15027203142449186
"SPY, GLD, XLF, XLY",4,0.0008509313826700892,0.21443470843286247,7.400730923004005e-05,0.13656442408610703,0.01386725840893796,0.019552717957594085,0.13945163532522287
"EEM, GLD, USO, VNQ",4,0.000918178665217373,0.231381023634778,7.401999788555095e-05,0.13657613066403237,0.012655723225188681,0.01890743426946633,0.12018455577102305
"USO, XLK, XLI, HYG",4,0.0008809696986421935,0.22200436405783275,7.404630547615796e-05,0.13660039890129094,0.012045107568582517,0.019626142698124016,0.16888020093504164
"EEM, GLD, USO, XLU",4,0.0009701773599383909,0.24448469470447448,7.405296153929953e-05,0.1366065383058347,0.013125781306753091,0.018526572202389808,0.10906951212521376
"EFA, XLF, XLV, XLY",4,0.0006386897133894582,0.16094980777414347,7.40634732865429e-05,0.13661623354568378,0.012650636048231717,0.01825631566795638,0.14404584930529618
"QQQ, EEM, XLU, VNQ",4,0.0007858872003012044,0.1980435744759035,7.40754939988717e-05,0.13662731969747363,0.013345021834476658,0.018814434077858908,0.14554459315376855
"IWM, XLI, XLP, VNQ",4,0.0006073862526505695,0.15306133566794353,7.408298517369285e-05,0.13663422800956795,0.012570031467110129,0.017823248615945215,0.1764327364665077
"SPY, USO, XLK, LQD",4,0.0008759697961145343,0.22074438862086265,7.409019534417718e-05,0.13664087685144827,0.012372018638409154,0.019414555676604734,0.16524364177887696
"SPY, QQQ, GLD, XLF",4,0.0009778042631750595,0.246406674320115,7.410915748099113e-05,0.1366583611975856,0.012837274205718115,0.019473900131384378,0.14207946153239537
"USO, XLK, XLF, XLV",4,0.0009198228647952668,0.23179536192840725,7.411771325586771e-05,0.13666624945639894,0.012003576531449844,0.019569149023446617,0.17111769929841258
"QQQ, IWM, XLF, HYG",4,0.0007308193428934816,0.18416647440915734,7.412654447349564e-05,0.13667439119059907,0.013588241216608973,0.019090705682323034,0.16524553002191067
"QQQ, IWM, XLP, VNQ",4,0.0006748216306776419,0.17005505093076576,7.415800130229889e-05,0.13670338813716112,0.012914031258262768,0.0186964951733419,0.1748519664744307
"XLK, XLE, XLY, HYG",4,0.0007281420448328893,0.18349179529788812,7.41690980505465e-05,0.13671361566697635,0.012355970620924703,0.01997412511986575,0.17481836104202053
"QQQ, XLP, XLY, VNQ",4,0.0006267449553494729,0.15793972874806717,7.42067586126706e-05,0.13674832053957003,0.013104296456800404,0.019154730941655502,0.1676176906797191
"EFA, GLD, USO, XLY",4,0.0008908091793857213,0.22448391320520178,7.423122072547003e-05,0.13677085809052472,0.012501101810552608,0.01865683983403303,0.12606576478663056
"EEM, USO, XLF, XLI",4,0.0009033637248262908,0.22764765865622527,7.424711936802245e-05,0.13678550391303043,0.012388819854925777,0.019103878966262245,0.15701286313375207
"SPY, EEM, USO, XLF",4,0.0009245508900010188,0.23298682428025674,7.430250624601353e-05,0.13683651403772099,0.012521039358296834,0.01941255313426353,0.16441292748138292
"EFA, XLF, XLI, VNQ",4,0.0006945895073825756,0.17503655586040906,7.433015978178076e-05,0.13686197523420723,0.012791124803254351,0.018126904308436186,0.13930550694654753
"IWM, USO, XLF, XLV",4,0.0007827044720284839,0.19724152695117794,7.43388978028608e-05,0.1368700195306515,0.012608942339424414,0.018882257502560014,0.16521956033114593
"QQQ, USO, XLI, XLU",4,0.0009138933002583073,0.23030111166509343,7.436300451803375e-05,0.13689220992643997,0.012209582384876154,0.018629715300580687,0.16848231566064997
"XLF, XLE, XLI, VNQ",4,0.0006971374393620262,0.1756786347192306,7.436478961475972e-05,0.1368938529771131,0.01199869663640663,0.01847956393253049,0.16860334674527966
"QQQ, GLD, XLK, AGG",4,0.0009306000311762804,0.23451120785642265,7.437809508347157e-05,0.1369060990644129,0.013924869241805813,0.019541223043557536,0.12190079012603405
"XLK, XLY, VNQ, LQD",4,0.0006366561593208198,0.16043735214884658,7.439811462905584e-05,0.13692452259008273,0.013459685596916352,0.019333206149428305,0.16982758184215774
"IWM, XLF, XLI, XLP",4,0.0006856078807826568,0.1727731859572295,7.442444739638974e-05,0.13694875225386396,0.012613030467502395,0.01794045111413918,0.16837368489140425
"EFA, XLE, XLY, VNQ",4,0.0006222291945822727,0.1568017570347327,7.443156613506523e-05,0.13695530170839113,0.012478592726043998,0.01922009778734475,0.15504089083918038
"QQQ, EEM, XLF, XLV",4,0.0008156478421970547,0.20554325623365777,7.443694892649507e-05,0.1369602538310906,0.013035620575586989,0.018906908376985693,0.1523261298078068
"QQQ, EFA, XLI, XLU",4,0.0008179552169474505,0.20612471467075755,7.444618980282028e-05,0.13696875494181404,0.01236089025015762,0.018383987102765138,0.1455081512612444
"SPY, IWM, XLY, AGG",4,0.0005947593545560855,0.14987935734813354,7.446526996660707e-05,0.13698630600021663,0.013530134203437683,0.018872992095940296,0.17616527864405918
"EEM, USO, XLK, XLP",4,0.0009338764837424269,0.23533687390309158,7.447148655050613e-05,0.13699202389455944,0.012366545862741513,0.01922002486482847,0.160661612831272
"EFA, XLK, XLU, VNQ",4,0.0007941241395885601,0.20011928317631714,7.447771701889467e-05,0.13699775432014008,0.01204422712110474,0.018406424159463038,0.1454661114451321
"SPY, EFA, TLT, XLK",4,0.0007420558110079079,0.1869980643739928,7.456834396421473e-05,0.13708108067484046,0.012965793399127437,0.018496847426761227,0.14055311484470356
"EFA, XLK, XLF, XLU",4,0.0008723457677206473,0.21983113346560312,7.457379588996874e-05,0.13708609179735237,0.012232512010937639,0.01862467196212176,0.15265871664589492
"SPY, IWM, USO, XLV",4,0.0008078232740199971,0.20357146505303925,7.466098523270162e-05,0.13716620676624694,0.012023818091504148,0.01934628369571804,0.17450659746743757
"SPY, USO, XLK, XLP",4,0.0009243807797331695,0.2329439564927587,7.46728456744334e-05,0.1371771012594931,0.012519770423915328,0.019254856749288153,0.17235125305330334
"IWM, USO, XLP, XLY",4,0.0007066377193137601,0.17807270526706756,7.467755703682344e-05,0.13718142867487387,0.012644470021852407,0.019115536379010752,0.1781830128425438
"IWM, GLD, XLK, HYG",4,0.0008861097358234182,0.22329965342750138,7.470732037833957e-05,0.13720876333289203,0.013797784281096067,0.019779823482205944,0.13343219945869156
"EEM, GLD, XLE, XLY",4,0.0008475042763569416,0.21357107764194927,7.475666204396196e-05,0.13725406673420798,0.012827043743660768,0.020155819170967502,0.12963838365327773
"USO, XLE, XLP, AGG",4,0.0006048753325443068,0.1524285838011653,7.476515988424757e-05,0.13726186757738068,0.013674389134403612,0.018645083462389963,0.12493782609492154
"QQQ, USO, XLF, VNQ",4,0.0008579629687205046,0.21620666811756717,7.477301675782509e-05,0.13726907963183815,0.01224095342206415,0.019361702098224517,0.17211915115497967
"SPY, EFA, XLK, HYG",4,0.000806218780506065,0.20316713268752837,7.48294356652838e-05,0.13732085707441358,0.01229542909240117,0.018711898215502832,0.1521929996648831
"EEM, XLV, XLY, VNQ",4,0.000610553333559997,0.15385944005711924,7.483098402223961e-05,0.13732227777605635,0.013592100665646886,0.019163415069177157,0.14641090251002886
"QQQ, IWM, USO, HYG",4,0.0008112866839024826,0.20444424434342562,7.48488560195728e-05,0.1373386752409253,0.012318381938191724,0.019611996068543386,0.1764873861397328
"XLK, XLE, XLP, XLY",4,0.0007503659607491371,0.18909222210878254,7.485122537108392e-05,0.13734084896167328,0.012285532789926742,0.01979545537795035,0.17533299853958106
"SPY, EFA, XLI, VNQ",4,0.0007197083093740892,0.18136649396227048,7.485404475433812e-05,0.13734343551146957,0.013104941469189255,0.01845237965398998,0.14772798016239552
"QQQ, GLD, USO, XLF",4,0.0010331528021925473,0.2603545061525219,7.48826875365163e-05,0.13736971012272722,0.012372544974077245,0.01920638533069166,0.140041430542708
"IWM, EFA, GLD, XLE",4,0.0008454957033824841,0.213064917252386,7.488556222350358e-05,0.13737234685453584,0.011991826979876238,0.019382460037828075,0.12357126113938433
"SPY, IWM, GLD, XLE",4,0.0008860852476758532,0.22329348241431501,7.489999614448316e-05,0.13738558522788977,0.012188614984148027,0.019567289096814548,0.14318403832007798
"USO, XLE, XLV, AGG",4,0.0006254362195979176,0.15760992733867524,7.490638912060609e-05,0.13739144827241884,0.01334093360588546,0.01909758325747728,0.11802017179347812
"SPY, XLY, XLU, VNQ",4,0.0006495186157869768,0.16367869117831815,7.492460152400643e-05,0.13740814962748615,0.013298802602491777,0.01921150658388821,0.16112447044324218
"SPY, QQQ, EEM, TLT",4,0.0007338188717205522,0.18492235567357915,7.49599703886304e-05,0.13744057820721967,0.012869158426489107,0.01902566961937745,0.1394822923813096
"IWM, XLK, XLE, LQD",4,0.0007500316524586709,0.18900797641958508,7.496321209111738e-05,0.13744355003768485,0.011384981666123001,0.019715463507908326,0.18120739274317277
"EEM, TLT, USO, XLK",4,0.0008474895983280219,0.21356737877866153,7.497571881187334e-05,0.13745501497068807,0.01231607298742915,0.019238812615302147,0.1491537952517974
"IWM, EFA, XLY, LQD",4,0.0005622886523842684,0.14169674040083566,7.498381869503608e-05,0.13746243963770283,0.013528225681124413,0.01869312232030549,0.15762959839021207
"GLD, XLF, XLI, XLY",4,0.000829744217495361,0.20909554280883097,7.500254302381844e-05,0.13747960154874703,0.013701453481749263,0.01921032121461708,0.13180615486637792
"QQQ, EFA, XLF, XLE",4,0.0008273237032193303,0.20848557321127126,7.50085459223763e-05,0.13748510309280357,0.0119710096836615,0.019503342844002073,0.1633715762279232
"QQQ, EFA, XLY, HYG",4,0.000667271925263457,0.16815252516639115,7.501732885257525e-05,0.13749315208710927,0.013139875512062069,0.01883443366357953,0.15287870568419815
"IWM, GLD, XLF, VNQ",4,0.0007956676278746574,0.20050824222441369,7.505363433754878e-05,0.1375264187458624,0.013760154030534875,0.018836842873207135,0.12586012561155424
"XLF, XLY, XLU, VNQ",4,0.0006243998137954636,0.15734875307645682,7.507018372224312e-05,0.13754158025122898,0.012942612670139145,0.01919215052198689,0.15279633432860484
"IWM, XLY, VNQ, LQD",4,0.0004995377665540366,0.12588351717161722,7.507047025464531e-05,0.13754184273947556,0.014207422471819008,0.01924838193279459,0.17441898531287858
"QQQ, EEM, GLD, XLU",4,0.0009610770337732471,0.24219141251085827,7.507298010682343e-05,0.13754414195784387,0.013032990598372887,0.02014048080301984,0.11184346173306114
"SPY, QQQ, EEM, HYG",4,0.0007979818412187095,0.2010914239871148,7.508515872533256e-05,0.1375552979669769,0.013296980754238177,0.01897404300528639,0.15032834803735928
"IWM, EFA, EEM, TLT",4,0.0006144331222503821,0.1548371468070963,7.51176721667851e-05,0.13758507690163874,0.013476356405847758,0.019190653371098973,0.13817901265888977
"SPY, IWM, XLE, XLV",4,0.0007144331226885912,0.18003714691752498,7.513414191279062e-05,0.1376001590188879,0.011733450604947213,0.018996376132942656,0.18083909970085976
"IWM, EEM, XLI, HYG",4,0.0006979984708671799,0.17589561465852935,7.516683484606288e-05,0.13763009257138442,0.013001800148737268,0.018909506313983054,0.152134610792241
"QQQ, IWM, GLD, XLV",4,0.0008705723512032951,0.21938423250323036,7.517080976853073e-05,0.13763373155469463,0.013315816154282307,0.01911704444302297,0.13584908235634452
"QQQ, IWM, EFA, HYG",4,0.0007153486005916257,0.18026784734908968,7.517296315105594e-05,0.13763570290468277,0.01276885511086131,0.018575497350103533,0.15569049042841554
"IWM, EEM, XLE, XLV",4,0.0007239288266978483,0.18243006432785777,7.52693001718983e-05,0.13772386736988754,0.012515058014174126,0.019425975866278034,0.16669183364761786
"QQQ, XLF, XLV, XLI",4,0.000784964973013069,0.19781117319929337,7.529451029885711e-05,0.13774692953134016,0.012302801787422334,0.01873264672543289,0.15804409421497145
"IWM, XLK, XLF, AGG",4,0.0007548356206595241,0.19021857640620007,7.52948906657858e-05,0.13774727746049292,0.013648122328291113,0.019238607236010077,0.16488055743870134
"QQQ, EFA, XLV, XLI",4,0.0007694942307112133,0.19391254613922573,7.529938059718441e-05,0.13775138442313556,0.0125333560473947,0.018471775405381852,0.14608438505505927
"EFA, USO, XLF, XLY",4,0.0007938409740457663,0.20004792545953312,7.535890575364432e-05,0.1378058208129046,0.011990843344310978,0.019428915934877597,0.16606105974482088
"SPY, QQQ, XLF, XLV",4,0.0008061521381877972,0.2031503388233249,7.541243899649008e-05,0.13785475917470352,0.012649825792210249,0.01898823784678314,0.1654515297429745
"SPY, IWM, XLE, XLU",4,0.0007628941089248283,0.19224931544905674,7.541348990067018e-05,0.1378557197034961,0.011958718315118957,0.019095581426844824,0.18411377276596197
"SPY, QQQ, XLY, AGG",4,0.0006735555597328868,0.1697360010526875,7.541700794461472e-05,0.13785893515489997,0.013663117621583915,0.019058668796967222,0.16636128008997575
"IWM, EFA, XLF, XLU",4,0.0007352273749538642,0.18527729848837377,7.542976345785162e-05,0.13787059291733902,0.01275959579663443,0.01817304268640716,0.14695658889988206
"EEM, XLF, XLE, XLI",4,0.0008099735734948845,0.2041133405207109,7.544562897107452e-05,0.13788509165501098,0.012887386765642536,0.019362266987991938,0.15222111341911415
"EEM, GLD, XLK, LQD",4,0.0009019663644547456,0.22729552384259588,7.546541304837724e-05,0.1379031692463631,0.013585141573540304,0.02010042530041969,0.10452078537837617
"EEM, XLY, XLU, VNQ",4,0.0006590143197962345,0.16607160858865108,7.549211127185965e-05,0.13792756084448327,0.013105684865314483,0.019098184957860788,0.1424907217662894
"SPY, XLF, XLY, XLU",4,0.0007277402439190644,0.18339054146760422,7.549979409354534e-05,0.13793457910028734,0.013161187789421287,0.019167154448562845,0.16152989897412973
"IWM, TLT, XLK, XLE",4,0.0007120557506629012,0.17943804916705108,7.555071121512571e-05,0.13798108285635274,0.01227479728136755,0.01955892542824172,0.18360786308354848
"TLT, USO, XLE, XLP",4,0.0005750182728700889,0.1449046047632624,7.557086983944896e-05,0.137999489852467,0.013087182055664165,0.018682509550912756,0.1200050923928403
"XLK, XLY, VNQ, HYG",4,0.000662843227023207,0.16703649320984815,7.557878761501016e-05,0.1380067189631815,0.013712967016790253,0.01952762916649877,0.17031188430199806
"USO, XLK, XLU, VNQ",4,0.0008900622228994166,0.224295680170653,7.559258409034222e-05,0.13801931455693525,0.012477997756572901,0.0188853949090964,0.1635658976681038
"IWM, XLE, XLV, VNQ",4,0.0006110926925649902,0.15399535852637752,7.561829924922371e-05,0.138042788333199,0.01194734123766036,0.018653671349677135,0.18069397685023447
"QQQ, IWM, EFA, XLP",4,0.0007375725165078737,0.18586827415998416,7.561866282053378e-05,0.138043120186319,0.012834891560836515,0.018551477629339265,0.15777444232701987
"EEM, XLF, XLV, XLY",4,0.0006887749616920845,0.1735712903464053,7.564064213665784e-05,0.1380631805313704,0.013159085239922735,0.018881665843531275,0.1497131321491556
"QQQ, GLD, XLK, XLP",4,0.0009871298569164675,0.24875672394294981,7.564340320180373e-05,0.13806570032725196,0.013733196516931879,0.01931928424999309,0.1369979990060871
"IWM, XLY, VNQ, HYG",4,0.0005257248342564239,0.13248265823261882,7.567151312987347e-05,0.13809135131762637,0.013769183661316952,0.019232754284646436,0.1745226115037487
"IWM, TLT, GLD, XLK",4,0.000821946766325261,0.20713058511396576,7.56773815212725e-05,0.13809670576578092,0.013948465893582436,0.019341271453208013,0.12190573980125463
"QQQ, EFA, TLT, XLY",4,0.0006031089557652998,0.15198345685285555,7.568016045276633e-05,0.1380992412509827,0.013135436092984095,0.01880274094598271,0.144361931985295
"EFA, XLI, XLY, XLU",4,0.0006910823364424804,0.17415274878350506,7.568647140873882e-05,0.13810499916730815,0.012853664307709524,0.018138490895890733,0.14301341593670758
"IWM, XLI, XLY, AGG",4,0.0005735721893813572,0.144540191724102,7.56970861005036e-05,0.13811468313444053,0.012803648942700856,0.018576055347356596,0.1719602848114048
"QQQ, IWM, GLD, XLU",4,0.0009190333374395322,0.23159640103476212,7.572652991321078e-05,0.13814154168145482,0.013400439945225186,0.019411628383341293,0.13450371300980402
"SPY, QQQ, XLE, VNQ",4,0.0007896916193806117,0.19900228808391415,7.574171671240041e-05,0.1381553929874795,0.012560300059877029,0.020065710476685417,0.17664948019543258
"EFA, EEM, GLD, VNQ",4,0.0008222405819065166,0.20720462664044217,7.574610163555276e-05,0.13815939205193145,0.013430333096287031,0.02018979606876996,0.11494479628522836
"QQQ, IWM, XLF, XLP",4,0.0007530432588097292,0.18976690122005174,7.574710728329231e-05,0.1381603091896861,0.013250663524082192,0.01890795569174071,0.16844391755326826
"SPY, EFA, EEM, XLE",4,0.0008156899963677572,0.2055538790846748,7.577002361238217e-05,0.1381812069361109,0.012289616968185976,0.019710685738663476,0.15170587988183437
"TLT, USO, XLK, XLY",4,0.0007573692266661384,0.19085704511986687,7.578857565170279e-05,0.13819812250616542,0.012860418526188803,0.019210460184165883,0.1728619470152627
"EFA, USO, XLE, AGG",4,0.0006846493969433692,0.17253164802972903,7.579634060764446e-05,0.13820520190328006,0.012876976030613524,0.01919844181762775,0.12548294913019797
"SPY, XLV, XLY, VNQ",4,0.0006010576295507397,0.1514665226467864,7.583622830446183e-05,0.13824156224784348,0.013498728957918649,0.019262276789106365,0.15954071037283468
"TLT, USO, XLE, XLV",4,0.0005955791599236999,0.15008594830077238,7.584446162448284e-05,0.13824906628751485,0.012692224172941016,0.019213097178348917,0.12801077510683256
"USO, XLE, XLP, LQD",4,0.0006129941746658589,0.15447453201579645,7.585324287394525e-05,0.13825706927399484,0.013585811219120773,0.018794692196609026,0.12399513946268825
"EEM, USO, XLK, LQD",4,0.0008854655001237918,0.22313730603119553,7.586207076575744e-05,0.13826511430209315,0.012326618310563362,0.019742031651877035,0.15214983225866063
"IWM, XLF, XLY, LQD",4,0.0005777593946861239,0.14559536746090324,7.587038149027271e-05,0.13827268759790823,0.013481083752295444,0.019089675962884762,0.1679612054752616
"SPY, QQQ, USO, XLU",4,0.0009350804654330356,0.23564027728912496,7.59077078410394e-05,0.1383066967863159,0.012103923888849462,0.01909663863986768,0.1703229400711549
"SPY, QQQ, EFA, XLV",4,0.0007906813958859417,0.1992517117632573,7.591960108151201e-05,0.1383175313275256,0.012968041526401469,0.018534582220109078,0.15400927164014544
"QQQ, IWM, EFA, TLT",4,0.0006511856310934686,0.1640987790355541,7.592460315313006e-05,0.1383220878767696,0.013242663109208871,0.018705769761897983,0.15184281912136077
"IWM, EEM, GLD, XLV",4,0.0008338198423602085,0.21012260027477253,7.597799702861326e-05,0.13837071674025014,0.01352430594004894,0.019711162183744836,0.11294238194601491
"SPY, IWM, GLD, VNQ",4,0.0008207864298661709,0.20683818032627505,7.602113932928179e-05,0.1384099964272054,0.014118163059898414,0.019487594140101216,0.1340829254313859
"GLD, USO, XLI, XLY",4,0.0009102115585043623,0.2293733127430993,7.603999956094247e-05,0.13842716456446513,0.012029444442440205,0.018838345923080837,0.14043131956450772
"IWM, GLD, USO, XLU",4,0.0009281336636046759,0.23388968322837833,7.60504658292251e-05,0.1384366909058604,0.013205860095470538,0.018165172437671365,0.12173225998593795
"QQQ, EEM, USO, XLU",4,0.0009445761694422932,0.23803319469945788,7.60641712877865e-05,0.1384491645497444,0.012376352423720469,0.01928150578648425,0.1591715883539765
"XLF, XLV, XLY, VNQ",4,0.0005759388275592265,0.14513658454492506,7.606860389660567e-05,0.13845319852551125,0.013563827864995102,0.01929016351505398,0.15085775259310863
"IWM, USO, XLV, XLI",4,0.0007866361088452689,0.19823229942900777,7.611456184600143e-05,0.1384950164633817,0.012261605177572093,0.01871990889406241,0.17325160727415234
"EEM, USO, XLY, VNQ",4,0.0007657045942163055,0.19295755774250897,7.611812063323e-05,0.13849825413908276,0.012651510720400154,0.01948117764607276,0.1668555425350926
"IWM, EEM, XLI, XLP",4,0.0007202223867834278,0.1814960414694238,7.617953610763384e-05,0.13855411613923177,0.012796102945751753,0.018755997265609826,0.1577960150647003
"XLK, XLE, XLV, XLI",4,0.000830364350280646,0.20925181627072278,7.618144583959062e-05,0.1385558528232454,0.011507835420078393,0.01929012039777604,0.17166385385749083
"EFA, XLK, XLF, XLV",4,0.0008238847814844104,0.20761896493407142,7.621951148647517e-05,0.1385904646597007,0.013039885543867999,0.018718132855078312,0.1530489030330321
"IWM, EEM, TLT, XLI",4,0.0006338355013690228,0.15972654634499375,7.624584068826878e-05,0.13861439987765967,0.013747307826533424,0.01923349057690289,0.15119014834773759
"USO, XLE, XLV, LQD",4,0.0006335550617194697,0.15965587555330635,7.624613603847865e-05,0.13861466834969746,0.013187994439762792,0.019307225821952868,0.12462676168561182
"QQQ, XLE, XLI, VNQ",4,0.0007685044542058838,0.1936631224598827,7.62499900653543e-05,0.13861817159546322,0.011901135813941664,0.019316916338401772,0.17871904285153695
"IWM, XLE, XLP, XLY",4,0.000613247567982354,0.1545383871315532,7.626486323999572e-05,0.1386316902316311,0.012459311842100185,0.019365093932502818,0.18365818426862712
"XLK, XLV, XLY, XLU",4,0.0007576267247140831,0.19092193462794893,7.626936281462222e-05,0.13863577975863517,0.012774955250459156,0.018867436358890256,0.16346622422516532
"IWM, EFA, XLY, HYG",4,0.0005884757200866555,0.1482958814618372,7.630290414463109e-05,0.13866626065646623,0.013515024667957403,0.01882384119369204,0.15909066830226815
"EFA, USO, XLK, XLU",4,0.0009528131087296486,0.24010890339987145,7.63104520267787e-05,0.13867311891909057,0.012292179878122832,0.019174847693824628,0.15908477295506807
"EFA, XLK, XLY, AGG",4,0.0006912882030294993,0.17420462716343382,7.631417521122018e-05,0.1386765018062811,0.013255464504385736,0.018895554784806767,0.1493657196772592
"EEM, GLD, XLK, HYG",4,0.000928153432157133,0.23389466490359753,7.636821601156477e-05,0.13872559401535942,0.013335801463670404,0.02031711043105769,0.11062630698322518
"QQQ, EFA, USO, XLF",4,0.0009207138545507364,0.23201989134678555,7.639205357852092e-05,0.13874724322229712,0.01240113059985332,0.01964102581683105,0.16840583735437897
"EEM, XLF, XLI, VNQ",4,0.0007446747556852022,0.18765803843267095,7.639211332708473e-05,0.13874729748151982,0.013425588921723993,0.019025330109644616,0.1461970307165159
"QQQ, EFA, XLF, VNQ",4,0.000762024885409648,0.1920302711232313,7.642168821801027e-05,0.13877415260392906,0.012613200936729642,0.01900861556778739,0.15586505585017352
"USO, XLK, XLF, XLU",4,0.0009682838510315042,0.24400753045993906,7.643038450595004e-05,0.1387820481744646,0.012591538867248373,0.019355956708152544,0.16980793215662637
"QQQ, EEM, XLE, VNQ",4,0.0007991873233898692,0.20139520549424703,7.64334045169265e-05,0.13878479001052485,0.012643463669766975,0.019715682565292988,0.16644264467373537
"QQQ, TLT, XLK, XLE",4,0.0007908519558397024,0.199294692871605,7.646333485434366e-05,0.13881196051959863,0.012425468373734278,0.019920905962317808,0.16423883916336002
"QQQ, XLE, XLY, XLU",4,0.0007610656464490033,0.19178854290514882,7.648553074330777e-05,0.13883210632743984,0.012121258813781136,0.01981516682493904,0.1739382304778524
"IWM, USO, XLK, AGG",4,0.0008353029616685253,0.21049634634046838,7.650072804931908e-05,0.13884589827729305,0.01251532996318904,0.01985370929962956,0.17450941221906457
"IWM, USO, XLF, XLU",4,0.0008311654582647208,0.20945369548270965,7.651164361519283e-05,0.13885580359145452,0.012669561463868816,0.01872064321904609,0.16720050157321797
"SPY, XLK, XLI, LQD",4,0.0007994340919223184,0.20145739116442424,7.658736833256844e-05,0.13892450043029578,0.013278963445450001,0.019326817791945117,0.16144837277293655
"SPY, IWM, EFA, XLU",4,0.0007603461769453776,0.19160723659023515,7.659750492703861e-05,0.138933693687362,0.01257109494251685,0.018525388501507294,0.1554060516891439
"QQQ, XLK, XLE, LQD",4,0.0008288278576354722,0.20886462012413898,7.660079228463334e-05,0.1389366749844245,0.012336558151150373,0.020159356044254364,0.16899614064743818
"QQQ, EFA, XLP, XLY",4,0.0006894958411797047,0.17375295197728557,7.664201438557823e-05,0.1389740537840273,0.01275659456783019,0.018652601145236158,0.15498675453369237
"IWM, GLD, XLY, XLU",4,0.0007921604569345621,0.19962443514750966,7.670308944855226e-05,0.13902941609974187,0.013775329473524637,0.01942514281696555,0.13182461727401396
"USO, XLK, XLY, LQD",4,0.0007953451284619082,0.20042697237240087,7.67240772554491e-05,0.1390484356919314,0.012722837108398135,0.019737488402928098,0.17856247374126744
"EFA, TLT, USO, XLE",4,0.0006547923372691513,0.16500766899182612,7.673421127907843e-05,0.13905761842606024,0.012803513056555617,0.019136693964605857,0.13027124821707647
"QQQ, XLF, XLP, XLY",4,0.0007049665834815603,0.17765157903735318,7.676639864183794e-05,0.13908678031266367,0.0129209501089976,0.0193221528631088,0.16631693163325867
"SPY, EFA, XLV, XLY",4,0.0006638085153809714,0.1672797458760048,7.679201557174846e-05,0.13910998499058438,0.013280239659089066,0.01854132707569734,0.15143836597426552
"IWM, EFA, GLD, XLF",4,0.0008584185137048893,0.2163214654536321,7.679296896050719e-05,0.1391108485275243,0.013260052869610758,0.019468673819729852,0.12376264696233819
"IWM, EEM, XLY, AGG",4,0.0006042550585653428,0.15227227475846639,7.690894316520502e-05,0.13921585282442395,0.013342576131721294,0.019148858012385955,0.1603330780092428
"SPY, XLF, XLI, VNQ",4,0.0007351790516759447,0.18526512102233808,7.691562337913781e-05,0.13922189874995505,0.012728405567544487,0.019152156229194594,0.1652872314878846
"EFA, EEM, USO, XLI",4,0.0008878929825244349,0.22374903159615758,7.691894325988005e-05,0.13922490330932097,0.012874183109804547,0.01960845259288845,0.14749425722077258
"SPY, IWM, USO, XLU",4,0.0008562842602562343,0.21578363358457106,7.692052443894083e-05,0.13922633428562678,0.01192961147927099,0.018933761814631897,0.17826326321519737
"SPY, IWM, GLD, XLF",4,0.0008990080579982582,0.22655003061556106,7.693427082538506e-05,0.1392387742261366,0.013705488590067663,0.01958648287990976,0.14173289445846549
"QQQ, XLI, XLY, LQD",4,0.0006604872366797103,0.166442783643287,7.693615788643041e-05,0.13924048185560284,0.013121672256898349,0.019162086261602686,0.16465306083402853
"SPY, XLK, XLE, XLV",4,0.0008515515154553741,0.21459098189475428,7.696482340872023e-05,0.13926641913612017,0.011595007699620586,0.019855792849705595,0.1761172051301354
"IWM, GLD, XLV, XLY",4,0.0007436994706983248,0.18741226661597785,7.700685815535585e-05,0.13930444449173068,0.013971046342045799,0.0191468600262801,0.13625429277403867
"IWM, XLF, XLE, XLV",4,0.0006893143206970776,0.17370720881566357,7.704167461110566e-05,0.13933593219984078,0.011939499502117269,0.019066049167123966,0.1727241211999373
"IWM, XLK, VNQ, LQD",4,0.0006847328346489887,0.17255267433154514,7.708616710908783e-05,0.1393761604848194,0.012893056610661566,0.019369823297525932,0.1794646599147376
"IWM, EEM, XLE, XLU",4,0.0007723898129340856,0.19464223285938956,7.712140218985328e-05,0.13940801035752223,0.01256689304314226,0.019466274143388456,0.16555147622989974
"EEM, XLE, XLY, VNQ",4,0.0006723144428848992,0.1694232396069946,7.719440506172278e-05,0.13947397633807584,0.013131377091093134,0.01986015129650377,0.16296343550087222
"QQQ, XLK, VNQ, LQD",4,0.0007635290398257899,0.19240931803609906,7.720807156075131e-05,0.13948632202947117,0.013192956461481473,0.019492272842970372,0.16142875113658872
"IWM, EFA, XLF, XLV",4,0.000686766388717627,0.173065129956842,7.72154044921084e-05,0.13949294581451535,0.013045388094583143,0.018398919270094637,0.14489884171131207
"QQQ, XLE, XLV, XLY",4,0.0007126046602127661,0.17957637437361706,7.72315185477724e-05,0.13950750042215884,0.012833752391665827,0.01987652155385492,0.1749816701584893
"IWM, XLF, XLE, XLU",4,0.0007377753069333149,0.18591937734719535,7.723422920507808e-05,0.1395099486046772,0.012172862044243553,0.01910474369793092,0.1760240674764677
"EFA, GLD, XLK, XLE",4,0.0009826140961492673,0.24761875222961535,7.723647162058634e-05,0.13951197385309894,0.012318749920131442,0.020345109069633747,0.13327074104792114
"IWM, EEM, USO, XLU",4,0.0008657799642654918,0.21817655099490393,7.727562166910687e-05,0.13954732767278252,0.013142234060405777,0.01925053607551144,0.15876731914832465
"SPY, XLF, XLE, XLI",4,0.0008004778694856271,0.20172042311037802,7.728088554948427e-05,0.139552080451959,0.011642794062888156,0.019519761353723165,0.16888599900111767
"EFA, EEM, XLK, AGG",4,0.0007814085746913832,0.19691496082222856,7.735760713395186e-05,0.13962133432164253,0.013235876613751332,0.01924838987964525,0.1288011612107317
"SPY, XLK, XLE, XLU",4,0.0009000125016916113,0.22680315042628604,7.738409683435011e-05,0.13964523766407586,0.011324648782128561,0.020067834805438712,0.17369688246518844
"USO, XLF, XLY, VNQ",4,0.0007310900882155348,0.18423470223031477,7.739707585145121e-05,0.13965694796380773,0.012359206659008064,0.01966827209754643,0.1750196944100917
"EFA, XLV, XLI, XLY",4,0.0006426213502062432,0.1619405802519733,7.739915105458656e-05,0.1396588202218385,0.012878165642997727,0.01839383447435956,0.14751363452541366
"SPY, USO, XLF, XLI",4,0.0008938680208170331,0.22525474124589234,7.743519100544922e-05,0.1396913316329013,0.011754203878041075,0.01959807025508268,0.17249898481360393
"IWM, EFA, XLV, VNQ",4,0.0006085447605855397,0.153353279667556,7.745571590267785e-05,0.13970984363127323,0.013396172291682076,0.018637921015189282,0.15413906066962602
"IWM, XLV, XLY, XLU",4,0.0006205083319473,0.1563680996507196,7.747262657465123e-05,0.13972509401253633,0.013288957083414122,0.018807575303131468,0.16892817255380066
"SPY, EFA, EEM, USO",4,0.0009090801476991632,0.2290881972201891,7.747662192456579e-05,0.13972869685569453,0.01289663919897577,0.019694770896731346,0.1555032278820172
"EFA, XLK, XLE, VNQ",4,0.0008074242626772249,0.20347091419466065,7.748296240029036e-05,0.13973441424671723,0.012105890652283591,0.01977050419978072,0.16644043512318407
"XLV, XLI, XLY, VNQ",4,0.0005798704643760114,0.14612735702275487,7.748799669613699e-05,0.13973895365082178,0.01367504044966267,0.018971266293535183,0.16153643016797603
"EFA, USO, XLE, LQD",4,0.0006927682390649209,0.17457759624436006,7.751121344660135e-05,0.1397598861925107,0.013209501389469884,0.019439767514134166,0.13033785218083838
"EEM, XLK, XLI, AGG",4,0.0008008109538100239,0.20180436036012603,7.754421395364629e-05,0.13978963450956897,0.01332642685712195,0.019725172088984208,0.13922209555665133
"EFA, EEM, XLE, XLI",4,0.0007945028311930289,0.2002147134606433,7.756778454969939e-05,0.13981087835545647,0.01257060819054839,0.019887193619543036,0.14579160206121944
"SPY, GLD, USO, XLY",4,0.0009313987236790903,0.23471247836713077,7.756914046479962e-05,0.13981210032443367,0.0122054253851572,0.019334051201082867,0.14594177170048916
"IWM, XLK, XLE, XLP",4,0.000798442636077306,0.2012075442914811,7.7580100244549e-05,0.1398219770337494,0.011826345986964798,0.01989090471153414,0.18981493014936712
"XLK, XLV, XLI, VNQ",4,0.0007650655324709635,0.1927965141826828,7.762324253082915e-05,0.1398608491242955,0.013093007738103605,0.018979707407222355,0.16773708462809922
"QQQ, XLK, XLF, AGG",4,0.0008336318258363254,0.210075220110754,7.763514984270871e-05,0.1398715759558124,0.012923975608984211,0.019565461369337,0.16183373126813516
"QQQ, EEM, XLY, AGG",4,0.0006830512637421441,0.1721289184630203,7.766204735979373e-05,0.13989580384939362,0.01395839515228795,0.019345644519748573,0.1485316227625184
"EEM, TLT, GLD, XLK",4,0.0008639904626589759,0.21772559659006194,7.767320917423586e-05,0.13990585660331536,0.01429202254721378,0.020135217920671272,0.10391889252899988
"XLI, XLY, XLU, VNQ",4,0.0006283314506122487,0.15833952555428665,7.767396998794444e-05,0.13990654179473525,0.012818061702624681,0.01898884810896661,0.1647190353638711
"EFA, XLF, XLE, XLY",4,0.0007004508227143601,0.17651360732401875,7.768429216596084e-05,0.13991583765186175,0.012405914520914019,0.019677987710402987,0.16094552604487855
"SPY, XLK, XLV, VNQ",4,0.0007862526976456917,0.19813567980671432,7.769534388218378e-05,0.13992578982557258,0.013393072218883058,0.019344415482299725,0.16692764214767342
"XLK, XLE, XLI, XLU",4,0.0008788253365168829,0.2214639848022545,7.769831933748334e-05,0.13992846912993012,0.012500463749415826,0.019592757248086203,0.17467758061710148
"XLF, XLI, XLY, XLU",4,0.0007065530787443363,0.17805137584357275,7.770682143534095e-05,0.13993612472019482,0.01337272960921041,0.01906951788818968,0.15664504557280912
"QQQ, GLD, XLE, XLY",4,0.0008842567852000283,0.22283270987040713,7.772581617233164e-05,0.13995322674174962,0.012634207631719315,0.02044837042382468,0.15146659565119336
"TLT, XLK, XLY, VNQ",4,0.0005986802575250498,0.15086742489631255,7.77571321805545e-05,0.13998141772928197,0.013339260730209144,0.019801522438839748,0.17281218074070015
"SPY, TLT, XLK, XLI",4,0.0007614581901265484,0.1918874639118902,7.779184718161632e-05,0.14001266189087083,0.01375472361507019,0.01931934836536308,0.16406050652569937
"SPY, EFA, GLD, XLY",4,0.0008354606403682335,0.21053608137279484,7.779849044074345e-05,0.14001864015575696,0.014069729109517757,0.020080531851638925,0.12903929171236983
"QQQ, XLK, XLE, XLP",4,0.0008772388412541073,0.22106418799603503,7.780008975175761e-05,0.14002007933665414,0.012579764477340197,0.020001907373713265,0.17790494472141694
"SPY, USO, XLK, HYG",4,0.0009021568638169217,0.22734352968186428,7.78320717522725e-05,0.14004885605235293,0.012402367541741918,0.020131811735231316,0.17189563993705537
"IWM, XLF, XLY, HYG",4,0.0006039464623885112,0.15219450852190483,7.784127947126472e-05,0.1400571398635525,0.01405748177159961,0.01944490642157787,0.16817350278174303
"EEM, XLK, XLE, XLV",4,0.0008610472194646315,0.21698389930508713,7.78642075389723e-05,0.14007776518713103,0.012083289288355208,0.019943274207415703,0.16590084266209582
"QQQ, USO, XLI, VNQ",4,0.0008618946055372897,0.217197440595397,7.787997516233676e-05,0.1400919474520533,0.012385210930787843,0.019421040237323245,0.17721535703756341
"SPY, XLK, XLI, XLP",4,0.0008478450755409535,0.2136569590363203,7.788174404678833e-05,0.140093538394141,0.013091240004584358,0.018928553561663005,0.16779505864652988
"IWM, EFA, XLK, AGG",4,0.0007393648783576683,0.1863199493461324,7.798565277530302e-05,0.14018696265835978,0.013228815008950803,0.01891701038601115,0.15400031496065458
"XLK, XLF, XLY, LQD",4,0.0007148777874529071,0.1801492024381326,7.79926427632465e-05,0.1401932451166536,0.013752544553730501,0.019704520610544715,0.16414127065837747
"XLK, XLP, XLY, VNQ",4,0.0006850671429394547,0.17263692002074257,7.799286255174689e-05,0.1401934426535001,0.013551557700399513,0.019633981081706078,0.17550821174045972
"IWM, EFA, TLT, XLY",4,0.0005243127505884986,0.13212681314830163,7.800596412408978e-05,0.14020521730403124,0.013441113398752287,0.019152636099855104,0.16045601326152625
"IWM, EEM, GLD, XLU",4,0.0008822808285964458,0.22233476880630434,7.80203749179519e-05,0.1402181674367622,0.014152484175564946,0.020250384974657927,0.11027655178128748
"SPY, XLK, XLU, VNQ",4,0.0008347136838819291,0.21034784833824613,7.80350746172397e-05,0.14023137595967744,0.012263570084425284,0.019459081166435927,0.1675584323935162
"QQQ, GLD, XLK, LQD",4,0.0009387188732978324,0.23655715607105376,7.803889338707108e-05,0.14023480713981787,0.014341312656212234,0.01994414751029135,0.1269611783589929
"EEM, GLD, XLF, XLY",4,0.0008604270866793466,0.21682762584319534,7.804459191870734e-05,0.14023992713743919,0.014225175439085054,0.020502103379801163,0.1262743479173547
"IWM, XLK, XLE, HYG",4,0.0007762187201610582,0.19560711748058668,7.807695878753677e-05,0.14026900446805513,0.01135070392001226,0.020273266596400906,0.18190255293067648
"EFA, GLD, XLK, VNQ",4,0.0009173152783395849,0.2311634501415754,7.808344624182071e-05,0.14027483185852985,0.013679070107982158,0.019735978182916458,0.12365642413641442
"USO, XLK, XLP, XLY",4,0.0008437561120805433,0.21262654024429692,7.809687784029363e-05,0.14028689609423256,0.012770557728422385,0.019953692715072163,0.1801043841836898
"SPY, IWM, XLF, XLU",4,0.0007758169192472333,0.19550586365030279,7.811962337344492e-05,0.14030732372227803,0.012945048405412938,0.018966563087231533,0.1727518684821574
"IWM, EFA, XLU, VNQ",4,0.0006570057468217768,0.16556544819908775,7.812830148534081e-05,0.14031511669918495,0.013130232602627589,0.018745161016787647,0.15528717435785566
"IWM, EFA, GLD, VNQ",4,0.0007801968855728019,0.19660961516434608,7.81830340132581e-05,0.14036425674416206,0.01324861301906293,0.019423235745597858,0.11601020164331044
"USO, XLK, XLV, XLI",4,0.0009237545016120521,0.23278613440623713,7.818580822988068e-05,0.14036674703764399,0.012061205187480446,0.019991879526593714,0.17662818631323207
"SPY, EFA, EEM, VNQ",4,0.0007503911785580746,0.1890985769966348,7.820912325181874e-05,0.14038767417212356,0.012699239226836056,0.0194578292141092,0.1418619183993597
"QQQ, XLK, XLP, VNQ",4,0.0008119400234444248,0.20460888590799506,7.82309154992148e-05,0.14040723167202654,0.013070235266471003,0.01943110120943839,0.16907725476896418
"IWM, XLE, XLU, VNQ",4,0.0006595536788012274,0.16620752705790928,7.826908046011586e-05,0.14044147633782975,0.012121779718103751,0.01902745247264947,0.1839599544826389
"EFA, USO, XLI, XLY",4,0.0007977726108625516,0.201038697937363,7.829106776081065e-05,0.14046120131810166,0.01212553592902277,0.019576836509241045,0.17347708017650776
"EFA, GLD, XLI, XLY",4,0.0008142734751935054,0.20519691574876336,7.829143244782718e-05,0.14046152845833784,0.013712215272215202,0.019755840608872758,0.1215756473740317
"IWM, XLK, VNQ, HYG",4,0.000710919902351376,0.17915181539254674,7.829151266064707e-05,0.14046160041265038,0.01253216764550335,0.019639754914865273,0.17988299684192555
"QQQ, IWM, XLI, LQD",4,0.0007085639120078791,0.17855810582598552,7.829210965728185e-05,0.14046213594287618,0.013424767969677107,0.01911741622714555,0.17315041712192247
"SPY, IWM, EFA, XLV",4,0.0007118851907091405,0.17939506805870342,7.82963525673882e-05,0.14046594194672896,0.013075969678864234,0.01867465188975429,0.1540650613075497
"SPY, IWM, XLV, VNQ",4,0.0006491343048789087,0.16358184482948498,7.831515955477431e-05,0.14048281107595734,0.013645068271586114,0.01903017120720454,0.17751616308893015
"IWM, TLT, XLF, XLY",4,0.0005397834928903542,0.13602544020836926,7.83249231486026e-05,0.140491567837532,0.014214680531996085,0.019320430332733653,0.17095499027974792
"QQQ, USO, XLV, XLY",4,0.0008059948115441723,0.20311069250913144,7.833518575789724e-05,0.14050077156724122,0.012328613324979235,0.02017946090212518,0.18217926055207379
"SPY, QQQ, IWM, LQD",4,0.0007297510771826077,0.18389727145001714,7.835619868915812e-05,0.14051961453714512,0.01403333214913072,0.01936694638366962,0.17353362515398263
"EEM, GLD, XLY, VNQ",4,0.0007822054585472591,0.1971157755539093,7.83846874464706e-05,0.14054515728587233,0.013680365786129557,0.020485817388370214,0.11967629739709895
"USO, XLI, XLY, VNQ",4,0.0007350217250323198,0.18522547470814457,7.84129528901052e-05,0.14057049522679543,0.012560137986637592,0.01947301263211396,0.18469173079904577
"IWM, USO, XLU, VNQ",4,0.0007529438301326337,0.18974184519342369,7.846846009814824e-05,0.14062024016738617,0.01217191344874296,0.0187103160082201,0.16615863515877616
"IWM, GLD, USO, XLF",4,0.0009543565970157459,0.24049786244796797,7.846910009891445e-05,0.14062081362631368,0.011977175090053247,0.01917556733925166,0.13975063821581024
"IWM, EFA, USO, VNQ",4,0.0007636960212418478,0.19245139735294564,7.849817307055906e-05,0.14064686137195131,0.012283582461485199,0.01901575336317799,0.16178779337192195
"USO, XLE, XLP, HYG",4,0.0006391812423682459,0.16107367307679796,7.850286951370804e-05,0.14065106866801413,0.013876087421594666,0.01919607160903314,0.1255625151573886
"SPY, IWM, XLU, VNQ",4,0.000697595291115146,0.17579401336101677,7.851496485207993e-05,0.14066190366522183,0.012762442796906122,0.018936109050080443,0.180701936925309
"EEM, USO, XLF, XLY",4,0.000843926222348393,0.21266940803179504,7.852831691302172e-05,0.14067386346468727,0.01273584729344629,0.020260800221287803,0.17223385242343658
"QQQ, IWM, EEM, AGG",4,0.000731127939070313,0.18424424064571887,7.855964349565274e-05,0.14070191953525188,0.013712945988037208,0.019330471463507096,0.15003402196137217
"SPY, EFA, XLF, XLI",4,0.0007979299375061765,0.20107834425155646,7.857104971764876e-05,0.14071213355232548,0.013234807162334333,0.019127168355017137,0.15336497782779324
"IWM, GLD, XLE, XLI",4,0.0008648980825011249,0.21795431679028346,7.859481888403152e-05,0.1407334159280444,0.012328033610375553,0.019444333697375738,0.14288260652518714
"XLK, XLF, XLE, VNQ",4,0.0008228950049790805,0.20736954125472828,7.869149133710803e-05,0.14081994111968385,0.012802895175934482,0.02043611217979071,0.17878888621580502
"EFA, EEM, XLY, XLU",4,0.0007217652056264662,0.1818848318178695,7.87131102340766e-05,0.1408392835077888,0.012738012967922478,0.019256548276211774,0.13797300751520203
"QQQ, XLK, VNQ, HYG",4,0.0007897161075281772,0.19900845909710066,7.872868893728016e-05,0.1408532200987773,0.013411729704204609,0.019695919366248163,0.1655024132717996
"QQQ, TLT, XLI, XLY",4,0.0006225113348839404,0.156872856390753,7.874127684346e-05,0.1408644801380104,0.013128284953931776,0.01928686348600003,0.16574453016275448
"QQQ, EEM, GLD, XLE",4,0.0009743771568619118,0.24554304352920178,7.875042409807762e-05,0.14087266190682832,0.012982847787981245,0.020649696300955273,0.13333267304188567
"SPY, XLE, XLY, VNQ",4,0.0006628187388756418,0.16703032219666172,7.875623254146426e-05,0.14087785702674852,0.012894459961644978,0.020289833700556564,0.18071095450075192
"IWM, TLT, USO, XLK",4,0.0008054459019943074,0.20297236730256546,7.876213531346212e-05,0.14088313631869664,0.012703402824637033,0.019778128341052498,0.17342732252684023
"SPY, EEM, XLE, XLI",4,0.0008350923754863978,0.21044327862257226,7.886174543004976e-05,0.14097219530238062,0.013032577752344458,0.02011349955539942,0.16211286681277703
"SPY, XLF, XLV, XLY",4,0.0006792792576828271,0.17117837293607244,7.886964749092045e-05,0.1409792579343215,0.013124375548662193,0.019351008967058877,0.16602719566221014
"GLD, XLK, XLI, VNQ",4,0.0009367176574582258,0.2360528496794729,7.89059509623413e-05,0.14101170037450794,0.013747277786389886,0.019847084528289875,0.13470265401140302
"IWM, EEM, XLF, XLU",4,0.0007853126232564907,0.19789878106063566,7.891552111694426e-05,0.1410202514586822,0.013347122022041196,0.019050501646003064,0.15387732390559083
"EEM, USO, XLE, AGG",4,0.0007347346452459956,0.1851531306019909,7.893528302139929e-05,0.14103790739156838,0.013754233372409184,0.0199961441219467,0.13355543207492382
"SPY, QQQ, XLI, XLU",4,0.0008585447612408197,0.21635327983268654,7.893774004732371e-05,0.14104010242454298,0.012419513151242642,0.01940307154350504,0.16497290379257146
"IWM, XLE, XLV, XLI",4,0.0006932459575138629,0.17469798129349345,7.894315812809336e-05,0.14104494265403325,0.01182059390243041,0.018954523837167506,0.18442747543142535
"QQQ, EFA, GLD, USO",4,0.0010176820598906916,0.25645587909245426,7.894671823494977e-05,0.14104812297654779,0.012926284337265729,0.01974743333510292,0.12896726546509052
"GLD, USO, XLK, XLU",4,0.001065252056371459,0.26844351820560763,7.896724055028336e-05,0.141066454618635,0.013858826219164852,0.01934205349544252,0.1303561206513847
"EEM, GLD, USO, XLI",4,0.0010003319301662458,0.25208364640189396,7.900722786665389e-05,0.14110216661127775,0.014009673641739507,0.019593659863222045,0.12021175065796497
"SPY, USO, XLY, VNQ",4,0.000756208890207048,0.1905646403321761,7.903276317198852e-05,0.1411249670304341,0.012617089376206725,0.020000371346506736,0.18593374612160873
"XLK, XLI, XLU, VNQ",4,0.0008135265187072005,0.20500868271421455,7.90605733381479e-05,0.14114979447811207,0.012258374244913049,0.019052947278032868,0.17106746530429096
"QQQ, EEM, USO, VNQ",4,0.0008925774747212756,0.22492952362976146,7.906601415689486e-05,0.1411546512430161,0.012746971246262864,0.019886409669966763,0.17025361034955877
"SPY, GLD, XLK, VNQ",4,0.000957904822632954,0.2413920153035044,7.909224578945031e-05,0.14117806465220253,0.013532775918212442,0.020021110175231716,0.1423599533890445
"SPY, IWM, XLY, LQD",4,0.0006028781966776374,0.15192530556276462,7.909244074447834e-05,0.1411782386474932,0.01413595668329123,0.019489241265524367,0.18266700937645108
"SPY, XLK, XLI, HYG",4,0.0008256211596247055,0.20805653222542578,7.910073344155936e-05,0.14118563959295918,0.013149980450219059,0.019792873847931335,0.1648928318300905
"USO, XLE, XLV, HYG",4,0.0006597421294218567,0.1662550166143079,7.910782221729627e-05,0.1411919657726978,0.013615667046715395,0.019773632425615573,0.12668495872022
"IWM, GLD, USO, VNQ",4,0.0008761349688836585,0.22078601215868193,7.911744360713163e-05,0.1412005516596772,0.013025922580806976,0.019161260660915547,0.13217916290686105
"QQQ, XLI, XLY, HYG",4,0.0006866743043820975,0.17304192470428859,7.912623980214288e-05,0.14120840070668605,0.013747212698580692,0.019554009649403042,0.1685372152023511
"EEM, USO, XLK, HYG",4,0.0009116525678261792,0.22973644709219715,7.917043149457189e-05,0.14124782736959926,0.012869308621941923,0.02033850860368515,0.158042913730145
"GLD, XLK, XLY, XLU",4,0.0009292788497013455,0.23417827012473907,7.91907478212823e-05,0.14126594936842757,0.013636388868721825,0.0200468761179583,0.14015109367922962
"SPY, EEM, GLD, XLI",4,0.000944983391148758,0.23813581456948701,7.922348742190374e-05,0.14129514793622514,0.013419029390339576,0.02057748761296684,0.11879673790695422
"XLF, XLE, XLY, VNQ",4,0.0006376999368841284,0.16070038409480034,7.935016534908285e-05,0.14140806790267973,0.013262875313764176,0.020036327981577208,0.172575292781037
"GLD, XLK, XLV, XLY",4,0.000880817863465108,0.2219661015932072,7.935459109033559e-05,0.1414120113525176,0.013816336936809202,0.019849608340186658,0.14148734067901592
"TLT, XLK, XLF, XLY",4,0.0006769018856571373,0.1705792751855986,7.937437154396191e-05,0.14142963490399882,0.013860733038007694,0.019729841199348865,0.1664160506961483
"SPY, EEM, GLD, USO",4,0.0010215190953409739,0.25742281202592543,7.94296042444764e-05,0.1414788332917969,0.013452415758551241,0.019882637809809044,0.12662344050921193
"IWM, XLK, XLV, XLU",4,0.0008057034000422519,0.20303725681064747,7.943487251788612e-05,0.1414835250992401,0.012408592169646664,0.019064272250449828,0.1752798427075326
"SPY, XLI, XLY, XLU",4,0.0007316718807358495,0.18438131394543408,7.944437832441277e-05,0.1414919903660699,0.013011629048703276,0.01908588046360871,0.16597624995975369
"IWM, USO, XLI, XLU",4,0.0008350970950815061,0.21044446796053953,7.947170112450346e-05,0.14151631949487264,0.012385708316980529,0.018667689893018213,0.17702537512504124
"EFA, GLD, XLK, XLF",4,0.0009955369064716722,0.2508753004308614,7.948799808763304e-05,0.14153082886100654,0.013568023980081294,0.020252364945222773,0.131415514120381
"SPY, GLD, XLI, XLY",4,0.0008548630194868743,0.21542548091069233,7.950078131278569e-05,0.14154220886654975,0.014139880408353303,0.0200211489130302,0.14033574916019964
"IWM, TLT, XLY, VNQ",4,0.0004615618647582667,0.11631358991908321,7.950230068375841e-05,0.14154356139474208,0.013894852470484477,0.020035373613081036,0.17745212584733283
"GLD, XLK, XLE, XLI",4,0.0010020164752679078,0.2525081517675128,7.952402872828782e-05,0.14156290205957398,0.012742234272504682,0.020460982728298466,0.1439141513051767
"IWM, XLK, XLP, VNQ",4,0.0007331438182676236,0.18475224220344114,7.952660173385865e-05,0.14156519217990127,0.013205942640019785,0.01943438837166548,0.18649312968181975
"QQQ, USO, XLY, XLU",4,0.0008544557977804094,0.21532286104066317,7.956938917179226e-05,0.14160326998799022,0.012636232485458018,0.019573803369300757,0.18491246076959078
"SPY, EEM, XLY, XLU",4,0.0007623547499198351,0.19211339697979846,7.957867283113421e-05,0.14161153043960023,0.013447836305557442,0.019595317582023222,0.1567314582767506
"IWM, USO, XLK, LQD",4,0.0008434218037900772,0.21254229455509943,7.958415594972042e-05,0.141616409004499,0.012578190568381718,0.020240393131626306,0.1791124404737935
"QQQ, TLT, GLD, XLK",4,0.0009007429715020622,0.22698722881851968,7.958606427625749e-05,0.14161810688473733,0.014310743182231845,0.019827428905892775,0.12166183680577114
"EEM, TLT, USO, XLE",4,0.0007048775855717776,0.17762915156408796,7.959057999516412e-05,0.14162212453843984,0.01355008737149317,0.019894832324449427,0.1433359645202763
"IWM, EEM, XLF, XLV",4,0.0007368516370202535,0.18568661252910387,7.960118840648295e-05,0.14163156243731023,0.01296471937781631,0.019231608309321066,0.15196895937978738
"QQQ, GLD, XLK, HYG",4,0.0009649059410002196,0.24315629713205536,7.965623151259215e-05,0.14168052209521684,0.01404926182156754,0.02030414391047121,0.13338316922595028
"IWM, EFA, XLP, XLY",4,0.0006106996360029034,0.15389630827273165,7.966045218891104e-05,0.14168427559756086,0.013670128770496445,0.01890105849591996,0.16387358691334475
"QQQ, EEM, GLD, VNQ",4,0.0009090783390522294,0.2290877414411618,7.966763806738046e-05,0.14169066586398651,0.013732911512410358,0.020591542866295873,0.12332946126423627
"QQQ, XLK, XLV, XLU",4,0.0008844996052190533,0.22289390051520144,7.967079576824718e-05,0.14169347385676692,0.012477818967554434,0.01928814722917522,0.16612096918030272
"IWM, XLK, XLF, LQD",4,0.0007629544627810762,0.1922645246208312,7.971016119510454e-05,0.14172847498356267,0.013950492426341329,0.019774561061166197,0.1717425511225097
"SPY, QQQ, USO, VNQ",4,0.0008830817707120179,0.22253660621942853,7.972714141138582e-05,0.1417435699976166,0.012284451045442246,0.02015865262070135,0.1803575692532411
"QQQ, EFA, GLD, XLI",4,0.0009411463556984755,0.23716888163601582,7.975071873580643e-05,0.14176452702077208,0.013675225750540226,0.02017892564068517,0.1241115645203067
"IWM, EEM, XLV, VNQ",4,0.000658630008888166,0.16597476223981783,7.976206434023864e-05,0.1417746106104338,0.013211361549432898,0.01952813329497124,0.1626136507727658
"GLD, USO, XLK, VNQ",4,0.0010132533616504416,0.2553398471359113,7.979256429433435e-05,0.1418017143837558,0.013350885730632757,0.020020641117173468,0.14170042326147914
"SPY, EEM, XLK, AGG",4,0.0008219981189847521,0.20714352598415753,7.979802707814749e-05,0.1418065683376238,0.013839767864711831,0.01959914768427156,0.14736851087215896
"IWM, USO, XLK, XLP",4,0.0008918327874087122,0.22474186242699548,7.980264323664474e-05,0.14181066989346913,0.012801643570064459,0.02020738165747149,0.18226001876892906
"SPY, EEM, XLI, VNQ",4,0.0007697935576767153,0.19398797653453226,7.983579268230545e-05,0.14184012040301214,0.013633604228963085,0.019801774870174017,0.15465646162012603
"EEM, XLK, XLE, XLU",4,0.0009095082057008687,0.22919606783661892,7.985623499467758e-05,0.14185827863984096,0.012766106725595652,0.020496152259624867,0.1634547426405043
"IWM, EFA, USO, XLF",4,0.0008419176493739351,0.21216324764223166,7.985839982536312e-05,0.14186020145196293,0.01271680633527084,0.019724634965115364,0.16884611600165367
"SPY, QQQ, XLY, LQD",4,0.0006816744018544387,0.17178194926731855,7.986877095970927e-05,0.14186941277754955,0.01409435159081959,0.01963543294429844,0.17229544136631258
"EFA, USO, XLK, VNQ",4,0.000900814414008631,0.227005232330175,7.988939041115953e-05,0.14188772456985912,0.012494664980537877,0.01995135229220408,0.17016384355532965
"SPY, EEM, USO, XLI",4,0.0009284825268178041,0.23397759675808663,7.989285595515356e-05,0.14189080202993673,0.012355682495027427,0.020232798544789064,0.16581967662890063
"EEM, XLK, XLV, VNQ",4,0.0007957484016549492,0.2005285972170472,7.990647453879249e-05,0.14190289490977873,0.01329005802719292,0.019528655571575095,0.162464935832767
"IWM, EFA, GLD, USO",4,0.0009388858547138902,0.23659923538790034,7.994427658665517e-05,0.1419364565565771,0.013068790084710838,0.019318076870220687,0.12904932621375786
"EFA, EEM, XLV, XLY",4,0.000673304219390229,0.1696726632863377,7.995063592211175e-05,0.14194210176114824,0.013139003060723594,0.019316182297174085,0.1401708451466951
"SPY, EFA, USO, XLY",4,0.0008189597760372798,0.2063778635613945,7.995551095153102e-05,0.14194642918997935,0.012474653312683251,0.020096585122267665,0.1747676055209454
"QQQ, TLT, XLK, VNQ",4,0.00072555313803002,0.18283939078356504,7.995561352543995e-05,0.1419465202405852,0.013262418235488946,0.019898517359467006,0.16441621759482228
"XLF, XLV, XLI, XLY",4,0.0006580920925080988,0.1658392073120409,7.99790747604532e-05,0.1419673442719635,0.012816910651839215,0.01920161976950443,0.16219661482063297
"QQQ, XLK, XLE, HYG",4,0.0008550149253378596,0.2154637611851406,8.00298108060223e-05,0.14201236679640833,0.01261574083805531,0.020742515229609876,0.17487785312265103
"SPY, EFA, XLE, XLY",4,0.0007255696247058734,0.1828435454258801,8.005127723569168e-05,0.14203141153770987,0.012613880869643757,0.0202364573932113,0.16883185919928956
"QQQ, IWM, XLE, XLV",4,0.000760681335540935,0.19169169655631563,8.00737720240591e-05,0.14205136588594597,0.011897747848438207,0.01994611890926563,0.1840791743539355
"XLK, XLI, XLY, AGG",4,0.0007106905821481404,0.17909402670133137,8.015243257643653e-05,0.14212112091192503,0.013968424612781201,0.019715338912360367,0.16755246973217341
"QQQ, IWM, USO, XLV",4,0.0008540714868723411,0.21522601469182998,8.015432975706999e-05,0.14212280288110576,0.01231492449053814,0.02046389718584885,0.1823561173582372
"QQQ, EFA, XLE, XLI",4,0.0008312553400361155,0.20947634568910112,8.015760876924735e-05,0.14212570988336465,0.012703239796808416,0.020014583405779968,0.1645082908101766
"SPY, QQQ, IWM, TLT",4,0.0006917751753868375,0.17432734419748305,8.017684378622866e-05,0.1421427614552694,0.013742666986716789,0.01952129741478138,0.17646076939143518
"EFA, EEM, XLK, XLP",4,0.00083793840043157,0.21116047690875564,8.019356611891682e-05,0.14215758390591424,0.012509572172050601,0.019460990787903237,0.1427385266244483
"IWM, XLF, XLV, VNQ",4,0.0006240155028873953,0.1572519067276236,8.01951293568439e-05,0.142158969459984,0.013645127441122638,0.019197359105873668,0.16939027268654228
"QQQ, IWM, TLT, XLI",4,0.0006705880102121093,0.16898817857345155,8.021070958179943e-05,0.14217277803649142,0.01368867189940751,0.01922225588851381,0.1757612139462964
"SPY, EFA, EEM, XLF",4,0.0008286128066901621,0.20881042728592084,8.024470826523138e-05,0.14220290602810587,0.012970891077299498,0.01973498821898856,0.148227725703041
"IWM, XLI, XLY, LQD",4,0.0005816910315029091,0.1465861399387331,8.025570767976778e-05,0.14221265181164958,0.013144028678262299,0.019198500320419847,0.1785607801200252
"QQQ, GLD, USO, XLI",4,0.0010370844390093325,0.2613452786303518,8.026178443208599e-05,0.1422180356947939,0.013154140906263274,0.01981227073005019,0.14091493759185725
"SPY, QQQ, XLV, XLI",4,0.0008100837750045824,0.20414111130115475,8.026371112704516e-05,0.14221974266611295,0.012941595040341198,0.019422357382151083,0.16630558669393025
"IWM, XLF, XLU, VNQ",4,0.0006724764891236325,0.16946407525915538,8.030814126024235e-05,0.14225910022765176,0.012939077250906794,0.019197135770823267,0.17260089939221623
"SPY, USO, XLE, AGG",4,0.0007252389412367382,0.18276021319165803,8.031306382315618e-05,0.14226346011339439,0.013890722442434281,0.01989021489100537,0.1426697371139467
"IWM, XLE, XLI, XLU",4,0.0007417069437501001,0.1869101498250252,8.032010618823577e-05,0.14226969726345598,0.012479299492231354,0.019107694243323505,0.18770921707144594
"IWM, USO, XLV, XLY",4,0.0007271986063673709,0.18325404880457746,8.032543524114007e-05,0.14227441681752662,0.012765503522194034,0.020136312707166,0.18965980302025065
"SPY, QQQ, IWM, XLP",4,0.0007781620608012424,0.19609683932191307,8.034548934683559e-05,0.14229217587556447,0.013346142347475099,0.01953556586229996,0.17966468958484916
"QQQ, GLD, XLY, VNQ",4,0.000818957967390346,0.2063774077823672,8.035544712728314e-05,0.14230099323643303,0.014317017069422905,0.02037369331537321,0.14249110772176954
"SPY, IWM, XLF, XLV",4,0.000727355933010996,0.183293695118771,8.037804469305904e-05,0.14232100077870055,0.013294474275129933,0.01920334317943644,0.1695333590345206
"QQQ, EEM, GLD, XLF",4,0.0009872999671843169,0.24879959173044786,8.0399955453926e-05,0.14234039754893674,0.013881199925927722,0.020667134893749634,0.1287922541182963
"USO, XLK, XLY, HYG",4,0.0008215321961642952,0.2070261134334024,8.040702875602252e-05,0.14234665871216534,0.012555505034361668,0.020460304058393174,0.18511397233094418
"SPY, GLD, XLK, XLE",4,0.001023203640442636,0.2578473173915443,8.042159977317182e-05,0.1423595558536177,0.013428634560730596,0.020838369422089508,0.15195487287017562
"IWM, GLD, XLI, VNQ",4,0.0007995992646914425,0.20149901470224352,8.042723828660515e-05,0.1423645463176296,0.01381379459833101,0.019385324173702506,0.1367144762995569
"SPY, XLK, XLF, XLU",4,0.0009129353120140164,0.23005969862753214,8.043435003716793e-05,0.14237084044623155,0.013225500450085245,0.01984441101949596,0.17182964831182046
"QQQ, IWM, XLE, XLU",4,0.0008091423217771725,0.20390386508784747,8.043921629735547e-05,0.14237514708309726,0.011751420999651891,0.020025598504308812,0.18622606667072572
"USO, XLE, XLI, AGG",4,0.0007040517760620099,0.1774210475676265,8.045053860809668e-05,0.142385166816071,0.013459577673881866,0.019544459984005186,0.1393118634469802
"USO, XLE, VNQ, AGG",4,0.0006218985111131373,0.1567184248005106,8.048478627292132e-05,0.14241547015958686,0.01403002772036234,0.019656002567825258,0.12897744963678048
"SPY, QQQ, EFA, GLD",4,0.0009623335208732037,0.24250804726004735,8.048513269588843e-05,0.14241577665190008,0.013764803796608029,0.020394410630655124,0.13157927521691526
"XLE, XLI, XLY, VNQ",4,0.0006416315737009134,0.16169115657263017,8.049186186158388e-05,0.14242173004538014,0.012365194750177328,0.019723498081561458,0.1842369777685815
"QQQ, IWM, XLI, HYG",4,0.0007347509797102665,0.18515724688698718,8.050686413859926e-05,0.14243500188832453,0.013717929712566253,0.019451344495414014,0.17363395392816905
"EEM, XLF, XLE, XLY",4,0.0007505360710169868,0.18913508989628067,8.052656656943217e-05,0.14245242986870005,0.013293512462102646,0.020477991667789252,0.1674122815616359
"XLK, XLF, XLY, HYG",4,0.0007410648551552944,0.1867483434991342,8.054317085496463e-05,0.1424671156985046,0.013594165124015166,0.020200905931549176,0.17038814083906773
"USO, XLK, XLF, VNQ",4,0.0009162851563104863,0.23090385939024255,8.054825103474443e-05,0.14247160861292893,0.012745504521722812,0.02032754859383269,0.17977451170586434
"IWM, TLT, XLK, VNQ",4,0.0006467569328532188,0.16298274707901114,8.055866562807445e-05,0.1424808188433614,0.013410892368975266,0.01986436079136398,0.18212125143849467
"SPY, QQQ, IWM, HYG",4,0.0007559381448849948,0.19049641251101868,8.063696414266897e-05,0.14255004371782068,0.014049417730996702,0.019745298835532495,0.1739634868419494
"EFA, USO, XLE, HYG",4,0.0007189553067673082,0.18117673730536168,8.065459942969812e-05,0.14256563069787867,0.013168723790141315,0.020014892458961316,0.13197523442439418
"EEM, USO, XLE, LQD",4,0.0007428534873675476,0.18719907881662198,8.065567347333273e-05,0.1425665799382164,0.01377674708281329,0.020207244719323163,0.14006740209832513
"EEM, XLI, XLY, XLU",4,0.000741167584745107,0.18677423135576696,8.065871845610712e-05,0.14256927106125988,0.013498678121330526,0.01941584500757941,0.14922163023400015
"SPY, QQQ, EFA, XLE",4,0.0008524425052108437,0.21481551131313262,8.069396832513051e-05,0.14260042081962063,0.012059850928373897,0.020351115960671157,0.1723457489507073
"EFA, EEM, XLI, VNQ",4,0.0007292040133833466,0.18375941137260335,8.071816040691096e-05,0.14262179504739647,0.013212956596633482,0.01965315706795649,0.1404855326907174
"SPY, IWM, EFA, GLD",4,0.0008835373156964025,0.22265140355549343,8.07213918295896e-05,0.1426246498367536,0.014128554180541134,0.02021718232675103,0.13196948469310343
"SPY, TLT, USO, XLE",4,0.0006953818815625202,0.17523623415375508,8.0741391014713e-05,0.14264231677769287,0.01298642382554944,0.019698109470468735,0.1409801575551881
"EFA, XLE, XLI, XLY",4,0.0007043824595311454,0.17750437980184863,8.074227364697423e-05,0.1426430964296468,0.01287937131781971,0.019710195675816417,0.16287888277930296
"QQQ, XLI, XLP, XLY",4,0.0007088982202983454,0.17864235151518304,8.079487258077374e-05,0.1426895507399017,0.01377632320439794,0.018973873676223912,0.17196647059281422
"IWM, GLD, XLF, XLI",4,0.00087782089282353,0.22121086499152956,8.0798028660566e-05,0.1426923376445373,0.014380374090762494,0.019524319141155388,0.1344142804549443
"EFA, XLK, XLY, LQD",4,0.0006994070451510515,0.176250575378065,8.082021045170865e-05,0.1427119232363946,0.013909996200198314,0.019417774218674685,0.15448577345079717
"QQQ, EEM, XLF, XLE",4,0.0008774089515219567,0.2211070557835331,8.083797893894468e-05,0.14272761012717217,0.012404589654732071,0.020616784255657394,0.16999713249648074
"EFA, EEM, GLD, USO",4,0.0009809295510476046,0.24719424686399638,8.085009957670337e-05,0.1427383098307152,0.014516108912466713,0.020005557926088754,0.11669573028594094
"EEM, USO, XLK, XLV",4,0.0009544373707960377,0.2405182174406015,8.087119447224826e-05,0.1427569298037982,0.012598456398129565,0.020394066850520098,0.16964428340027027
"TLT, USO, XLE, XLI",4,0.0006741947163877918,0.16989706852972353,8.090827142849347e-05,0.1427896508854208,0.013710577647310467,0.019356204487109206,0.13882871345275594
"USO, XLE, XLU, AGG",4,0.0006738972058341551,0.16982209587020708,8.090899382413478e-05,0.1427902883381148,0.0133105393758664,0.01946925412464387,0.1179059473902011
"XLK, XLF, XLI, XLU",4,0.0008917481468392881,0.2247205330035006,8.091750763593375e-05,0.1427978008383018,0.013220693258465277,0.019575957147876258,0.16446615643679818
"IWM, EFA, XLE, VNQ",4,0.0006703058699104416,0.1689170792174313,8.092470373207191e-05,0.14280415029151683,0.01240661410606306,0.019535773626951785,0.17483969874007843
"QQQ, EFA, EEM, XLU",4,0.0008486380861314363,0.21385679770512195,8.095369987959136e-05,0.142829732092646,0.013405506664964574,0.01961863976173627,0.14121423188514604
"USO, XLF, XLE, AGG",4,0.0007001201392452249,0.17643027508979667,8.098974682255682e-05,0.14286152805876157,0.014331992785675159,0.019737475544594398,0.13135655003380786
"EEM, XLK, XLI, XLP",4,0.0008573407795502109,0.21604987644665313,8.099177689207586e-05,0.14286331851389678,0.013690542646189905,0.01970848571013523,0.15398857400714094
"QQQ, IWM, XLI, XLP",4,0.0007569748956265141,0.19075767369788157,8.099651105370496e-05,0.14286749380294195,0.013273325336888905,0.019148483088167124,0.17940709650113917
"SPY, IWM, XLY, HYG",4,0.0006290652643800246,0.15852444662376622,8.103326180741465e-05,0.142899901943523,0.014459508642953318,0.01983163582403098,0.18414119097977688
"QQQ, XLY, XLU, VNQ",4,0.0006957668286393209,0.17533324081710885,8.109549346487037e-05,0.14295476331045193,0.013931125950509425,0.0199407077685321,0.16607285074326994
"EEM, GLD, USO, XLY",4,0.0009408944276883478,0.23710539577746365,8.116562264013361e-05,0.14301656164694238,0.013594170299002619,0.019781901029719662,0.13374975008032886
"IWM, EFA, XLI, XLU",4,0.0007391590117706493,0.18626807096620362,8.117076452354215e-05,0.1430210916610995,0.013513349459329676,0.018646600972155435,0.15903188095792664
"SPY, EFA, EEM, GLD",4,0.0009255810120301173,0.23324641503158958,8.117284709538344e-05,0.1430229263720912,0.013593262752455605,0.020776675723970073,0.11285440879267439
"EFA, EEM, USO, XLY",4,0.0008284554800465371,0.20877078097172735,8.120473304535802e-05,0.14305101442293314,0.012241186859648727,0.020202830432301738,0.16242590324712214
"IWM, TLT, XLK, XLF",4,0.0007249785609853061,0.18269459736829713,8.120537094330795e-05,0.1430515762853161,0.013883764986570799,0.019710697464098457,0.17436168753703873
"TLT, USO, XLF, XLE",4,0.0006702630795710068,0.16890629605189372,8.12272683508209e-05,0.14307086224807225,0.014057092691383286,0.019579838818024033,0.13365243427713158
"EEM, XLV, XLI, XLY",4,0.0006927065985088697,0.17456206282423517,8.12714243572368e-05,0.1431097443852922,0.013614879035571549,0.019622837611303342,0.1522531928244386
"SPY, EEM, XLV, XLY",4,0.000713893763683598,0.1799012284482667,8.128897880452673e-05,0.14312519924437045,0.013449573613627102,0.01963931451527774,0.1585296375644446
"XLK, XLF, XLP, XLY",4,0.0007632887710715422,0.19234877031002864,8.13041725169948e-05,0.14313857437561228,0.01395627818049615,0.020007829930818927,0.1739595618760169
"SPY, USO, XLK, XLV",4,0.0009449416667867802,0.2381253000302686,8.132462540101324e-05,0.14315657721898545,0.012974805833356636,0.02063260069664907,0.1797590108860051
"QQQ, EFA, EEM, XLV",4,0.0008001770998951991,0.20164462917359016,8.133173671614291e-05,0.1431628361428622,0.01299798725161251,0.019410810367224654,0.14381154430041643
"QQQ, EEM, XLF, VNQ",4,0.0008121101337122743,0.20465175369549313,8.138653915597942e-05,0.14321106056204883,0.014537244159710491,0.02017408979751732,0.16109015933790483
"QQQ, EFA, USO, XLI",4,0.0009246454913675215,0.2330106638246154,8.141529695154493e-05,0.14323636002003587,0.01261741259528709,0.02024489364478159,0.16914150550081464
"IWM, EEM, XLY, LQD",4,0.0006123739006868948,0.1543182229730975,8.146115029075686e-05,0.14327668991594805,0.013686696912226093,0.019749725779967857,0.16695399140676392
"EFA, EEM, XLK, LQD",4,0.000789527416812935,0.19896090903685962,8.14720968369802e-05,0.1432863161747102,0.013423790372345886,0.01965996139995739,0.1340290325157263
"USO, XLE, XLY, AGG",4,0.0006446142735841121,0.16244279694319624,8.148868078003371e-05,0.14330089865931928,0.013382027762136366,0.01995512326981817,0.15865964572322877
"SPY, IWM, TLT, XLY",4,0.0005649022948818676,0.14235537831023062,8.152456142835887e-05,0.14333244391953426,0.014431253846210515,0.019728748431687898,0.18482872280808516
"IWM, EEM, XLU, VNQ",4,0.0007070909951244034,0.17818693077134967,8.153462366761966e-05,0.14334128911182623,0.01311434219355051,0.01945256185399782,0.16218673263146688
"SPY, QQQ, TLT, XLY",4,0.0006436985000586686,0.1622120220147845,8.157593508929181e-05,0.14337759811944661,0.014161976742049992,0.019809376137493562,0.16981761406123652
"SPY, QQQ, XLF, VNQ",4,0.0008026144297030169,0.20225883628516025,8.160686589713705e-05,0.1434047774869392,0.013901515289735213,0.020348892020128687,0.17407400068583723
"SPY, XLV, XLI, XLY",4,0.0006832108944996123,0.1721691454139023,8.162983825561786e-05,0.1434249603117104,0.013383675478341722,0.019319414765773518,0.16940664287188945
"SPY, IWM, GLD, USO",4,0.0009794753990072594,0.24682780054982936,8.163866232255788e-05,0.14343271211716171,0.013028144646307267,0.019802891897525217,0.14822218309284874
"EEM, XLK, XLI, LQD",4,0.0008089297959315759,0.2038503085747571,8.167063572336351e-05,0.14346079674352713,0.013834361376218251,0.020126952111200015,0.14439229000649456
"USO, XLK, XLI, XLU",4,0.0009722154878482891,0.24499830293776886,8.168287294613303e-05,0.14347154415571586,0.012942548077398582,0.020011847381041104,0.17644282931646849
"SPY, QQQ, GLD, XLI",4,0.0009817358999918444,0.2473974467979448,8.169371092959443e-05,0.14348106200561034,0.014103313208826143,0.020509871138630564,0.14296647596333734
"IWM, EFA, XLV, XLI",4,0.0006906980255344122,0.17405590243467187,8.177201209162888e-05,0.14354980685145652,0.01314210210513405,0.018862736791605075,0.15753495564386677
"EFA, XLF, XLY, VNQ",4,0.0006351520049046778,0.1600583052359788,8.180824589480062e-05,0.1435816073370463,0.01416435760276455,0.0199175563070529,0.1535001742826898
"IWM, USO, XLY, XLU",4,0.0007756595926036085,0.19546621733610933,8.181158188131243e-05,0.14358453480124778,0.012741482094584675,0.019772259737173815,0.1932771150175756
"EEM, XLK, XLU, VNQ",4,0.0008442093878911864,0.21274076574857897,8.181895930392382e-05,0.14359100857849286,0.01368832711807757,0.01998926942108792,0.1539224200307744
"IWM, XLP, XLY, VNQ",4,0.0005479487501726716,0.13808308504351324,8.185699758917886e-05,0.14362438300119196,0.014052987988873548,0.019709253412133903,0.18054454830985933
"IWM, XLK, XLF, XLP",4,0.0008113654463997111,0.2044640924927272,8.186737765093263e-05,0.14363348901991843,0.014129485800636166,0.01986153558867858,0.1786375174600201
"QQQ, XLK, XLF, LQD",4,0.0008417506679578772,0.21212116832538505,8.187501260925075e-05,0.1436401864992217,0.013763244229556914,0.020013313411696796,0.16668599248012117
"EEM, GLD, XLK, XLV",4,0.0009709382351269915,0.24467643525200186,8.19150579560314e-05,0.14367530965660005,0.013118317013158553,0.02037315344387088,0.12279543455734387
"QQQ, XLV, XLY, VNQ",4,0.0006473058424030837,0.1631210722855771,8.192102395990896e-05,0.14368054161192828,0.01397919512771712,0.020095868254784117,0.16666540333757707
"XLK, XLF, XLV, XLI",4,0.0008432871606030508,0.2125083644719688,8.193840344553471e-05,0.14369578166485872,0.012514013749511495,0.019745204812614815,0.1658012258111986
"GLD, USO, XLK, XLF",4,0.0010914749897825292,0.27505169742519736,8.193883768468042e-05,0.14369616242801847,0.01304356047876171,0.020389135951743697,0.1479602958581041
"QQQ, IWM, GLD, XLE",4,0.0009323334605281972,0.2349480320531057,8.198663404182475e-05,0.14373806656046215,0.013197860487684513,0.020733500427044346,0.15375841207860486
"EEM, XLK, XLF, XLU",4,0.0009224310160232738,0.232452616037865,8.199447365181165e-05,0.14374493855526368,0.013325163296183998,0.020068902385342615,0.15877872107468394
"QQQ, EEM, XLY, LQD",4,0.0006911701058636961,0.17417486667765142,8.203884672256887e-05,0.1437838286250834,0.014659892554362577,0.019912223865863405,0.15458712901359206
"GLD, XLK, XLF, XLI",4,0.001014939285590313,0.2557646999687589,8.20713582348654e-05,0.14381231614568374,0.01372908410485064,0.020454284325792743,0.14239722769071872
"SPY, USO, XLE, LQD",4,0.00073335778335829,0.18480616140628908,8.210841792740906e-05,0.14384478203156026,0.014000296080833877,0.02009499192835301,0.14707610334249754
"SPY, QQQ, XLY, HYG",4,0.0007078614695568259,0.1783810903283201,8.212486384761516e-05,0.14385918701841402,0.014344046391318567,0.020045712547455435,0.17510601908447
"IWM, XLI, XLY, HYG",4,0.0006078780992052964,0.1531852809997347,8.213051777051067e-05,0.14386413895814584,0.013758123215467903,0.019491322053174737,0.1787543835572537
"SPY, QQQ, EFA, VNQ",4,0.0007871436874011612,0.19836020922509262,8.213467351700996e-05,0.14386777862428582,0.013652855644505317,0.019739771587906307,0.16378001690502086
"QQQ, EEM, XLV, XLI",4,0.0008195794790138398,0.20653402871148763,8.21588125129317e-05,0.1438889181044141,0.012982004414634096,0.01988856595912108,0.15407655100366835
"USO, XLE, XLI, LQD",4,0.0007121706181835619,0.17946699578225758,8.217734351374246e-05,0.14390514433286639,0.013856821076828967,0.019741323891913475,0.14427250457028662
"EFA, EEM, XLF, XLI",4,0.0008074256415154338,0.20347126166188934,8.221140429818117e-05,0.1439349640745488,0.013317686998846598,0.020028720694570384,0.14098519896866413
"USO, XLE, XLU, LQD",4,0.0006820160479557069,0.17186804408483813,8.225372700605284e-05,0.143972008409709,0.01335392792357192,0.01966404423573312,0.12279383466553662
"USO, XLE, VNQ, LQD",4,0.0006300173532346894,0.15876437301514174,8.22681932296802e-05,0.1439846682597818,0.013993660204555005,0.019872667415710362,0.13382509431517053
"QQQ, XLF, XLI, VNQ",4,0.0007814272645282888,0.19691967066112878,8.228407434572353e-05,0.14399856504535846,0.013625071857335367,0.020021189957133347,0.16738640405916871
"IWM, XLK, XLF, HYG",4,0.0007891415304834632,0.19886366568183272,8.228536185242765e-05,0.14399969162054402,0.014167189265085258,0.020250432192437304,0.17299800024377476
"IWM, EEM, GLD, XLE",4,0.0008955809516851106,0.22568639982464786,8.230144244652073e-05,0.14401376148314168,0.013391637022015944,0.020799547007460083,0.13184746198243313
"EFA, XLK, XLP, XLY",4,0.0007478180287696865,0.188450143249961,8.230506453374112e-05,0.1440169304717427,0.013683312126967823,0.019538326534780142,0.16276467329040778
"IWM, GLD, XLE, XLY",4,0.0008054605800232269,0.20297606616585318,8.230757684897458e-05,0.14401912847237203,0.01390912887262695,0.020694589820538862,0.1511521790156456
"QQQ, EFA, XLI, VNQ",4,0.000765956522226433,0.19302104360106112,8.230959017890178e-05,0.14402088989130446,0.01417972387708774,0.019507003328221233,0.15662647852468092
"QQQ, XLF, XLE, XLI",4,0.0008467260823379713,0.21337497274916878,8.233598443727045e-05,0.14404397966660096,0.011821465257688254,0.02045762401382399,0.17581138975102795
"SPY, QQQ, XLF, XLE",4,0.0008679132475126995,0.21871413837320025,8.237005220645898e-05,0.14407377678129932,0.012613144475219015,0.021012697631869786,0.18303328096478622
"IWM, XLF, XLP, XLY",4,0.000626170378304759,0.15779493533279929,8.237369065586349e-05,0.14407695875912152,0.014427177529962887,0.019624572810109826,0.1737515986053303
"QQQ, XLF, XLY, XLU",4,0.0007739884567714084,0.19504509110639492,8.237598867056341e-05,0.14407896843391815,0.013543487398521794,0.019968197427042693,0.1718966002964022
"IWM, EEM, USO, VNQ",4,0.0008137812695444742,0.20507287992520748,8.239676381738234e-05,0.14409713557867954,0.013025567728122115,0.019969334282930434,0.17062884385228272
"QQQ, EEM, XLI, XLU",4,0.000868040465250077,0.2187461972430194,8.240559546328565e-05,0.14410485785270385,0.014157939654768874,0.020120956432795177,0.15188009399178226
"TLT, USO, XLE, XLY",4,0.000614757213909894,0.15491881790529327,8.24863736413965e-05,0.14417547002743542,0.01323956856429078,0.01979143220749605,0.1570104712619761
"TLT, USO, XLE, XLU",4,0.0006440401461599368,0.16229811683230408,8.249764885543647e-05,0.14418532349573582,0.01364453688087157,0.019554863245315423,0.12273318343636686
"QQQ, IWM, USO, XLU",4,0.0009025324731085784,0.22743818322336176,8.249996524872597e-05,0.14418734772052277,0.012363020101014434,0.020025563064738038,0.1860164530033166
"USO, XLF, XLI, XLY",4,0.0008132433531644072,0.20493732499743061,8.250456911979492e-05,0.1441913708173562,0.012711100490238254,0.02049030329366997,0.18768157086467685
"IWM, EFA, XLK, LQD",4,0.0007474837204792205,0.18836589756076358,8.253366867706786e-05,0.14421679689488703,0.01340004533032753,0.01949146892038848,0.1609487386016184
"EEM, XLK, XLF, XLV",4,0.0008739700297870364,0.22024044750633318,8.254021550360005e-05,0.1442225166432316,0.013371906717903188,0.01994485956694056,0.16011416470549655
"QQQ, EEM, USO, XLF",4,0.0009707991028533629,0.24464137391904744,8.254862335099538e-05,0.14422986197196072,0.013102595103979667,0.020680379508185697,0.1747377839976786
"SPY, XLK, XLF, XLV",4,0.0008644743257777793,0.21784753009600039,8.255284591903174e-05,0.14423355078342903,0.013058651842360852,0.019949014603450246,0.17314450562633732
"SPY, QQQ, EEM, XLU",4,0.0008892276304248052,0.2240853628670509,8.255290580547847e-05,0.14423360309921046,0.013474263414634608,0.020063335225320594,0.15952976817346554
"EFA, XLK, XLF, XLE",4,0.0008856458908093121,0.22318276448394664,8.255977128157532e-05,0.14423960053659668,0.012262870437242081,0.020655396776564982,0.17118271893363057
"USO, XLF, XLE, LQD",4,0.0007082389813667766,0.1784762233044277,8.25718742890676e-05,0.1442501726891342,0.014300564461486899,0.01992823172163044,0.13581942883824305
"SPY, EEM, XLK, XLP",4,0.000878527944724939,0.22138904207068463,8.259902847643847e-05,0.14427388944664415,0.013144977722517541,0.019811150632984737,0.16146247526902924
"XLK, XLE, XLY, XLU",4,0.0008193878340389851,0.20648573417782423,8.2605231810789e-05,0.14427930695813185,0.012615095370023722,0.020937503323350568,0.18182891269388513
"EFA, XLK, XLI, XLU",4,0.0008762774045374325,0.22082190594343298,8.260722788653158e-05,0.14428105013273904,0.013418105159389671,0.01966563098969112,0.15342682336153113
"QQQ, XLK, XLF, XLP",4,0.0008901616515765125,0.22432073619728113,8.261463837877147e-05,0.14428752153755506,0.013863229449104293,0.019858792419624766,0.17648253539679748
"SPY, EFA, XLK, XLU",4,0.0008974645697121607,0.2261610715674645,8.262636207446041e-05,0.14429775896653427,0.012565885265283615,0.01973691430072032,0.16062630993147298
"QQQ, TLT, XLK, XLF",4,0.0008037747661621075,0.2025512410728511,8.264526580315616e-05,0.1443142646532052,0.014016839301624286,0.019913751020498405,0.1615668044978833
"EFA, EEM, XLE, XLY",4,0.0007350653287151311,0.18523646283621303,8.26533143885357e-05,0.14432129165826849,0.013183435324947448,0.020630628618101592,0.1585912815863545
"EFA, XLK, XLY, HYG",4,0.0007255941128534387,0.18284971643906656,8.271892601202982e-05,0.14437856265745105,0.013999925923787016,0.019826119086750537,0.16071660505801588
"EFA, TLT, XLK, XLY",4,0.0006614311433552815,0.16668064812553093,8.276954300314786e-05,0.14442272964043182,0.014228342468203608,0.01953516836872,0.15592702454843121
"EFA, EEM, GLD, XLI",4,0.0009043938468553891,0.22790724940755805,8.277255362850181e-05,0.14442535620306587,0.013673476823721852,0.021091580150288624,0.12132259660135791
"IWM, TLT, XLI, XLY",4,0.0005437151297071392,0.13701621268619907,8.278578319109539e-05,0.14443689751637578,0.013847938139065243,0.019504738155678835,0.18149450948552537
"SPY, GLD, XLK, XLF",4,0.0010361264507650412,0.2611038655927904,8.279999418411682e-05,0.1444492939906507,0.01393822524939238,0.02059259839666323,0.14997871762230086
"SPY, IWM, EFA, USO",4,0.0008670364513654486,0.21849318574409304,8.28074108133241e-05,0.1444557632112948,0.012771582297221263,0.020334931306868982,0.1766222391905946
"IWM, GLD, XLK, XLV",4,0.0009288945387932769,0.2340814237759058,8.28272331090449e-05,0.1444730519629156,0.013927313366711313,0.020254023497756096,0.14378237504516944
"IWM, XLV, XLI, VNQ",4,0.0006279471397041803,0.15824267920545343,8.283545198785206e-05,0.1444802197566806,0.013489974428313675,0.018848684301899704,0.18110519981754092
"SPY, IWM, USO, VNQ",4,0.0008042855655352169,0.20267996251487466,8.285925728845432e-05,0.14450097867035536,0.012614513094372889,0.020136792032659834,0.18698524723630083
"IWM, EFA, XLK, XLP",4,0.0007958947040978555,0.2005654654326596,8.286420946118012e-05,0.14450529673412457,0.013422351668466916,0.019547261664033633,0.16718695718982068
"IWM, USO, XLF, VNQ",4,0.0007791667635437034,0.19635002441301325,8.287116417784275e-05,0.14451136070501994,0.013011481957339834,0.019834241407509123,0.17607437106030555
"TLT, USO, XLE, VNQ",4,0.0005920414514389193,0.14919444576260765,8.29008760622167e-05,0.14453726428737543,0.013217318462476275,0.01973564917790585,0.13407802224248266
"QQQ, EFA, XLK, AGG",4,0.0008181610835344696,0.20617659305068634,8.291476616291868e-05,0.1445493724408913,0.013913055978327182,0.019577702695059127,0.15184797010900142
"QQQ, GLD, XLF, XLY",4,0.0008971795955224334,0.2260892580716532,8.294441530771444e-05,0.14457521453397204,0.013982978415697086,0.020787327212434162,0.1500858995171429
"QQQ, EFA, XLY, XLU",4,0.0007585177144695526,0.19114646404632726,8.294502488863388e-05,0.14457574579415367,0.013391535326236641,0.01951149821626651,0.16122634605826303
"XLK, XLE, XLV, XLY",4,0.0007709268478027479,0.19427356564629247,8.295935095122594e-05,0.14458823064035656,0.0127671906040552,0.020820604091780263,0.1829648849753499
"IWM, EEM, XLY, HYG",4,0.000638560968389282,0.16091736403409906,8.296845567441229e-05,0.1445961646446817,0.013787314828713402,0.019926630743494485,0.16840721027645
"IWM, GLD, USO, XLI",4,0.0009582882338325311,0.24148863492579783,8.297804546010331e-05,0.14460452086966727,0.013097265992520445,0.019264964841291487,0.14161008147054566
"QQQ, IWM, EEM, LQD",4,0.0007392467811918648,0.18629018886034993,8.297842351970426e-05,0.14460485028852066,0.013925439163006825,0.01986650617746871,0.15687283766811866
"QQQ, IWM, EEM, XLP",4,0.0007876577648104999,0.19848975673224598,8.299447963187417e-05,0.14461883994567337,0.013515452819266582,0.01995337311037984,0.1637671096906277
"EFA, EEM, XLK, HYG",4,0.0008157144845153222,0.2055600500978612,8.299622162554234e-05,0.1446203576597592,0.01339279273376332,0.019937053406953,0.14000486904592302
"SPY, IWM, EEM, XLU",4,0.0008104314252480041,0.20422871916249705,8.300305696879457e-05,0.1446263128069586,0.013120550753742057,0.019856491187324538,0.1623624375394208
"SPY, QQQ, XLP, XLY",4,0.0007300853854730736,0.18398151713921454,8.301237491530691e-05,0.1446344304744114,0.013923865459536755,0.01985407771776854,0.17947401843563715
"SPY, QQQ, GLD, USO",4,0.0010582716041840606,0.26668444425438326,8.301828130310886e-05,0.14463957580269457,0.013913381202460513,0.02045738725410844,0.14853740880404875
"EFA, XLK, XLF, VNQ",4,0.0008203470729996297,0.20672746239590667,8.303809215054162e-05,0.14465683261407494,0.013626616761707342,0.019945248157478345,0.1636725699901772
"QQQ, USO, XLF, XLI",4,0.0009401162336693772,0.23690929088468304,8.304400430633528e-05,0.14466198216945766,0.013121966835534706,0.020660207210138972,0.18041931475081696
"QQQ, USO, XLK, AGG",4,0.0009140991668453264,0.23035299004502227,8.304571955118689e-05,0.1446634761330554,0.014025720653551722,0.02080742341529011,0.17006710629891197
"IWM, XLK, XLI, AGG",4,0.0007587672574763092,0.1912093488840299,8.304890017849505e-05,0.14466624639141212,0.013780814778741428,0.019880422162630453,0.17921706194209863
"EFA, XLK, XLV, XLI",4,0.0008278164183011952,0.2086097374119012,8.306855001686801e-05,0.14468335980426617,0.013133363533000373,0.019532737341934857,0.1542779490047893
"EEM, TLT, XLK, XLI",4,0.0007709538941358059,0.19428038132222308,8.317704800693884e-05,0.14477781631779293,0.014208481931187032,0.02029893396432726,0.14507377287996392
"IWM, XLF, XLI, XLU",4,0.000754629754072505,0.19016669802627126,8.31951747566431e-05,0.1447935911519362,0.012896148248316348,0.019022213550333643,0.1763445504545489
"IWM, EFA, XLF, XLE",4,0.0007485274980425291,0.18862892950671734,8.320689571479363e-05,0.14480379042044444,0.01312196383248118,0.020132890356531114,0.16687500578990466
"QQQ, EEM, XLP, XLY",4,0.0007395810894823311,0.1863744345495474,8.3209216132659e-05,0.1448058095016566,0.013491082639575653,0.019937514210475814,0.1618670808057816
"SPY, IWM, XLI, XLU",4,0.0007797485560640183,0.19649663612813262,8.328513743578922e-05,0.14487185590658694,0.013591500938721668,0.019117891986896427,0.18446998529103553
"IWM, USO, XLK, HYG",4,0.0008696088714924646,0.21914143561610108,8.329178001589882e-05,0.14487763307014132,0.013150727009204834,0.020925664558261958,0.18565253516915503
"QQQ, USO, XLE, AGG",4,0.000771487154089082,0.19441476283044867,8.329587184342011e-05,0.14488119168664326,0.013735128485688447,0.020400772911412148,0.15135691423118391
"SPY, XLK, XLE, VNQ",4,0.0008480138069705939,0.21369947935658964,8.333478903486843e-05,0.1449150331635295,0.01269480291249999,0.021084299031567333,0.1870228208778052
"XLK, XLE, XLI, VNQ",4,0.0008268266417958656,0.20836031373255814,8.334654861195826e-05,0.14492525746126342,0.012551015216898987,0.020383769784380768,0.19046565914746694
"SPY, QQQ, EEM, XLV",4,0.0008407666441885682,0.21187319433551918,8.340372292738736e-05,0.14497495707087352,0.01358417330248668,0.01995755892993621,0.16206142285062508
"QQQ, IWM, GLD, VNQ",4,0.0008670346427185149,0.21849272996506577,8.342112930542292e-05,0.14499008443671785,0.014588659026429997,0.020432273144136214,0.1451361307414184
"IWM, EEM, GLD, XLF",4,0.0009085037620075155,0.2289429480258939,8.342370258173887e-05,0.14499232066077913,0.014397460786017162,0.020803398790009392,0.12923197098721972
"IWM, XLE, XLY, XLU",4,0.000682269441272202,0.17193189920059493,8.34597269984031e-05,0.1450236229157084,0.012524715897712087,0.0200133650700734,0.1915341469172296
"EFA, EEM, TLT, XLK",4,0.0007515515150171652,0.18939098178432565,8.347057903828161e-05,0.14503305112162182,0.013959847784037579,0.019867278128515888,0.1392013929742848
"SPY, XLK, XLY, AGG",4,0.0007318777473228685,0.18443319232536287,8.351301022697236e-05,0.14506990927548358,0.013589699808717081,0.020115917563927162,0.17368509199446702
"SPY, IWM, XLK, AGG",4,0.0007799544226510373,0.1965485145080614,8.35409537876283e-05,0.1450941775347389,0.014552330056575686,0.020146807783148007,0.1795536040737039
"QQQ, TLT, USO, XLE",4,0.0007416300944148641,0.18689078379254576,8.354866201647257e-05,0.1451008712177535,0.013322353779659235,0.020055948969448668,0.1496543899429411
"QQQ, IWM, XLV, VNQ",4,0.0006953825177312525,0.17523639446827563,8.356814174484231e-05,0.14511778567667116,0.01418993164622879,0.01985110388346072,0.17957659055248132
"USO, XLE, XLY, LQD",4,0.000652733115705664,0.16448874515782733,8.36006167694273e-05,0.14514597970972423,0.01347304724512455,0.020240618791119613,0.1629981128512843
"SPY, IWM, EEM, XLV",4,0.0007619704390117667,0.1920165506309652,8.36019308644261e-05,0.1451471204600194,0.013416572179673437,0.019775516806871292,0.1658209035431164
"SPY, IWM, XLE, VNQ",4,0.0007108954142038108,0.1791456443793603,8.360583613504407e-05,0.1451505105262503,0.012693311773109834,0.020339188501389383,0.19985194101748438
"SPY, EEM, XLF, XLI",4,0.000848015185808803,0.21369982682381833,8.363223312242985e-05,0.14517342300453043,0.013982167339361846,0.02036166072253608,0.15903395644773588
"SPY, IWM, GLD, XLI",4,0.0009029396948150432,0.2275408030933909,8.364867273960751e-05,0.14518769069856127,0.013870137596736366,0.020268916526081395,0.14260280283504445
"SPY, IWM, XLP, XLY",4,0.0006512891802962724,0.16412487343466065,8.365363538638335e-05,0.14519199742881359,0.014262658525326903,0.019711061894007093,0.18871866206664212
"SPY, USO, XLF, XLY",4,0.0008344305183391353,0.21027649062146211,8.366672052382067e-05,0.14520335248196858,0.01238652429222954,0.02098338758902832,0.18892332731624872
"SPY, USO, XLK, XLU",4,0.0009934026530230174,0.2503374685618004,8.372409004500274e-05,0.14525312627045484,0.013049473037926421,0.020383225557316795,0.17801318258678756
"EEM, XLK, XLI, HYG",4,0.0008351168636339631,0.2104494496357587,8.375048515307356e-05,0.1452760209345456,0.013649100848928558,0.020521418549126105,0.15034426300097536
"EEM, USO, XLI, XLY",4,0.000847857859165178,0.21366018050962485,8.375558337272337e-05,0.14528044262710066,0.012563623239642434,0.02069851840034897,0.17926103383855407
"IWM, GLD, XLK, XLU",4,0.0009773555250295143,0.2462935923074376,8.37748219177526e-05,0.14529712703034997,0.014018700499623298,0.020513793893540282,0.1424641313764441
"IWM, EFA, EEM, XLU",4,0.000769841880954635,0.19400015400056803,8.378102837516386e-05,0.14530250909926262,0.013721621779401795,0.019978040416684,0.14091977510071863
"EEM, XLF, XLY, VNQ",4,0.0006852372532073042,0.17267978780824064,8.378593821967269e-05,0.14530676663995218,0.014598356885634607,0.02052407783815072,0.15873891172290366
"IWM, EEM, USO, XLF",4,0.0008920028976765617,0.22478473021449355,8.383642604900014e-05,0.14535053960803876,0.013082621392660755,0.020708037147020363,0.17442877577317162
"QQQ, IWM, XLU, VNQ",4,0.0007438435039674898,0.18744856299980744,8.385404332756475e-05,0.14536581069338939,0.01342063759401918,0.019720493806214,0.1827921475235843
"QQQ, EEM, XLY, HYG",4,0.0007173571735660832,0.180774007738653,8.386142393119386e-05,0.14537220790323319,0.013908026613147302,0.020140287938234094,0.15820995996491038
"IWM, EFA, EEM, XLV",4,0.0007213808947183978,0.18178798546903624,8.390712198543805e-05,0.14541181086944205,0.013026634960617355,0.019857459682414445,0.14949548382799294
"SPY, IWM, EFA, XLE",4,0.0007736463000340424,0.1949588676085787,8.392628657459871e-05,0.14542841612559382,0.012570416408091705,0.020551030774508348,0.17512787110989914
"IWM, XLE, XLV, XLY",4,0.0006338084550359648,0.15971973066906311,8.395377157659035e-05,0.14545222733702215,0.01267862249781456,0.02012641698549711,0.18836503276685557
"EEM, USO, XLE, HYG",4,0.0007690405550699347,0.19379821987762355,8.398727939048989e-05,0.1454812510476984,0.01418258121303001,0.020763451730943766,0.1375966347973172
"SPY, EEM, XLK, LQD",4,0.0008301169611063041,0.20918947419878864,8.39929980464718e-05,0.14548620383978303,0.014256275117143492,0.02005633190123895,0.15248984790334563
"IWM, EFA, USO, XLI",4,0.0008458492861907204,0.21315402012006154,8.401149166400631e-05,0.14550221956839557,0.012996833038832818,0.019908217021138996,0.17456449944675
"EFA, USO, XLK, XLF",4,0.0009790360421407184,0.24671708261946104,8.404423406452683e-05,0.14553057061751926,0.013271293743631268,0.020860906623662006,0.17614361077126084
"QQQ, EEM, TLT, XLY",4,0.000653194204067926,0.16460493942511736,8.404794428667884e-05,0.14553378288302365,0.014937369065441373,0.02020729111941776,0.1529684517074441
"IWM, EEM, XLP, XLY",4,0.0006607848843055297,0.1665177908449935,8.404911038715437e-05,0.14553479246408021,0.014037610591145073,0.019920046751427885,0.17307397052711904
"IWM, EFA, GLD, XLI",4,0.0008623501505216742,0.2173122379314619,8.40828578780759e-05,0.14556400717648277,0.014305814005371651,0.020261590332415712,0.124546854320018
"EEM, GLD, XLK, XLU",4,0.0010193992213632288,0.2568886037835337,8.409736128312035e-05,0.14557656076218564,0.01463933710976741,0.021232685560930453,0.12020123797090199
"IWM, XLI, XLU, VNQ",4,0.0006764081259404175,0.17045484773698522,8.41328573574205e-05,0.14560728022344888,0.013391432053496447,0.019178612998574603,0.18429862934745778
"USO, XLK, XLV, XLY",4,0.0008643169991341542,0.21780788378180685,8.416397328815767e-05,0.14563420363573845,0.012706907035863862,0.02119473415728586,0.19184356482873555
"QQQ, IWM, XLF, XLU",4,0.0008220651320995773,0.2071604132890935,8.416400448508387e-05,0.14563423062673533,0.013565407726638386,0.019905080085824648,0.17491169622247382
"EFA, USO, XLE, XLP",4,0.0007411792226835561,0.18677716411625614,8.416703130529117e-05,0.1456368493511631,0.013602951306815776,0.01951517512146312,0.13764004649949724
"SPY, EFA, XLK, XLV",4,0.0008490035834759237,0.21394890303593278,8.418528427705969e-05,0.1456526403393328,0.013389711262016556,0.019644461527964677,0.16202114516670474
"IWM, EEM, TLT, XLY",4,0.0005743979988911249,0.14474829572056347,8.419520440916484e-05,0.14566122171363777,0.01434109512527723,0.020264092429958535,0.16792352966356394
"SPY, EFA, XLY, VNQ",4,0.0006602708068961912,0.16638824333784016,8.420279386077692e-05,0.1456677865999061,0.014495420613581694,0.020245366809473146,0.16140745607224316
"SPY, QQQ, EFA, USO",4,0.0009458326565422499,0.23834982944864697,8.430709610943103e-05,0.1457579782364472,0.01308311851029286,0.020822977515324657,0.17621254433995437
"SPY, XLF, XLE, XLY",4,0.000741040367007729,0.1867421724859477,8.431215512121403e-05,0.14576235141676996,0.013583911811756381,0.02119563458877834,0.1805230379798518
"IWM, XLF, XLV, XLI",4,0.0007061687678362677,0.17795452949473947,8.435599600399438e-05,0.1458002434600388,0.013173783149781522,0.01921446823206484,0.17311798752349739
"SPY, IWM, XLV, XLI",4,0.0007312875698277812,0.18428446759660086,8.435916528923329e-05,0.14580298231821867,0.013692831339897389,0.0193694869651727,0.18126784341380153
"QQQ, TLT, USO, XLK",4,0.0008842421071711086,0.22282901100711938,8.440676249825523e-05,0.1458441090670457,0.013908501133949489,0.0205511197289353,0.16893308714640487
"IWM, EFA, XLK, HYG",4,0.0007736707881816077,0.19496503862176515,8.445705680299398e-05,0.14588755366498707,0.0136742157908454,0.01977674206248543,0.16352188884089802
"IWM, EEM, XLE, VNQ",4,0.0007203911182130683,0.18153856178969321,8.449615772298909e-05,0.14592132039627811,0.012657385839441539,0.020300967188229824,0.18159091663357585
"IWM, EFA, TLT, XLK",4,0.0007095078186834504,0.1787959703082295,8.459648219599509e-05,0.1460079227760972,0.013968737782951834,0.019647145436944548,0.1635973274930489
"XLK, XLI, XLY, LQD",4,0.0007188094242696922,0.18113997491596245,8.46703998836139e-05,0.1460716973635574,0.014547366997078278,0.020259933488105158,0.17417694985061072
"USO, XLE, VNQ, HYG",4,0.0006562044209370765,0.16536351407614328,8.469353663841011e-05,0.14609165353598869,0.014800221781947473,0.020306726317210148,0.13771232549343804
"QQQ, IWM, EFA, XLU",4,0.0008065943897977217,0.20326178622902585,8.472898049665551e-05,0.14612221968324046,0.013182339000899662,0.019642852210681072,0.16402791554713736
"IWM, EEM, GLD, VNQ",4,0.0008302821338754282,0.20923109773660792,8.473433215767602e-05,0.1461268343040879,0.01417540090699104,0.020851024574403104,0.12184492802453784
"GLD, USO, XLE, AGG",4,0.0007970883445851797,0.20086626283546527,8.474882944738402e-05,0.1461393342695278,0.01370807120510751,0.019793951329526705,0.14143872087266918
"QQQ, USO, XLK, XLP",4,0.0009706289925855134,0.24459850613154938,8.475463628942848e-05,0.1461443407899737,0.01416961083589231,0.020857098017202952,0.18259662285076705
"USO, XLE, XLU, HYG",4,0.0007082031156580939,0.17846718514583967,8.476315895573531e-05,0.1461516885186254,0.013794932931683374,0.020090387673417004,0.12938809976197885
"QQQ, XLK, XLF, HYG",4,0.0008679377356602645,0.21872030938638665,8.476548509154345e-05,0.14615369390839547,0.013999490526044057,0.020609600759839503,0.17293107225839488
"QQQ, XLE, XLY, VNQ",4,0.0007090669517279857,0.1786848718354524,8.477682385477866e-05,0.14616346879916411,0.013489235144004432,0.02144632360840121,0.18422920489117323
"QQQ, IWM, EEM, HYG",4,0.0007654338488942524,0.1928893299213516,8.482567329393421e-05,0.146205573320826,0.013956394298833443,0.020094750284959027,0.16102423646379926
"EEM, USO, XLK, XLU",4,0.001002898357032275,0.25273038597213326,8.484341314631318e-05,0.146220860730851,0.013569718446974738,0.02066372343147564,0.16716039089809198
"QQQ, IWM, XLY, AGG",4,0.0006410075674084295,0.16153390698692421,8.489744589450257e-05,0.14626741388776465,0.014333018881584414,0.02011165635997102,0.18551681287066413
"EEM, XLK, XLE, VNQ",4,0.0008575095109798513,0.21609239676692255,8.498933649395788e-05,0.14634655034020239,0.01346188200941569,0.02091789790979084,0.17439672178149535
"GLD, XLK, XLE, XLY",4,0.0009425789727900102,0.2375299011430826,8.500407835636923e-05,0.1463592420922063,0.013799861483348047,0.021567627386167104,0.1593334949486569
"QQQ, IWM, GLD, XLF",4,0.0009452562708506022,0.23820458025435173,8.50395634376803e-05,0.1463897878483859,0.01443889796300695,0.02075939966157261,0.152760815532746
"USO, XLK, XLI, VNQ",4,0.0009202167931272718,0.2318946318680725,8.507748883574758e-05,0.14642242719818707,0.013005652033299583,0.02074460690974957,0.18507480503695395
"QQQ, IWM, EEM, TLT",4,0.0007012708793960952,0.17672026160781598,8.510100205130221e-05,0.14644265948461932,0.013981431231107079,0.020244505165624073,0.15877156456854558
"IWM, USO, XLI, VNQ",4,0.0007830984003604884,0.19734079689084308,8.51079710479736e-05,0.14644865552161737,0.012959936799449946,0.019754475570775296,0.18576293999875515
"TLT, GLD, USO, XLE",4,0.0007672312849109618,0.19334228379756238,8.518420420798661e-05,0.14651422954925786,0.013515570373395154,0.019594129999205626,0.13658865263540587
"EEM, USO, XLE, XLP",4,0.0007912644709861826,0.19939864668851803,8.522281793454512e-05,0.1465474330021013,0.013884695032498739,0.020067913606118728,0.14240597473351968
"QQQ, USO, XLE, LQD",4,0.000779605996210634,0.19646071104507978,8.527438073131339e-05,0.14659175946925182,0.01367851971346789,0.02062129671058823,0.15571997207946642
"SPY, EEM, TLT, XLK",4,0.0007921410593105341,0.1996195469462546,8.540145550260005e-05,0.14670094337343306,0.014477488553585877,0.020250726995815656,0.14760815772802027
"SPY, QQQ, USO, XLF",4,0.0009613033988441055,0.24224845650871457,8.543351167752673e-05,0.14672847352418256,0.013473439035830677,0.021107719109506533,0.18764760369267697
"QQQ, GLD, XLK, XLV",4,0.0010076907439700784,0.2539380674804598,8.545559193785834e-05,0.14674743325980288,0.013717592424367035,0.02060717006747449,0.14419135572940267
"XLF, XLE, XLI, XLY",4,0.000719853201833001,0.18140300686191624,8.550544331919125e-05,0.14679023031672167,0.012695578014079232,0.020669519251949296,0.17683839956299918
"IWM, XLI, XLP, XLY",4,0.0006301020151215441,0.15878570781062912,8.553201306041849e-05,0.14681303515432634,0.013837892691047706,0.019257169451222224,0.1842296901196765
"QQQ, EFA, EEM, XLE",4,0.000861938209220101,0.21720842872346546,8.554952076224212e-05,0.1468280600978063,0.013069626736810263,0.020955102246122525,0.1621796131398665
"EFA, XLI, XLY, VNQ",4,0.000639083641721463,0.16104907771380866,8.560506648983448e-05,0.146875718740159,0.014256183289975822,0.019883943895499627,0.15777641673112575
"QQQ, USO, XLY, VNQ",4,0.0008024571030593921,0.2022191899709668,8.560706889840278e-05,0.14687743653263255,0.013282001216806946,0.021099430597280464,0.19360970083110463
"QQQ, XLF, XLV, XLY",4,0.000725527470535171,0.18283292257486308,8.565974578252172e-05,0.14692261887536404,0.01382911046812688,0.020178231446693395,0.17349911745032376
"QQQ, EFA, XLV, XLY",4,0.0007100567282333156,0.17893429551479553,8.566920832132766e-05,0.14693073367057885,0.014179536729302925,0.01973050706225631,0.16147627060602787
"GLD, USO, XLE, LQD",4,0.0008052071867067318,0.20291221105009644,8.57518924509523e-05,0.14700162209186668,0.014006504546496167,0.019909616245092094,0.14052476760435173
"USO, XLK, XLY, XLU",4,0.0009127779853703912,0.23002005231333858,8.579004536608035e-05,0.1470343205930243,0.013441562345995204,0.02084906188949943,0.1926880918114251
"SPY, EEM, XLE, XLY",4,0.0007756548730085,0.195465027998142,8.581334602182633e-05,0.14705428656622097,0.013396892083271512,0.021263620994835298,0.17676443076745763
"IWM, XLF, XLE, VNQ",4,0.0006857766122122973,0.17281570627749893,8.584736315258836e-05,0.1470834304551409,0.012616698222226047,0.020286061808852514,0.19193841103413078
"USO, XLE, XLV, XLP",4,0.0006819660453381047,0.17185544342520237,8.587121619374535e-05,0.14710386290245347,0.013714937257760133,0.019977222228097346,0.12998029038881487
"SPY, USO, XLE, HYG",4,0.0007595448510606774,0.1914053024672907,8.587353952384713e-05,0.14710585290874556,0.01438600655988548,0.020811007300523685,0.1541190757164429
"USO, XLE, XLI, HYG",4,0.0007383576858859493,0.18606613684325923,8.587645413798712e-05,0.14710834933059633,0.014082112725834511,0.020379554576209446,0.1506678465229353
"EEM, XLE, XLI, XLY",4,0.0007544677078337717,0.19012586237411047,8.587965250298086e-05,0.1471110887416417,0.01350769964398665,0.020981649968204993,0.168973322992248
"IWM, GLD, USO, XLY",4,0.0008988507313546331,0.22651038430136752,8.589106337168802e-05,0.14712086177583852,0.013547464340825162,0.02038128182569906,0.15863711947261638
"QQQ, USO, XLK, LQD",4,0.0009222180089668784,0.23239893825965335,8.595373968881153e-05,0.1471745304105996,0.014121448873247778,0.021161341894502306,0.17468372576864044
"SPY, USO, XLI, XLY",4,0.0008383621551559204,0.21126726309929195,8.602339552764075e-05,0.14723415253590272,0.012570949945636276,0.020878064412213328,0.1984751666674438
"QQQ, GLD, USO, XLY",4,0.0009776469365314344,0.24636702800592147,8.60413062406202e-05,0.14724947936287006,0.013320681276702818,0.020719910119228545,0.1565025169240184
"SPY, EEM, USO, XLY",4,0.0008690450243399061,0.21899934613365635,8.604471649357178e-05,0.1472523974554577,0.013112698879352102,0.021124576559635958,0.18056636692023043
"TLT, XLK, XLI, XLY",4,0.0006808335224739224,0.17157004766342843,8.612766251732703e-05,0.14732335508793715,0.014629711535131809,0.020242716563418722,0.17706107342938082
"IWM, EFA, XLF, VNQ",4,0.0006832286802328469,0.1721736274186774,8.613571375228006e-05,0.14733024083864987,0.014212985186142432,0.01969635971396817,0.16347393407570598
"SPY, EEM, XLK, HYG",4,0.0008563040288086912,0.21578861525979018,8.613885844837525e-05,0.14733293022603794,0.013969870579755945,0.02040174664556359,0.15838614305744136
"QQQ, GLD, XLK, XLU",4,0.0010561517302063155,0.2661502360119915,8.615123752028868e-05,0.14734351650178829,0.013633815434170825,0.020974074861586433,0.14289864627380566
"QQQ, EFA, XLK, XLP",4,0.0008746909092746565,0.22042210913721344,8.62003243997117e-05,0.14738548689992292,0.013498203095352879,0.01981455699327205,0.16520732852196585
"QQQ, XLK, XLI, AGG",4,0.0008375634626531106,0.21106599258858388,8.62593108897988e-05,0.14743590588533478,0.01431269542600498,0.020573646349952825,0.1627653639832124
"SPY, XLF, XLY, VNQ",4,0.000675741549198047,0.17028687039790782,8.625978024509792e-05,0.14743630699988614,0.014976710718127367,0.02113966905278053,0.1720728316282475
"XLK, XLY, XLU, VNQ",4,0.0007540890162293028,0.19003043208978432,8.62803731056839e-05,0.1474539047385058,0.013476843028456288,0.02049496170414605,0.177398476703577
"QQQ, IWM, XLF, XLV",4,0.0007736041458633402,0.19494824475756173,8.633632951928116e-05,0.14750171198619647,0.014421469546386177,0.020087350313722288,0.17537943461145855
"QQQ, IWM, EFA, XLV",4,0.0007581334035614845,0.1910496176974941,8.63417318515883e-05,0.1475063267341447,0.014121285200009553,0.019715800778373975,0.1637577104490079
"USO, XLF, XLE, HYG",4,0.000734426049069164,0.18507536436542935,8.636707280356137e-05,0.14752797140372217,0.015071690719213606,0.020602707890411808,0.1429415884099946
"EEM, GLD, XLI, XLY",4,0.0008643587234961317,0.21781839832102518,8.640865545733453e-05,0.14756348184848547,0.014426748921313272,0.02130109650827956,0.12707633290916465
"EFA, USO, XLE, XLV",4,0.000761740109737167,0.19195850765376607,8.644234607227272e-05,0.14759224644341154,0.014105662516018257,0.020402215403354754,0.14120310215244847
"IWM, GLD, XLY, VNQ",4,0.0007401617622135445,0.1865207640778132,8.645288354577852e-05,0.14760124204604846,0.015061469929147359,0.020819227686387862,0.14679938349711308
"IWM, EEM, XLV, XLI",4,0.0007407832738370386,0.18667738500693373,8.645290045853877e-05,0.14760125648364844,0.013079922389816758,0.020015551496423194,0.16880898786871934
"IWM, EFA, EEM, USO",4,0.000876532155374706,0.22088610315442592,8.650878197483763e-05,0.1476489521048459,0.013215952999051301,0.02095714029723406,0.16461842965507445
"SPY, IWM, USO, XLF",4,0.0008825071936673042,0.22239181280416068,8.652268059211256e-05,0.14766081236811737,0.013127023214371428,0.021075361911258462,0.18993752797105845
"SPY, EEM, GLD, XLY",4,0.00088554588867086,0.22315756394505673,8.654040338037883e-05,0.14767593457248024,0.014654585857771026,0.021541748843130204,0.1346803816265405
"GLD, XLK, XLY, VNQ",4,0.0008772801549803279,0.22107459905504262,8.669888788465305e-05,0.14781109480324056,0.014735139100532462,0.02116972271456523,0.15036663676702477
"XLK, XLV, XLY, VNQ",4,0.0007056280299930655,0.1778182635582525,8.671403493669482e-05,0.14782400618318764,0.014811105971766382,0.020666840687099668,0.17792883352855138
"EEM, XLK, XLY, AGG",4,0.000741373451332126,0.18682610973569574,8.672090929671472e-05,0.14782986553052163,0.014660926529800234,0.020334303714020764,0.15598825687714823
"QQQ, EFA, XLF, XLI",4,0.0008441781503585205,0.21273289389034716,8.673189777836655e-05,0.14783923105910818,0.014052870124993913,0.02036352789728954,0.16425149851260556
"XLK, XLI, XLP, XLY",4,0.0007672204078883274,0.1933395427878585,8.675492585242209e-05,0.14785885605810148,0.01396730376205694,0.019889364037497637,0.17981683355525435
"SPY, XLE, XLI, XLY",4,0.0007449720038245142,0.18773294496377757,8.679464959888118e-05,0.14789270333224036,0.012728146742923252,0.020931926999949807,0.18921687398835463
"IWM, EFA, XLY, XLU",4,0.0006797215092927514,0.17128982034177337,8.680309571240622e-05,0.14789989898416556,0.014298203388044677,0.019772466199954222,0.16497699373751828
"IWM, EEM, XLF, XLE",4,0.0007986127463451555,0.20125041207897917,8.685778518252456e-05,0.14794648311465938,0.013526797639101916,0.020942166496704318,0.1736459115559893
"SPY, IWM, EFA, VNQ",4,0.00070834748222436,0.1785035655205387,8.68826675083306e-05,0.1479676728616738,0.01412010848012853,0.020106880923904467,0.1717386486674931
"SPY, QQQ, XLI, VNQ",4,0.0008065460665198021,0.20324960876299014,8.691928085468234e-05,0.14799884720963183,0.014275189400000044,0.02065597749717551,0.1763433663641808
"SPY, QQQ, XLE, XLI",4,0.0008718448843294845,0.2197049108510301,8.69436280499838e-05,0.14801957393735438,0.012435587672916623,0.021215115446092683,0.1845399269139194
"IWM, EEM, XLI, XLU",4,0.0007892442600732758,0.1988895535384655,8.695162663517007e-05,0.1480263824865786,0.0141392224619878,0.019947155210738303,0.1659181644625557
"IWM, GLD, XLF, XLY",4,0.0008183833903456319,0.20623261436709925,8.699890476372714e-05,0.14806662014262106,0.015217797512039,0.02082205632439463,0.1503870720993341
"QQQ, XLK, XLE, XLV",4,0.0008977997283077184,0.22624553153354504,8.701640063304256e-05,0.14808150782432872,0.013152424571864534,0.021372694306597596,0.18632753983668404
"SPY, QQQ, EFA, XLF",4,0.0008653653155332488,0.2180720595143787,8.709932223861712e-05,0.14815204758669898,0.014189144558952697,0.02047183748365623,0.17133248832957415
"XLK, XLI, XLY, HYG",4,0.0007449964919720794,0.18773911597696402,8.712484008508293e-05,0.14817374835456146,0.014291109330798048,0.020691264499724596,0.1783625185236024
"EFA, GLD, USO, XLK",4,0.0010760042474806733,0.2711530703651297,8.712814465611994e-05,0.14817655838000227,0.014027162251935477,0.021046286003065125,0.13720717664188709
"QQQ, EFA, XLK, LQD",4,0.0008262799256560216,0.20822254126531745,8.728737430190682e-05,0.14831189542339657,0.014173574485508078,0.02005244734455482,0.15694392180249317
"USO, XLE, XLY, HYG",4,0.0006789201834080511,0.17108788621882887,8.730681345834347e-05,0.14832840925292282,0.013430536739036412,0.020823472866098848,0.16991459386940377
"IWM, USO, XLE, AGG",4,0.0006926909489122809,0.1745581191258948,8.73693597353773e-05,0.1483815307014828,0.014342465295560616,0.0208380798088675,0.1574471405018295
"IWM, XLK, XLE, XLV",4,0.000819003523130917,0.20638888782899106,8.738410091999614e-05,0.1483940478315725,0.01258999406435352,0.021033936410000512,0.1959212050836444
"SPY, USO, XLK, VNQ",4,0.0009414039583020001,0.23723379749210402,8.742116886066071e-05,0.14842551853669403,0.013207121251453038,0.02133765711804923,0.1881798322627366
"IWM, EFA, XLE, XLI",4,0.0007524591348593141,0.18961970198454714,8.748580702728382e-05,0.14848038042406655,0.013019472819961997,0.020373136858000122,0.17868490974966666
"QQQ, XLK, XLE, XLU",4,0.0009462607145439552,0.23845770006507672,8.752177034408924e-05,0.14851089564981584,0.014017101004062059,0.021633420163549515,0.18394998309245514
"IWM, USO, XLK, XLV",4,0.0009123936744623229,0.22992320596450536,8.756561377981389e-05,0.14854808875415765,0.013189774562226721,0.02149688416269005,0.1920708967289656
"IWM, XLK, XLI, LQD",4,0.0007668860995978613,0.19325529709866104,8.76088481469488e-05,0.14858475605872595,0.014413021562071549,0.020403603890570353,0.18596071974640427
"IWM, EEM, GLD, USO",4,0.0009889711030165167,0.2492207179601622,8.768729356557841e-05,0.1486512629563764,0.014356752034292194,0.020609760077846068,0.13590301450837505
"EEM, USO, XLE, XLV",4,0.0008118253580397935,0.20457999022602796,8.770610164976128e-05,0.14866720423731605,0.014187197306980507,0.020959200993493403,0.1590159634549645
"EEM, USO, XLK, VNQ",4,0.0009508996623112572,0.2396267149024368,8.77229012607331e-05,0.14868144173939377,0.013378907601012109,0.02120432677129816,0.17814538445977957
"QQQ, EFA, EEM, USO",4,0.0009553283605515072,0.2407427468589798,8.78098334875256e-05,0.1487550941610285,0.013597570085166624,0.02123884006934973,0.1659320230268988
"SPY, XLK, XLI, XLU",4,0.0009168669488308016,0.231050471105362,8.789229503038454e-05,0.14882492515589216,0.013235443881506471,0.020704522684066945,0.1727078594273579
"QQQ, XLI, XLY, XLU",4,0.0007779200935881935,0.19603586358422476,8.80485710178501e-05,0.1489571747063505,0.013577437011712582,0.02027032960398494,0.17466396819123253
"QQQ, XLK, XLV, VNQ",4,0.0008325009104980358,0.20979022944550502,8.806027318530562e-05,0.14896707301513654,0.014192847872241945,0.020600933764273816,0.17662439312831357
"SPY, EFA, XLF, XLY",4,0.0007384924350282786,0.1861000936271262,8.809502966807529e-05,0.14899646799959715,0.014212198634905783,0.02068814654095224,0.16895440217101432
"SPY, XLK, XLY, LQD",4,0.0007399965894444204,0.18647914053999393,8.809952673275682e-05,0.14900027092812523,0.014002818608938294,0.02068107140305726,0.17957161596000903
"EFA, EEM, XLY, VNQ",4,0.0006697665109054486,0.16878116074817306,8.811657753997759e-05,0.14901468900774298,0.014611978896161603,0.020789738852845806,0.1492463837652943
"IWM, XLK, XLE, XLU",4,0.000867464509367154,0.21860105636052282,8.814141385732017e-05,0.1490356879812506,0.012325699499991431,0.02126119394222554,0.1979082075131443
"XLF, XLI, XLY, VNQ",4,0.0006545543840233187,0.1649477047738763,8.816434466085013e-05,0.1490550732264227,0.01444046112098962,0.020770756807846246,0.17307317156084234
"SPY, IWM, XLK, LQD",4,0.0007880732647725893,0.19859446272269252,8.816945095468915e-05,0.14905938964245652,0.015005116081545125,0.020656347821278613,0.1862964028818428
"SPY, IWM, XLF, XLE",4,0.0007891170423358982,0.19885749466864636,8.819122466661993e-05,0.14907779383928452,0.013427528720940947,0.021444321571021153,0.19225634858623253
"IWM, XLE, XLI, VNQ",4,0.0006897082490290824,0.17380647875532879,8.820998949656624e-05,0.14909365296059618,0.01294579172933227,0.020033773855519455,0.20337963435531292
"EFA, EEM, GLD, XLY",4,0.000844956344377491,0.21292899878312774,8.822339883403665e-05,0.14910498484684287,0.014617796000085894,0.021776808969225823,0.11656504503077225
"IWM, USO, XLF, XLI",4,0.000861320028492576,0.21705264718012915,8.82290532294894e-05,0.14910976297288964,0.012652445582560515,0.020667860517344788,0.18871534734755147
"GLD, USO, XLE, HYG",4,0.0008313942544091189,0.20951135211109798,8.827395660867445e-05,0.1491477021793697,0.014127564716050124,0.020446581732966575,0.14207796918560345
"QQQ, EEM, XLE, XLI",4,0.0008813405883387419,0.22209782826136296,8.828214623835102e-05,0.14915462061922338,0.013579443693111468,0.021543289154049287,0.17246253470063955
"QQQ, EFA, EEM, VNQ",4,0.0007966393914104186,0.2007531266354255,8.830197248047822e-05,0.14917136811426152,0.013782304764769458,0.02060691136747215,0.1524305272040818
"XLK, XLF, XLY, XLU",4,0.00083231064436139,0.20974228237907028,8.83125382474575e-05,0.1491802923926592,0.014040014394362069,0.020806322147265167,0.17954251537310106
"SPY, IWM, XLK, XLP",4,0.0008364842483912244,0.21079403059458857,8.838455288683145e-05,0.149241104684606,0.013825624787666869,0.02062301353083753,0.19233786130405972
"QQQ, XLK, XLU, VNQ",4,0.0008809618967342731,0.22200239797703683,8.848610020577836e-05,0.1493268135729687,0.013333556582839223,0.02078323125187063,0.17473390577459702
"IWM, TLT, USO, XLE",4,0.0006628338892380629,0.16703414008799186,8.852251422550445e-05,0.1493575360831422,0.014228409668327746,0.020735747804589994,0.15700027424035345
"IWM, XLK, XLI, XLP",4,0.0008152970832164962,0.20545486497055704,8.853906081783677e-05,0.14937149435583372,0.013774985294319314,0.020206717134954352,0.1920734898070442
"EEM, GLD, XLK, VNQ",4,0.0009674005266422114,0.24378493271383728,8.856966448898895e-05,0.14939730737608767,0.014440990577334818,0.021648450591611353,0.13158675220429739
"EEM, GLD, XLK, XLE",4,0.0010326993444518936,0.2602402348018772,8.85872719463538e-05,0.1494121565686044,0.014209624119556296,0.021990649369128822,0.1415700797651881
"QQQ, IWM, USO, VNQ",4,0.0008505337783875609,0.21433451215366534,8.860174954948947e-05,0.14942436510312282,0.012796820119046199,0.02135828479809288,0.19463939363281735
"SPY, EFA, EEM, XLI",4,0.0008325444435069473,0.20980119976375072,8.861600153075128e-05,0.1494363824031796,0.013621516205989503,0.020868483073388813,0.14901978749780487
"QQQ, EFA, TLT, XLK",4,0.0007883040238602516,0.19865261401278342,8.862523126653603e-05,0.14944416441991665,0.014682414377099596,0.0202123536484115,0.15162917488857341
"SPY, USO, XLE, XLP",4,0.0007817687669769252,0.19700572927818513,8.864879693412897e-05,0.1494640318852683,0.013894786751086425,0.02038131974156106,0.14864602524379766
"GLD, USO, XLK, XLI",4,0.001095406626599314,0.27604246990302717,8.874021397674162e-05,0.14954107770823002,0.014473323077661348,0.021208613164017658,0.14884984828591175
"QQQ, IWM, XLE, VNQ",4,0.0007571436270561548,0.19080019401815101,8.879461398297933e-05,0.1495869069260769,0.013218413852440923,0.021409075765623817,0.2019183172215222
"QQQ, EFA, GLD, XLY",4,0.0008817088532205776,0.22219063101158554,8.882269097639578e-05,0.14961055486178687,0.015314853284780373,0.021489494149214205,0.14026215087459815
"IWM, XLF, XLY, XLU",4,0.0006951922515946071,0.17518844740184097,8.88229137050285e-05,0.14961074244073244,0.014366230129806682,0.020372926484778255,0.18038605342620984
"SPY, XLK, XLV, XLI",4,0.0008684059625945643,0.21883830257383022,8.882639744607832e-05,0.14961367636821088,0.013843958248871314,0.02050321027785082,0.1740141025734555
"QQQ, EFA, XLE, XLY",4,0.0007718178375582176,0.19449809506467083,8.886426564313815e-05,0.14964556439156765,0.013782611481229069,0.021486636716092057,0.17950516234189284
"QQQ, EEM, GLD, USO",4,0.001067767308193318,0.26907736166471613,8.886827876271044e-05,0.1496489433581241,0.014832969991522843,0.021282461661909564,0.1373593482307205
"IWM, EEM, XLF, VNQ",4,0.0007333139285354734,0.18479510999093932,8.892202114141177e-05,0.14969418601814757,0.014615803161601612,0.020501122920382107,0.17022881028150805
"SPY, IWM, XLF, VNQ",4,0.0007238182245262156,0.18240219258060633,8.894371409915046e-05,0.14971244421552243,0.01448824182824305,0.020740116744684057,0.18879412221052883
"EFA, XLF, XLI, XLY",4,0.0007173052698535504,0.1807609280030947,8.895496117499043e-05,0.14972190960610138,0.014119924456332717,0.0203427678233735,0.16187773843126319
"IWM, EFA, EEM, XLE",4,0.0007831420040432999,0.19735178501891157,8.898047279512926e-05,0.14974337763110787,0.013449057478090144,0.02127759544479939,0.1612703163705771
"SPY, XLK, XLF, VNQ",4,0.0008609366172929988,0.2169560275578357,8.901678672901793e-05,0.14977393049430374,0.014411391593106709,0.021237078093809526,0.18170995374585464
"IWM, EFA, USO, XLY",4,0.0007864117837128226,0.1981757694956313,8.905190458758924e-05,0.14980347110822395,0.012900599243044781,0.021273948187839568,0.19096761555579245
"EFA, GLD, XLK, XLI",4,0.0009994685432884575,0.2518660729086913,8.907031793607409e-05,0.1498189578120562,0.015057768212494617,0.021492033187204558,0.13220448614479086
"SPY, EEM, XLY, VNQ",4,0.0007103560551988175,0.179009725910102,8.910028056831233e-05,0.1498441547182095,0.01537295697866556,0.02117098684702566,0.17100440941862283
"EFA, XLK, XLE, XLI",4,0.0008895775276260974,0.22417353696177655,8.913111352493789e-05,0.14987007909614364,0.013180939569301778,0.021352307388338633,0.17251194663214942
"IWM, TLT, XLK, XLI",4,0.0007289101978020913,0.183685369846127,8.917959174814993e-05,0.14991083056448518,0.014903236259059566,0.020388463964858224,0.18851152431248508
"XLK, XLF, XLI, VNQ",4,0.0008397494521182705,0.2116168619338042,8.919748140174034e-05,0.14992586605799071,0.014817058180739126,0.020930840071396607,0.17922206070865598
"IWM, EEM, XLK, AGG",4,0.0007894501266602948,0.19894143191839428,8.920100192505719e-05,0.14992882473065147,0.014376183139499343,0.02075131132524463,0.16192219029226507
"IWM, EFA, XLV, XLY",4,0.0006312605230565145,0.15907765181024164,8.927533591882265e-05,0.1499912819184612,0.014524852155042414,0.019984138646557337,0.16616973504781585
"QQQ, IWM, GLD, USO",4,0.0010257236118596032,0.25848235018862004,8.927901463299936e-05,0.14999437218614517,0.01392156069524944,0.02115041708463184,0.15873660875621098
"SPY, QQQ, XLY, XLU",4,0.0007991072587629216,0.20137502920825626,8.930264588607755e-05,0.15001422187009986,0.014231745989633398,0.020684503581620117,0.18009861099779712
"QQQ, USO, XLE, HYG",4,0.0008057930639130214,0.2030598521060814,8.93205218108041e-05,0.1500292354720327,0.013952163718218686,0.021360760954121445,0.1627260918713893
"QQQ, EFA, USO, XLY",4,0.0008652079888896236,0.21803241320018515,8.932221377207739e-05,0.15003065643582147,0.012971020099534913,0.021529574507926835,0.18454701867815038
"USO, XLE, XLI, XLP",4,0.0007605816018021969,0.19166656365415363,8.943283325920803e-05,0.15012352907296186,0.013682068594837827,0.019983321748481248,0.14487437611986786
"SPY, QQQ, IWM, XLU",4,0.0008471839340910906,0.21349035139095482,8.944306749067229e-05,0.15013211850783104,0.013625504500652877,0.020742607406106586,0.18334952435583107
"SPY, QQQ, EEM, XLE",4,0.0009025277535134701,0.22743699388539448,8.944319572436223e-05,0.15013222612930005,0.013316330401132786,0.02174636729134347,0.18024438861305647
"SPY, TLT, XLK, XLY",4,0.0007020206876486505,0.17690921328745993,8.945883453902287e-05,0.1501453505901324,0.015174705341710625,0.020675196096081074,0.18054354201662848
"SPY, XLK, XLP, XLY",4,0.0007884075730630554,0.19867870841188998,8.946894196281935e-05,0.150153832367444,0.014616996140451869,0.02071823954641095,0.18663981323430012
"SPY, XLI, XLY, VNQ",4,0.0006796731860148319,0.17127764287573763,8.948111383678553e-05,0.15016404591935434,0.014900889374482607,0.020903813386695422,0.1822466352588359
"IWM, USO, XLE, LQD",4,0.0007008097910338328,0.17660406734052586,8.952327638604727e-05,0.15019941960368527,0.014451075577579162,0.021134210300548354,0.1623174258306156
"QQQ, EFA, XLK, HYG",4,0.000852466993358409,0.21482168232631907,8.952603425280251e-05,0.1502017331181842,0.01399625709410505,0.020413599159983486,0.16317406567293802
"QQQ, EEM, XLI, VNQ",4,0.0008160417705290596,0.20564252617332301,8.956954556940622e-05,0.15023822910128556,0.014625281285147364,0.02093973984222021,0.16264730331542232
"IWM, XLY, XLU, VNQ",4,0.0006169706234625198,0.155476597112555,8.958536546181816e-05,0.1502514961535431,0.01430129080920625,0.020729842789404044,0.18826666014636906
"USO, XLK, XLE, AGG",4,0.000829809341679064,0.20911195410312414,8.961727189872303e-05,0.15027825031746347,0.014575359587095467,0.02143810211917197,0.15893538141175356
"SPY, IWM, TLT, XLK",4,0.0007500973629768195,0.18902453547015852,8.964223972844321e-05,0.15029918300366005,0.01522944576399623,0.020719289342934093,0.18884955300103445
"TLT, USO, XLK, XLE",4,0.0007999522820048462,0.20158797506522125,8.965695923914892e-05,0.15031152227379488,0.014093981519954652,0.02107826286610983,0.15723560195695507
"SPY, IWM, EEM, USO",4,0.0009171216996680749,0.23111466831635488,8.970523141962448e-05,0.1503519814227447,0.013016880406659824,0.021683841788857596,0.18261175450763079
"QQQ, IWM, XLY, LQD",4,0.0006491264095299813,0.1635798552015553,8.970777145601422e-05,0.1503541100433094,0.014851101063662444,0.02070111350233204,0.1913337038778118
"EEM, XLK, XLF, VNQ",4,0.0008704323213022562,0.21934894496816856,8.975931964242362e-05,0.15039730233581572,0.014976293594397476,0.02108597647287438,0.168860755136657
"EFA, EEM, XLF, XLY",4,0.0007479881390375359,0.18849301103745905,8.978505227523557e-05,0.1504188591013752,0.0139460016208207,0.020986268796469327,0.15674847516837176
"SPY, IWM, EFA, XLF",4,0.0007865691103564475,0.19821541580982477,8.980436926745511e-05,0.15043503932062732,0.014636812765472927,0.020495174608817092,0.1716880952359624
"QQQ, EEM, USO, XLI",4,0.000974730739670148,0.2456321463968773,8.98669711765547e-05,0.15048746371871574,0.01273928777196808,0.021836056313269216,0.1761256396072005
"EEM, XLI, XLY, VNQ",4,0.0006891688900240894,0.17367056028607053,8.987786326724184e-05,0.15049658316169487,0.015260800573588367,0.020938176274520354,0.16693453901366095
"SPY, QQQ, USO, XLI",4,0.0009652350356608906,0.24323922898654443,8.98812680472045e-05,0.15049943371287325,0.013339863397674515,0.02184936272625562,0.19331775977945087
"IWM, XLK, XLV, VNQ",4,0.0007537047053212345,0.1899335857409511,8.994364921411166e-05,0.15055165094397385,0.01447099547987882,0.02060452134748404,0.19129239853154423
"IWM, USO, XLY, VNQ",4,0.0007236608978825905,0.18236254626641282,8.996856088709009e-05,0.15057249862955288,0.013412184693317128,0.021393682173366457,0.20197710083021247
"QQQ, USO, XLK, HYG",4,0.0009484050766692656,0.23899807932065492,8.997663557995948e-05,0.15057925543098488,0.014303468395754432,0.02183213281147745,0.18129319824555645
"EFA, XLK, XLY, XLU",4,0.0008168399020595347,0.20584365531900273,9.000685073853401e-05,0.15060453640614738,0.01406540448069619,0.020586192735373033,0.16900182147734621
"SPY, QQQ, EEM, VNQ",4,0.0008372289357037875,0.21098169179735446,9.001931883764244e-05,0.150614967208063,0.014734251928651028,0.021080566590140223,0.17054579657233715
"QQQ, USO, XLE, XLP",4,0.000828016979829269,0.2086602789169758,9.003300600839403e-05,0.1506264170526382,0.014127719905363113,0.02070303330491167,0.15904605878139022
"GLD, XLK, XLF, XLY",4,0.0009555017831124153,0.24078644934432866,9.003952600116489e-05,0.1506318709712309,0.014556364111329599,0.02172736562959359,0.15790979384911719
"EEM, GLD, XLK, XLF",4,0.0010456221547742988,0.2634967830031233,9.005365181161503e-05,0.15064368641442294,0.014518522336445874,0.02192707629341185,0.13682949502964914
"IWM, XLK, XLI, HYG",4,0.0007930731673002485,0.1998544381596626,9.00879609140228e-05,0.1506723801840727,0.014575884722967499,0.020788349152210846,0.1864660297976245
"SPY, IWM, USO, XLI",4,0.0008864388304840895,0.22338258528199056,9.010028542740949e-05,0.15068268622408876,0.012950723318906891,0.02117321233049579,0.19950607275154675
"EEM, XLK, XLF, XLE",4,0.0009357311391119385,0.2358042470562085,9.014558085205658e-05,0.15072055723994077,0.014027001727506944,0.02190844277219938,0.1777176895257483
"QQQ, XLV, XLI, XLY",4,0.0007294591073519563,0.183823695052693,9.01479346636384e-05,0.15072252497631825,0.014291186975538779,0.020521858816247907,0.17673761036705582
"QQQ, XLK, XLI, XLP",4,0.0008940932883932974,0.22531150867511096,9.015647308005645e-05,0.15072966269508542,0.01456806044863016,0.020503816973098346,0.17736266692326652
"IWM, XLV, XLY, VNQ",4,0.0005685096372262823,0.14326442858102315,9.015895273057935e-05,0.150731735504193,0.014984206501300324,0.02070848086029383,0.18518559340123686
"SPY, EFA, XLK, XLE",4,0.0009107646928008256,0.22951270258580805,9.016398685668513e-05,0.15073594358309053,0.013530375510014646,0.02173637701604759,0.18027816326286672
"QQQ, GLD, XLI, XLY",4,0.0009011112323392183,0.227080030549483,9.016588550687933e-05,0.15073753065422557,0.014917563309012869,0.021516648101242895,0.15097553826419474
"XLK, XLF, XLE, XLI",4,0.0009050482699279528,0.2280721640218441,9.018421291995496e-05,0.15075284957780616,0.012689993217962634,0.021666890278165925,0.18350022429863777
"SPY, IWM, EEM, GLD",4,0.000933622563999029,0.2352728861277553,9.027191983348463e-05,0.15082613764874483,0.01496041314842975,0.021814258012996263,0.13744660317385116
"IWM, EEM, USO, XLI",4,0.0008959345344933469,0.2257755026923234,9.028462234017864e-05,0.15083674893647445,0.01382092600507277,0.02137277645528626,0.18036418890757078
"IWM, EFA, GLD, XLY",4,0.0008029126480437764,0.20233398730703167,9.028832622171571e-05,0.15083984290588598,0.015565953223723849,0.021392263890712814,0.14067111260865295
"SPY, EFA, GLD, XLK",4,0.0010206557084631858,0.2572052385327228,9.030124567202015e-05,0.150850634434692,0.01487168962136642,0.021603646212700944,0.13960759380445165
"IWM, USO, XLK, XLU",4,0.0009608546606985602,0.24213537449603717,9.030311793549754e-05,0.15085219825957255,0.013027094126891993,0.021391047655360547,0.19383300725535357
"EFA, XLK, XLI, VNQ",4,0.0008242787098164149,0.20771823487373656,9.034827350792461e-05,0.15088990994760718,0.013794353133431966,0.020571448230272873,0.16445051745802342
"USO, XLE, XLV, XLU",4,0.0007509879186279527,0.1892489554942441,9.048608877950301e-05,0.15100494817202104,0.014000134892498099,0.020792271025170624,0.13471980637223202
"EFA, USO, XLK, XLI",4,0.0009829676789575037,0.24770785509729093,9.048975683404233e-05,0.15100800880144954,0.012870027966993266,0.021711437090391878,0.1770112435557456
"SPY, IWM, EEM, XLE",4,0.0008237315483366689,0.20758035018084056,9.0496970424993e-05,0.15101402765007707,0.01347215687699141,0.021655092838521198,0.18249505024141588
"EFA, EEM, XLK, XLV",4,0.0008584992874851807,0.21634182044626554,9.056027956625392e-05,0.15106684100323273,0.013249114648794772,0.020460496571201726,0.15287521540298787
"EFA, EEM, XLK, XLU",4,0.0009069602737214181,0.22855398897779736,9.057411139373006e-05,0.15107837724578585,0.01429162902546803,0.02089267878114622,0.1493355024599171
"SPY, XLK, XLY, HYG",4,0.0007661836571468077,0.19307828160099555,9.061997790641925e-05,0.15111662526809436,0.014762661321704566,0.021143547758930892,0.18238852727681543
"IWM, XLK, XLU, VNQ",4,0.0008021656915574717,0.20214575427248288,9.062141946086174e-05,0.15111782722146702,0.013818220393126591,0.020682738175760502,0.19443482083792463
"EEM, XLK, XLP, XLY",4,0.0007979032770723129,0.20107162582222285,9.062864283473474e-05,0.1511238498528712,0.014019931898791894,0.02088163242468931,0.16926602523259315
"QQQ, XLK, XLI, LQD",4,0.0008456823047746625,0.21311194080321494,9.064385109547583e-05,0.15113652925768778,0.014591045430404478,0.02105460903809676,0.16761653312834512
"SPY, EFA, XLK, VNQ",4,0.0008454658749911432,0.21305740049776808,9.066987062189686e-05,0.15115821974579488,0.014083338636627928,0.02077125488413108,0.17154181733215823
"SPY, IWM, XLK, HYG",4,0.0008142603324749767,0.20519360378369414,9.071457469395655e-05,0.15119547884403506,0.015124855950680425,0.02111561593115624,0.18680117804652974
"SPY, XLK, XLF, XLE",4,0.0009262354351026811,0.23341132964587563,9.071479446500753e-05,0.15119566199194306,0.013595845836591678,0.02223481590186091,0.19065854938808435
"XLK, XLE, XLY, VNQ",4,0.0007673891393179676,0.19338206310812783,9.077417016757145e-05,0.15124513506962137,0.014002578975952886,0.022243238730466883,0.19504367374947973
"SPY, IWM, XLY, XLU",4,0.0007203110535861204,0.18151838550370233,9.078353937759353e-05,0.15125294021325195,0.014382878189795315,0.020612697231746146,0.18928241309619553
"QQQ, EEM, XLY, XLU",4,0.0008086029627721793,0.20376794661858919,9.082016932866734e-05,0.15128345141099925,0.01474544920542212,0.020920030157502278,0.1671889645039476
"SPY, QQQ, XLK, AGG",4,0.0008587506278278387,0.21640515821261536,9.084724450750035e-05,0.15130599993354557,0.014416275920253907,0.020854866145588322,0.1702268860627124
"IWM, GLD, XLK, XLE",4,0.000990655648118179,0.2496452233257811,9.08473927183458e-05,0.1513061233560068,0.013902469036017537,0.02213976753243357,0.16162376845909943
"QQQ, EEM, GLD, XLI",4,0.000991231604001102,0.2497903642082777,9.085510035841084e-05,0.151312541748262,0.015238239144242877,0.02211093201906057,0.12965763908926087
"QQQ, IWM, EFA, GLD",4,0.0009297855285487465,0.2343059531942841,9.09137788998628e-05,0.15136139627647938,0.014584622348155303,0.021569075846472323,0.14313643417912847
"USO, XLE, XLP, XLY",4,0.0007011440993242989,0.17668831302972332,9.093114603073552e-05,0.15137585276306573,0.014333615040254584,0.020524173164429713,0.1637621509237125
"QQQ, USO, XLF, XLY",4,0.0008806787311914793,0.2219310402602528,9.094632888638905e-05,0.15138848991706746,0.013133462224061651,0.022024733338358724,0.19660367069263973
"USO, XLK, XLF, XLI",4,0.0009984384212593591,0.2516064821573585,9.099318791582666e-05,0.15142748546676826,0.013652655208796997,0.02189877505706067,0.19007852787092394
"USO, XLE, XLP, VNQ",4,0.0006784283368533243,0.17096394088703773,9.103390492902861e-05,0.15146136154846626,0.015258019512577782,0.020462351899467112,0.1410385527514456
"QQQ, XLF, XLE, XLY",4,0.0007872885798600731,0.1983967221247384,9.10380490706826e-05,0.1514648090013387,0.013831428558497718,0.022290239302980328,0.19068894720909813
"QQQ, EFA, EEM, XLF",4,0.0008748610195425062,0.22046497692471156,9.104286013004499e-05,0.1514688111552056,0.014695059326085584,0.021005986616685762,0.15919575090023608
"USO, XLF, XLE, XLP",4,0.0007566499649854118,0.19067579117632377,9.105436781947328e-05,0.15147838357504106,0.014954532289585475,0.02054001232631714,0.14103658643427774
"QQQ, IWM, XLI, XLU",4,0.0008259967689163623,0.2081511857669233,9.105751666384741e-05,0.15148100276697918,0.013761568872870803,0.020395973376489036,0.18662825284884166
"GLD, USO, XLE, XLP",4,0.0008536181703253669,0.21511177892199246,9.10992700265699e-05,0.1515157287105719,0.015124771038165317,0.019924497777811422,0.15001285397329067
"USO, XLE, XLP, XLU",4,0.0007304270315743421,0.1840676119567342,9.110069075259392e-05,0.15151691017722632,0.014687651202887366,0.020215528366659304,0.1301415774222615
"IWM, EFA, XLI, VNQ",4,0.0006871603170496317,0.1731643998965072,9.115346417879073e-05,0.15156078969527464,0.014401794225221596,0.02008472699802079,0.17529576922157852
"XLK, XLF, XLV, XLY",4,0.0007838496581251531,0.19753011384753857,9.120442669538813e-05,0.15160315144230282,0.014740962576757145,0.02105889898780234,0.1808698809375341
"EEM, XLK, XLY, LQD",4,0.0007494922934536778,0.18887205795032683,9.123246215017975e-05,0.15162645040310513,0.014994911912039888,0.020863252939524356,0.1623435272574878
"EFA, USO, XLE, XLU",4,0.0008102010959734042,0.20417067618529786,9.128760196576162e-05,0.15167226409390722,0.013710374092148455,0.02066308481282739,0.14148002920313985
"QQQ, IWM, EFA, USO",4,0.0009132846642177926,0.23014773538288374,9.134230016849133e-05,0.1517176971960088,0.013989978010180641,0.02178234193248507,0.18725551698742515
"IWM, GLD, XLK, VNQ",4,0.0009253568303084966,0.23318992123774113,9.134706655527628e-05,0.1517216555799785,0.014784845441967441,0.021454215654994474,0.15304856611301265
"SPY, USO, XLE, XLV",4,0.0008023296540305358,0.20218707281569503,9.138415245418281e-05,0.15175245111184885,0.01409217132409928,0.021262804228102974,0.15798039318237211
"QQQ, TLT, XLK, XLI",4,0.0008077064029788925,0.2035420135506809,9.148963814237896e-05,0.15184001057652594,0.014776963789791016,0.021045130721978743,0.17009984104006193
"SPY, QQQ, IWM, XLV",4,0.0007987229478548536,0.20127818285942312,9.152859913096242e-05,0.15187233777420603,0.014657041693766063,0.020795935499155656,0.18537212192580443
"QQQ, XLK, XLF, XLU",4,0.0009591835248663604,0.24171424826632282,9.159067826186073e-05,0.15192383263329326,0.014038047778660879,0.02121605664031277,0.18211880968577243
"QQQ, GLD, XLK, VNQ",4,0.001004153035485298,0.25304656494229505,9.160418287864529e-05,0.1519350324494605,0.01489138872110759,0.021514638029443246,0.15298722108476015
"IWM, XLK, XLF, XLU",4,0.0008803873196895592,0.22185760456176892,9.168305055446144e-05,0.1520004234853452,0.014374846171755114,0.02105172906020555,0.18668362464940447
"EEM, XLK, XLV, XLI",4,0.0008779016666038219,0.22123121998416312,9.16843584865282e-05,0.15200150768530263,0.014334662964639682,0.02100163251043969,0.16552871252537749
"USO, XLK, XLY, VNQ",4,0.000860779290649374,0.21691638124364226,9.170537033800244e-05,0.1520189242337171,0.013446056714006227,0.022088442452621482,0.20128569234954719
"SPY, IWM, GLD, XLY",4,0.0008435021923371454,0.21256255246896066,9.172021183618757e-05,0.15203122502538507,0.015274329668635784,0.021645217484438272,0.15838386535881854
"USO, XLK, XLE, LQD",4,0.0008379281838006158,0.2111579023177552,9.17305342773062e-05,0.15203977978766336,0.014525240628688435,0.021678933935844375,0.16326579545935116
"QQQ, IWM, TLT, XLY",4,0.0006111505077342114,0.15400992794902127,9.178120033774999e-05,0.15208176250002167,0.01531773619079293,0.02086212570936361,0.19187651562773322
"SPY, GLD, XLK, XLI",4,0.0010400580875818265,0.2620946380706203,9.18068270292116e-05,0.15210299277582057,0.014900665756413063,0.021958045027325998,0.15088163964554746
"IWM, XLF, XLV, XLY",4,0.0006467312653583697,0.16297627887030916,9.185472759070943e-05,0.1521426677591095,0.014775298212116197,0.020613157695513952,0.18051954863053354
"SPY, IWM, XLE, XLI",4,0.0007930486791526832,0.19984826714647616,9.189464897576391e-05,0.15217572586287378,0.012544826434485484,0.02116879455419985,0.20371473716894195
"QQQ, IWM, EFA, XLE",4,0.0008198945128863864,0.20661341724736937,9.190746151666607e-05,0.1521863341506058,0.013287271164752057,0.021663926270417473,0.1822734073261837
"QQQ, IWM, XLY, HYG",4,0.0006753134772323687,0.17017899626255692,9.192961200200319e-05,0.152204672150709,0.015070605385337178,0.021088685633852532,0.1940736797070043
"QQQ, USO, XLK, XLV",4,0.0009911898796391243,0.24977984966905933,9.192991703843546e-05,0.15220492466962343,0.014050440024154502,0.022260133417710087,0.1899264571259982
"EEM, USO, XLK, XLF",4,0.0010291212904433448,0.2593385651917229,9.195718039091418e-05,0.15222749245294154,0.014078015586723423,0.022088159576911112,0.18238801973883845
"SPY, GLD, USO, XLK",4,0.0011165937917740423,0.28138163552705864,9.199322462362855e-05,0.1522573236503072,0.014385904482029963,0.021786412348517758,0.15640605476335667
"USO, XLE, XLV, VNQ",4,0.0006989892239069351,0.17614528442454766,9.199629110749906e-05,0.1522598612868466,0.014933027512849306,0.021054939802808013,0.14987632927495875
"IWM, EEM, XLK, XLP",4,0.0008459799524004819,0.21318694800492144,9.19964028264334e-05,0.15225995373787954,0.014324671041081913,0.02103778614678377,0.1743882186596062
"USO, XLE, XLV, XLI",4,0.0007811424888558078,0.19684790719166356,9.203401617330478e-05,0.15229107680909215,0.013788011123135114,0.020896655949001728,0.15677185569473417
"GLD, USO, XLE, XLV",4,0.0008741790573789776,0.22029312245950236,9.204448725500411e-05,0.15229973994810708,0.01512987078395158,0.020573462590694293,0.1286181602783053
"QQQ, IWM, XLV, XLI",4,0.0007775357826801253,0.1959390172353916,9.204544823187472e-05,0.1523005349774991,0.014543475679537003,0.020543567298108845,0.18621002643239193
"SPY, QQQ, EEM, GLD",4,0.0010124187691758302,0.2551295298323092,9.221420424862089e-05,0.1524400848551734,0.014517696580755919,0.022134904283373082,0.13766941854555825
"IWM, XLF, XLE, XLI",4,0.0007679298771611697,0.19351832904461477,9.22530369059997e-05,0.15247217877472574,0.013412640858902071,0.021074532427073543,0.19577967355632953
"EEM, XLK, XLI, XLU",4,0.0009263626528400589,0.23344338851569485,9.232301010090982e-05,0.15252999228161415,0.014379789068893471,0.02149700256846069,0.15971031820412374
"EFA, XLK, XLV, XLY",4,0.0007683789158232974,0.19363148678747094,9.233916550720012e-05,0.15254333714657756,0.01468719084491293,0.02068400388360066,0.16919456143532885
"QQQ, EEM, XLV, XLY",4,0.0007601419765359419,0.19155577808705737,9.244437901664307e-05,0.15263021821446124,0.014480599139907005,0.02094606273599657,0.16893442049215457
"QQQ, IWM, XLP, XLY",4,0.0006975373931486163,0.17577942307345132,9.248721236827998e-05,0.1526655741049912,0.015051544158333983,0.02092110010381331,0.19830679068724133
"SPY, QQQ, XLV, XLY",4,0.0007506462725266845,0.1891628606767245,9.24996096041287e-05,0.15267580561516755,0.014866049307551766,0.020980531627000535,0.18142342640408682
"IWM, EEM, XLY, XLU",4,0.0007298067575953778,0.1839113029140352,9.249969660360226e-05,0.15267587741391161,0.014395870080696914,0.020812063094511318,0.17177125504441093
"SPY, IWM, EEM, VNQ",4,0.0007584327305269865,0.1911250480928006,9.258876928012566e-05,0.1527493694212571,0.014724885676010664,0.021193915981048347,0.17852820274311842
"EFA, USO, XLE, VNQ",4,0.0007582024012523866,0.19106700511560143,9.261488687538564e-05,0.15277091180128885,0.01468252059555601,0.020951711277563245,0.15225376394190104
"QQQ, GLD, XLK, XLE",4,0.0010694518532949804,0.2695018670303351,9.262018478356728e-05,0.15277528126453888,0.014259698291464583,0.022472791171958446,0.1624718907831969
"SPY, QQQ, GLD, XLY",4,0.0009222983975139465,0.2324191961735145,9.263175392312402e-05,0.1527848225074312,0.015768859527721307,0.021969999597675437,0.15852819972975551
"EEM, TLT, XLK, XLY",4,0.000711516391657908,0.1793021306977928,9.289370339097327e-05,0.15300069690862608,0.015365806684529202,0.021062461069699553,0.16318873742392548
"SPY, EEM, XLK, XLU",4,0.0009475498180147873,0.2387825541397264,9.296683421896668e-05,0.1530609101736286,0.014139215078862,0.02146087545641952,0.16751534462209494
"QQQ, IWM, USO, XLF",4,0.0009287554065196483,0.23404636244295138,9.297047548930185e-05,0.1530639076441735,0.013586961923154273,0.022169044355491226,0.1975964758437666
"IWM, XLK, XLY, AGG",4,0.0006993297549984114,0.17623109825959968,9.298021865966845e-05,0.15307192787129995,0.015204608085413143,0.021142779110818632,0.19361048707597905
"IWM, EEM, GLD, XLI",4,0.0009124353988243008,0.2299337205037238,9.30086959518429e-05,0.15309536694447815,0.014957435292337867,0.021986810309052814,0.13004975155059129
"SPY, EEM, XLF, XLY",4,0.0007885776833309048,0.19872157619938802,9.307195185242447e-05,0.15314741874028098,0.01505731925502911,0.021558738242539944,0.1742292162486493
"SPY, QQQ, IWM, GLD",4,0.0009703750728421156,0.24453451835621312,9.307930784316415e-05,0.15315347066415885,0.014944085416417428,0.02189252093754217,0.16076573909896796
"USO, XLE, XLV, XLY",4,0.0007217049863779098,0.18186965656723328,9.308181727207358e-05,0.1531555351678892,0.014320167893589886,0.02122993517257059,0.1733074431884084
"QQQ, EFA, EEM, GLD",4,0.0009718292248824612,0.24490096467038022,9.316355637344921e-05,0.15322276660506168,0.014542934787285067,0.02222668663045506,0.1191765370130442
"USO, XLF, XLE, XLV",4,0.0007772108520390226,0.1958571347138337,9.319583579138915e-05,0.15324930870783746,0.014402737183251734,0.02129822976565845,0.14710638529967934
"SPY, EFA, XLI, XLY",4,0.0007424240718450637,0.18709086610495607,9.323264822827525e-05,0.15327957252525648,0.014237555465269827,0.020913644686264877,0.1696991911685901
"IWM, EFA, EEM, VNQ",4,0.0007178431862336175,0.18089648293087163,9.324860025521782e-05,0.15329268496674878,0.014420307146966346,0.02113384259336373,0.15757177229147
"IWM, USO, XLE, HYG",4,0.0007269968587362201,0.18320320840152746,9.325414564056842e-05,0.15329724296745603,0.01475965051540684,0.021752729083195227,0.1686453010733221
"IWM, USO, XLF, XLY",4,0.0008018825260146781,0.20207439655569887,9.326487391259365e-05,0.15330606063027516,0.01323645194644956,0.022294106480461758,0.20486409196971955
"QQQ, USO, XLE, XLV",4,0.0008485778668828799,0.21384162245448574,9.329186255087502e-05,0.15332824059129,0.014215891848464137,0.021752859847196847,0.1680496912849675
"QQQ, XLF, XLY, VNQ",4,0.0007219897620503908,0.1819414200366985,9.3299026273366e-05,0.15333412738489835,0.01579799464163918,0.021974923932572808,0.1818671154593472
"EEM, XLF, XLI, XLY",4,0.0007673905181561768,0.19338241057535654,9.330719342921159e-05,0.15334083847482158,0.015156348659144272,0.021479996643920075,0.16705270101623082
"EEM, XLK, XLY, HYG",4,0.0007756793611560652,0.19547119901132842,9.331939764456131e-05,0.1533508663373946,0.01470780711977855,0.021182605626565154,0.16601016397404422
"IWM, EFA, XLE, XLY",4,0.0006930216323814162,0.17464145136011688,9.332596000422514e-05,0.15335625817378545,0.013691636932714989,0.02161055625908916,0.1830243143128646
"QQQ, EFA, XLY, VNQ",4,0.0007065190197485352,0.1780427929766309,9.332913434702293e-05,0.15335886624336326,0.015569419734761562,0.021282527150528873,0.17222704421450963
"IWM, GLD, XLI, XLY",4,0.0008223150271624171,0.2072233868449291,9.33502234285112e-05,0.1533761921028972,0.014713316228127537,0.021354724890296158,0.15129990456829667
"IWM, EFA, XLK, XLU",4,0.0008649165773877037,0.21795897750170135,9.337330283903911e-05,0.1533951508863232,0.013985470807676845,0.020912507920437074,0.17179674028251812
"SPY, QQQ, EEM, USO",4,0.0009959179048448761,0.2509713120209088,9.338346026456885e-05,0.1534034940497489,0.01345278542107573,0.02222430512555382,0.18392020320750235
"SPY, IWM, XLI, VNQ",4,0.0007277498613430009,0.18339296505843622,9.338597752231491e-05,0.15340556161894314,0.014286734517723497,0.020828073155463117,0.20026576049987566
"QQQ, IWM, EEM, XLU",4,0.000856679638100348,0.2158832688012877,9.34127400009486e-05,0.15342754146579762,0.014712679969214153,0.021106496795721855,0.1693975045109256
"GLD, USO, XLK, XLY",4,0.0010359691241214164,0.2610642192785969,9.342052355146467e-05,0.15343393345335674,0.014234524434066663,0.021846301763271986,0.16429612039219743
"SPY, EEM, XLK, XLV",4,0.0008990888317785499,0.2265703856081946,9.34257826768479e-05,0.15343825218818702,0.014612630781148947,0.021086432428828468,0.17000838101713067
"IWM, EEM, XLE, XLI",4,0.0008025443831619407,0.20224118455680906,9.343180094755007e-05,0.1534431941755079,0.014349645041711353,0.021566692015557862,0.1861224146208752
"QQQ, XLK, XLI, HYG",4,0.0008718693724770497,0.21971108186421653,9.34382356875194e-05,0.15344847797633868,0.014170214926245234,0.021512456631864952,0.1738557723885502
"IWM, XLK, XLF, XLV",4,0.0008319263334533218,0.20964543603023708,9.346350692463107e-05,0.15346922735521615,0.014421888125036733,0.02113172817936812,0.18374638661311793
"QQQ, IWM, GLD, XLI",4,0.0009491879076673875,0.23919535273218165,9.348196346832206e-05,0.15348437964176406,0.015152746674665233,0.02167131694620138,0.15353313764947918
"IWM, EFA, XLF, XLI",4,0.0007653819451817192,0.19287625018579324,9.35328248157728e-05,0.1535261275925852,0.014704043409234754,0.02053230673247018,0.1673137068476619
"IWM, EFA, EEM, GLD",4,0.00089303301970566,0.2250443209658263,9.359844929056934e-05,0.15357997662854192,0.01536962625204206,0.022309130651004695,0.11958766607798288
"QQQ, XLK, XLF, XLV",4,0.0009107225386301233,0.2295020797347911,9.362307785830774e-05,0.15360018105553638,0.014113033088842623,0.021285745684601537,0.1834046890175861
"IWM, XLI, XLY, XLU",4,0.0006991238884113923,0.17617921987967086,9.362534451793436e-05,0.1536020404113157,0.01440826370578346,0.020278355210479826,0.1919752454151259
"QQQ, XLK, XLE, VNQ",4,0.0008942620198229379,0.22535402899538037,9.363551399585756e-05,0.15361038222384613,0.01398013354270396,0.02243853373425352,0.1946595853269426
"SPY, QQQ, XLF, XLI",4,0.0008847676946518897,0.2229614590522762,9.364478500300126e-05,0.15361798664465148,0.01494937781711672,0.02183681883181711,0.1824301370191752
"EEM, USO, XLE, XLU",4,0.0008602863442760307,0.21679215875755972,9.365133128796822e-05,0.15362335592144832,0.014051096229113371,0.021560990623491465,0.14805598106584028
"IWM, XLF, XLI, VNQ",4,0.0007026310593514874,0.17706302695657483,9.371680255630525e-05,0.15367704527413625,0.014714384411387747,0.0205721581752618,0.19231826893526272
"IWM, GLD, XLK, XLF",4,0.001003578458440584,0.2529017715270272,9.371717062361422e-05,0.15367734705268304,0.014902231031393837,0.021883278271684587,0.16062078211001718
"SPY, IWM, XLV, XLY",4,0.0006718500673498833,0.16930621697217058,9.372855986936728e-05,0.15368668480737216,0.015004549393215263,0.02075517383589481,0.18986869228977554
"IWM, EEM, XLK, LQD",4,0.0007975689687818468,0.2009873801330254,9.37545354397986e-05,0.1537079793986937,0.01494400630240683,0.021197776578350924,0.1686702181678803
"IWM, XLE, XLY, VNQ",4,0.0006302707465511846,0.15882822813089853,9.387031938904109e-05,0.15380286241171962,0.014092797614804224,0.021703987339520052,0.20730307244205692
"IWM, EEM, XLV, XLY",4,0.0006813457713591407,0.17169913438250345,9.387196306530061e-05,0.15380420895559313,0.015042344354537435,0.020973711644507828,0.17547670677477745
"SPY, EFA, USO, XLK",4,0.0010041548441322315,0.25304702072132235,9.387806976779251e-05,0.15380921162753455,0.013830026236047996,0.02222781518515298,0.18390469862409264
"SPY, USO, XLK, XLF",4,0.0010196255864340872,0.25694564778138995,9.387920906288217e-05,0.15381014493149114,0.01398264374607086,0.02242084222735191,0.19520395700238424
"QQQ, IWM, EEM, XLV",4,0.0008082186518641107,0.2036711002697559,9.392551761116333e-05,0.15384807583461407,0.014747191494440709,0.021005245759270492,0.17196259543540082
"IWM, EFA, EEM, XLF",4,0.0007960648143657049,0.20060833322015764,9.39465409423019e-05,0.15386529276435307,0.01453027560643354,0.021263140372673305,0.15957045925136149
"QQQ, EEM, XLF, XLI",4,0.0008942633986611468,0.225354376462609,9.407128864568477e-05,0.1539674145353898,0.01454922632971921,0.021682135235828574,0.16943474578562456
"QQQ, IWM, XLF, XLE",4,0.0008353652551882422,0.21051204430743703,9.408530515070933e-05,0.1539788845847987,0.012574398203923039,0.0223544677748454,0.19439084195278755
"SPY, QQQ, XLK, XLP",4,0.0009152804535680257,0.23065067429914246,9.409784515761943e-05,0.1539891456555302,0.014329450392788781,0.02107584973048864,0.1846642582462994
"EEM, USO, XLE, VNQ",4,0.000808287649555013,0.20368848768786327,9.427916592763135e-05,0.1541374380666913,0.014920627019397375,0.02151711717457127,0.16483258254949995
"SPY, QQQ, EFA, XLI",4,0.0008692969523500339,0.21906283199220855,9.432802216467474e-05,0.154177370536334,0.014157988916808717,0.02124657071436054,0.17208031243993116
"QQQ, USO, XLK, XLU",4,0.0010396508658753615,0.2619920182005911,9.441547796784175e-05,0.15424882640686807,0.013718639847425686,0.022083454251586487,0.1882319232721642
"IWM, EFA, XLK, XLV",4,0.0008164555911514662,0.20574680897016948,9.459418552994421e-05,0.15439473680649204,0.014363615658028038,0.020737234299559336,0.17300883317021176
"EFA, USO, XLF, XLE",4,0.0008364240293844741,0.21077885540488747,9.467324818011548e-05,0.15445924556784907,0.014745281962117336,0.021473680626283572,0.1523154221192451
"USO, XLK, XLE, XLP",4,0.0008863391674192511,0.22335747018965127,9.471497082885172e-05,0.15449327703453844,0.01460220540083232,0.021532759336016203,0.167034980574973
"QQQ, USO, XLI, XLY",4,0.0008846103680082645,0.22292181273808265,9.503100200662842e-05,0.15475080777065547,0.013975499267172956,0.022355069258346256,0.20637993590987824
"SPY, QQQ, EEM, XLF",4,0.0009154505638358751,0.23069354208664053,9.506340303606337e-05,0.1547771868367169,0.014997420026439808,0.021711933616718793,0.17676875314720164
"SPY, XLF, XLI, XLY",4,0.0007578948141469194,0.1909894931650237,9.513420507079569e-05,0.15483481416606706,0.014234968221909195,0.02173548853480137,0.18257397967472078
"QQQ, IWM, XLF, VNQ",4,0.0007700664373785598,0.1940567422193971,9.51511466620394e-05,0.15484860011906446,0.015269120479630204,0.021630639266321517,0.1909071821957785
"QQQ, IWM, EFA, VNQ",4,0.0007545956950767041,0.19015811515932945,9.51771945291975e-05,0.15486979376675675,0.01468009329045344,0.021208005467605064,0.1758251419549156
"IWM, EEM, USO, XLY",4,0.0008364970320154488,0.2107972520678931,9.524077404332968e-05,0.15492151257626904,0.013799020565144125,0.022463043279294232,0.19667844948708568
"QQQ, XLE, XLI, XLY",4,0.0007912202166768583,0.1993874946025683,9.5248541664769e-05,0.15492782997099583,0.01350948058832039,0.022190752789816942,0.19769357949455357
"SPY, QQQ, XLK, LQD",4,0.0008668694699493907,0.21845110642724647,9.530033391178447e-05,0.15496994594362382,0.01476476166328585,0.02134301235115151,0.17503501408440258
"XLK, XLI, XLY, XLU",4,0.0008362422811781754,0.2107330548569002,9.540739999123569e-05,0.15505697274805605,0.014580036440331505,0.021548680462498377,0.1844498357865103
"IWM, XLV, XLI, XLY",4,0.000650662902175155,0.16396705134813905,9.547276493744528e-05,0.15511007950560857,0.01499004751197127,0.020532117142905277,0.1888784139224533
"SPY, EFA, USO, XLE",4,0.0008615428313759873,0.2171087935067488,9.548848840102927e-05,0.15512285156307365,0.01487667514573094,0.021727890747627435,0.1618367673915897
"EFA, XLK, XLF, XLI",4,0.0009025003379485025,0.22743008516302263,9.552225104346992e-05,0.15515027316429197,0.014388850559349646,0.021535539894871367,0.17202289386520342
"IWM, EEM, TLT, XLK",4,0.0007595930669860769,0.19141745288049136,9.55292576480801e-05,0.1551559632347922,0.015585708856333908,0.021386343492658583,0.17041216796668968
"SPY, IWM, EEM, XLF",4,0.0008366543586590741,0.21083689838208666,9.558990651606391e-05,0.15520520752232544,0.01534421754665644,0.021601122183454398,0.17684243037729153
"IWM, USO, XLE, XLP",4,0.0007492207746524679,0.1888036352124219,9.569949234943532e-05,0.1552941469343185,0.015193133101236692,0.021167910473026744,0.16648874746101983
"SPY, XLK, XLI, VNQ",4,0.000864868254109784,0.21794680003566555,9.575148108305473e-05,0.15533632296706973,0.01475642268379374,0.021675512964493007,0.1891376465718082
"SPY, USO, XLE, XLU",4,0.0008507906402667732,0.21439924134722685,9.575662806231435e-05,0.15534049784812465,0.013617349040955995,0.0215568780190173,0.1619087621902353
"IWM, EEM, XLK, HYG",4,0.000823756036484234,0.20758652119402696,9.586614349978511e-05,0.15542930277764824,0.01451565012821929,0.0215469762031124,0.1694023750183532
"QQQ, EFA, XLK, XLU",4,0.0009437127825645046,0.23781562120625516,9.586978475713114e-05,0.1554322545638358,0.013866091735818195,0.021390847370276782,0.1714974369279212
"EFA, USO, XLE, XLI",4,0.0008403556662012591,0.21176962788271728,9.588885635753365e-05,0.15544771404590832,0.014032757152648172,0.021323302516597108,0.15806330046585992
"EFA, EEM, XLK, XLE",4,0.000920260396810083,0.2319056199961409,9.598239894836007e-05,0.15552351762671374,0.013710631379923979,0.022336499011362795,0.17018245136620114
"QQQ, GLD, XLK, XLF",4,0.0010823746636173853,0.2727584152315811,9.601723390946592e-05,0.15555173719758136,0.014971386275747792,0.022225073590572658,0.16053382224086654
"USO, XLK, XLE, HYG",4,0.0008641152515030033,0.21775704337875681,9.604103364255348e-05,0.15557101426012326,0.014828473195436037,0.022386835923585202,0.17023855213972794
"SPY, QQQ, TLT, XLK",4,0.0008288935681536208,0.20888117917471244,9.604816613124055e-05,0.15557679089463383,0.015158678966136655,0.021487827708868066,0.1723742527371852
"SPY, IWM, EFA, XLI",4,0.0007905007471732328,0.19920618828765466,9.616291765913186e-05,0.15566969920347773,0.014293816774787914,0.02107217492334829,0.17649378806010885
"IWM, EEM, XLI, VNQ",4,0.000737245565352258,0.18578588246876904,9.623487602045775e-05,0.15572793184639472,0.015102588491712452,0.02125365171666755,0.18201683608011332
"IWM, USO, XLK, VNQ",4,0.0009088559659775428,0.2290317034263408,9.62825474815726e-05,0.1557664982124086,0.013743882897579364,0.02245364840835338,0.20235621295635553
"QQQ, EEM, XLK, AGG",4,0.0008682463318370961,0.21879807562294823,9.63086588615103e-05,0.15578761835621147,0.015010497142634372,0.021528128803845237,0.15794392391782308
"IWM, XLK, XLE, VNQ",4,0.0008154658146461364,0.20549738529082637,9.637445678825557e-05,0.15584082619981326,0.013801997954863006,0.022486212062273893,0.21335394837021415
"SPY, EFA, XLK, XLF",4,0.0009236875031232308,0.23276925078705415,9.638618927958457e-05,0.1558503118330384,0.014556778412195302,0.02161584263650761,0.17904208558339274
"EEM, USO, XLF, XLE",4,0.0008865092776871005,0.2234003379771493,9.641696270917494e-05,0.1558751891826024,0.014690094694836632,0.022102211231990992,0.159300823129233
"IWM, USO, XLI, XLY",4,0.0008058141628314633,0.20306516903352875,9.647939549845221e-05,0.15592564787619115,0.013181741422077455,0.022101172290552897,0.21424988482454188
"USO, XLE, XLY, XLU",4,0.0007701659726141472,0.1940818250987651,9.668090031413828e-05,0.15608839444097963,0.014585570090586645,0.021579408904645093,0.17709267160940223
"SPY, XLK, XLE, XLI",4,0.0009301670719194663,0.23440210212370552,9.671064970502387e-05,0.1561124073405635,0.013635984031021762,0.022586704586644395,0.19433632190425232
"EFA, EEM, USO, XLE",4,0.0008710385353852448,0.21950171091708168,9.672946555803063e-05,0.15612759307894208,0.014837390899121715,0.022237296942043315,0.15636115652501448
"EFA, XLK, XLE, XLY",4,0.0008301400251481994,0.20919528633734627,9.673855816501751e-05,0.15613493093342184,0.014211956172175499,0.022589602931285063,0.18719122282646428
"EFA, GLD, USO, XLE",4,0.0009333922347244291,0.23521484315055613,9.679699936986758e-05,0.15618208553226146,0.015087453740388765,0.021374095755310036,0.1389331133420182
"QQQ, EEM, XLE, XLY",4,0.0008219030858608442,0.20711957763693273,9.690454189180994e-05,0.15626882144796544,0.014574742138966491,0.022600032629334244,0.18699005358090304
"SPY, IWM, USO, XLY",4,0.0008270013280061916,0.20840433465756028,9.700676910393267e-05,0.1563512258160806,0.01344831864284689,0.02275137535111864,0.2154922833766949
"EFA, GLD, XLK, XLY",4,0.0009400310408105596,0.23688782228426103,9.704307794285224e-05,0.1563804835700375,0.015146064648521126,0.022573369309972773,0.14820841810249719
"XLK, XLV, XLI, XLY",4,0.0007877812949419379,0.19852088632536835,9.711489497299631e-05,0.1564383377986198,0.01468522197140941,0.021514556463583672,0.18644208000409201
"SPY, XLK, XLY, XLU",4,0.0008574294463529036,0.2160722204809317,9.715798863532723e-05,0.1564730428415785,0.014598906130700877,0.02178675048635614,0.18769602799826823
"SPY, USO, XLE, VNQ",4,0.0007987919455457558,0.20129557027753048,9.720205340321552e-05,0.15650852199676002,0.014871805441530744,0.021829239233649846,0.1706822779293511
"EFA, USO, XLK, XLY",4,0.0009235301764796057,0.23272960447286062,9.729746142076363e-05,0.15658531309810778,0.014634338897948518,0.022768954609026903,0.19223896049048406
"QQQ, EFA, XLK, XLV",4,0.0008952517963282674,0.2256034526747234,9.734261067431364e-05,0.1566216392773586,0.014349773126871223,0.02119088382056775,0.17241398105917805
"USO, XLF, XLE, XLU",4,0.0008256718382752599,0.2080693032453655,9.748151800561351e-05,0.15673334851720166,0.01474255877896081,0.021457911706824047,0.15070648846021084
"USO, XLE, XLI, XLU",4,0.000829603475092045,0.20906007572319532,9.750409185369915e-05,0.15675149488005588,0.014567752886613685,0.021251916217920157,0.16071736032182538
"QQQ, EEM, XLK, XLP",4,0.000924776157577283,0.23304359170947533,9.751106131380242e-05,0.15675709697196555,0.015086613595066231,0.021543811785583542,0.17186721695438212
"SPY, QQQ, XLE, XLY",4,0.0008124073818515866,0.20472666022659983,9.751635567681484e-05,0.1567613524774437,0.013996997101658406,0.022979020073014684,0.19963575186875693
"GLD, USO, XLE, VNQ",4,0.0008706413488941974,0.21940161992133775,9.763188491740003e-05,0.15685418387529484,0.014928470378156039,0.02115915228048394,0.1390416996124444
"GLD, USO, XLF, XLE",4,0.0009488629770262849,0.2391134702106238,9.768167595910865e-05,0.15689417561431457,0.015049070438974282,0.021421735362732147,0.13667600593603757
"QQQ, EEM, USO, XLY",4,0.0009152932371922501,0.23065389577244702,9.768962677665525e-05,0.15690056069918018,0.013846971852352615,0.022683431678118697,0.1907014245318348
"QQQ, USO, XLE, XLU",4,0.0008970388531191172,0.22605379098601752,9.775043444442338e-05,0.1569493850895718,0.014126209859878464,0.02203822560308264,0.169954915820821
"EFA, USO, XLE, XLY",4,0.0007809181637233613,0.19679137725828705,9.776619698474674e-05,0.15696203885066023,0.014567160549485552,0.021944315202382225,0.1745941660479542
"XLK, XLF, XLE, XLY",4,0.0008456107674500549,0.21309391339741385,9.778706531955592e-05,0.15697878984285774,0.014209828303945468,0.023273101857226787,0.19824150948715358
"EFA, EEM, XLI, XLY",4,0.0007519197758543212,0.18948378351528894,9.779326229131705e-05,0.15698376380190374,0.014366099956733581,0.021771532636760568,0.15754356960122884
"USO, XLK, XLF, XLY",4,0.000939000918781461,0.23662823153292817,9.779630026206927e-05,0.15698620215178613,0.014165434490847752,0.02315973833614735,0.20540707873113073
"EFA, EEM, XLK, VNQ",4,0.0008549615790004005,0.21545031790810093,9.780002923992846e-05,0.15698919506915748,0.014544890926632614,0.02158215029190431,0.16045329740160208
"IWM, XLK, XLY, LQD",4,0.000707448597119963,0.17827704647423068,9.792529771187e-05,0.15708970374722606,0.015623420740384824,0.02169714864822549,0.2000500876029101
"QQQ, EFA, XLF, XLY",4,0.0007847406478806224,0.19775464326591685,9.792667279047544e-05,0.15709080667944833,0.015144883765930445,0.021819518235408553,0.17969831800540248
"SPY, EFA, EEM, XLY",4,0.0007731069410290491,0.19482294913932038,9.80603125012246e-05,0.1571979603885133,0.014453649787199246,0.02180446078628881,0.16469727213174312
"SPY, IWM, XLF, XLI",4,0.0008059714894750884,0.2031048153477223,9.806853470815115e-05,0.15720455065440722,0.015186211888376887,0.021693172018723807,0.192652729270111
"IWM, XLF, XLE, XLY",4,0.0007084923746832718,0.17854007842018452,9.808859764246229e-05,0.1572206303444319,0.013889494325752464,0.022621313666699266,0.1997742182442822
"SPY, QQQ, XLK, HYG",4,0.000893056537651778,0.22505024748824803,9.816072947602147e-05,0.1572784277259835,0.014612718886268701,0.02181270727254771,0.18121901417419073
"IWM, GLD, USO, XLK",4,0.0010840457994495854,0.2731795414612955,9.82407284363273e-05,0.15734250400306488,0.015149263672016008,0.02244562342188362,0.16652912603090375
"QQQ, XLI, XLY, VNQ",4,0.0007259213988671759,0.18293219251452833,9.824835798147286e-05,0.15734861363015298,0.015431997918053384,0.02193423424257983,0.19002625102994675
"QQQ, IWM, XLK, AGG",4,0.0008262026355033815,0.20820306414685213,9.825326336319854e-05,0.1573525416621099,0.015760561752873086,0.021788342748540947,0.185576455938114
"QQQ, USO, XLK, VNQ",4,0.0009876521711543438,0.24888834713089464,9.82756082347497e-05,0.15737043329404962,0.014246938495767927,0.023002436058688614,0.19826355080179114
"QQQ, IWM, USO, XLI",4,0.0009326870433364335,0.23503713492078124,9.827607844101804e-05,0.15737080976831933,0.014464427724354394,0.02272542224268271,0.20710971853341908
"EFA, EEM, USO, XLK",4,0.0010136505481414893,0.2554399381316553,9.834366680045042e-05,0.15742491554297722,0.01346159981514767,0.022691166889558707,0.1738728480180023
"USO, XLE, XLI, VNQ",4,0.0007776047803710274,0.19595640465349892,9.864705426855691e-05,0.15766755428963924,0.014690185698351921,0.021472985754869344,0.16950602415654992
"GLD, XLK, XLI, XLY",4,0.0009594334199292003,0.2417772218221585,9.868327559682129e-05,0.1576964979015037,0.015438828616049352,0.022741521836539987,0.15881517158055314
"IWM, EEM, XLF, XLI",4,0.0008154671934843456,0.20549773275805508,9.869367213425361e-05,0.15770480454897978,0.015167674687583508,0.0216736140928206,0.17405438849965815
"SPY, GLD, USO, XLE",4,0.0009739817790177981,0.24544340831248512,9.87174674157049e-05,0.15772381490680992,0.014877947189926155,0.021770585321915475,0.1406459409070574
"USO, XLE, XLU, VNQ",4,0.0007474502101431726,0.1883574529560795,9.874019993864314e-05,0.15774197407328866,0.014970162817067152,0.021458687496994006,0.14772377656332214
"QQQ, IWM, EFA, XLF",4,0.0008328173232087916,0.20986996544861547,9.880419892447612e-05,0.15779308644223924,0.015308301979243079,0.021602643194939753,0.1823793587906305
"EEM, GLD, USO, XLK",4,0.0011260894957832999,0.28377455293739157,9.880608173779348e-05,0.15779458988800588,0.015487543659606905,0.022651677063236193,0.14553154659831313
"SPY, IWM, XLK, XLU",4,0.0009055061216810727,0.2281875426636303,9.88809067324054e-05,0.15785432682244147,0.014807721342851712,0.022113761299972178,0.19607795553113216
"SPY, QQQ, IWM, XLE",4,0.0008604840571797555,0.2168419824092984,9.891601754691588e-05,0.15788234993761274,0.013754636062713821,0.022890250633493786,0.2028615256692956
"IWM, XLK, XLP, XLY",4,0.0007558595807385983,0.19047661434612675,9.893054989860064e-05,0.1578939472381616,0.015901935505637847,0.021844885525362935,0.2055319444980025
"USO, XLK, XLE, XLV",4,0.0009069000544728619,0.2285388137271612,9.898073440904225e-05,0.15793398960033478,0.014511999411972041,0.02261348284401335,0.17599341587417894
"GLD, USO, XLE, XLY",4,0.000893357111365172,0.22512599206402334,9.900308327428737e-05,0.15795181855591414,0.015602694463765027,0.021707433018255423,0.141607930936418
"EEM, XLK, XLE, XLI",4,0.0009396627759287237,0.23679501953403836,9.901202754795446e-05,0.15795895334574905,0.014214251429595471,0.022955302672709253,0.18040129018942064
"QQQ, XLK, XLY, AGG",4,0.0007781259601752125,0.19608774196415354,9.905713326792173e-05,0.15799492898038303,0.015446311608575292,0.021777764312178018,0.18584230976410754
"GLD, USO, XLE, XLU",4,0.0009226400436152148,0.23250529099103412,9.905821464810582e-05,0.15799579137218395,0.015757443381775905,0.021111756884010072,0.14312427096271796
"XLK, XLF, XLY, VNQ",4,0.0007803119496403727,0.19663861130937393,9.911322109557164e-05,0.15803965235371806,0.015844571849454092,0.022602900624765596,0.1899899034171486
"IWM, EEM, GLD, XLY",4,0.0008529978963464027,0.21495546987929348,9.91299030750508e-05,0.15805295180702195,0.015659154477522003,0.022812867441828717,0.14611058001930455
"IWM, EEM, XLE, XLY",4,0.0007431068806840428,0.1872629339323788,9.918769270405949e-05,0.1580990150551957,0.01402650121649651,0.022666894049321075,0.19207642681000836
"GLD, USO, XLE, XLI",4,0.0009527946138430699,0.24010424268845362,9.92531376590725e-05,0.15815116404910295,0.015194846628961034,0.02131959613377142,0.13685456375249616
"IWM, EFA, XLY, VNQ",4,0.0006277228145717339,0.15818614927207694,9.930650444996234e-05,0.1581936759841888,0.01573935628173096,0.021653944010011483,0.1840186026574563
"USO, XLF, XLE, VNQ",4,0.0007736731435542423,0.19496563217566906,9.93477310596511e-05,0.15822650924238985,0.0150449053653635,0.021742166887066792,0.15963192374595936
"QQQ, USO, XLE, VNQ",4,0.0008450401583980999,0.21295011991632118,9.935891123657451e-05,0.15823541206574707,0.014734351272487676,0.022217997513127908,0.17842521934031264
"EEM, XLK, XLI, VNQ",4,0.0008743639581190414,0.22033971744599845,9.936460545234195e-05,0.1582399462019315,0.015576624404280075,0.021989290416447656,0.17068347300802467
"QQQ, IWM, XLE, XLI",4,0.0008392968920050274,0.2115028167852669,9.95167275762726e-05,0.15836102850518716,0.013438004230681044,0.02237251911314563,0.2058471805988351
"IWM, USO, XLE, XLV",4,0.0007697816617060787,0.19398497874993184,9.954603868607845e-05,0.1583843481815415,0.014796540969820058,0.02216903744162213,0.17449529975421763
"SPY, IWM, XLE, XLY",4,0.0007336111766747855,0.18487001652204593,9.960087270564543e-05,0.15842796445647672,0.013735609814064898,0.022834201040920335,0.20777690611809407
"EEM, XLK, XLY, XLU",4,0.000866925150362161,0.2184651378912646,9.963837173248035e-05,0.1584577851561262,0.015275736487888195,0.02203510125066622,0.17488033413532234
"IWM, TLT, XLK, XLY",4,0.0006694726953241935,0.16870711922169676,9.965087027028931e-05,0.15846772323761363,0.015908937156458764,0.021701636863944485,0.2028620755186774
"SPY, QQQ, USO, XLY",4,0.0009057975331829926,0.22826097836211415,9.965425562067719e-05,0.1584704149562645,0.014502616549406393,0.023098505607148895,0.20865454067156686
"SPY, USO, XLK, XLI",4,0.0010235572232508725,0.25793642025921987,9.974924482905144e-05,0.15854592299053596,0.013818432870012025,0.023229378414736344,0.2029933215434897
"SPY, QQQ, XLY, VNQ",4,0.0007471085640419042,0.18827135813855986,9.980489577574372e-05,0.15859014387876513,0.015675202689097147,0.022562324194040462,0.1973648678165082
"QQQ, EEM, GLD, XLY",4,0.0009317941015232041,0.23481211358384743,9.98428113785683e-05,0.15862026499599355,0.01588278101102154,0.023025550665703658,0.14568507694039812
"EEM, USO, XLE, XLI",4,0.0008904409145038859,0.22439111045497923,9.992767533912843e-05,0.158687662360564,0.014897375103566786,0.022512105813865844,0.16410762603125706
"SPY, XLK, XLV, XLY",4,0.0008089684601166663,0.2038600519493999,9.996308368935066e-05,0.15871577454593594,0.015297840757418255,0.021896093888666302,0.1889947167037609
"IWM, XLK, XLI, XLU",4,0.0008843189565063441,0.22284837703959873,9.999884212971648e-05,0.15874415963016894,0.014778528859273764,0.021725615824089384,0.19828713059390168
"SPY, QQQ, IWM, VNQ",4,0.0007951852393700729,0.20038668032125836,0.00010000942195449139,0.15875255693226434,0.015237912626481553,0.022268038426115903,0.20074265133492508
"SPY, QQQ, IWM, USO",4,0.0009538742085111615,0.2403763005448127,0.00010003080801366427,0.15876952988354975,0.01419671766579745,0.023350401558248957,0.20909842729920491
"SPY, EEM, USO, XLE",4,0.0009116280796786139,0.2297302760790107,0.00010015199731275211,0.15886567698157314,0.01537227882978985,0.022680198620950023,0.16986232139550606
"QQQ, IWM, XLY, XLU",4,0.0007665592664384644,0.19317293514249304,0.0001002267136673341,0.15892492518220105,0.01520680719651934,0.021803896200817637,0.19634343765458562
"EFA, XLK, XLY, VNQ",4,0.0007648412073385171,0.1927399842493063,0.00010026860544223458,0.15895813465011194,0.015963395232668716,0.022043739251587157,0.17990887310331272
"SPY, EEM, XLK, VNQ",4,0.0008955511232937694,0.22567888307002987,0.00010031089249644222,0.15899165043832786,0.015521143368620729,0.02208248915770888,0.17843447497620268
"QQQ, XLK, XLF, VNQ",4,0.000907184830145343,0.22861057719662645,0.00010033616640496073,0.15901167860899434,0.015469002093253569,0.022441491915396693,0.1918845988882607
"USO, XLE, XLY, VNQ",4,0.0007181672778931293,0.18097815402906858,0.00010034457181130359,0.1590183388683472,0.014640257762550058,0.022077384111071137,0.18584750153030405
"IWM, XLK, XLY, HYG",4,0.0007336356648223503,0.18487618753523227,0.00010041149654361552,0.1590713586067307,0.01627702217072915,0.022097265056692662,0.20120883734195627
"QQQ, EFA, USO, XLE",4,0.0009077910442283315,0.22876334314553953,0.00010043774332852037,0.1590921472568245,0.014747172450426333,0.02236753030929874,0.1721615494248835
"SPY, EEM, XLI, XLY",4,0.0007925093201476901,0.1997123486772179,0.00010050467486515973,0.15914514779288827,0.015139988790613021,0.022229917609361976,0.17513513205498898
"QQQ, EEM, XLY, VNQ",4,0.0007566042680511617,0.19066427554889276,0.00010050482851709546,0.15914526944370058,0.01600501449572988,0.02230083785742796,0.1800673490607918
"QQQ, IWM, EEM, USO",4,0.000963369912520419,0.24276921795514558,0.00010051832823732884,0.1591559572111797,0.014277123945350832,0.023208293973267867,0.19276661686870733
"SPY, IWM, EFA, EEM",4,0.0008211836163572182,0.20693827132201897,0.00010057420695836519,0.15920018892422216,0.01454282915581385,0.021907646231970158,0.16749519867796525
"SPY, IWM, XLK, XLV",4,0.0008570451354448353,0.2159753741320985,0.0001005745697086679,0.15920047602499282,0.015682166875342986,0.021930384074982684,0.19801495639761557
"IWM, XLK, XLV, XLI",4,0.0008358579702701071,0.21063620850806697,0.0001005949050337161,0.15921656970458964,0.01492142344859058,0.02160432631867462,0.19800262151009063
"SPY, EEM, XLK, XLE",4,0.0009608499411034521,0.24213418515806992,0.00010066959080982972,0.15927566318831352,0.014555833368387925,0.023176972887078272,0.18811233695482454
"QQQ, EEM, XLK, LQD",4,0.0008763651739586482,0.22084402383757934,0.000100686784613475,0.15928926430427037,0.015419604423922253,0.02194760548556779,0.16300515543931549
"EEM, USO, XLK, XLI",4,0.0010330529272601298,0.2603293376695527,0.00010069780761296499,0.1592979834099201,0.01376877753811222,0.02334524530213419,0.18400331679093718
"IWM, EFA, GLD, XLK",4,0.0009881077161387284,0.24900314446695956,0.00010071666235880275,0.15931289625896045,0.01577239559558274,0.022812566435234088,0.15107590194299592
"QQQ, IWM, EEM, XLE",4,0.000869979761189013,0.21923489981963126,0.0001007563528295975,0.15934428421835084,0.014299109124406016,0.022995222454700443,0.18897877529479723
"QQQ, XLK, XLI, XLU",4,0.0009631151616831457,0.2427050207441527,0.00010077662137149659,0.1593603105720403,0.014868074000424638,0.022397053618736965,0.18300204538564513
"EEM, XLK, XLV, XLY",4,0.0008184641641259238,0.20625296935973278,0.00010087071275642841,0.15943468761414487,0.015531187684863725,0.021966061731410053,0.1768146779596369
"IWM, EFA, USO, XLK",4,0.0009716068518077743,0.24484492665555913,0.00010090004430966103,0.15945786642882998,0.014160424748938394,0.023110445915204468,0.19486216319650718
"QQQ, EFA, EEM, XLI",4,0.0008787926563592911,0.22145574940254137,0.00010114215151198415,0.1596490594429545,0.014859827698789808,0.022313704719104488,0.1599937483056303
"EFA, EEM, XLK, XLF",4,0.0009331832071324881,0.235162168197387,0.00010129258682557577,0.15976774355308737,0.015030239006020338,0.022087659988563255,0.166992375821711
"QQQ, IWM, XLI, VNQ",4,0.0007739980741953449,0.19504751469722692,0.00010132140820162311,0.15979047176477396,0.015340258199686175,0.021979333972911474,0.2023770147002093
"IWM, EFA, XLK, XLE",4,0.0008782167004763681,0.22131060852004478,0.00010136425053102889,0.15982425076883444,0.013766753490142532,0.022997343417776123,0.1899526153199933
"IWM, USO, XLK, XLF",4,0.00098707759410963,0.24874355371562676,0.00010140294335746552,0.15985475196590596,0.014251394920097481,0.02335875565798563,0.20589234371355625
"IWM, XLE, XLI, XLY",4,0.0007124240115000571,0.1795308508980144,0.00010142893870216791,0.1598752405876104,0.013796759117701495,0.022313377699223747,0.2111062663587302
"QQQ, IWM, XLK, XLP",4,0.0008827324612435684,0.22244858023337924,0.00010149826351640283,0.15992986714848953,0.015233336494291145,0.022062070326089308,0.19821321371840905
"SPY, USO, XLF, XLE",4,0.000877013573677843,0.22100742056681644,0.00010156361125679953,0.15998134277694223,0.014678504184148969,0.02261062345893154,0.17471493284147532
"QQQ, XLK, XLV, XLI",4,0.0009146541754469083,0.2304928522126209,0.0001016246275017736,0.16002939145809106,0.01475272271838211,0.022174030304143506,0.18427934291697579
"SPY, GLD, XLK, XLY",4,0.0009806205851039286,0.24711638744619002,0.00010164565778893004,0.16004594891096235,0.01624019528340706,0.023105413905561974,0.16630232571074033
"EEM, USO, XLE, XLY",4,0.0008310034120259877,0.20941285983054891,0.00010172075474590962,0.16010505986997797,0.014680793985095078,0.02281286706289444,0.1812411039476166
"QQQ, XLK, XLF, XLE",4,0.0009724836479550254,0.2450658792846664,0.00010172082206215081,0.1601051128467233,0.01410158330531498,0.023558791312810856,0.20074738673621373
"QQQ, EEM, TLT, XLK",4,0.0008383892721628782,0.2112740965850453,0.00010173655026745849,0.16011749019829014,0.01583243889313716,0.022076407617857608,0.15815716530997836
"IWM, EFA, XLF, XLY",4,0.0007059444427038214,0.177897999561363,0.00010186109593093218,0.1602154679629745,0.015739383784217985,0.021890822549997625,0.18007235324615145
"IWM, XLF, XLY, VNQ",4,0.0006431935568735895,0.16208477633214455,0.00010186525058699817,0.16021873532119627,0.01582680183255138,0.022379915561581188,0.19645582768330305
"EEM, GLD, XLK, XLI",4,0.0010495537915910836,0.2644875554809531,0.00010193107611259139,0.16027049379212954,0.015568041720812546,0.02355089522549896,0.13766904349012343
"SPY, USO, XLE, XLI",4,0.0008809452104946281,0.22199819304464627,0.00010220373243087146,0.16048470510481552,0.014103668252560726,0.022404805831267825,0.18349998869806083
"EEM, GLD, USO, XLE",4,0.0009834774830270556,0.24783632572281802,0.00010230570465421325,0.1605647457347401,0.015627369552034153,0.022248744448692397,0.13616910078692557
"IWM, XLK, XLF, XLE",4,0.000893687442778224,0.22520923558011247,0.00010241681789206613,0.16065191598235196,0.014076314329120584,0.023437856452168004,0.20595159566690469
"USO, XLF, XLE, XLI",4,0.000855826408503115,0.21566825494278496,0.00010246627099999852,0.16069069759012072,0.014605856912473661,0.022219649730288237,0.1725720143415903
"IWM, XLK, XLF, VNQ",4,0.0008283886249685414,0.20875393349207244,0.0001025478379767285,0.16075464276385795,0.01570322678006015,0.022605974363802784,0.20242953593297486
"SPY, QQQ, EFA, EEM",4,0.0008999798215340194,0.2267949150265729,0.00010263655768905742,0.16082416652245543,0.015177674409084357,0.0221101940110116,0.16715114586609936
"QQQ, IWM, EEM, GLD",4,0.0009798707768513728,0.24692743576654594,0.00010274251436629496,0.16090715838739536,0.015913449074098772,0.02330163282125149,0.1485615884685968
"QQQ, GLD, USO, XLE",4,0.0010202299918701421,0.2570979579512758,0.00010277218529847022,0.1609303908378231,0.015378908922464664,0.02255786991784029,0.14372770694742987
"QQQ, IWM, XLK, LQD",4,0.0008343214776249333,0.2102490123614832,0.00010306491531389974,0.16115942001354663,0.015724210057299775,0.02227019455937438,0.1922743043007641
"QQQ, IWM, XLV, XLY",4,0.0007180982802022272,0.18096076661096125,0.00010308563787369105,0.16117562081211334,0.015801806598957916,0.021953275619172895,0.19746192735320245
"QQQ, EEM, XLK, HYG",4,0.0009025522416610354,0.22744316489858094,0.00010311366449843108,0.16119752930366096,0.015302461210004004,0.022349868589514692,0.16885634029239238
"QQQ, IWM, EEM, VNQ",4,0.0008046809433793304,0.20277959773159127,0.00010316150376352968,0.16123491851459934,0.015711232524918316,0.02232836257724107,0.18447355764358986
"IWM, EFA, EEM, XLI",4,0.0007999964511824899,0.20159910569798745,0.00010317568078986022,0.16124599703262335,0.01549217026949234,0.022245707610978025,0.16212734023834618
"QQQ, IWM, GLD, XLY",4,0.0008897504051894893,0.2242171021077513,0.00010322429762658446,0.1612839824715997,0.016121183489971543,0.023084898883026634,0.169272610483425
"SPY, XLK, XLF, XLI",4,0.0009430898822418712,0.23765865032495154,0.0001032286551674542,0.16128738668041734,0.01576162089237173,0.023028044538117173,0.19002969935600467
"QQQ, EFA, XLK, XLE",4,0.0009570129056531695,0.2411672522245987,0.00010325710891180634,0.16130961361857885,0.014522742988425971,0.02332818250445996,0.1904906855304923
"USO, XLK, XLI, XLY",4,0.0009429325555982464,0.23761900401075808,0.00010330325277880011,0.16134565287065417,0.014696689891696743,0.023707997651364388,0.21586152541883286
"SPY, IWM, XLY, VNQ",4,0.000668312358865103,0.16841471443400596,0.00010340508854642676,0.16142516010120464,0.01625782140687568,0.022675100996419093,0.20779290999072975
"QQQ, XLK, XLP, XLY",4,0.0008346557859153995,0.21033325805068068,0.0001034144660577698,0.16143247952799955,0.015810128011609616,0.0221423371321562,0.1985619099531324
"XLK, XLE, XLI, XLY",4,0.0008495424042668402,0.21408468587524374,0.00010341983731013383,0.1614366718009069,0.014377559653715061,0.023366434440132332,0.20729431749256488
"IWM, GLD, XLK, XLI",4,0.0010075100952573694,0.25389254400485706,0.00010358185005074745,0.16156307193411606,0.01628792160175145,0.02316267415034947,0.16140980730017507
"SPY, IWM, GLD, XLK",4,0.0010286972604320974,0.25923170962888853,0.0001036757082014536,0.16163625356573416,0.015697158788413143,0.023254795903227512,0.16857930169610347
"IWM, EFA, XLK, VNQ",4,0.0008129178826666861,0.2048553064320049,0.00010369916211689263,0.1616545355177421,0.014853023336205364,0.022193809369660304,0.18859572112330225
"SPY, QQQ, XLK, XLU",4,0.000984302326857874,0.24804418636818423,0.00010375456598275385,0.16169771373663255,0.014575461465855019,0.022636518956505647,0.1902758642904384
"SPY, EEM, GLD, XLK",4,0.0010707409567658123,0.26982672110498473,0.00010378669377866547,0.16172274679903165,0.015476616598406349,0.023549557120968574,0.1458388908324746
"IWM, EEM, XLK, XLU",4,0.0009150018256903298,0.23058046007396313,0.00010381343889724506,0.16174358287767018,0.016126764409772183,0.022480348645461713,0.17775284561296212
"QQQ, XLK, XLY, LQD",4,0.0007862448022967645,0.19813369017878465,0.00010382680455734656,0.16175399453630607,0.01588890050351723,0.022280130046030494,0.19164763082088465
"USO, XLK, XLE, XLU",4,0.000955361040709099,0.24075098225869296,0.00010383117496661826,0.16175739887741705,0.014534521214898162,0.02303112849234655,0.1777318699911481
"IWM, EEM, XLK, XLV",4,0.0008665408394540925,0.2183682915424313,0.00010393434784343213,0.16183774484509136,0.015522958601977327,0.022122425976500132,0.18542286943955355
"EFA, EEM, GLD, XLK",4,0.001030151412472443,0.25959815594305563,0.00010394252900414428,0.16184411422428793,0.015448515544041337,0.023463336242264453,0.12729301957055483
"QQQ, EFA, XLK, VNQ",4,0.0008917140878434872,0.22471195013655879,0.0001040763447558176,0.1619482598809448,0.015440476579059698,0.022228628247280693,0.18228013659422082
"QQQ, IWM, TLT, XLK",4,0.0007963455758291636,0.20067908510894922,0.00010417901228550907,0.16202811822627666,0.016417192604906324,0.0223611056460752,0.1948457580706079
"SPY, IWM, EEM, XLI",4,0.0008405859954758591,0.2118276708599165,0.000104243559360276,0.16207830502195397,0.015194951234641334,0.022455834328747742,0.18457165568789802
"IWM, USO, XLE, XLU",4,0.000818242647942316,0.20619714728146363,0.00010425655380590414,0.16208840661530313,0.01485722861360168,0.02240215970296393,0.17833816454925755
"IWM, EEM, XLY, VNQ",4,0.0006778080628743602,0.17080763184433878,0.00010430365507119748,0.16212501681709016,0.016121076907274854,0.022522392016205588,0.19368162639060782
"USO, XLF, XLE, XLY",4,0.000796388906025217,0.20069000431835468,0.00010433901938673296,0.16215249885665256,0.01506133965587027,0.02282121000684428,0.19016446383419494
"QQQ, USO, XLF, XLE",4,0.0009232617865301871,0.23266197020560714,0.00010442577172631266,0.16221989543527265,0.014776371384821926,0.023174940629159285,0.18312645491811785
"IWM, EFA, USO, XLE",4,0.0008289948390515302,0.2089066994409856,0.00010443136079599279,0.16222423653878046,0.015485065178805997,0.022827051606352684,0.1757814650753774
"SPY, QQQ, EEM, XLI",4,0.0009193822006526602,0.2316843145644704,0.0001045872074146563,0.1623452378990323,0.015713419912545115,0.022874416976916456,0.17767706970946828
"QQQ, XLF, XLI, XLY",4,0.0008041430269992632,0.20264404280381432,0.00010460675185163715,0.1623604060927804,0.015320396897765312,0.022904583119782402,0.19019083375423207
"USO, XLE, XLI, XLY",4,0.0008003205428420021,0.20168077679618454,0.00010461605731136648,0.16236762744606562,0.014336490752290753,0.022601455992546933,0.19841290676002732
"EEM, XLK, XLF, XLI",4,0.000952585586251129,0.2400515677352845,0.00010461801846470103,0.16236914932678764,0.01578303494960755,0.022915378938162968,0.17714768236824463
"SPY, EEM, USO, XLK",4,0.001054240092434858,0.2656685032935842,0.0001047108104768432,0.162441140848507,0.014022897293796712,0.02364421811676584,0.19172719520834647
"QQQ, GLD, USO, XLK",4,0.0011628420046263864,0.2930361851658494,0.00010474552404712388,0.16246806473850553,0.016095763724919505,0.02348330540152576,0.16688769754069976
"QQQ, EFA, XLI, XLY",4,0.0007886722846974076,0.1987454157437467,0.00010479228946709464,0.16250432900605405,0.015210136173665517,0.022328329983810544,0.1804493038606353
"QQQ, TLT, XLK, XLY",4,0.0007482689005009946,0.18856376292625063,0.00010482742056146788,0.16253156610790997,0.016512187883942476,0.02228143699038402,0.18918015728136361
"SPY, EFA, XLK, XLI",4,0.0009276191399400158,0.233760023264884,0.00010503716860213368,0.16269408866869656,0.014673467016946683,0.02261386029670005,0.17980617515642439
"QQQ, EEM, XLF, XLY",4,0.0008348258961832489,0.21037612583817872,0.00010518180243736175,0.16280606319856508,0.01621708146001756,0.022876089441084057,0.18480101090136736
"USO, XLK, XLE, VNQ",4,0.0009033623459880817,0.2276473111889966,0.00010531729700408099,0.16291089234617925,0.015266177299726302,0.02312383530598099,0.18630558571283928
"QQQ, USO, XLK, XLF",4,0.0010658737992864313,0.26860019742018065,0.00010543895107312531,0.16300495596891398,0.014816993693706414,0.023982838474469553,0.20523851427138307
"XLK, XLI, XLY, VNQ",4,0.0007842435864571578,0.19762938378720377,0.00010548483220017,0.16304041742599545,0.016613097908452,0.022816721631795257,0.20034802255092254
"QQQ, EFA, GLD, XLK",4,0.0010669039213155298,0.2688597881715135,0.0001056055798553472,0.16313370627662296,0.016081041613017977,0.02342167337588949,0.15074563985820877
"EFA, XLK, XLF, XLY",4,0.0008430628354706044,0.21245183453859232,0.00010561781382176767,0.16314315518306446,0.01591757857632296,0.022840124285121707,0.1873285535024507
"SPY, QQQ, XLK, XLV",4,0.0009358413406216366,0.23583201783665242,0.00010570017218529369,0.16320675044462474,0.015036781351816967,0.022528940358826948,0.19153328698922112
"QQQ, IWM, XLK, HYG",4,0.0008605085453273205,0.21684815342248476,0.0001058910585362198,0.16335405336607778,0.015927337784493692,0.022750171478790153,0.19280900208296758
"SPY, QQQ, IWM, XLF",4,0.0008734068675021605,0.22009853061054444,0.00010593962289862418,0.16339150825686535,0.015968579904144145,0.02309367955008069,0.19941998667932248
"IWM, XLI, XLY, VNQ",4,0.0006471251936903747,0.16307554880997444,0.00010594443076072421,0.1633952158164446,0.015543024552804182,0.022244426024526212,0.20779912906088183
"SPY, USO, XLE, XLY",4,0.0008215077080167303,0.20701994242021604,0.0001059471438110248,0.1633973079349175,0.01512009454567931,0.023240619318072024,0.2007550641196515
"SPY, EEM, XLK, XLF",4,0.0009737727514258569,0.24539073335931594,0.00010610664663094371,0.16352025853391322,0.01579318942942527,0.02295611297536231,0.1843991901539186
"SPY, XLK, XLE, XLY",4,0.0008707295694415684,0.21942385149927524,0.00010618416509804374,0.16357997922944917,0.014986667997022243,0.024043632303773297,0.20922470922310554
"SPY, IWM, EFA, XLY",4,0.0007310632446953347,0.18422793766322434,0.00010636185176771015,0.16371678791578753,0.01575789349210559,0.02241161082812569,0.19297645217631
"EEM, XLK, XLE, XLY",4,0.0008802252734508259,0.22181676890960814,0.00010653521096760219,0.16385015460424734,0.015182272864241073,0.023833806800592307,0.19479209887602955
"SPY, QQQ, IWM, EFA",4,0.0008579361252003049,0.21619990355047683,0.00010662339209427752,0.16391795145058988,0.01581146679863057,0.02239444632993628,0.1901008851967445
"QQQ, XLK, XLY, HYG",4,0.0008124318699991518,0.20473283123978625,0.00010662827521406165,0.16392170495069755,0.015859393909847933,0.02280690691101341,0.1944543622050534
"SPY, QQQ, XLF, XLY",4,0.0008253301921739916,0.20798320842784587,0.00010670563076805042,0.16398115426337476,0.015699256155785747,0.023226090213597957,0.1973114025256364
"QQQ, IWM, XLF, XLI",4,0.0008522197023274322,0.2147593649865129,0.0001067092680236135,0.16398394903755245,0.016299005298647702,0.022827614645813937,0.19483237966646505
"QQQ, GLD, XLK, XLI",4,0.0010863063004341704,0.2737491877094109,0.00010675206487097998,0.1640168294641954,0.016403137380071837,0.02380411939268542,0.16144176648231956
"QQQ, USO, XLE, XLI",4,0.0009271934233469722,0.23365274268343697,0.00010679389101680387,0.16404895774199413,0.014989786286788508,0.02309616877875059,0.19119203182605982
"QQQ, IWM, USO, XLY",4,0.0008732495408585355,0.22005888429635093,0.00010685335717922359,0.16409462516842027,0.014111601621570866,0.024190455622664586,0.2229987417085737
"QQQ, IWM, EEM, XLF",4,0.0008829025715114179,0.2224914480208773,0.00010686794363562207,0.16410582499160947,0.016229520011334753,0.022798284840286266,0.18748491173600912
"IWM, GLD, USO, XLE",4,0.000941433786693341,0.23724131424672193,0.00010688586908149862,0.16411958752244551,0.015718242630972934,0.02255628405422721,0.14289015330783006
"QQQ, IWM, EFA, XLI",4,0.0008367489600255765,0.21086073792644527,0.00010689074543257217,0.16412333121469413,0.01507395945228927,0.022292109347023966,0.18314532643363046
"IWM, EEM, XLF, XLY",4,0.000756029691006448,0.1905194821336249,0.00010693768202898107,0.1641593612052119,0.016478417904803637,0.022773381217287152,0.18593815423073135
"QQQ, EEM, USO, XLE",4,0.0009578762925309578,0.24138482571780134,0.00010737945970278031,0.16449809678260913,0.015203714272466386,0.0237904378978429,0.1801070576294811
"SPY, QQQ, EFA, XLY",4,0.0008098594498721359,0.20408458136777824,0.00010739346017020257,0.16450882031943165,0.015711750205570307,0.02273850153452377,0.18744274257530857
"EEM, USO, XLK, XLY",4,0.000973615424782232,0.24535108704512246,0.00010742125097925437,0.16453010437841492,0.014870406191669962,0.02397161543220532,0.19844244139997347
"QQQ, EFA, USO, XLK",4,0.0010504030569845756,0.26470157036011305,0.00010752490623601358,0.16460946622681039,0.015038399219530362,0.024071101829149354,0.1945097122263275
"SPY, XLK, XLY, VNQ",4,0.000805430751631886,0.20296854941123527,0.00010753788377030491,0.1646193995558143,0.016275568628390052,0.023226801668254943,0.20445577899022926
"IWM, EFA, XLI, XLY",4,0.0007098760795206064,0.17888877203919282,0.00010785656107317057,0.16486313532879018,0.015289239692409686,0.022160336861384407,0.18824305003389252
"IWM, USO, XLE, VNQ",4,0.0007662439532212986,0.19309347621176723,0.0001079843298772224,0.16496075633028615,0.015824245417649815,0.022865336250314436,0.18989994894277828
"IWM, XLK, XLY, XLU",4,0.0008248814540284463,0.20787012641516847,0.00010806882689939199,0.16502528405867622,0.01597959980482247,0.022966556380346462,0.20734813330414092
"IWM, EFA, XLK, XLF",4,0.0008911395107987733,0.22456715672129088,0.0001080778364482518,0.16503216288032904,0.01599355578634968,0.022750961784853186,0.19000361331121618
"IWM, USO, XLK, XLI",4,0.000991009230926415,0.2497343261934566,0.00010813082570567324,0.1650726145604705,0.014397194266520906,0.02410439781674532,0.21607798917645238
"SPY, IWM, XLF, XLY",4,0.0007465339869971902,0.18812656472329192,0.00010826287657625077,0.1651733782944915,0.016704312805604617,0.023238821887783565,0.20184387779456947
"EFA, USO, XLK, XLE",4,0.0009661132318183133,0.24346053441821497,0.00010827307530511341,0.1651811580565065,0.015360404550721523,0.02358582536719162,0.18009661223914042
"SPY, USO, XLK, XLY",4,0.0009641197207729746,0.24295816963478958,0.00010842302016871297,0.16529549625599504,0.014395732040296165,0.024458047841191422,0.2181876617391173
"QQQ, EEM, XLK, XLU",4,0.0009937980308671313,0.2504371037785171,0.00010848846436417455,0.1653453749573056,0.015278598528107501,0.02324999923330541,0.1778718020766823
"QQQ, XLK, XLI, VNQ",4,0.0009111164669621278,0.22960134967445622,0.00010879885887541678,0.1655817394418993,0.016026256112779986,0.0231714625427592,0.19503494892598428
"QQQ, EEM, XLK, XLV",4,0.000945337044630894,0.2382249352469853,0.00010886131653663898,0.1656292599972391,0.015564635494193459,0.022779919943216004,0.18032100733635648
"QQQ, IWM, XLE, XLY",4,0.0007798593895271292,0.19652456616083658,0.00010889374636783649,0.16565392867268436,0.01435098897036351,0.02412761635722958,0.215881673787908
"SPY, IWM, XLK, XLE",4,0.0009188062447697374,0.23153917368197383,0.00010916632346062824,0.1658611271880133,0.014605087349080333,0.024245700083709677,0.21424751089996685
"IWM, EEM, USO, XLE",4,0.0008790800873541564,0.22152818201324742,0.00010919453362141531,0.16588255626375145,0.01567567682139999,0.023781081871142296,0.18158802545718622
"EEM, XLK, XLY, VNQ",4,0.0008149264556411433,0.2053614668215681,0.00010920067616621999,0.1658872219126218,0.016680021417097412,0.02305429292234964,0.18912600665290458
"IWM, XLK, XLE, XLI",4,0.000897619079595009,0.22620000805794227,0.00010927051971412089,0.1659402632514438,0.01430686681532383,0.023724184461488673,0.21729640655281313
"SPY, IWM, XLK, VNQ",4,0.000853507426960055,0.21508387159393386,0.00010932490644153607,0.16598155446695603,0.015927912427623453,0.023283242680108944,0.2131794981825157
"SPY, QQQ, USO, XLE",4,0.0009483805885217006,0.23899190830746855,0.00010935233348362791,0.16600237359108524,0.01511498780613333,0.023777928629429075,0.19389543964334743
"QQQ, XLK, XLE, XLI",4,0.0009764152847718101,0.24605665176249614,0.0001094446754185864,0.16607244866468301,0.014809275263164976,0.02424246698757946,0.20285825729687168
"EEM, GLD, XLK, XLY",4,0.0009901162891131857,0.2495093048565228,0.00010981957489893763,0.16635664361405073,0.01670821240150883,0.024206253682463943,0.15359296680982581
"GLD, USO, XLK, XLE",4,0.001078552179460124,0.27179514922395126,0.00011001148693722152,0.16650193604934396,0.01620320335441854,0.023750706189862643,0.1518943749652939
"IWM, XLK, XLI, VNQ",4,0.0008323202617853266,0.2097447059699023,0.00011014037891280373,0.16659944623565393,0.015781938561512828,0.02302976598031893,0.21378871401302058
"IWM, XLF, XLI, XLY",4,0.0007253468218224623,0.1827873990992605,0.00011025987766840582,0.16668979924529956,0.01626921296428864,0.02289159276285278,0.20025443039970725
"SPY, IWM, USO, XLK",4,0.0010121963961011436,0.2550734918174882,0.0001103820690541835,0.16678213753772989,0.01515531573253585,0.02468246442673075,0.21867743792288152
"QQQ, EFA, XLK, XLF",4,0.0009699357159755745,0.24442380042584477,0.00011049796604965945,0.16686967203333922,0.015367089071665582,0.023140748372282766,0.18970481871348654
"IWM, XLK, XLV, XLY",4,0.0007764204677922092,0.1956579578836367,0.00011053588244172127,0.16689829949796903,0.016467049896863633,0.022965048950646518,0.20781911104741768
"SPY, QQQ, GLD, XLK",4,0.0011074934656088986,0.27908835333344245,0.00011094180303025446,0.16720446873102443,0.016007765992467907,0.02384130803545247,0.16893018430329
"SPY, IWM, USO, XLE",4,0.0008695843833448993,0.21913526460291463,0.00011096877361884395,0.16722479167859255,0.014754053836803662,0.02389997317740711,0.20074011064976216
"IWM, USO, XLF, XLE",4,0.0008444655813533859,0.21280532650105324,0.00011100824340447784,0.167254528602153,0.015404225137855884,0.02368212729044587,0.18997772165601856
"USO, XLK, XLF, XLE",4,0.000981583974120169,0.24735916147828257,0.00011113582742989969,0.1673506155122673,0.015106331672538097,0.02414871439569479,0.19048900881105812
"IWM, EFA, EEM, XLY",4,0.0007405589487045921,0.18662085507355722,0.00011142428292506639,0.16756765587999592,0.015736010849259692,0.023101354653239526,0.17747357317721824
"QQQ, XLK, XLY, XLU",4,0.0009036776592052477,0.22772677011972242,0.00011171311003812162,0.1677846945630222,0.016055651688556053,0.023445731709892937,0.1978604582797282
"IWM, EEM, USO, XLK",4,0.001021692100110401,0.25746640922782105,0.00011183244893241144,0.1678742896663086,0.015360069758920509,0.024612124795818,0.20037948068210054
"IWM, EEM, XLK, XLE",4,0.0009283019487789946,0.23393209109230664,0.00011196951839787321,0.16797713724273328,0.015565578437658389,0.024395502976978206,0.20035426930322853
"SPY, QQQ, XLK, VNQ",4,0.0009323036321368562,0.23494051529848775,0.00011207926641271742,0.1680594392945686,0.016301417959530537,0.0235768428420836,0.19994961336418704
"QQQ, USO, XLE, XLY",4,0.0008677559208690745,0.21867449205900677,0.00011220809745863955,0.16815600066479092,0.015250155180965744,0.024151858516065824,0.20899147715316113
"IWM, GLD, XLK, XLY",4,0.0009480725927794714,0.2389142933804268,0.00011222497197519869,0.16816864433582757,0.016456805383877518,0.024205304204151762,0.17700557341997092
"QQQ, EFA, EEM, XLY",4,0.0008193551538813932,0.20647749877811108,0.00011225725754413982,0.168192832490339,0.01626784341201625,0.023312828203214144,0.17552727469524831
"IWM, USO, XLE, XLI",4,0.0008483972181701709,0.21379609897888308,0.00011250621116058821,0.1683792303476537,0.014448655804460682,0.02344827509023201,0.19956036104854047
"XLK, XLF, XLI, XLY",4,0.0008624652145892452,0.2173412340764898,0.00011259489600641484,0.1684455811044521,0.016127128743677374,0.024042701281480963,0.19979319586362376
"QQQ, IWM, XLK, XLU",4,0.0009517543345334166,0.23984209230242098,0.0001126042146698207,0.16845255147012414,0.016155116455957467,0.02368526184732878,0.20200291020341932
"EFA, EEM, XLK, XLI",4,0.0009371148439492733,0.23615294067521686,0.00011281415760400645,0.16860951253179526,0.016152272996358994,0.02373410122302064,0.16780643050189692
"SPY, QQQ, XLI, XLY",4,0.0008292618289907767,0.20897398090567573,0.00011299576044132337,0.16874516772700038,0.016328751244504232,0.02363259001540462,0.2030490170551107
"QQQ, IWM, XLY, VNQ",4,0.000714560571717447,0.18006926407279664,0.00011301131428741733,0.16875678119835413,0.01699936184561049,0.023769819365380224,0.21591325658930638
"QQQ, USO, XLK, XLI",4,0.0010698054361032165,0.26959096989801057,0.00011303698495571384,0.16877594677216268,0.015633327617033507,0.025024017389762187,0.21165558664195872
"SPY, QQQ, XLK, XLE",4,0.0009976024499465384,0.25139581738652766,0.00011343635917366205,0.1690738374550091,0.014906036567567674,0.02494998792839695,0.20869666450872715
"IWM, EEM, XLK, VNQ",4,0.0008630031309693122,0.21747678900426667,0.00011343984790513769,0.16907643736515948,0.0165472451089017,0.023298314612347125,0.19592731371587924
"SPY, QQQ, IWM, XLI",4,0.0008773385043189456,0.2210893030883743,0.000113450682403374,0.1690845113120958,0.017040793451230968,0.023494661859649296,0.20725965801214152
"SPY, IWM, XLI, XLY",4,0.0007504656238139758,0.1891173372011219,0.00011368285471514291,0.16925743525238712,0.016393905435173023,0.02334652386132562,0.2120216318679219
"EFA, XLK, XLI, XLY",4,0.0008469944722873895,0.21344260701642218,0.00011390570989487836,0.16942325369768269,0.015485712354534371,0.023466380876957856,0.18809561887725978
"QQQ, IWM, EFA, EEM",4,0.0008674318292095622,0.21859282096080968,0.00011393933853590129,0.16944826145772973,0.015516937265365212,0.023278455462927332,0.17827146692827012
"QQQ, IWM, XLK, XLV",4,0.0009032933482971791,0.22762992377088911,0.00011421178136066638,0.16965072620795918,0.016355834614025993,0.023426550169579625,0.20387787555733883
"IWM, EEM, GLD, XLK",4,0.0010381929644413548,0.2616246270392214,0.00011430177437914779,0.169717551076915,0.0166860320862112,0.02466088119988281,0.15646255652980734
"QQQ, EEM, XLI, XLY",4,0.0008387575330000342,0.2113668983160086,0.00011434252356651627,0.169747800983583,0.016541214655538507,0.023744581668350008,0.1855835393661317
"SPY, IWM, EEM, XLY",4,0.0007811484929979612,0.1968494202354862,0.00011435823224842239,0.16975946078673332,0.016459472339658825,0.023489495712426055,0.20193504373359694
"QQQ, XLK, XLV, XLY",4,0.0008552166729690103,0.21551460158819058,0.0001144321088067283,0.1698142850860773,0.01627146008532217,0.02342643323236335,0.19913044931793167
"EEM, XLK, XLF, XLY",4,0.0008931480837732307,0.22507331711085415,0.00011462932002256685,0.16996055026295614,0.01695391211587887,0.023846192670137135,0.19239498369868346
"SPY, EFA, EEM, XLK",4,0.0009583020091240014,0.24149210629924836,0.00011480507755694377,0.17009079794142254,0.015989971804358547,0.02354814406740293,0.17490148227690838
"USO, XLK, XLE, XLI",4,0.000985515610936954,0.2483499339561124,0.00011492622611688238,0.17018051880710192,0.015117526122697914,0.02435039857234313,0.1990261483361424
"IWM, USO, XLE, XLY",4,0.000788959715692273,0.1988178483544528,0.00011505391370547438,0.17027503121062568,0.015128565175247594,0.02424824994970482,0.2154014285353819
"SPY, XLK, XLF, XLY",4,0.0008836523797639735,0.2226803997005213,0.00011519028869869216,0.17037591599774432,0.016190208332393576,0.024238555739884177,0.20477522286041494
"IWM, EEM, XLI, XLY",4,0.0007599613278232329,0.1915102546114547,0.00011522825162375474,0.17040398883003355,0.016013235236489436,0.023444807330504157,0.19607173758889906
"IWM, USO, XLK, XLY",4,0.0009315717284485174,0.2347560755690264,0.00011560889221006758,0.1706852097779331,0.01525392412081686,0.025405433446859076,0.23124038044480377
"QQQ, EEM, XLK, VNQ",4,0.0009417993361461135,0.23733343270882062,0.00011599557409290011,0.17097042045748975,0.0168798886664044,0.02373786431824799,0.18866300337560316
"SPY, IWM, XLK, XLF",4,0.0009317290550921423,0.23479572188321984,0.00011600677732174938,0.170978676697069,0.016062986769139247,0.02429416128962224,0.20692163692723853
"QQQ, EEM, XLK, XLE",4,0.0010070981539557961,0.25378873479686065,0.00011604092032748805,0.17100383598775495,0.01541426299567512,0.02497349931225282,0.19824581331418567
"IWM, XLK, XLF, XLI",4,0.0009105418899174143,0.22945655625918843,0.00011627990867087467,0.17117983813831705,0.017009900050103412,0.023956065518423,0.20636888881390825
"QQQ, IWM, USO, XLE",4,0.0009158325961972434,0.23078981424170533,0.00011639791380107961,0.17126667591178404,0.015161704413207628,0.024676218808286177,0.2083135697033327
"EEM, USO, XLK, XLE",4,0.0010161984801209398,0.25608201699047684,0.00011697116823328623,0.1716878982187974,0.01592515017950972,0.025020829434573223,0.18797719362035314
"QQQ, XLK, XLF, XLI",4,0.0009893380950942155,0.2493131999637423,0.0001169813355959704,0.17169535978058506,0.016106944952161285,0.024507364258741088,0.20013767225812562
"SPY, EFA, XLK, XLY",4,0.0008681816374621178,0.21878177264045368,0.00011700339437385035,0.1717115470264312,0.01618676516993738,0.023770607178005693,0.19502784574960486
"SPY, EEM, XLK, XLI",4,0.000977704388242642,0.2463815058371458,0.00011705273040602814,0.17174774543591279,0.01643153872986418,0.024364245646164923,0.18532222115189778
"QQQ, IWM, EEM, XLI",4,0.0008868342083282029,0.2234822204987071,0.00011724959459625342,0.17189211104136184,0.016841205256327502,0.02388924086116639,0.1897273311201888
"IWM, XLK, XLE, XLY",4,0.0008381815771171112,0.21122175743351201,0.00011754832627187362,0.17211094741622962,0.015178808928106515,0.025145376239522094,0.22459936194681374
"SPY, QQQ, EEM, XLY",4,0.0008599446981747621,0.21670606394004005,0.0001175683841997522,0.17212563091630936,0.016922262591679418,0.023948331150684215,0.19265235222206956
"IWM, EFA, XLK, XLI",4,0.0008950711476155586,0.22555792919912077,0.00011758666235283935,0.1721390104331831,0.016200575326169208,0.02356492261001855,0.19514792233283562
"SPY, QQQ, IWM, EEM",4,0.0009080213735029311,0.22882138612273864,0.00011760693118808677,0.1721538459035925,0.01694608605965466,0.02388064436017937,0.19521381950578032
"SPY, IWM, EFA, XLK",4,0.0009162583127902868,0.23089709482315227,0.00011781582279040875,0.17230666656627946,0.016439555335055464,0.023693949213526865,0.19767996023820922
"IWM, EEM, XLK, XLF",4,0.0009412247591013998,0.23718863929355277,0.00011789795771331062,0.17236671762191874,0.01682079828800263,0.024009647498404146,0.19507278232434622
"SPY, USO, XLK, XLE",4,0.0010067027761116825,0.25368909958014396,0.00011798118235957049,0.1724275440717398,0.015636955654541543,0.024935029146715176,0.20122613357592045
"QQQ, GLD, XLK, XLY",4,0.0010268687979562725,0.25877093708498067,0.00011826169069238076,0.17263240151976092,0.01767450375975364,0.024874094331830455,0.17672893152770663
"QQQ, IWM, XLF, XLY",4,0.0007927821998495343,0.19978111436208265,0.00011857440495339546,0.17286049302329223,0.0168508137661712,0.024371768852688384,0.21065061748874014
"QQQ, IWM, EFA, XLY",4,0.0007773114575476787,0.19588248730201505,0.0001187604746028328,0.17299606816316337,0.017034098938489586,0.023660274149886584,0.20149408947246006
"USO, XLK, XLE, XLY",4,0.0009260781084590562,0.23337168333168215,0.00011924122032490692,0.17334586098859284,0.016050239400927136,0.025153249882906698,0.21614293730094003
"SPY, QQQ, USO, XLK",4,0.0010909926012779446,0.27493013552204204,0.00011938410831279242,0.17344969096202995,0.016176064224308704,0.02558615157479979,0.21457707104674895
"QQQ, IWM, GLD, XLK",4,0.0010749454732844413,0.2708862592676792,0.00011945992763952525,0.1735047600648477,0.017040738637389648,0.024998250829231603,0.17938592598795966
"QQQ, XLK, XLE, XLY",4,0.0009169777822939124,0.23107840113806594,0.00012058898587328865,0.17432275938634273,0.016184335333981652,0.025691089479860534,0.2176438006068353
"QQQ, EEM, USO, XLK",4,0.0011004883052872024,0.27732305293237497,0.0001206358544076014,0.17435663254007733,0.016213855828235035,0.02560740997714279,0.20181760192311027
"IWM, XLK, XLY, VNQ",4,0.0007728827593074288,0.19476645534547204,0.00012073107276478677,0.17442542915735157,0.01746180317178745,0.024571533631520714,0.22541712007984704
"SPY, QQQ, XLK, XLF",4,0.0010105252602689437,0.2546523655877738,0.00012080408425541345,0.1744781626231896,0.016032354353010952,0.02482644322787878,0.20723758919795554
"QQQ, EFA, XLK, XLI",4,0.0009738673527923598,0.24541457290367466,0.00012087694348862784,0.17453077023589342,0.01631262425779189,0.02435430490863561,0.19047460202708533
"QQQ, EEM, GLD, XLK",4,0.001116989169618156,0.2814812707437753,0.00012136923542452965,0.17488581225182753,0.01671004832922876,0.025376282322445886,0.15645911786081668
"QQQ, XLK, XLY, VNQ",4,0.00085167896448423,0.21462309905002597,0.00012225605662434934,0.17552357753115688,0.0173649156833468,0.02465564023358166,0.21617873179507852
"QQQ, EEM, XLK, XLF",4,0.0010200209642782009,0.25704528299810664,0.00012249663086355572,0.17569618942258267,0.017114065444319655,0.024631240016164933,0.19475759791661096
"QQQ, IWM, XLK, XLE",4,0.0009650544576220812,0.24319372332076447,0.00012273933077049402,0.17587015481361382,0.01600775249038446,0.0258619574925686,0.22006392809805886
"EFA, EEM, XLK, XLY",4,0.0008776773414713753,0.22117469005078658,0.00012283005140235095,0.17593513848402326,0.016767015858984182,0.024355948806049677,0.18319798975699175
"SPY, XLK, XLI, XLY",4,0.0008875840165807588,0.2236711721783512,0.00012290269776845666,0.17598715816118823,0.016903325864742875,0.02483138921424378,0.21255811865675145
"QQQ, IWM, XLK, VNQ",4,0.0008997556398123989,0.22673842123272453,0.00012321126583020135,0.1762079424691485,0.017845321252872682,0.02463695967771576,0.21896991902299134
"QQQ, USO, XLK, XLY",4,0.0010103679336253188,0.25461271927358037,0.00012338155535705772,0.17632966837710137,0.016509028983379876,0.026115312224969798,0.22716382479042807
"QQQ, IWM, USO, XLK",4,0.0010584446089534874,0.2667280414562788,0.00012450879077714912,0.1771333262710368,0.0164455623294347,0.026401385728417454,0.22763780176528403
"SPY, IWM, XLK, XLI",4,0.0009356606919089276,0.23578649436104973,0.00012494011622299074,0.1774398751357588,0.017669134683239128,0.0248575814519588,0.21966280351819378
"IWM, USO, XLK, XLE",4,0.000974154783787225,0.24548700551438069,0.0001250135331598304,0.17749200082335334,0.01598945627406681,0.025761661749532108,0.2160054453189143
"SPY, QQQ, EFA, XLK",4,0.0009950545179670878,0.25075373852770616,0.00012520198393476556,0.177625729981782,0.016269783399928735,0.024463580849019142,0.19741027812060363
"EEM, XLK, XLI, XLY",4,0.000897079720590016,0.22606408958868404,0.0001252123205482129,0.1776330621763574,0.017154310550443815,0.02505824403875603,0.19319320247233773
"QQQ, IWM, XLI, XLY",4,0.0007967138366663193,0.20077188683991248,0.0001257223812087069,0.17799449447832408,0.01810144953663625,0.024630998050941794,0.2202287797537431
"IWM, EFA, EEM, XLK",4,0.0009257540167995442,0.23329001223348514,0.00012609462888659586,0.17825780902788568,0.01626980929411479,0.024543188411164225,0.18593567650479315
"IWM, XLK, XLF, XLY",4,0.0008511043874395162,0.2144783056347581,0.00012704583336684545,0.17892889651603247,0.01771635792406868,0.02541047013031016,0.2196637409226958
"SPY, QQQ, IWM, XLY",4,0.0008179010018410478,0.20611105246394404,0.0001271864823265749,0.17902791275747162,0.017657828985425242,0.025037123931167738,0.22736810130350182
"IWM, EFA, XLK, XLY",4,0.0008356336451376606,0.21057967857469048,0.00012835717928928882,0.1798499629716414,0.01763751022018835,0.024686699140678843,0.20994889733094113
"QQQ, USO, XLK, XLE",4,0.0010529509889640263,0.2653436492189346,0.00012852226965485997,0.17996558546851318,0.016744752266972314,0.026397393566214,0.20971893949542297
"SPY, EEM, XLK, XLY",4,0.0009182668857647444,0.23140325521271557,0.0001289346949573129,0.180254107107835,0.01769052705699575,0.0251275778825705,0.20016089359564682
"QQQ, IWM, EEM, XLY",4,0.0008273967058503051,0.20850396987427688,0.00012903506254608214,0.18032425172896935,0.01794302459104342,0.02491438871223434,0.21061600997405838
"IWM, EEM, XLK, XLI",4,0.000945156395918185,0.23817941177138263,0.00012970188807043346,0.18078958983788096,0.017430097336894625,0.02532499453973046,0.2017013744644306
"SPY, IWM, EEM, XLK",4,0.0009663435610929133,0.24351857739541413,0.00013055573843813093,0.18138369851342484,0.017726117819131082,0.025382251581681243,0.20275626821475923
"QQQ, IWM, XLK, XLF",4,0.0009779772679444864,0.24645027152201057,0.0001305984393465688,0.18141335870143452,0.01779208775806816,0.025715192632053085,0.21726398442851158
"SPY, QQQ, XLK, XLI",4,0.0010144568970857288,0.2556431380656037,0.0001306075746910356,0.18141970351133577,0.01701480922598644,0.0257017883291075,0.20813388355631113
"QQQ, XLK, XLF, XLY",4,0.0009299005926163176,0.23433494933931204,0.0001306137641888907,0.18142400220367882,0.01764392062412806,0.025726190641762507,0.214754840113761
"QQQ, EFA, EEM, XLK",4,0.0010045502219763456,0.2531466559380391,0.0001332821562475337,0.1832678459915391,0.01703640912417976,0.025464573766744384,0.1856486396328878
"QQQ, IWM, EFA, XLK",4,0.0009625065256426309,0.242551644461943,0.00013449457927320612,0.1840995219354139,0.01715392446441268,0.02533448674274669,0.20815531948690158
"QQQ, EFA, XLK, XLY",4,0.0009144298503144616,0.23043632227924432,0.00013451396432202686,0.1841127888256293,0.017002565620965627,0.025429005971278017,0.2055547770025865
"QQQ, EEM, XLK, XLI",4,0.0010239526010949861,0.2580360554759365,0.00013517071275505942,0.18456169595632507,0.017744803155313495,0.02625620345768587,0.19555849351225063
"IWM, XLK, XLI, XLY",4,0.0008550360242563013,0.21546907811258792,0.00013561608901864835,0.18486550363088128,0.01881178648341131,0.025778156559046802,0.22968527275569384
"SPY, IWM, XLK, XLY",4,0.0008762231894310295,0.22080824373661945,0.0001375767039123804,0.18619701766118563,0.018603186934233615,0.026166007380729786,0.23429005254742563
"QQQ, XLK, XLI, XLY",4,0.0009338322294331024,0.23532572181714181,0.00014005417137507448,0.18786604585852862,0.017792331532227063,0.026498147254258392,0.22095590318346814
"SPY, QQQ, EEM, XLK",4,0.0010451397662697144,0.263375221099968,0.00014012044313132515,0.18791048844887276,0.01777283120106514,0.026217508623046212,0.2026992949058377
"IWM, EEM, XLK, XLY",4,0.000885718893440287,0.22320116114695232,0.00014038814378645106,0.1880899046578143,0.017888285156141492,0.0260757651104887,0.2187959398174335
"QQQ, IWM, XLK, XLI",4,0.0009819089047612714,0.2474410439998404,0.0001412597763642294,0.18867290119088595,0.018929050607219916,0.026488179578443995,0.22547482718774314
"SPY, QQQ, IWM, XLK",4,0.0010030960699359997,0.25278020962387193,0.0001444477472251272,0.19079002149151317,0.018976714143245383,0.026905476584336004,0.2261182483457317
"SPY, QQQ, XLK, XLY",4,0.0009550193946078308,0.24066488744117334,0.00014611066627737482,0.1918850903585228,0.01848769579965734,0.026964186806867945,0.22792479460523252
"QQQ, EEM, XLK, XLY",4,0.0009645150986170882,0.24305780485150624,0.0001487234723680265,0.1935931688793349,0.018838454390955075,0.026896063106775853,0.2111384171642815
"QQQ, IWM, EEM, XLK",4,0.0010125917739452572,0.2551731270342048,0.0001495127023834654,0.19410615910020293,0.01913512455958579,0.027176913498059573,0.21318267315728945
"QQQ, IWM, XLK, XLY",4,0.0009224714022833736,0.23246279337541015,0.0001555671591153015,0.1979972830547328,0.02015430575169493,0.02774064987263523,0.2456966668050108
