Date,SPY,QQQ,IWM,EFA,EEM,TLT,GLD,USO,XLK,XLF,XLE,XLV,XLI,XLP,XLY,XLU,VNQ,HYG,LQD,AGG
2023-10-02,412.0986633300781,355.2041320800781,168.3691864013672,61.809242248535156,35.15821838378906,76.49402618408203,169.64999389648438,79.38999938964844,81.29806518554688,31.395523071289062,40.294105529785156,122.29227447509766,96.27752685546875,63.00382614135742,78.57561492919922,25.69072914123535,66.01888275146484,61.04928207397461,87.97144317626953,83.00113677978516
2023-10-03,406.582275390625,348.9704895019531,165.53515625,61.03559494018555,34.69266891479492,74.84852600097656,169.16000366210938,79.93000030517578,79.9193115234375,30.899154663085938,40.266815185546875,121.20787048339844,95.606201171875,62.55208969116211,76.66376495361328,25.987918853759766,64.72996520996094,60.42951583862305,86.95796203613281,82.35053253173828
2023-10-04,409.5429992675781,353.71954345703125,165.612548828125,61.144813537597656,34.59025192260742,75.90443420410156,169.13999938964844,75.58999633789062,80.91536712646484,31.128244400024414,39.00236892700195,121.72154235839844,95.91309356689453,63.04990768432617,78.17567443847656,25.960487365722656,65.52108001708984,60.739383697509766,87.7180404663086,82.92984008789062
2023-10-05,409.388671875,352.6772766113281,165.73826599121094,61.68180465698242,34.72060775756836,75.52606201171875,168.8300018310547,73.98999786376953,81.02330780029297,31.27142333984375,38.76130676269531,122.3874282836914,95.3472671508789,61.80533981323242,77.7854995727539,25.809602737426758,65.88555145263672,60.79801940917969,87.61321258544922,82.9832992553711
2023-10-06,414.2492370605469,358.58648681640625,167.33424377441406,62.36442947387695,35.2234001159668,74.6109390258789,169.6999969482422,74.16000366210938,82.5394515991211,31.53870964050293,38.9932746887207,123.67161560058594,96.65155029296875,61.4642219543457,78.33174133300781,26.175373077392578,66.06332397460938,60.881778717041016,87.35111236572266,82.66246032714844
2023-10-09,416.9013366699219,360.4154052734375,168.30148315429688,62.273414611816406,35.0557975769043,76.36202239990234,172.82000732421875,77.12999725341797,82.9663314819336,31.55780029296875,40.294105529785156,124.09966278076172,98.16682434082031,61.51955032348633,78.4146499633789,26.435985565185547,66.78333282470703,61.33406448364258,88.43446350097656,83.51805114746094
2023-10-10,419.0713195800781,362.4113464355469,170.2069854736328,63.12897491455078,35.55858612060547,76.2564468383789,172.52999877929688,76.70999908447266,83.09390258789062,31.786895751953125,40.34414291381836,124.68943786621094,98.76142883300781,62.14645767211914,79.27301788330078,26.79718017578125,67.10334014892578,61.317317962646484,88.46944427490234,83.43785095214844
2023-10-11,420.7878723144531,364.9972229003906,169.91677856445312,63.392921447753906,35.78205490112305,77.84915924072266,173.7899932861328,75.66999816894531,83.86424255371094,31.834625244140625,39.82562255859375,124.13770294189453,99.35601806640625,61.72235870361328,79.55589294433594,27.23153305053711,68.26780700683594,61.30893325805664,89.01110076904297,83.82109069824219
2023-10-12,418.2226257324219,363.7288818359375,166.07681274414062,62.86502456665039,35.38167953491211,75.73727416992188,173.25999450683594,75.41999816894531,83.94273376464844,31.63416862487793,39.87112045288086,123.07232666015625,98.45453643798828,61.04936599731445,78.6877670288086,26.810901641845703,67.27224731445312,60.9822998046875,88.08499908447266,83.09917449951172
2023-10-13,416.1394348144531,359.1568603515625,164.6936492919922,62.28252410888672,35.25132751464844,77.09241485595703,178.8300018310547,78.98999786376953,82.74063110351562,31.700984954833984,40.74894332885742,123.84282684326172,97.5818099975586,61.58408737182617,77.53189849853516,27.112659454345703,67.10334014892578,60.932044982910156,88.57425689697266,83.45567321777344
2023-10-16,420.51788330078125,363.2176513671875,167.35360717773438,62.73760223388672,35.51203918457031,75.85164642333984,177.9600067138672,78.38999938964844,83.5354995727539,32.03508377075195,41.0218505859375,124.77505493164062,98.61759185791016,62.2202033996582,78.78530883789062,27.391557693481445,67.90336608886719,60.91529083251953,87.96268463134766,82.99220275878906
2023-10-17,420.49859619140625,362.02789306640625,169.2203826904297,62.77401351928711,35.41892623901367,75.01569366455078,178.2899932861328,78.80000305175781,83.14786529541016,32.18781280517578,41.449398040771484,124.60382080078125,98.9244613647461,62.48755645751953,78.97064971923828,27.318405151367188,67.8055648803711,60.6305046081543,87.26374816894531,82.39506530761719
2023-10-18,414.8953857421875,357.27880859375,165.73826599121094,61.68180465698242,34.87889099121094,74.35574340820312,180.8699951171875,79.83999633789062,82.29409790039062,31.63416862487793,41.82691955566406,123.51940155029297,96.53646087646484,62.71803665161133,77.1173324584961,27.08065414428711,66.36557006835938,60.3373908996582,86.56483459472656,82.01185607910156
2023-10-19,411.24993896484375,353.9358825683594,163.09767150878906,61.13570785522461,34.674049377441406,72.83343505859375,183.08999633789062,81.68000030517578,81.82308197021484,31.214160919189453,41.75414276123047,122.30179595947266,95.64456176757812,62.25707244873047,75.14698028564453,26.810901641845703,64.79219818115234,60.11960220336914,85.8658447265625,81.69993591308594
2023-10-20,406.1965026855469,348.6557922363281,160.9890899658203,60.58960723876953,34.25505447387695,73.24702453613281,183.58999633789062,80.69999694824219,80.43939208984375,30.736875534057617,41.05369567871094,121.81666564941406,94.6567611694336,62.01736831665039,73.98133850097656,26.531999588012695,64.35662841796875,60.245216369628906,86.20658111572266,81.9940414428711
2023-10-23,405.4924621582031,349.7079162597656,159.625244140625,60.6351318359375,34.22711944580078,74.12694549560547,182.97000122070312,78.88999938964844,80.53263092041016,30.545963287353516,40.389625549316406,121.0556640625,94.21560668945312,61.897525787353516,74.06912231445312,26.30796241760254,63.72550964355469,60.48813247680664,86.87931823730469,82.31487274169922
2023-10-24,408.5495910644531,353.1098937988281,161.0181121826172,60.980995178222656,34.664737701416016,75.10369110107422,182.9499969482422,76.93000030517578,81.08708190917969,30.75597381591797,39.82107925415039,121.42665100097656,94.92528533935547,62.42300796508789,74.85922241210938,26.98464012145996,64.54329681396484,60.79801940917969,87.36858367919922,82.6089859008789
2023-10-25,402.68603515625,344.4673156738281,158.358154296875,60.54410934448242,34.20850372314453,73.43180084228516,183.72000122070312,78.45999908447266,80.13028717041016,30.641420364379883,39.748291015625,120.34223175048828,93.7072982788086,62.635066986083984,73.3473129272461,27.135517120361328,63.156612396240234,60.47138214111328,86.57353973388672,81.9940414428711
2023-10-26,397.864013671875,337.8992614746094,158.76437377929688,60.10722732543945,34.0409049987793,74.55813598632812,184.00999450683594,76.88999938964844,78.59941101074219,30.574602127075195,39.43901824951172,119.15316772460938,93.31411743164062,62.229427337646484,72.20117950439453,27.368698120117188,64.36552429199219,60.68075180053711,87.20257568359375,82.5466079711914
2023-10-27,396.0605773925781,339.5216064453125,156.89759826660156,59.92519760131836,34.012969970703125,74.2413558959961,186.14999389648438,78.36000061035156,79.05574035644531,30.02095603942871,38.49295425415039,117.13652801513672,92.48934173583984,61.381256103515625,72.95711517333984,26.85205078125,63.33439636230469,60.60540008544922,87.02783966064453,82.51985931396484
2023-10-30,400.7958068847656,343.3464050292969,157.76812744140625,60.689735412597656,34.36678695678711,73.906982421875,185.10000610351562,76.05000305175781,79.90460205078125,30.555509567260742,38.62030792236328,117.79288482666016,93.64019012451172,62.34006118774414,73.62530517578125,27.05779266357422,63.734397888183594,60.62213897705078,86.76573944091797,82.32378387451172
2023-10-31,403.3129577636719,344.9883117675781,159.13197326660156,60.908180236816406,34.17125701904297,73.54618072509766,184.08999633789062,75.0199966430664,80.4737548828125,30.889610290527344,38.74766159057617,118.46826934814453,94.3306884765625,62.56130599975586,74.1812973022461,27.290969848632812,64.8188705444336,60.781272888183594,86.64339447021484,82.27031707763672
2023-11-01,407.6141662597656,350.9762878417969,160.0411834716797,61.4815788269043,34.487831115722656,75.14085388183594,183.50999450683594,74.75,82.02913665771484,31.09006690979004,38.65669631958008,118.71560668945312,94.63758850097656,62.49677276611328,75.09820556640625,27.60187530517578,65.21887969970703,61.360618591308594,87.88337707519531,83.17942810058594
2023-11-02,415.42584228515625,357.34765625,164.3067626953125,62.73760223388672,35.09304428100586,76.85382080078125,184.1199951171875,76.18000030517578,83.41773223876953,31.82508087158203,39.82562255859375,120.59906768798828,96.58441162109375,63.30805587768555,77.05880737304688,28.118526458740234,67.36113739013672,62.051090240478516,88.9268798828125,83.68004608154297
2023-11-03,419.21588134765625,361.54608154296875,168.77545166015625,63.40203094482422,35.80998611450195,77.374755859375,184.7899932861328,74.8499984741211,84.2763900756836,32.245086669921875,39.42537307739258,121.19835662841797,97.4379653930664,63.38181686401367,78.14154815673828,28.283123016357422,68.97003936767578,62.657379150390625,89.36534881591797,84.1895751953125
2023-11-06,420.1803283691406,363.02093505859375,166.6668243408203,63.08346176147461,36.09862518310547,76.62421417236328,183.35000610351562,74.91000366210938,84.8308334350586,32.149635314941406,38.97963333129883,122.00691223144531,97.17901611328125,63.48323440551758,78.23907470703125,28.2099666595459,67.97447967529297,62.404762268066406,88.89181518554688,83.76940155029297
2023-11-07,421.3761901855469,366.4524230957031,166.07681274414062,62.70119857788086,36.033451080322266,77.7544174194336,182.58999633789062,71.80000305175781,85.7582015991211,32.101905822753906,38.11543655395508,122.09253692626953,96.93927001953125,63.63995361328125,79.11209869384766,28.004220962524414,67.4144515991211,62.41315460205078,89.60209655761719,84.21637725830078
2023-11-08,421.6847839355469,366.6883850097656,164.3067626953125,62.619285583496094,35.791358947753906,79.07888793945312,180.77000427246094,70.19000244140625,86.24394989013672,32.14008331298828,37.63785171508789,121.92130279541016,97.15983581542969,63.39103317260742,78.90237426757812,27.79847526550293,67.63668823242188,62.446861267089844,90.05811309814453,84.5024185180664
2023-11-09,418.3961486816406,363.8665466308594,161.76287841796875,62.61017608642578,35.4561653137207,77.25997924804688,181.49000549316406,70.25,85.84160614013672,32.006446838378906,37.52414321899414,119.40049743652344,96.94884490966797,63.132904052734375,77.4294662475586,27.432706832885742,66.57000732421875,62.05950164794922,89.1461181640625,83.79623413085938
2023-11-10,424.9251708984375,372.0470275878906,163.5716552734375,62.89232635498047,35.70756912231445,77.692626953125,179.50999450683594,71.79000091552734,88.08395385742188,32.369178771972656,37.93805694580078,120.11392974853516,98.34903717041016,63.57541275024414,78.71703338623047,27.57901382446289,67.1922378540039,62.362667083740234,89.59334564208984,83.99290466308594
2023-11-13,424.52008056640625,370.8868103027344,163.62965393066406,63.0561637878418,35.6982536315918,77.51604461669922,180.50999450683594,72.91999816894531,87.56875610351562,32.321449279785156,38.2109489440918,120.80835723876953,98.43536376953125,63.778255462646484,79.05355072021484,27.249820709228516,66.63220977783203,62.303688049316406,89.60209655761719,83.98395538330078
2023-11-14,432.7561340332031,378.8707580566406,172.61541748046875,64.66716003417969,36.64797592163086,79.27310943603516,182.1199951171875,72.69000244140625,89.32041931152344,32.932369232177734,38.55208206176758,121.62641906738281,100.41095733642578,64.43279266357422,81.71647644042969,28.33798599243164,70.33008575439453,62.935245513916016,91.00516510009766,85.0387954711914
2023-11-15,433.6722717285156,379.1558837890625,172.915283203125,64.56702423095703,36.95523452758789,78.16059112548828,181.63999938964844,71.33999633789062,89.43326568603516,33.11372756958008,38.479305267333984,121.72154235839844,100.62193298339844,64.9490737915039,81.81402587890625,28.251115798950195,70.53451538085938,62.733158111572266,90.5316162109375,84.5113525390625
2023-11-16,434.20269775390625,379.4803161621094,170.11990356445312,64.52152252197266,36.601417541503906,79.13184356689453,183.69000244140625,68.05000305175781,89.87977600097656,33.247379302978516,37.728824615478516,122.24471282958984,100.6411361694336,64.14701843261719,80.97515106201172,28.40199851989746,70.38339233398438,62.81736755371094,91.27699279785156,84.97618865966797
2023-11-17,434.7428283691406,379.5688781738281,172.4509735107422,65.39527893066406,36.64797592163086,79.50272369384766,183.6699981689453,70.75,89.69332885742188,33.419189453125,38.520240783691406,121.99740600585938,101.28369140625,64.06403350830078,81.51651763916016,28.479724884033203,70.33008575439453,62.96051025390625,91.5400619506836,85.14604949951172
2023-11-20,438.0892333984375,384.19000244140625,173.45692443847656,65.64102172851562,37.10421371459961,79.98833465576172,183.3699951171875,72.30000305175781,90.99358367919922,33.55284118652344,38.5748176574707,122.73937225341797,101.590576171875,64.01793670654297,81.93595123291016,28.39284896850586,70.84563446044922,63.02785873413086,91.90833282470703,85.2801513671875
2023-11-21,437.1344909667969,381.9581604003906,171.22259521484375,65.38617706298828,36.871437072753906,79.95304107666016,185.35000610351562,72.52999877929688,90.2575912475586,33.53374481201172,38.4884033203125,123.48135375976562,101.51385498046875,64.21153259277344,81.72623443603516,28.452289581298828,70.34784698486328,63.112098693847656,91.93467712402344,85.36955261230469
2023-11-22,438.8221740722656,383.521484375,172.2962188720703,65.54092407226562,36.79695129394531,80.23558807373047,184.55999755859375,71.61000061035156,90.65994262695312,33.667388916015625,38.47020721435547,124.07112121582031,101.73444366455078,64.67250061035156,81.97496795654297,28.589454650878906,70.69451141357422,63.22153854370117,92.30296325683594,85.44998168945312
2023-11-24,439.09222412109375,382.9806823730469,173.45692443847656,66.04149627685547,36.815574645996094,79.2907943725586,185.52000427246094,70.81999969482422,90.48329162597656,33.77238464355469,38.62940216064453,124.73699951171875,101.9837875366211,64.91220092773438,82.05300903320312,28.66260528564453,70.89897155761719,63.15420150756836,91.82943725585938,85.05667877197266
2023-11-27,438.3013916015625,382.64642333984375,172.87655639648438,65.81394958496094,36.666595458984375,80.61526489257812,186.77000427246094,69.95999908447266,90.47837829589844,33.65782928466797,38.49295425415039,123.95697021484375,101.40836334228516,64.72781372070312,82.18468475341797,28.708324432373047,71.15674591064453,63.246826171875,92.57479858398438,85.53938293457031
2023-11-28,438.7353515625,383.6492919921875,172.20916748046875,65.8321533203125,36.973854064941406,80.7741928100586,189.25999450683594,71.26000213623047,90.6501235961914,33.64828872680664,38.502044677734375,123.31962585449219,101.16860961914062,65.02284240722656,82.65776824951172,28.799772262573242,71.62787628173828,63.52471160888672,92.9430923461914,85.91484832763672
2023-11-29,438.4268798828125,383.275634765625,173.11837768554688,65.96868896484375,36.75970458984375,81.78958892822266,189.5399932861328,72.5199966430664,90.71882629394531,33.886932373046875,38.21550369262695,123.3576889038086,101.55223083496094,64.4973373413086,82.43341827392578,28.5711612701416,72.12564849853516,63.86993408203125,93.69722747802734,86.33499145507812
2023-11-30,440.1531066894531,382.31201171875,173.77613830566406,65.91407775878906,36.83419418334961,80.84481811523438,188.75,70.13999938964844,90.85131072998047,34.26875686645508,38.47020721435547,124.90823364257812,102.6646957397461,65.14268493652344,82.31637573242188,28.694610595703125,72.65010070800781,63.752037048339844,93.20616912841797,86.04891967773438
2023-12-01,442.7569885253906,383.40350341796875,178.8541717529297,66.60578918457031,36.99248123168945,82.36744689941406,192.00999450683594,69.23999786376953,91.05736541748047,34.526485443115234,38.67034149169922,125.4028549194336,104.28546142578125,65.41002655029297,83.4429931640625,29.046663284301758,74.43678283691406,64.27986907958984,94.3283920288086,86.80553436279297
2023-12-04,440.43280029296875,379.8441467285156,180.76934814453125,66.08702087402344,36.573486328125,82.03971099853516,187.86000061035156,68.47000122070312,89.94847106933594,34.48830795288086,38.49295425415039,125.64067840576172,104.45808410644531,65.49299621582031,83.12596130371094,28.932363510131836,74.97903442382812,64.11917114257812,93.89712524414062,86.47384643554688
2023-12-05,440.345947265625,380.7978210449219,178.35122680664062,65.85035705566406,36.35002899169922,83.80240631103516,187.14999389648438,67.58000183105469,90.48819732666016,34.31648254394531,37.819793701171875,125.47897338867188,103.6141357421875,64.97672271728516,83.27227783203125,28.72661590576172,74.48123931884766,64.17840576171875,94.64527130126953,87.04759979248047
2023-12-06,438.57147216796875,378.5954284667969,178.03201293945312,66.05060577392578,36.30347442626953,84.9184799194336,187.83999633789062,64.76000213623047,89.7227554321289,34.1446647644043,37.255794525146484,125.57408905029297,104.07447814941406,64.81078338623047,83.39421081542969,29.110671997070312,74.2590103149414,64.18682098388672,94.99734497070312,87.27171325683594
2023-12-07,441.91790771484375,383.88525390625,179.3184356689453,66.3691635131836,36.48037338256836,84.43128967285156,188.14999389648438,65.11000061035156,90.8120346069336,34.30693817138672,37.00107955932617,125.42190551757812,104.17037963867188,65.08735656738281,84.08190155029297,29.046663284301758,74.47235870361328,64.29682159423828,95.00614929199219,87.29862213134766
2023-12-08,443.8178405761719,385.5960998535156,180.6822967529297,66.56938934326172,36.32209014892578,83.74038696289062,185.63999938964844,66.52999877929688,91.58729553222656,34.48830795288086,37.401336669921875,125.63117218017578,104.49645233154297,64.63562774658203,84.46719360351562,28.991798400878906,74.34790802001953,64.16995239257812,94.49564361572266,86.85933685302734
2023-12-11,445.54400634765625,388.8899230957031,181.05950927734375,66.73322296142578,36.53624725341797,83.56326293945312,183.58999633789062,66.80000305175781,92.38705444335938,34.698307037353516,37.44681930541992,126.4587173461914,105.49385070800781,65.25330352783203,84.6915283203125,29.17925453186035,74.55236053466797,64.12760925292969,94.4692153930664,86.86830139160156
2023-12-12,447.5789794921875,391.9870910644531,180.87571716308594,66.8515396118164,36.54555130004883,83.8112564086914,183.49000549316406,64.25,93.00039672851562,34.94648742675781,36.9328498840332,127.00096893310547,105.9733657836914,65.46534729003906,84.95489501953125,29.06038475036621,74.5079116821289,64.27143096923828,95.00614929199219,87.12828063964844
2023-12-13,453.7511291503906,396.9720458984375,186.99842834472656,67.82542419433594,36.9086799621582,85.77766418457031,187.6300048828125,65.33000183105469,93.81981658935547,35.50968933105469,37.44681930541992,129.34104919433594,107.1529769897461,66.65462493896484,86.06688690185547,30.157690048217773,77.36129760742188,65.25267028808594,96.5992660522461,88.22196960449219
2023-12-14,455.20745849609375,396.6280212402344,192.20223999023438,68.32601165771484,37.44872283935547,88.00898742675781,188.72999572753906,67.16000366210938,93.58918762207031,35.86287307739258,38.54753112792969,128.7132110595703,108.53398895263672,65.67738342285156,87.22277069091797,29.764484405517578,79.59244537353516,65.54084014892578,97.62657165527344,88.93402862548828
2023-12-15,454.4579162597656,398.5452575683594,190.58692932128906,67.66159057617188,37.22525405883789,88.10675811767578,187.0,67.1500015258789,94.06021881103516,35.652870178222656,38.342857360839844,127.61927032470703,108.39013671875,65.67738342285156,87.40321350097656,29.247838973999023,78.4724349975586,65.39635467529297,97.48524475097656,88.72721099853516
2023-12-18,457.01422119140625,401.05560302734375,190.65463256835938,67.82542419433594,37.206634521484375,87.40473175048828,187.85000610351562,68.08999633789062,94.34151458740234,35.771820068359375,38.656036376953125,127.82758331298828,108.38531494140625,66.36106872558594,87.945556640625,29.18184471130371,78.29464721679688,65.4388427734375,97.07891845703125,88.54743194580078
2023-12-19,459.7933349609375,403.1048278808594,194.34950256347656,68.3988265991211,37.52320861816406,87.87569427490234,189.1300048828125,69.36000061035156,94.70049285888672,36.04042053222656,39.11982727050781,128.6875457763672,109.22423553466797,66.49110412597656,88.63447570800781,29.34798812866211,78.89022064208984,65.6258544921875,97.20258331298828,88.65530395507812
2023-12-20,453.42181396484375,397.1148376464844,190.5478515625,67.70855712890625,36.84772872924805,88.4710693359375,188.10000610351562,68.79000091552734,93.2695083618164,35.397701263427734,38.75706100463867,126.82427978515625,107.45960235595703,65.19992065429688,87.01724243164062,28.75263023376465,77.93018341064453,65.63436126708984,97.45873260498047,88.97898864746094
2023-12-21,457.72113037109375,401.7353820800781,193.79029846191406,68.80524444580078,37.540283203125,87.91123962402344,189.42999267578125,69.02999877929688,94.3169174194336,35.743038177490234,38.90859603881836,128.37220764160156,108.56851196289062,65.65511322021484,88.34131622314453,28.803396224975586,78.62129211425781,65.9318618774414,97.42341613769531,88.9699935913086
2023-12-22,458.6410217285156,402.33636474609375,195.5960235595703,68.8697509765625,37.36002731323242,87.51139068603516,190.27000427246094,68.69000244140625,94.43987274169922,35.81977844238281,39.023399353027344,129.0124053955078,109.08924865722656,66.15670013427734,87.69148254394531,28.900312423706055,78.92724609375,65.8553695678711,97.25556945800781,88.85309600830078
2023-12-26,460.57763671875,404.7994079589844,198.1394805908203,69.1830825805664,37.65412521362305,87.76017761230469,191.72000122070312,70.20999908447266,94.83325958251953,35.96367263793945,39.358619689941406,129.29905700683594,109.86066436767578,66.43536376953125,88.06282043457031,29.075693130493164,79.51216125488281,65.98287200927734,97.45873260498047,89.03290557861328
2023-12-27,461.4103698730469,405.6234436035156,198.83847045898438,69.55172729492188,37.8723258972168,89.31527709960938,192.58999633789062,68.91999816894531,94.8283462524414,36.078800201416016,39.184120178222656,129.84368896484375,110.02460479736328,66.74191284179688,88.36573791503906,29.05722999572754,79.89909362792969,66.2549057006836,98.36858367919922,89.59930419921875
2023-12-28,461.5846862792969,405.42626953125,198.08126831054688,69.36740112304688,38.16643142700195,88.66659545898438,191.47000122070312,67.18000030517578,94.94145202636719,36.1843147277832,38.58715057373047,130.17813110351562,110.05352783203125,66.76976776123047,87.90647888183594,29.26491355895996,80.46601867675781,66.04237365722656,98.11241149902344,89.40153503417969
2023-12-29,460.2484130859375,403.6717224121094,194.8485107421875,69.44113159179688,38.14745330810547,87.86681365966797,191.1699981689453,66.6500015258789,94.65130615234375,36.06919479370117,38.49990463256836,130.31190490722656,109.91852569580078,66.90911102294922,87.36414337158203,29.227989196777344,79.51216125488281,65.78736877441406,97.750244140625,89.2306900024414
2024-01-02,457.67266845703125,396.8407287597656,193.69326782226562,68.66700744628906,37.701560974121094,87.36029815673828,190.72000122070312,65.7699966430664,92.17291259765625,36.222686767578125,38.91319274902344,132.6051025390625,108.8095932006836,67.66151428222656,86.5530776977539,29.652591705322266,80.19606018066406,65.56634521484375,97.08776092529297,88.80814361572266
2024-01-03,453.9350280761719,392.6415100097656,188.5286102294922,68.15091705322266,37.49284744262695,87.72464752197266,189.1300048828125,68.19000244140625,91.23368835449219,35.915714263916016,39.54690170288086,132.38534545898438,107.18960571289062,67.13204956054688,84.803955078125,29.76335334777832,78.27933502197266,65.38782501220703,96.86689758300781,88.85309600830078
2024-01-04,452.4728698730469,390.6207580566406,188.15972900390625,68.30758666992188,37.36951446533203,86.39170837402344,189.32000732421875,67.56999969482422,90.56490325927734,36.05960464477539,38.853492736816406,133.04464721679688,107.32459259033203,67.03915405273438,84.20787811279297,29.671049118041992,78.13536071777344,65.1328125,96.32807159423828,88.49348449707031
2024-01-05,453.0926208496094,391.0841064453125,187.6063995361328,68.35365295410156,37.41695022583008,85.56527709960938,189.35000610351562,69.02999877929688,90.5403060913086,36.213096618652344,38.88563537597656,132.92996215820312,107.44998168945312,66.89054107666016,84.33977508544922,29.781814575195312,77.93739318847656,65.18380737304688,95.98357391357422,88.28670501708984
2024-01-08,459.5609436035156,399.1670227050781,190.9847412109375,69.08170318603516,37.52130889892578,86.40946197509766,187.8699951171875,66.4000015258789,92.81218719482422,36.443321228027344,38.43561553955078,134.10523986816406,108.15386962890625,67.38285827636719,85.77622985839844,29.99872589111328,79.05323028564453,65.54936218261719,96.71673583984375,88.61934661865234
2024-01-09,458.86376953125,399.95556640625,189.2761688232422,68.4642562866211,36.99003601074219,85.8585433959961,187.92999267578125,67.38999938964844,92.95970153808594,36.213096618652344,37.82027816772461,134.08612060546875,107.81639099121094,67.55936431884766,85.45865631103516,29.754125595092773,78.5223159790039,65.65133666992188,96.88455200195312,88.60137939453125
2024-01-10,461.45880126953125,402.666259765625,189.3829345703125,68.90660858154297,36.90464782714844,85.4586410522461,187.5,66.55999755859375,93.75141906738281,36.270652770996094,37.44832229614258,134.69766235351562,108.36603546142578,67.42003631591797,86.14266204833984,29.749507904052734,78.61228942871094,65.77037048339844,96.76091003417969,88.43053436279297
2024-01-11,461.2554931640625,403.5041198730469,187.89761352539062,68.89739990234375,37.05644607543945,85.93852233886719,187.8699951171875,67.6500015258789,94.22842407226562,36.13634490966797,37.54475402832031,134.60211181640625,108.11531829833984,67.41072082519531,86.03028869628906,29.05722999572754,77.88340759277344,65.98287200927734,97.34391784667969,88.93402862548828
2024-01-12,461.57501220703125,403.7110900878906,187.5869598388672,69.1830825805664,37.18925857543945,85.76966857910156,189.7100067138672,68.0199966430664,94.53328704833984,36.06919479370117,37.96722412109375,134.26768493652344,108.10567474365234,67.6243896484375,84.99449920654297,29.22337532043457,78.35132598876953,66.05087280273438,97.55590057373047,89.09584045410156
2024-01-16,459.8804931640625,403.6717224121094,185.26673889160156,68.02189636230469,36.287994384765625,84.25900268554688,187.91000366210938,67.25,94.76933288574219,35.81977844238281,37.06258010864258,133.46505737304688,107.01604461669922,67.2528076171875,84.89678192138672,28.90492820739746,77.77542877197266,65.63436126708984,96.56656646728516,88.43053436279297
2024-01-17,457.3241271972656,401.3946838378906,183.9464874267578,67.37680053710938,35.74722671508789,84.1257095336914,185.83999633789062,67.94000244140625,94.30218505859375,35.75263595581055,36.754920959472656,133.19752502441406,106.29281616210938,67.20636749267578,84.15412902832031,28.484947204589844,76.35362243652344,65.35384368896484,96.36339569091797,88.18779754638672
2024-01-18,461.3910217285156,407.09222412109375,185.0337677001953,67.97581481933594,36.04132843017578,83.34374237060547,187.3699951171875,69.05999755859375,96.21507263183594,35.8101921081543,36.695220947265625,133.1784210205078,107.7296142578125,67.12276458740234,84.63294219970703,28.180343627929688,75.9396743774414,65.4898452758789,96.1778793334961,88.10690307617188
2024-01-19,467.1427917480469,415.1651916503906,186.81031799316406,68.13248443603516,36.42081069946289,83.61031341552734,187.92999267578125,68.81999969482422,98.43285369873047,36.38576889038086,36.814605712890625,133.2548370361328,108.43353271484375,66.9277114868164,85.44889068603516,28.143421173095703,76.84854125976562,65.60034942626953,96.27508544921875,88.1248550415039
2024-01-22,468.1304931640625,415.70733642578125,190.80027770996094,68.34445190429688,36.09825134277344,84.10796356201172,187.22000122070312,69.69000244140625,98.8656005859375,36.55842971801758,36.9523811340332,133.8376922607422,109.27245330810547,66.60257720947266,85.07267761230469,28.000350952148438,77.30748748779297,65.65133666992188,96.54005432128906,88.28670501708984
2024-01-23,469.49578857421875,417.43231201171875,190.24691772460938,68.15091705322266,36.41132354736328,83.44148254394531,187.9499969482422,69.66000366210938,99.2638931274414,36.61599349975586,37.03042984008789,133.74217224121094,109.18567657470703,67.32713317871094,84.86746215820312,28.051115036010742,76.77657318115234,65.5748519897461,96.18672180175781,88.07096099853516
2024-01-24,470.0090026855469,419.748779296875,188.6839599609375,68.66700744628906,36.81926727294922,82.95274353027344,186.39999389648438,70.54000091552734,99.94742584228516,36.759883880615234,37.558536529541016,132.5190887451172,108.51067352294922,66.50040435791016,84.54498291015625,27.668060302734375,75.6787338256836,65.54084014892578,96.0012435913086,87.87315368652344
2024-01-25,472.5653381347656,420.2613830566406,190.24691772460938,68.86053466796875,36.86669921875,83.49479675292969,187.13999938964844,72.2300033569336,100.36540222167969,36.9421501159668,38.403472900390625,132.3184356689453,109.55209350585938,67.14134979248047,83.49942779541016,28.166500091552734,76.65058135986328,66.04237365722656,96.63722229003906,88.26874542236328
2024-01-26,471.9649658203125,417.75762939453125,190.2566680908203,69.16465759277344,36.89516067504883,83.33487701416016,187.00999450683594,73.0999984741211,99.20979309082031,37.07645034790039,38.68818283081055,133.07330322265625,109.37850952148438,67.4664535522461,83.8805160522461,28.249570846557617,76.43461608886719,65.99138641357422,96.36339569091797,88.16980743408203
2024-01-29,475.70269775390625,422.0356140136719,193.58648681640625,69.57014465332031,36.91413879394531,84.29456329345703,188.3300018310547,72.05000305175781,100.11952209472656,37.17238235473633,38.63307571411133,134.00970458984375,110.09209442138672,67.85659790039062,85.10686492919922,28.4295654296875,76.93853759765625,66.13591766357422,96.76091003417969,88.52045440673828
2024-01-30,475.33477783203125,419.2263488769531,191.93612670898438,69.47798919677734,36.62003707885742,85.05876159667969,188.58999633789062,72.80999755859375,99.29339599609375,37.64244079589844,39.03257751464844,134.31546020507812,110.13067626953125,68.2374496459961,85.05802154541016,28.420337677001953,76.21864318847656,66.05087280273438,97.07005310058594,88.69127655029297
2024-01-31,467.5785217285156,411.01531982421875,187.24720764160156,69.12779235839844,36.42081069946289,85.89408874511719,188.4499969482422,70.91999816894531,97.20838165283203,37.18197250366211,38.30244827270508,134.13394165039062,108.8578109741211,67.73583984375,83.50918579101562,28.36033821105957,75.48975372314453,65.86389923095703,97.31742095947266,89.09584045410156
2024-02-01,473.6982727050781,415.855224609375,189.732421875,69.80975341796875,36.77183151245117,87.57897186279297,190.41000366210938,69.06999969482422,98.43285369873047,37.23952865600586,38.297855377197266,135.87295532226562,110.709228515625,69.11991119384766,85.11665344238281,28.900312423706055,76.85755920410156,66.24317932128906,98.07003021240234,89.603515625
2024-02-02,478.6850891113281,422.8833923339844,188.7324981689453,69.2568130493164,36.667476654052734,85.64445495605469,188.61000061035156,67.51000213623047,99.45075988769531,37.39301681518555,38.35295486450195,135.6722869873047,111.45173645019531,68.89697265625,86.63614654541016,28.37879753112793,75.9036865234375,65.94418334960938,97.1746826171875,88.78296661376953
2024-02-05,476.9421081542969,422.3314208984375,186.3346405029297,68.88818359375,36.714908599853516,83.91497802734375,187.57000732421875,68.18000030517578,99.67695617675781,37.17238235473633,38.25651931762695,136.0926971435547,110.84423828125,68.46968078613281,85.41468811035156,27.788053512573242,74.3109359741211,65.63661193847656,96.24388122558594,88.05256652832031
2024-02-06,478.32684326171875,421.4836730957031,188.0140838623047,69.3121109008789,37.549774169921875,84.73514556884766,188.5500030517578,68.80999755859375,99.21963500976562,37.2491340637207,38.38050842285156,137.57371520996094,111.83744049072266,68.62760925292969,85.93257904052734,27.889585494995117,75.3097915649414,65.87584686279297,96.7846450805664,88.51245880126953
2024-02-07,482.3162536621094,425.8208312988281,187.57725524902344,69.27523803710938,37.597206115722656,84.3250732421875,188.5,69.41999816894531,100.5325927734375,37.52731704711914,38.45857620239258,137.9463653564453,112.57994842529297,68.56256866455078,86.89508819580078,27.908048629760742,75.20178985595703,65.98690795898438,96.50096130371094,88.33210754394531
2024-02-08,482.5292663574219,426.6094055175781,190.4216766357422,69.15542602539062,37.38848876953125,83.83475494384766,188.3300018310547,71.5199966430664,100.8473129272461,37.38341522216797,38.853492736816406,137.70750427246094,112.5992202758789,68.54399108886719,87.27619934082031,27.709598541259766,75.81371307373047,65.95271301269531,96.00455474853516,88.06159973144531
2024-02-09,485.3180236816406,430.80859375,193.51852416992188,69.39505004882812,37.549774169921875,83.6653823852539,187.60000610351562,71.66999816894531,102.20452880859375,37.48894500732422,38.25651931762695,137.6023712158203,112.77278137207031,67.9123306274414,87.8967056274414,27.815746307373047,75.9306869506836,66.08941650390625,95.88043212890625,88.03455352783203
2024-02-12,485.1050109863281,429.1229553222656,197.0327911376953,69.51485443115234,37.843868255615234,83.76344299316406,187.11000061035156,72.11000061035156,101.42756652832031,37.661617279052734,38.678985595703125,137.78392028808594,112.93672180175781,68.39537048339844,87.82341766357422,28.13880729675293,75.94869232177734,65.94418334960938,95.8893051147461,88.05256652832031
2024-02-13,478.42364501953125,422.429931640625,188.92662048339844,68.4458236694336,37.13233947753906,82.32817840576172,184.52999877929688,72.6500015258789,99.70645904541016,37.153194427490234,38.288665771484375,136.50355529785156,111.77958679199219,67.66151428222656,86.07429504394531,27.672672271728516,74.38292694091797,65.41450500488281,94.83442687988281,87.24099731445312
2024-02-14,482.7713928222656,427.03326416015625,193.31466674804688,69.21073150634766,37.663612365722656,82.74715423583984,184.4199981689453,71.55000305175781,100.74897003173828,37.50812911987305,38.251930236816406,137.6884002685547,113.6502914428711,67.53148651123047,86.98303985595703,27.82497787475586,74.96782684326172,65.67082214355469,95.27764892578125,87.62875366210938
2024-02-15,486.10235595703125,428.3048400878906,198.46958923339844,69.99407196044922,37.843868255615234,83.1750717163086,185.66000366210938,72.83999633789062,100.53750610351562,38.150856018066406,39.31728744506836,138.69166564941406,114.49887084960938,67.96807861328125,87.98954010009766,28.291105270385742,76.71357727050781,65.9014663696289,95.62336730957031,87.83616638183594
2024-02-16,483.68157958984375,424.4211120605469,195.77078247070312,70.10466766357422,38.02412414550781,82.69366455078125,186.33999633789062,73.41000366210938,99.61302947998047,38.01654815673828,39.29432678222656,139.1407470703125,113.81422424316406,68.07024383544922,87.46673583984375,28.258800506591797,75.92170715332031,65.7049789428711,95.27764892578125,87.55662536621094
2024-02-20,481.0187072753906,421.217529296875,193.0719451904297,70.3903579711914,38.0810432434082,82.76497650146484,187.47000122070312,72.41999816894531,98.60003662109375,37.91102981567383,38.93614959716797,138.67259216308594,113.45743560791016,68.78551483154297,86.64103698730469,28.240341186523438,75.78671264648438,65.84169006347656,95.59676361083984,87.63777923583984
2024-02-21,481.4544677734375,419.53192138671875,192.15940856933594,70.4456558227539,38.14745330810547,82.1766128540039,187.47999572753906,73.19999694824219,97.98043060302734,38.02614212036133,39.666290283203125,138.97833251953125,113.91065979003906,69.03630828857422,87.28107452392578,28.614173889160156,76.20964813232422,65.72207641601562,95.35742950439453,87.37629699707031
2024-02-22,491.4183654785156,431.8139953613281,193.61558532714844,71.23821258544922,38.53642272949219,82.5777587890625,187.55999755859375,73.5999984741211,101.18663787841797,38.46741485595703,39.735172271728516,140.61224365234375,115.31849670410156,69.24993896484375,88.97647857666016,28.392642974853516,76.35362243652344,66.03815460205078,95.50816345214844,87.44844818115234
2024-02-23,491.75726318359375,430.5423889160156,194.05245971679688,71.33036041259766,38.5174446105957,83.68321228027344,188.6199951171875,71.91999816894531,100.9505844116211,38.659278869628906,39.47342300415039,141.2810821533203,115.9260025024414,69.46360778808594,88.57583618164062,28.59571075439453,76.31763458251953,66.08087158203125,95.79179382324219,87.77302551269531
2024-02-26,489.9562072753906,430.3156433105469,195.27565002441406,71.22900390625,38.3466796875,83.43357849121094,188.1999969482422,72.79000091552734,101.0489273071289,38.46741485595703,39.611183166503906,140.55494689941406,115.75242614746094,69.1849365234375,88.84943389892578,28.032655715942383,75.48075866699219,65.86730194091797,95.49038696289062,87.58368682861328
2024-02-27,490.86651611328125,431.3506774902344,198.0424346923828,71.42253112792969,38.42257308959961,82.84523010253906,188.0,73.8499984741211,101.13743591308594,38.572940826416016,39.441280364990234,140.21092224121094,115.9260025024414,69.19422912597656,89.14258575439453,28.56340789794922,75.57076263427734,65.95271301269531,95.35742950439453,87.46646118164062
2024-02-28,490.21771240234375,429.0539245605469,196.4114990234375,71.00782012939453,37.91976547241211,83.37117767333984,188.33999633789062,73.62000274658203,100.66045379638672,38.716835021972656,39.36321258544922,139.513427734375,116.32135772705078,69.26854705810547,89.49437713623047,28.651092529296875,76.33563995361328,65.94418334960938,95.34854125976562,87.63777923583984
2024-02-29,491.97998046875,432.7306823730469,197.78028869628906,71.19213104248047,37.93873977661133,83.95954132080078,189.30999755859375,73.36000061035156,101.78164672851562,38.69765090942383,39.55607604980469,138.37637329101562,116.67814636230469,69.15706634521484,90.10023498535156,28.660322189331055,76.98353576660156,66.06378936767578,95.43722534179688,87.78205108642578
2024-03-01,496.5988464355469,439.246337890625,199.8772430419922,71.88330841064453,38.403602600097656,84.48271179199219,192.88999938964844,74.95999908447266,103.64042663574219,38.64968490600586,40.01528549194336,139.82872009277344,117.17955017089844,69.1663589477539,90.39825439453125,28.484947204589844,77.90140533447266,66.31124114990234,96.0181884765625,88.20348358154297
2024-03-04,496.0662536621094,437.6790466308594,199.69277954101562,71.69900512695312,38.31821823120117,84.14289093017578,196.00999450683594,74.01000213623047,103.64042663574219,38.745609283447266,39.588218688964844,139.61851501464844,117.60384368896484,69.22208404541016,89.17679595947266,28.964923858642578,78.63029479980469,66.2940444946289,95.8402328491211,87.9864501953125
2024-03-05,491.1085510253906,429.8228454589844,197.78028869628906,71.56998443603516,37.9766845703125,85.34123229980469,197.19000244140625,73.44999694824219,101.09319305419922,38.75519943237305,39.882118225097656,138.57701110839844,116.63956451416016,69.38929748535156,88.06771850585938,28.881855010986328,77.67642211914062,66.24250793457031,96.36517333984375,88.46577453613281
2024-03-06,493.5970458984375,432.5237121582031,199.25592041015625,72.41783905029297,38.52693176269531,85.8420181274414,198.80999755859375,74.33999633789062,101.89472198486328,38.956661224365234,40.00609588623047,139.52297973632812,117.24706268310547,69.97450256347656,87.7550048828125,29.158763885498047,78.06336975097656,66.40572357177734,96.62322235107422,88.6014404296875
2024-03-07,498.4967346191406,439.088623046875,200.91598510742188,73.27490997314453,38.76411437988281,85.76154327392578,199.94000244140625,74.2300033569336,103.50274658203125,38.89909744262695,40.345916748046875,140.17271423339844,118.19206237792969,70.37393951416016,88.42437744140625,29.34798812866211,78.04537963867188,66.48308563232422,96.86341857910156,88.79135131835938
2024-03-08,495.5046691894531,432.7504577636719,200.78977966308594,73.03529357910156,38.726165771484375,85.60953521728516,201.6300048828125,73.36000061035156,101.96357727050781,38.966243743896484,40.48826217651367,139.91470336914062,117.93171691894531,69.81658935546875,88.09701538085938,29.42182731628418,78.94525146484375,66.500244140625,96.99689483642578,88.87271881103516
2024-03-11,495.0785827636719,431.1437072753906,199.1976776123047,72.6205825805664,38.81154251098633,85.56480407714844,202.0,73.62000274658203,101.68328094482422,39.03340148925781,40.90614700317383,139.83827209472656,117.32421112060547,70.19745635986328,87.85762023925781,29.56951332092285,78.56730651855469,66.49164581298828,97.01466369628906,88.77326202392578
2024-03-12,500.4043884277344,437.3241882324219,198.92584228515625,73.201171875,39.23846435546875,84.84939575195312,199.7899932861328,73.3499984741211,103.76829528808594,39.19647216796875,40.841854095458984,140.488037109375,117.84491729736328,70.55972290039062,88.61491394042969,29.283376693725586,78.39633178710938,66.55181884765625,96.7032699584961,88.54716491699219
2024-03-13,499.6199645996094,433.9628601074219,199.7024688720703,73.21040344238281,39.11513137817383,84.4380111694336,201.19000244140625,75.08999633789062,102.64710998535156,39.4842643737793,41.493934631347656,139.9434051513672,118.16313171386719,70.73619842529297,88.42926025390625,29.481828689575195,78.0003890991211,66.57755279541016,96.60541534423828,88.38436889648438
2024-03-14,498.6322937011719,432.86871337890625,196.12997436523438,72.67588806152344,38.91590118408203,83.14131164550781,200.35000610351562,76.30000305175781,102.66676330566406,39.16769790649414,41.92099380493164,139.446533203125,117.66171264648438,70.18814849853516,87.86737823486328,29.24645233154297,76.83055877685547,66.25970458984375,95.89363861083984,87.82364654541016
2024-03-15,495.2084045410156,427.7232666015625,196.49888610839844,72.70352172851562,38.678733825683594,83.1144790649414,199.7100067138672,76.33000183105469,101.11779022216797,39.129329681396484,42.04498291015625,138.89231872558594,117.68099212646484,70.16028594970703,86.99281311035156,29.287988662719727,76.65959167480469,66.21674346923828,95.92032623291016,87.8145980834961
2024-03-18,498.1515197753906,431.8026428222656,195.37274169921875,72.68508911132812,38.74513626098633,82.86405181884766,200.02999877929688,77.9800033569336,101.6147689819336,39.35368347167969,42.190338134765625,138.87603759765625,117.8899154663086,70.61131286621094,87.65726470947266,29.42293930053711,76.69557189941406,66.37136840820312,95.76018524169922,87.72417449951172
2024-03-19,500.9197998046875,432.87847900390625,196.19790649414062,72.81411743164062,38.555397033691406,83.09657287597656,199.8000030517578,78.43000030517578,102.14179229736328,39.5462646484375,42.67176818847656,139.796630859375,118.90554809570312,70.87333679199219,88.41622161865234,29.683523178100586,76.66858673095703,66.63768768310547,96.03598022460938,87.94121551513672
2024-03-20,505.55291748046875,438.0110168457031,200.08111572265625,73.58824157714844,38.991798400878906,83.06974792480469,202.17999267578125,77.25,103.28453826904297,40.01808547973633,42.61158752441406,139.48016357421875,120.33709716796875,71.08855438232422,89.73339080810547,29.720746994018555,77.17251586914062,66.86109924316406,96.21395111083984,88.1220932006836
2024-03-21,507.2237548828125,440.083740234375,202.3799591064453,73.55138397216797,39.039241790771484,83.2486343383789,201.97000122070312,76.81999969482422,103.3584213256836,40.3454704284668,42.86619567871094,139.66238403320312,121.52682495117188,71.12596893310547,90.25731658935547,29.67421531677246,77.73043823242188,66.82673645019531,96.35627746582031,88.18538665771484
2024-03-22,506.2619934082031,440.5871276855469,199.58670043945312,73.39470672607422,38.76411437988281,84.04452514648438,200.35000610351562,76.68000030517578,103.39291381835938,39.883270263671875,42.77360534667969,139.4705810546875,121.11090087890625,70.77975463867188,89.46897888183594,29.716094970703125,76.7520751953125,66.75798034667969,96.68549346923828,88.46577453613281
2024-03-25,504.86334228515625,438.98822021484375,200.04412841796875,73.23804473876953,38.792572021484375,83.62422180175781,200.99000549316406,77.76000213623047,102.70825958251953,39.729209899902344,43.17172622680664,139.27880859375,120.32742309570312,70.58325958251953,89.1751708984375,29.855697631835938,76.28015899658203,66.65491485595703,96.35627746582031,88.30297088623047
2024-03-26,503.9308776855469,437.5668640136719,199.68402099609375,73.32098388671875,38.76411437988281,83.85672760009766,201.63999938964844,77.29000091552734,102.2846450805664,39.86402130126953,42.83842086791992,139.7870330810547,119.89215087890625,70.62067413330078,89.28781127929688,29.51599884033203,75.9715805053711,66.57755279541016,96.32958984375,88.39341735839844
2024-03-27,508.16583251953125,439.0572204589844,204.03448486328125,73.76334381103516,38.83052444458008,84.68840026855469,203.10000610351562,77.51000213623047,102.80677032470703,40.33583450317383,43.23653030395508,141.6474151611328,121.8170166015625,71.35991668701172,90.32098388671875,30.339641571044922,77.93190002441406,66.9298324584961,96.99689483642578,88.68280792236328
2024-03-28,508.0686950683594,438.2479248046875,204.67686462402344,73.59746551513672,38.972835540771484,84.61685180664062,205.72000122070312,78.7300033569336,102.5851058959961,40.55729675292969,43.70407485961914,141.66659545898438,121.83635711669922,71.4534912109375,90.0418701171875,30.549039840698242,78.48551177978516,66.78376770019531,96.90788269042969,88.57426452636719
2024-04-01,507.184814453125,439.1757507324219,202.7498016357422,73.28411865234375,39.039241790771484,83.0395278930664,207.82000732421875,79.66999816894531,102.87079620361328,40.33583450317383,44.02812194824219,140.4583282470703,120.89810180664062,70.88268280029297,89.37104797363281,30.362905502319336,77.16954803466797,66.51172637939453,95.97998809814453,87.9302749633789
2024-04-02,503.96014404296875,435.385498046875,199.022216796875,72.76802825927734,39.162567138671875,82.5819320678711,210.88999938964844,80.79000091552734,101.8807373046875,40.124000549316406,44.643802642822266,138.27186584472656,120.33709716796875,70.51773834228516,88.05389404296875,30.41409683227539,76.1984634399414,66.39948272705078,95.83708953857422,87.86678314208984
2024-04-03,504.51361083984375,436.3626708984375,200.3263702392578,73.17353057861328,39.19103240966797,82.56396484375,212.74000549316406,81.25,102.15167236328125,40.10474395751953,44.94932556152344,138.11842346191406,120.95613098144531,69.7410659790039,88.1175537109375,30.293109893798828,76.28015899658203,66.45130157470703,95.89960479736328,87.92118835449219
2024-04-04,498.3554992675781,429.69036865234375,198.3214569091797,72.54685974121094,39.04872512817383,83.15615844726562,211.52000427246094,82.2699966430664,100.53606414794922,39.65217971801758,44.92155075073242,136.12380981445312,119.89215087890625,69.4416275024414,87.0843734741211,30.23261070251465,75.79006958007812,66.39948272705078,96.00679016113281,88.12980651855469
2024-04-05,503.5617370605469,434.75384521484375,198.9832763671875,72.77725982666016,39.13410568237305,81.99870300292969,215.13999938964844,82.4000015258789,101.68864440917969,40.027706146240234,45.402984619140625,137.34170532226562,121.55583953857422,69.5539321899414,87.56912994384766,30.321029663085938,76.1803207397461,66.33903503417969,95.5870590209961,87.6944580078125
2024-04-08,503.84344482421875,434.8821716308594,200.0733184814453,73.13667297363281,39.390262603759766,81.98974609375,216.47999572753906,82.19999694824219,101.57044219970703,40.2010383605957,45.1159782409668,136.9005889892578,121.34304809570312,69.45098876953125,88.40153503417969,30.521116256713867,76.99710845947266,66.49449157714844,95.57808685302734,87.61282348632812
2024-04-09,504.42620849609375,436.4909973144531,200.86166381835938,73.12744903564453,39.65589141845703,82.75238037109375,217.6699981689453,81.1500015258789,102.08270263671875,39.969932556152344,45.12986373901367,137.3896484375,121.06254577636719,69.78787231445312,88.8177261352539,30.68863868713379,78.02265167236328,66.63264465332031,96.06929016113281,87.91211700439453
2024-04-10,499.3753967285156,432.68109130859375,195.55735778808594,72.15979766845703,39.11513137817383,80.94895935058594,215.61000061035156,82.08999633789062,100.83160400390625,39.37294387817383,45.26873779296875,135.77859497070312,120.02757263183594,69.53521728515625,87.44672393798828,30.16281509399414,74.79176330566406,66.04541778564453,94.70286560058594,86.85992431640625
2024-04-11,503.1441955566406,439.59027099609375,196.88099670410156,72.35332489013672,39.35231399536133,80.58108520507812,219.8000030517578,81.55000305175781,102.8461685180664,39.093692779541016,45.23633575439453,135.222412109375,120.16300201416016,69.36676025390625,88.15180969238281,30.102319717407227,75.0458755493164,65.98499298095703,94.50641632080078,86.87808990478516
2024-04-12,496.19921875,432.5823669433594,193.37730407714844,71.18291473388672,38.45103454589844,81.01176452636719,216.88999938964844,81.52999877929688,101.18132781982422,38.573734283447266,44.50029373168945,133.20860290527344,118.87653350830078,68.66496276855469,86.72203826904297,29.874305725097656,74.15646362304688,65.95043182373047,94.7207260131836,87.04135131835938
2024-04-15,489.9827575683594,425.4659423828125,190.54510498046875,70.97095489501953,38.204376220703125,79.75560760498047,220.9499969482422,81.6500015258789,99.26033782958984,38.38115692138672,44.08366775512695,132.94009399414062,118.02534484863281,68.38424682617188,85.27757263183594,29.599761962890625,72.89495086669922,65.57047271728516,93.67582702636719,86.51525115966797
2024-04-16,489.089111328125,425.5054016113281,189.84434509277344,70.27055358886719,37.701560974121094,79.22624969482422,221.22000122070312,81.33000183105469,99.37855529785156,38.12117385864258,43.69944763183594,132.988037109375,117.75450134277344,68.41231536865234,84.7928237915039,29.208885192871094,71.86943054199219,65.3545913696289,93.36325073242188,86.2703628540039
2024-04-17,486.19451904296875,420.3136901855469,187.83941650390625,70.31663513183594,37.673095703125,80.10553741455078,219.58999633789062,78.91000366210938,97.94520568847656,38.21746063232422,43.574462890625,132.75790405273438,117.14513397216797,68.66496276855469,84.38150024414062,29.818471908569336,71.34303283691406,65.44091796875,93.87229919433594,86.66947937011719
2024-04-18,485.194091796875,417.9152526855469,187.6837158203125,70.12309265136719,37.82489013671875,79.70178985595703,220.33999633789062,78.77999877929688,96.82709503173828,38.352264404296875,43.44021224975586,132.74832153320312,116.73887634277344,68.9831314086914,83.85757446289062,29.98598861694336,71.35211181640625,65.49275207519531,93.68474578857422,86.42455291748047
2024-04-19,480.95916748046875,409.2688903808594,187.97567749023438,70.15074157714844,37.673095703125,79.98890686035156,221.02999877929688,78.8499984741211,94.83224487304688,38.88186264038086,43.963314056396484,133.2469482421875,116.52609252929688,69.6568603515625,83.12310791015625,30.446666717529297,71.69699096679688,65.61365509033203,93.78299713134766,86.51525115966797
2024-04-22,485.38836669921875,413.3847961425781,190.0779266357422,70.97095489501953,38.0810432434082,79.85431671142578,215.57000732421875,78.77999877929688,95.679443359375,39.35368347167969,44.25032043457031,133.75518798828125,117.40628051757812,70.32124328613281,83.4903335571289,30.725860595703125,72.33226776123047,65.97636413574219,94.01518249511719,86.5697021484375
2024-04-23,491.1483154296875,419.5537109375,193.26051330566406,71.74507904052734,38.39411544799805,79.88123321533203,215.0399932861328,79.9800033569336,97.09801483154297,39.60403823852539,44.495670318603516,135.50050354003906,119.04096221923828,70.51773834228516,84.48432922363281,30.870113372802734,72.99478912353516,66.24404907226562,94.17594909667969,86.7510986328125
2024-04-24,490.91522216796875,420.97503662109375,192.39427185058594,71.60684204101562,38.52693176269531,79.31597137451172,214.63999938964844,79.63999938964844,97.54132080078125,39.59440994262695,44.528076171875,135.0785675048828,118.09304809570312,71.05111694335938,85.29225158691406,31.05624771118164,73.13093566894531,66.09722900390625,93.80977630615234,86.52432250976562
2024-04-25,489.0502014160156,418.9417724609375,191.2263641357422,71.27507019042969,38.61232376098633,78.75965881347656,215.9199981689453,80.44000244140625,97.32951354980469,39.363311767578125,44.731754302978516,134.1771240234375,118.450927734375,70.88268280029297,85.36570739746094,31.140005111694336,72.71345520019531,65.9590835571289,93.53292846679688,86.2794189453125
2024-04-26,493.6835021972656,425.40673828125,193.0561065673828,71.84645080566406,39.05820846557617,79.17241668701172,216.6199951171875,80.38999938964844,98.42793273925781,39.30553436279297,44.31975555419922,134.2154998779297,118.64439392089844,70.73295593261719,86.13444519042969,30.800321578979492,72.74974822998047,66.16632080078125,93.89015197753906,86.46990966796875
2024-04-29,495.43182373046875,427.1340026855469,194.6133270263672,72.12293243408203,39.43769073486328,79.83638763427734,216.17999267578125,79.5,98.85151672363281,39.24776077270508,44.62065124511719,134.66622924804688,119.43753051757812,70.95755767822266,88.13712310791016,31.219114303588867,73.49395751953125,66.36494445800781,94.28312683105469,86.73295593261719
2024-04-30,487.5836181640625,419.0799255371094,190.661865234375,71.21056365966797,38.8874397277832,79.15447235107422,211.8699951171875,78.37999725341797,96.67440795898438,38.862606048583984,43.29207992553711,134.57029724121094,117.54169464111328,70.64874267578125,85.9924545288086,31.05624771118164,72.25059509277344,65.88134765625,93.76512908935547,86.37920379638672
2024-05-01,486.0003356933594,416.0498046875,191.0609130859375,71.05390167236328,38.925392150878906,79.73790740966797,213.7899932861328,75.93000030517578,95.68436431884766,38.862606048583984,42.60233688354492,134.81005859375,117.25153350830078,70.19959259033203,85.4538345336914,31.41455078125,72.27781677246094,66.22858428955078,94.15516662597656,86.68400573730469
2024-05-02,490.5460510253906,421.35992431640625,194.5743865966797,72.01234436035156,39.9310188293457,80.08007049560547,213.1300048828125,75.93000030517578,97.06352996826172,38.95889663696289,42.84767532348633,134.71414184570312,117.9286117553711,70.78910827636719,86.53107452392578,31.582077026367188,73.2942886352539,66.63664245605469,94.73799133300781,87.07527923583984
2024-05-03,496.6265563964844,429.8285827636719,196.50146484375,72.73117065429688,40.29153060913086,80.89041137695312,212.9600067138672,75.12999725341797,99.76766967773438,39.045555114746094,42.85230255126953,135.04978942871094,118.75077819824219,71.00434112548828,87.11376190185547,31.833356857299805,73.78437042236328,66.91442108154297,95.4014892578125,87.5210952758789
2024-05-06,501.7550964355469,434.5366516113281,199.04165649414062,73.22882843017578,40.32947540283203,81.2055435180664,215.1999969482422,75.66000366210938,100.93995666503906,39.5462646484375,43.19023132324219,135.59640502929688,119.95018768310547,71.04175567626953,88.04409790039062,31.99622344970703,73.84788513183594,66.9925308227539,95.67046356201172,87.58478546142578
2024-05-07,502.30877685546875,434.6058044433594,199.4893798828125,73.42234802246094,40.10178756713867,81.70076751708984,214.2100067138672,75.5,100.60994720458984,39.68107223510742,43.14857864379883,136.7183837890625,120.279052734375,71.81843566894531,87.41243743896484,32.35917663574219,74.54671478271484,67.00122833251953,95.71532440185547,87.76676940917969
2024-05-08,502.3573303222656,434.3491516113281,198.33119201660156,73.33941650390625,40.11127471923828,81.2055435180664,213.5800018310547,76.11000061035156,100.8956298828125,39.82550811767578,43.097660064697266,136.2484588623047,120.279052734375,71.60320281982422,87.0843734741211,32.69887161254883,73.92049407958984,66.844970703125,95.47322845458984,87.58478546142578
2024-05-09,505.2518615722656,435.2966613769531,200.35557556152344,73.90158081054688,40.23460388183594,81.60169982910156,216.9499969482422,76.5199966430664,100.86608123779297,40.124000549316406,43.676300048828125,137.41842651367188,121.47846984863281,72.2208023071289,87.6768569946289,33.196773529052734,75.43611907958984,66.86229705810547,95.62566375732422,87.74856567382812
2024-05-10,505.9027099609375,436.32318115234375,198.84701538085938,74.0398178100586,40.31999206542969,81.14251708984375,218.7100067138672,75.30000305175781,101.24042510986328,40.27806854248047,43.435585021972656,137.69651794433594,121.5655288696289,72.63253021240234,87.206787109375,33.164207458496094,75.22737884521484,66.75813293457031,95.32077026367188,87.56659698486328
2024-05-13,505.97064208984375,437.3299560546875,199.26553344726562,74.0398178100586,40.62357711791992,81.34959411621094,216.25999450683594,76.12999725341797,101.71820831298828,40.11437225341797,43.319854736328125,137.56227111816406,121.05287170410156,72.42668151855469,87.09417724609375,33.164207458496094,75.47242736816406,66.74079132080078,95.35665130615234,87.61207580566406
2024-05-14,508.29217529296875,440.1429443359375,201.32884216308594,74.5927734375,40.841773986816406,81.80879974365234,218.08999633789062,75.20999908447266,102.61956787109375,40.31657791137695,43.375404357910156,138.14723205566406,121.02384185791016,72.28630065917969,87.49078369140625,33.252620697021484,76.05326843261719,66.844970703125,95.6346206665039,87.84864807128906
2024-05-15,514.5863037109375,447.02252197265625,203.83984375,75.38533020019531,41.278175354003906,82.92526245117188,220.88999938964844,75.87999725341797,104.9296875,40.61508560180664,43.472618103027344,140.19940185546875,121.8170166015625,72.33309936523438,87.62297058105469,33.750518798828125,77.10602569580078,67.23561096191406,96.48641204833984,88.43099975585938
2024-05-16,513.5275268554688,446.11444091796875,202.37022399902344,74.9798355102539,41.36356735229492,82.84423065185547,220.02999877929688,76.25,104.56519317626953,40.61508560180664,43.35226058959961,140.03636169433594,121.09156036376953,73.3624038696289,87.05499267578125,33.634193420410156,77.05157470703125,67.07935333251953,96.33399200439453,88.33089447021484
2024-05-17,514.2657470703125,445.8973083496094,202.51620483398438,75.23787689208984,41.5438232421875,82.28599548339844,223.66000366210938,76.97000122070312,104.33370208740234,40.913578033447266,43.95867919921875,140.3048553466797,121.22698211669922,73.18462371826172,87.50057220458984,33.662109375,77.04249572753906,67.08802032470703,96.1098403930664,88.04883575439453
2024-05-20,514.8583984375,449.0064392089844,202.9639129638672,75.29317474365234,41.39202880859375,82.04290771484375,224.55999755859375,76.7300033569336,105.56015014648438,40.355098724365234,43.671669006347656,140.00759887695312,121.45912170410156,72.67931365966797,86.8493423461914,33.60626983642578,76.58871459960938,67.12274932861328,96.06498718261719,87.9669418334961
2024-05-21,516.1209716796875,449.8848876953125,202.76925659179688,75.1733627319336,41.1358757019043,82.4660873413086,224.22999572753906,76.16000366210938,105.73255157470703,40.61508560180664,43.45873260498047,140.24734497070312,121.06254577636719,73.10975646972656,87.40754699707031,33.90873336791992,76.56148529052734,67.07066345214844,96.22637939453125,88.13070678710938
2024-05-22,514.6348266601562,449.7960510253906,201.05630493164062,74.4637451171875,41.00305938720703,82.56513977050781,220.11000061035156,74.87000274658203,105.96898651123047,40.38398361206055,42.6254768371582,140.49664306640625,121.20763397216797,72.81968688964844,86.49678802490234,33.508548736572266,75.8717269897461,66.9230728149414,96.0829086303711,88.02152252197266
2024-05-23,510.8759460449219,447.77264404296875,197.7569580078125,74.08589935302734,40.6994743347168,82.03388214111328,215.72000122070312,74.44999694824219,105.10699462890625,39.82550811767578,42.23662567138672,138.96234130859375,119.77609252929688,71.95878601074219,85.09639739990234,32.94084548950195,74.23815155029297,66.68869018554688,95.6615219116211,87.7758560180664
2024-05-24,514.2560424804688,452.0069885253906,199.94679260253906,74.69414520263672,40.81332015991211,82.27698516845703,215.9199981689453,75.3499984741211,105.9936294555664,40.06623077392578,42.29680633544922,138.49244689941406,120.38545989990234,72.14595031738281,85.95328521728516,33.271236419677734,74.29261016845703,66.9230728149414,95.92153930664062,87.87594604492188
2024-05-28,514.6154174804688,453.71453857421875,199.67430114746094,74.66650390625,40.75638961791992,81.09748077392578,218.19000244140625,77.66000366210938,106.44184875488281,39.623294830322266,42.7319450378418,136.8142852783203,118.91522979736328,71.5844955444336,85.74274444580078,33.2386589050293,73.8025131225586,66.65396118164062,95.34768676757812,87.46652221679688
2024-05-29,511.0117492675781,450.5165710449219,196.72532653808594,73.48686218261719,40.14922332763672,80.11607360839844,216.16000366210938,76.56999969482422,105.76702880859375,39.30553436279297,41.97739028930664,135.7498321533203,117.23218536376953,71.06983947753906,85.17964172363281,32.810550689697266,73.0855484008789,66.4543228149414,94.83662414550781,87.12984466552734
2024-05-30,507.6219787597656,445.6900634765625,198.59396362304688,74.10433197021484,40.035377502441406,80.89041137695312,216.57000732421875,75.52999877929688,103.3534927368164,39.51737594604492,42.097747802734375,135.81695556640625,118.0350112915039,71.2569808959961,85.68397521972656,33.252620697021484,74.15646362304688,66.72341918945312,95.41940307617188,87.53931427001953
2024-05-31,512.245361328125,444.8608703613281,200.26797485351562,74.81395721435547,39.64640808105469,81.43965148925781,215.3000030517578,74.81999969482422,103.51603698730469,40.09511947631836,43.14394760131836,137.802001953125,119.46656799316406,72.37052154541016,86.1638412475586,33.838932037353516,75.54502868652344,66.95780944824219,95.84082794189453,87.82135772705078
2024-06-03,512.6630859375,447.24951171875,199.13900756835938,75.02591705322266,40.063838958740234,82.75688171386719,217.22000122070312,71.83000183105469,103.777099609375,39.844764709472656,42.014427185058594,138.77056884765625,118.00599670410156,72.34244537353516,86.12466430664062,33.45270919799805,75.37258911132812,67.16539001464844,96.50236511230469,88.35258483886719
2024-06-04,513.2361450195312,448.473388671875,196.56959533691406,74.93374633789062,39.50410079956055,83.72357940673828,215.27000427246094,71.08999633789062,103.99382781982422,39.661808013916016,41.611690521240234,139.17330932617188,117.7157974243164,72.96939086914062,86.21279907226562,33.438751220703125,75.95343780517578,67.13048553466797,96.88037872314453,88.67200469970703
2024-06-05,519.3359985351562,457.51458740234375,199.5769500732422,75.45904541015625,40.139732360839844,84.33794403076172,217.82000732421875,71.88999938964844,106.3039321899414,39.77736282348633,41.607059478759766,139.80621337890625,118.90554809570312,72.81031799316406,86.71713256835938,33.247962951660156,75.8626708984375,67.34854125976562,97.20439147949219,88.94585418701172
2024-06-06,519.3263549804688,457.35662841796875,198.146240234375,75.71710205078125,40.33896255493164,84.21147155761719,219.42999267578125,73.26000213623047,105.94927978515625,39.75810241699219,41.82463073730469,140.2665252685547,118.19944763183594,73.03490447998047,87.34879302978516,32.903621673583984,76.00788116455078,67.23514556884766,97.14139556884766,88.97321319580078
2024-06-07,518.6949462890625,456.95196533203125,195.82017517089844,74.89688873291016,39.88358688354492,82.66654205322266,211.60000610351562,73.0199966430664,106.195556640625,39.94105529785156,41.65797805786133,140.41993713378906,118.3251953125,72.66997528076172,86.99134826660156,32.545318603515625,75.2909164428711,67.06073760986328,96.26835632324219,88.18827819824219
2024-06-10,520.2975463867188,458.7977294921875,196.49171447753906,74.84159851074219,40.120758056640625,82.11541748046875,213.5399932861328,75.45999908447266,106.46646881103516,39.786991119384766,41.97277069091797,140.937744140625,118.6927490234375,72.61380767822266,87.27044677734375,32.964107513427734,75.54502868652344,67.12176513671875,96.0703353881836,88.11526489257812
2024-06-11,521.5507202148438,461.9462890625,195.82025146484375,73.99114227294922,39.98702621459961,82.9646987915039,214.14999389648438,75.51000213623047,108.44654846191406,39.334415435791016,41.88943862915039,140.35281372070312,118.01567077636719,72.57638549804688,87.0403060913086,32.76402282714844,75.27276611328125,67.20897674560547,96.48435974121094,88.41647338867188
2024-06-12,525.8341674804688,467.9967041015625,198.82623291015625,74.8631591796875,40.38822937011719,83.58807373046875,214.72000122070312,75.9800033569336,110.84530639648438,39.2959098815918,41.440399169921875,140.05555725097656,119.13768768310547,71.781005859375,87.94615936279297,32.54996109008789,75.9443588256836,67.47937774658203,97.07838439941406,88.83631134033203
2024-06-13,526.892822265625,470.5333557128906,197.08901977539062,73.79422760009766,40.29270935058594,84.8167724609375,212.97000122070312,75.73999786376953,111.72207641601562,39.26702117919922,41.06081771850586,139.94046020507812,118.37355041503906,71.87458801269531,88.01472473144531,32.624420166015625,76.25292205810547,67.47064208984375,97.53742218017578,89.2835693359375
2024-06-14,527.2135009765625,472.9713134765625,193.9561309814453,72.97846221923828,40.34046936035156,85.5304946899414,215.72999572753906,76.08000183105469,112.14073181152344,39.141849517822266,40.75529861450195,139.8925323486328,117.18382263183594,72.00558471679688,87.31941223144531,32.545318603515625,76.23477172851562,67.20897674560547,97.61840057373047,89.37481689453125
2024-06-17,531.4094848632812,478.76519775390625,195.58602905273438,73.26912689208984,40.598388671875,84.6812744140625,214.61000061035156,77.79000091552734,113.8400650024414,39.48849105834961,40.86175537109375,139.74868774414062,118.47994232177734,72.68866729736328,88.85201263427734,32.18700408935547,75.93526458740234,67.25263214111328,97.15939331054688,89.05538940429688
2024-06-18,532.7597045898438,478.9132080078125,195.92758178710938,73.55979919433594,40.9709358215332,85.45822143554688,215.47000122070312,78.66999816894531,113.98290252685547,39.738834381103516,41.03303527832031,139.93087768554688,119.11833953857422,72.78224182128906,88.55333709716797,32.200965881347656,76.23477172851562,67.46192932128906,97.60942840576172,89.37481689453125
2024-06-20,531.3124389648438,475.2217712402344,195.0980224609375,73.606689453125,40.90407180786133,84.8890380859375,218.16000366210938,79.41000366210938,112.7022476196289,39.95067596435547,41.78759002685547,140.3911590576172,119.19573211669922,72.6231689453125,88.66594696044922,32.480167388916016,76.01695251464844,67.41831970214844,97.28540802001953,89.21965026855469
2024-06-21,530.60009765625,473.948486328125,195.53721618652344,73.09097290039062,40.76077651977539,84.8890380859375,214.77999877929688,78.6500015258789,112.5052261352539,39.7966194152832,41.546878814697266,140.7843475341797,118.9442367553711,72.67931365966797,89.41510772705078,32.28937911987305,76.2075424194336,67.49681091308594,97.31241607666016,89.22877502441406
2024-06-24,528.8753662109375,468.55279541015625,196.38633728027344,73.67233276367188,40.76077651977539,85.23236083984375,215.6300048828125,79.69999694824219,109.74700164794922,40.20553207397461,42.5944709777832,141.60552978515625,119.44990539550781,73.45431518554688,89.03335571289062,32.71390151977539,76.7974624633789,67.42705535888672,97.4113998413086,89.30180358886719
2024-06-25,530.9119262695312,473.91094970703125,195.7421875,73.8504867553711,40.66525650024414,85.37690734863281,214.55999755859375,78.9000015258789,111.76016235351562,39.90585708618164,42.69247055053711,141.16270446777344,118.43079376220703,72.98290252685547,88.67514038085938,32.4043083190918,75.85359191894531,67.51427459716797,97.37539672851562,89.29268646240234
2024-06-26,531.574462890625,474.8896179199219,195.22491455078125,73.30663299560547,40.579280853271484,84.15725708007812,212.5800018310547,78.75,111.63187408447266,39.654502868652344,42.27249526977539,140.66209411621094,118.1104965209961,72.8320541381836,89.96078491210938,32.268272399902344,75.61763000488281,67.36599731445312,96.8443832397461,88.89108276367188
2024-06-27,532.41259765625,476.115478515625,197.20614624023438,73.3628921508789,40.60793685913086,84.49153900146484,214.99000549316406,79.91999816894531,111.68614959716797,39.606178283691406,42.370487213134766,140.43101501464844,118.23668670654297,72.52091979980469,90.51036071777344,32.32456588745117,76.35274505615234,67.44449615478516,97.03337097167969,89.03711700439453
2024-06-28,530.3175048828125,473.6440124511719,198.01622009277344,73.44729614257812,40.68436050415039,82.91950988769531,215.00999450683594,79.58999633789062,111.62693786621094,39.74151611328125,42.5338134765625,140.3155059814453,118.28520202636719,72.20037841796875,89.50442504882812,31.963367462158203,76.96194458007812,67.27877044677734,96.4123764038086,88.5989990234375
2024-07-01,531.4088745117188,476.4219665527344,196.35702514648438,73.57855987548828,40.779884338378906,81.4884262084961,215.57000732421875,81.54000091552734,112.47069549560547,39.828521728515625,42.55714416503906,139.5260772705078,117.01374053955078,71.69124603271484,89.80867004394531,31.742895126342773,76.23605346679688,67.26561737060547,95.83973693847656,88.12382507324219
2024-07-02,534.9851684570312,481.42425537109375,197.0304718017578,73.75672149658203,40.90407180786133,82.12283325195312,215.55999755859375,81.11000061035156,113.03321075439453,40.292537689208984,42.52448654174805,139.01583862304688,117.65432739257812,72.1909408569336,91.5555648803711,31.90707778930664,76.59440612792969,67.44973754882812,96.45391082763672,88.41680908203125
2024-07-03,537.37255859375,485.4378662109375,196.98167419433594,74.60060119628906,41.505882263183594,83.20138549804688,217.99000549316406,81.2699966430664,114.557861328125,40.16686248779297,42.71112823486328,137.9568634033203,118.08138275146484,72.0683822631836,92.13951110839844,32.09939956665039,76.5208969116211,67.68647003173828,97.16744232177734,88.89290618896484
2024-07-05,540.4713745117188,490.4994812011719,196.04470825195312,75.09758758544922,41.677825927734375,83.89019775390625,220.92999267578125,81.30999755859375,114.908203125,40.15719985961914,42.043846130371094,139.02548217773438,117.65432739257812,72.9546127319336,92.8902816772461,32.15569305419922,76.73223876953125,67.88813018798828,97.67325592041016,89.34153747558594
2024-07-08,541.0950317382812,491.6660461425781,197.42086791992188,74.7225112915039,41.687381744384766,84.07144927978516,218.19000244140625,80.41999816894531,115.69274139404297,40.05085754394531,41.78719711303711,138.8714141845703,117.7999267578125,72.84147644042969,92.93444061279297,32.18852615356445,76.9803237915039,67.8705825805664,97.66419219970703,89.3690185546875
2024-07-09,541.6212158203125,492.09112548828125,196.56201171875,74.4224624633789,41.85932159423828,83.69987487792969,218.55999755859375,79.7699966430664,115.59899139404297,40.36021041870117,41.418556213378906,139.5453643798828,117.28550720214844,72.65290832519531,93.24359130859375,32.28234100341797,76.96194458007812,67.79168701171875,97.48356628417969,89.28660583496094
2024-07-10,546.980712890625,497.221923828125,198.48468017578125,75.47264862060547,42.09813690185547,83.96269989013672,219.36000061035156,80.4800033569336,117.27661895751953,40.5148811340332,41.69853210449219,140.86424255371094,118.33372497558594,72.97348022460938,93.94529724121094,32.587249755859375,77.53162384033203,67.9494857788086,97.7183837890625,89.37815856933594
2024-07-11,542.2643432617188,486.3177490234375,205.6190643310547,75.68830871582031,42.34650802612305,84.77838897705078,223.25,80.94000244140625,114.34075927734375,40.83389663696289,42.13250732421875,141.85586547851562,119.83814239501953,72.70005798339844,92.75289154052734,33.1829833984375,79.7552261352539,68.19499206542969,98.24224853515625,89.83594512939453
2024-07-12,545.6846923828125,489.1748352050781,208.01998901367188,76.49469757080078,42.51844787597656,85.14094543457031,223.11000061035156,80.25,115.36215209960938,40.96923828125,42.23983383178711,142.7415313720703,120.52726745605469,73.02061462402344,93.96492767333984,33.42691421508789,80.36164855957031,68.37034606933594,98.6035385131836,90.08316040039062
2024-07-15,547.1854248046875,490.4896240234375,211.97271728515625,75.819580078125,42.069480895996094,84.1620864868164,223.8300018310547,80.12000274658203,115.56939697265625,41.5685920715332,42.87911605834961,142.240966796875,121.39107513427734,72.59634399414062,93.85697174072266,32.615394592285156,80.90376281738281,68.37911987304688,98.06161499023438,89.77185821533203
2024-07-16,550.4302368164062,490.677490234375,219.20468139648438,76.18527221679688,42.30829620361328,85.34939575195312,228.2899932861328,79.05999755859375,115.18450927734375,42.04228973388672,43.07044219970703,144.27224731445312,124.41930389404297,73.29402923583984,95.54009246826172,32.86869812011719,81.89610290527344,68.64215087890625,98.63064575195312,90.13806915283203
2024-07-17,542.712646484375,476.2736511230469,216.91114807128906,75.78207397460938,41.620513916015625,85.36749267578125,227.22999572753906,80.62000274658203,110.70423889160156,42.361297607421875,43.499752044677734,144.9268798828125,122.82755279541016,74.2368392944336,93.94529724121094,32.8874626159668,82.45660400390625,68.56324005126953,98.67582702636719,90.2021713256836
2024-07-18,538.5419311523438,474.0196838378906,212.71444702148438,75.03194427490234,41.22885513305664,84.71495056152344,225.77999877929688,79.9000015258789,110.714111328125,41.84894561767578,43.579078674316406,141.63442993164062,121.86666870117188,73.869140625,92.98841857910156,32.85931396484375,81.730712890625,68.42296600341797,98.25130462646484,89.95494079589844
2024-07-19,534.9656982421875,469.81817626953125,211.63108825683594,74.57247924804688,40.8276481628418,84.21646881103516,221.72999572753906,78.0,108.98219299316406,41.423583984375,43.10310745239258,142.35646057128906,121.19695281982422,73.62400817871094,92.15912628173828,32.8968391418457,81.58370208740234,68.37034606933594,97.89000701904297,89.77185821533203
2024-07-22,540.4810791015625,476.8174133300781,214.9982147216797,75.36012268066406,41.17154312133789,83.9717788696289,221.8000030517578,77.62000274658203,111.56278991699219,41.655601501464844,42.83246612548828,143.1747589111328,122.42960357666016,73.67115020751953,93.17488861083984,33.17360305786133,82.42903137207031,68.62460327148438,97.8357925415039,89.7352294921875
2024-07-23,539.6334228515625,475.1368103027344,217.28201293945312,74.93817138671875,40.80854415893555,83.85392761230469,222.5800018310547,76.62000274658203,111.11871337890625,41.73293685913086,42.15117645263672,143.088134765625,122.19667053222656,73.40716552734375,92.75780487060547,32.96720504760742,82.36470794677734,68.63337707519531,97.76356506347656,89.72607421875
2024-07-24,527.4039306640625,458.09344482421875,212.61683654785156,73.99114227294922,40.21628189086914,82.94759368896484,221.8000030517578,76.80999755859375,106.52001953125,41.1625862121582,42.15583801269531,144.2819061279297,119.5663833618164,73.34117126464844,88.96464538574219,33.3377799987793,81.15184020996094,68.41419219970703,97.16744232177734,89.451416015625
2024-07-25,524.6559448242188,453.041748046875,215.271484375,73.52230834960938,40.053890228271484,83.62735748291016,218.3300018310547,77.45999908447266,105.38021850585938,41.317256927490234,42.883792877197266,143.55984497070312,120.52726745605469,73.25630950927734,88.61625671386719,33.06102752685547,80.88539123535156,68.42296600341797,97.55583190917969,89.69861602783203
2024-07-26,530.5319213867188,457.6881408691406,218.83383178710938,74.45997619628906,40.46464920043945,84.27992248535156,220.6300048828125,76.11000061035156,106.71737670898438,41.96494674682617,43.019107818603516,144.36854553222656,122.58490753173828,74.00113677978516,89.60746765136719,33.38469314575195,82.3003921508789,68.64215087890625,98.09774780273438,90.01904296875
2024-07-29,530.84375,458.6075134277344,216.40362548828125,74.13178253173828,40.3309211730957,84.73307037353516,220.32000732421875,75.19000244140625,106.24370574951172,41.906944274902344,42.65047073364258,144.45518493652344,122.37137603759766,74.02941131591797,91.10413360595703,33.53479766845703,82.72306823730469,68.58077239990234,98.30549621582031,90.16555786132812
2024-07-30,528.1541748046875,452.3102111816406,217.22344970703125,74.3005599975586,40.1494140625,85.05937957763672,222.52000427246094,74.45999908447266,103.57430267333984,42.390296936035156,43.31309509277344,144.580322265625,122.73048400878906,73.52973175048828,90.59868621826172,33.70835494995117,83.36625671386719,68.6158447265625,98.38677215576172,90.25709533691406
2024-07-31,536.7391357421875,465.6957092285156,218.48245239257812,75.35074615478516,41.028255462646484,85.92943572998047,226.5500030517578,77.73999786376953,107.96080780029297,42.28396224975586,43.495086669921875,144.05084228515625,124.0990219116211,73.39773559570312,92.00211334228516,34.14461135864258,83.07221221923828,68.86133575439453,98.95579528808594,90.74235534667969
2024-08-01,529.1384887695312,454.4159240722656,211.37734985351562,73.35352325439453,40.31180953979492,86.6705551147461,225.77000427246094,76.29000091552734,103.93448638916016,41.68460464477539,42.342491149902344,145.5238037109375,121.7987289428711,74.07656860351562,89.74488067626953,34.75910568237305,83.90836334228516,68.71061706542969,99.28394317626953,91.12258911132812
2024-08-02,519.2867431640625,443.63037109375,203.90133666992188,72.20018768310547,39.7386589050293,89.37135314941406,225.33999633789062,73.38999938964844,101.01343536376953,40.65989303588867,41.25056838989258,145.2349853515625,119.11991119384766,74.72710418701172,86.44243621826172,34.815399169921875,83.86241912841797,68.4814682006836,100.25381469726562,92.14199829101562
2024-08-05,504.16314697265625,430.4030456542969,197.3427734375,70.62492370605469,38.6114501953125,89.84420013427734,222.47999572753906,73.22000122070312,97.6482925415039,39.48050308227539,40.34062194824219,141.35523986816406,117.05256652832031,73.25630950927734,83.99872589111328,33.895992279052734,81.46424865722656,68.05843353271484,100.00003051757812,92.06852722167969
2024-08-06,508.8113098144531,434.51556396484375,199.4899139404297,70.74681091308594,38.8311653137207,87.83453369140625,220.6999969482422,72.44999694824219,98.97559356689453,40.1185302734375,40.58794403076172,142.00990295410156,118.45992279052734,73.76543426513672,84.92616271972656,34.18213653564453,83.07221221923828,68.31400299072266,99.3473892211914,91.5174789428711
2024-08-07,505.41046142578125,429.8098449707031,197.12803649902344,71.0843734741211,39.069984436035156,87.21617126464844,220.5500030517578,74.69000244140625,97.37196350097656,40.16686248779297,40.75127410888672,140.56581115722656,117.88726043701172,73.84085845947266,83.4442367553711,34.37446212768555,82.50253295898438,68.44622039794922,98.89415740966797,91.2419662475586
2024-08-08,517.09423828125,442.9581604003906,201.92010498046875,72.27521514892578,39.958370208740234,86.6796646118164,224.00999450683594,75.36000061035156,101.00849914550781,40.81455993652344,41.628536224365234,143.6753692626953,120.60491180419922,74.51025390625,85.26473999023438,34.4119873046875,83.31111907958984,68.72825622558594,98.93949127197266,91.10420989990234
2024-08-09,519.3743896484375,445.271484375,201.50042724609375,72.55650329589844,40.17807388305664,87.5344467163086,224.55999755859375,76.22000122070312,101.46244812011719,40.98857116699219,41.721866607666016,144.38778686523438,120.62431335449219,74.62338256835938,85.54934692382812,34.52925491333008,83.69703674316406,68.71945190429688,99.44708251953125,91.4256362915039
2024-08-12,519.6472778320312,446.23040771484375,199.68511962890625,72.4908676147461,40.31180953979492,87.85272216796875,228.41000366210938,78.62999725341797,102.29138946533203,40.77589797973633,41.92718505859375,143.8390350341797,120.01286315917969,74.24626922607422,85.21075439453125,34.59024429321289,83.08140563964844,68.76350402832031,99.65560150146484,91.58177185058594
2024-08-13,528.1931762695312,457.3025207519531,202.9741973876953,73.73796844482422,40.76077651977539,88.46199035644531,228.05999755859375,77.63999938964844,105.43449401855469,41.11423873901367,41.52121353149414,145.58157348632812,121.27461242675781,74.58567810058594,87.34532928466797,34.79194259643555,83.80729675292969,69.08079528808594,100.35354614257812,91.94914245605469
2024-08-14,529.8594970703125,457.45086669921875,201.71514892578125,74.0098876953125,40.541072845458984,89.01669311523438,226.1999969482422,76.58999633789062,106.01181030273438,41.6169319152832,41.76386260986328,146.1013946533203,121.76960754394531,74.92510223388672,86.87915802001953,34.76849365234375,84.02780151367188,69.20417785644531,100.7977066040039,92.11441802978516
2024-08-15,538.9415283203125,469.00750732421875,206.94638061523438,74.91004943847656,40.99004364013672,88.29829406738281,226.91000366210938,77.41000366210938,109.06114959716797,42.00361633300781,42.26316452026367,147.0159912109375,123.40990447998047,75.69821166992188,89.65164947509766,34.763797760009766,83.96348571777344,69.26588439941406,100.48953247070312,91.72872161865234
2024-08-16,540.1497192382812,469.61053466796875,207.49295043945312,75.32262420654297,41.46767044067383,88.60749053955078,231.99000549316406,76.31999969482422,109.24371337890625,42.312965393066406,42.21650314331055,147.17001342773438,123.23519134521484,75.9056167602539,89.86262512207031,34.91859436035156,83.91754913330078,69.48621368408203,100.78865814208984,91.94914245605469
2024-08-19,545.314453125,475.7793273925781,210.03050231933594,76.24153137207031,41.86888122558594,89.01669311523438,231.61000061035156,74.37999725341797,111.04470825195312,42.54497528076172,42.50115203857422,148.06536865234375,123.98253631591797,76.16017150878906,90.96672058105469,35.14844512939453,84.61585998535156,69.60079193115234,101.02432250976562,92.05014038085938
2024-08-20,544.4276123046875,474.7808532714844,207.58078002929688,76.0071029663086,41.54409408569336,89.72599792480469,232.4600067138672,73.83000183105469,110.6549072265625,42.40963363647461,41.38121795654297,148.66224670410156,123.64283752441406,76.53728485107422,90.88330078125,35.073394775390625,84.51480102539062,69.53909301757812,101.28720092773438,92.32565307617188
2024-08-21,546.2985229492188,476.99530029296875,210.2842559814453,76.71035766601562,41.70648193359375,89.78056335449219,232.14999389648438,72.5999984741211,111.30622100830078,42.34196853637695,41.45122146606445,148.91253662109375,124.39018249511719,77.05584716796875,92.03155517578125,35.3220100402832,84.96502685546875,69.69774627685547,101.5138168334961,92.50016021728516
2024-08-22,542.0109252929688,469.4326477050781,208.4298553466797,76.26028442382812,41.190643310546875,88.88938903808594,229.3699951171875,73.58000183105469,108.74534606933594,42.583641052246094,41.55854797363281,149.00881958007812,124.23489379882812,76.94269561767578,90.44166564941406,35.27979278564453,85.2131118774414,69.60961151123047,101.09683990478516,92.12361145019531
2024-08-23,547.7699584960938,474.5238342285156,215.0860595703125,77.65740203857422,41.87843322753906,89.47136688232422,232.02000427246094,75.55000305175781,110.50687408447266,42.95099639892578,42.179168701171875,149.65382385253906,125.47724151611328,77.1595458984375,92.18856811523438,35.3782958984375,87.0875473022461,69.97979736328125,101.67697143554688,92.54608917236328
2024-08-26,546.4642944335938,469.9169921875,215.1543731689453,77.31046295166016,41.524986267089844,89.24402618408203,232.75999450683594,77.83000183105469,109.120361328125,43.08633804321289,42.55714416503906,149.5768280029297,125.34134674072266,77.70639038085938,91.47215270996094,35.60814666748047,87.05079650878906,69.83875274658203,101.55006408691406,92.46341705322266
2024-08-27,547.2144775390625,471.32080078125,213.48545837402344,77.66678619384766,41.58230209350586,89.08943939208984,233.38999938964844,76.48999786376953,109.78153991699219,43.30867385864258,42.16050720214844,149.80787658691406,125.41899871826172,77.89493560791016,91.23169708251953,35.326698303222656,87.1794204711914,69.8828353881836,101.468505859375,92.490966796875
2024-08-28,544.037841796875,465.9725341796875,212.04100036621094,77.39485931396484,41.32438278198242,88.98031616210938,231.75,75.4800033569336,108.26673889160156,43.415016174316406,41.889854431152344,149.98114013671875,125.36077880859375,77.56495666503906,90.34843444824219,35.326698303222656,86.83946228027344,69.84757232666016,101.25999450683594,92.40830993652344
2024-08-29,544.0864868164062,465.2904357910156,213.55380249023438,77.68553924560547,41.343482971191406,88.68932342529297,232.9499969482422,76.7699966430664,107.28974914550781,43.80170440673828,42.43581771850586,150.298828125,126.24401092529297,77.17839813232422,90.45639038085938,35.51902389526367,86.572998046875,69.91809844970703,101.08777618408203,92.2889175415039
2024-08-30,549.2803955078125,470.8363952636719,214.7932586669922,77.80742645263672,41.42945861816406,87.74359130859375,231.2899932861328,74.33999633789062,108.71573638916016,44.217384338378906,42.5944709777832,151.3385772705078,127.59310913085938,77.79122924804688,91.82054138183594,35.786399841308594,87.40912628173828,69.92689514160156,100.80677032470703,92.06852722167969
2024-09-03,537.9767456054688,456.5414123535156,208.22494506835938,76.57908630371094,40.60793685913086,89.17867279052734,230.2899932861328,71.08999633789062,103.72232818603516,43.88871383666992,41.535221099853516,151.04978942871094,124.76873016357422,78.33806610107422,90.55943298339844,35.73480224609375,87.36320495605469,69.67892456054688,101.11155700683594,92.45730590820312
2024-09-04,536.8755493164062,455.3551025390625,207.87359619140625,76.24153137207031,40.598388671875,90.32819366455078,230.42999267578125,69.61000061035156,103.45587158203125,43.937034606933594,40.96125411987305,150.78985595703125,124.89488220214844,78.70574188232422,90.79496765136719,36.039703369140625,87.61128997802734,69.93575286865234,101.73929595947266,92.86264038085938
2024-09-05,535.56982421875,455.7801818847656,206.83901977539062,76.26028442382812,40.655704498291016,90.83905792236328,232.35000610351562,69.88999938964844,103.29795837402344,43.453678131103516,40.64393997192383,148.72000122070312,123.43902587890625,78.40406036376953,91.82545471191406,35.95058059692383,87.3264389038086,70.17485809326172,102.2396469116211,93.10213470458984
2024-09-06,526.5560913085938,443.5710754394531,202.90585327148438,74.82566833496094,39.91060256958008,90.82996368408203,230.6300048828125,68.93000030517578,100.61869812011719,42.81565856933594,40.13530731201172,148.2097625732422,122.18695831298828,78.2437744140625,89.50442504882812,35.60814666748047,87.24375915527344,70.0863265991211,102.19417572021484,93.2219467163086
2024-09-09,532.4515380859375,449.27520751953125,203.47193908691406,75.57579040527344,40.24494552612305,91.22224426269531,231.60000610351562,69.2699966430664,102.26670837402344,43.453678131103516,40.42462158203125,149.24951171875,124.0601806640625,78.84718322753906,90.80970001220703,35.96934509277344,88.21771240234375,70.25458526611328,102.42161560058594,93.360107421875
2024-09-10,534.770751953125,453.42730712890625,203.30599975585938,75.20072174072266,40.09210205078125,91.86087036132812,232.6199951171875,66.95999908447266,103.79631805419922,43.00899887084961,39.72933578491211,149.93301391601562,124.27371215820312,78.82831573486328,91.84998321533203,36.138221740722656,89.49490356445312,70.12173461914062,102.70364379882812,93.64570617675781
2024-09-11,540.2568969726562,463.273681640625,203.90133666992188,75.65080261230469,40.38822937011719,91.78789520263672,232.25,67.8499984741211,107.33910369873047,42.80598449707031,39.360687255859375,149.4901885986328,124.4969482421875,78.09294128417969,92.7676010131836,36.250789642333984,89.32032012939453,70.2280044555664,102.74913787841797,93.61807250976562
2024-09-12,544.8077392578125,467.8212585449219,206.52671813964844,76.26966094970703,40.722572326660156,91.35909271240234,236.3300018310547,69.88999938964844,108.22726440429688,42.90265655517578,39.715335845947266,150.02928161621094,125.45783233642578,78.57376861572266,93.81279754638672,36.330535888671875,89.69705200195312,70.32542419433594,102.67637634277344,93.53514099121094
2024-09-13,547.653076171875,469.9169921875,211.621337890625,76.44781494140625,40.91362380981445,91.60542297363281,238.67999267578125,69.83999633789062,108.77003479003906,43.02832794189453,39.9393196105957,150.33737182617188,126.72930145263672,79.13003540039062,94.45072174072266,36.84183883666992,90.63426971435547,70.5202407836914,102.99479675292969,93.72860717773438
2024-09-16,548.4618530273438,467.8409729003906,212.38259887695312,77.0666732788086,41.047359466552734,92.44474792480469,238.66000366210938,70.87999725341797,108.35555267333984,43.589027404785156,40.39662551879883,151.37709045410156,127.37960052490234,79.44115447998047,94.2887954711914,37.123291015625,90.93746948242188,70.6973876953125,103.44964599609375,93.94973754882812
2024-09-17,548.6859741210938,468.0881042480469,214.1393585205078,76.6353530883789,41.09511947631836,91.99771118164062,237.33999633789062,71.72000122070312,108.14337921142578,43.8210334777832,40.942588806152344,149.81748962402344,128.07843017578125,78.68689727783203,94.7696762084961,37.095149993896484,90.30347442626953,70.71509552001953,103.45877075195312,93.85759735107422
2024-09-18,547.0586547851562,466.0615234375,214.1783905029297,76.39156341552734,40.95183563232422,90.8573226928711,235.50999450683594,70.66000366210938,107.15652465820312,43.68569564819336,41.021915435791016,149.5672149658203,127.9716567993164,78.38520050048828,94.58321380615234,36.813697814941406,90.1932144165039,70.77706146240234,103.03118133544922,93.56278991699219
2024-09-19,556.3939819335938,477.8455505371094,218.58982849121094,77.90119171142578,41.82111358642578,90.55625915527344,239.1699981689453,72.75,110.33910369873047,44.16905212402344,41.51188659667969,150.10629272460938,130.17486572265625,77.92323303222656,96.73739624023438,36.59791564941406,90.21160125732422,70.98963165283203,103.12213134765625,93.572021484375
2024-09-20,555.43212890625,476.9360046386719,216.2474822998047,77.13230895996094,41.73514175415039,90.2095947265625,242.2100067138672,72.91999816894531,109.80127716064453,44.14004898071289,41.418556213378906,149.4901885986328,129.26251220703125,78.30034637451172,96.5165786743164,37.564231872558594,89.85325622558594,71.07819366455078,103.21314239501953,93.48908996582031
2024-09-23,556.8201293945312,478.20025634765625,215.4569091796875,77.42298126220703,42.05992889404297,90.01799011230469,242.67999267578125,72.25,109.78101348876953,44.08668518066406,41.92997741699219,149.1973876953125,130.130126953125,78.75434875488281,97.6893310546875,37.93684387207031,90.74452209472656,70.94534301757812,103.06756591796875,93.45223999023438
2024-09-24,558.4132690429688,480.5068664550781,215.81802368164062,77.88243865966797,43.49281311035156,89.99974822998047,246.07000732421875,73.29000091552734,110.53236389160156,43.7180061340332,41.82646942138672,148.8978271484375,131.06492614746094,78.56478881835938,98.54492950439453,37.66765594482422,90.8731689453125,70.95419311523438,103.24040222167969,93.58123016357422
2024-09-25,557.1817016601562,480.9523620605469,213.18568420410156,77.46049499511719,43.0342903137207,89.25167846679688,245.72999572753906,71.4800033569336,110.84871673583984,43.4560432434082,41.00782012939453,147.44837951660156,130.4514617919922,78.36573791503906,98.19088745117188,37.86601257324219,90.2667236328125,70.87448120117188,102.630859375,93.2219467163086
2024-09-26,559.3907470703125,484.5657958984375,214.3216552734375,79.16704559326172,44.61046600341797,89.46150207519531,246.97999572753906,69.01000213623047,112.31682586669922,43.679195404052734,40.203277587890625,147.94117736816406,131.10386657714844,78.54582977294922,98.60884094238281,37.606266021728516,89.4489517211914,70.98963165283203,102.630859375,93.24036407470703
2024-09-27,558.5794067382812,481.8730773925781,215.7710418701172,78.68883514404297,44.52449035644531,89.9267807006836,245.02000427246094,70.2699966430664,111.26889038085938,43.80532455444336,41.021934509277344,147.86387634277344,131.2888946533203,78.68800354003906,98.75635528564453,37.979347229003906,89.56292724609375,71.16673278808594,103.04025268554688,93.50751495361328
2024-09-30,560.8178100585938,483.1798400878906,216.3194580078125,78.41690826416016,43.808048248291016,89.49797821044922,243.05999755859375,69.91999816894531,111.5951156616211,43.97025680541992,41.308929443359375,148.83021545410156,131.88284301757812,78.66903686523438,98.5252456665039,38.14936065673828,90.26713562011719,71.11360168457031,102.7855453491211,93.29561614990234
2024-10-01,555.7937622070312,476.4479675292969,213.3815155029297,77.83556365966797,44.12328338623047,90.1441421508789,245.61000061035156,72.11000061035156,108.87641906738281,43.73740768432617,42.249908447265625,148.04750061035156,131.95101928710938,78.4036636352539,98.12696075439453,38.456336975097656,89.68338775634766,71.0780029296875,103.27949523925781,93.54232788085938
2024-10-02,556.0283813476562,477.1211853027344,213.08773803710938,77.67615509033203,44.9925651550293,89.38448333740234,245.66000366210938,72.76000213623047,109.6821517944336,43.785919189453125,42.68275833129883,147.7479248046875,131.70758056640625,77.74018096923828,97.29596710205078,38.47522735595703,89.36834716796875,71.08690643310547,103.0512466430664,93.34830474853516
2024-10-03,555.0117797851562,476.7647705078125,211.657958984375,76.95416259765625,44.45762252807617,88.54244232177734,245.49000549316406,75.7300033569336,110.13690948486328,43.553062438964844,43.43553924560547,146.41444396972656,131.0357208251953,76.96296691894531,96.16993713378906,38.46105194091797,88.55297088623047,70.9178237915039,102.38468933105469,92.96944427490234
2024-10-04,560.055419921875,482.4373474121094,214.61544799804688,77.40423583984375,44.86838912963867,87.45328521728516,245.0,76.3499984741211,111.36278533935547,44.29043197631836,43.84016418457031,146.53038024902344,131.95101928710938,77.21887969970703,97.44346618652344,38.399658203125,88.12673950195312,70.83771514892578,101.82769012451172,92.36880493164062
2024-10-07,554.9922485351562,477.2696533203125,212.93106079101562,76.97290802001953,45.240936279296875,86.79428100585938,244.1699981689453,79.19999694824219,110.59661865234375,43.74711227416992,43.99542236328125,145.88296508789062,131.6296844482422,76.45116424560547,95.92899322509766,37.51652908325195,87.3484115600586,70.53515625,101.3072280883789,92.05462646484375
2024-10-08,560.2410888671875,484.39752197265625,213.07794189453125,76.85101318359375,44.12328338623047,86.94074249267578,242.3699951171875,75.79000091552734,112.66282653808594,43.999366760253906,42.8474235534668,146.6753387451172,131.92178344726562,76.83028411865234,96.8632583618164,37.535423278808594,87.52445220947266,70.7042465209961,101.50810241699219,92.21170043945312
2024-10-09,564.1216430664062,488.20892333984375,213.5480194091797,76.86976623535156,43.884464263916016,86.44648742675781,241.0500030517578,75.25,113.9233169555664,44.4068603515625,43.106197357177734,148.17311096191406,133.1000213623047,77.29471588134766,97.55656433105469,37.21428680419922,87.61711883544922,70.65975189208984,101.3072280883789,91.9714584350586
2024-10-10,563.1343383789062,487.65447998046875,212.36306762695312,76.77599334716797,43.97043991088867,86.10784912109375,242.82000732421875,77.7699966430664,113.89366149902344,44.27103042602539,43.39789962768555,147.62232971191406,132.41839599609375,76.95349884033203,97.07466888427734,37.10093307495117,86.83879852294922,70.6241455078125,101.19766998291016,91.91602325439453
2024-10-11,566.506591796875,488.41680908203125,216.68179321289062,77.16981506347656,44.28567886352539,85.76004028320312,245.47000122070312,77.48999786376953,114.09138488769531,45.124820709228516,43.66608428955078,148.70457458496094,134.78456115722656,77.38001251220703,96.66163635253906,37.42680358886719,87.82096862792969,70.81103515625,101.17938995361328,91.9437255859375
2024-10-14,571.1395874023438,492.51531982421875,218.27806091308594,77.39485931396484,44.10417556762695,85.8240966796875,245.07000732421875,75.93000030517578,115.57925415039062,45.406185150146484,43.64726638793945,149.52593994140625,135.59278869628906,77.69278717041016,97.08452606201172,37.89906311035156,88.34912109375,70.84661865234375,101.18853759765625,91.86054992675781
2024-10-15,566.7019653320312,485.93194580078125,218.45436096191406,76.1102523803711,43.168025970458984,86.86751556396484,245.9199981689453,72.76000213623047,113.03850555419922,45.503204345703125,42.24049758911133,147.69961547851562,134.55088806152344,78.1856689453125,97.29596710205078,38.06907272338867,89.4146728515625,70.82881927490234,101.68158721923828,92.23017883300781
2024-10-16,569.1651611328125,485.9913635253906,222.04840087890625,76.30716705322266,43.50237274169922,87.23361206054688,247.14999389648438,72.4000015258789,113.38946533203125,46.06593322753906,42.44281005859375,148.11514282226562,135.59278869628906,78.1287841796875,97.8073501586914,38.824703216552734,90.3968505859375,70.95343017578125,102.00118255615234,92.35031127929688
2024-10-17,569.2140502929688,486.32794189453125,221.44122314453125,76.31654357910156,43.43549728393555,85.8515853881836,248.6300048828125,72.62000274658203,113.7354736328125,46.19205856323242,42.645118713378906,147.255126953125,135.20330810546875,77.7780990600586,97.71882629394531,38.47994613647461,89.68338775634766,70.84661865234375,101.24331665039062,91.89753723144531
2024-10-18,571.403564453125,489.5157165527344,220.98097229003906,76.83226776123047,43.86536407470703,85.91563415527344,251.27000427246094,71.37999725341797,114.14082336425781,46.201759338378906,42.50397491455078,147.9701690673828,135.61227416992188,77.9487075805664,98.10237121582031,38.701904296875,90.35052490234375,71.01571655273438,101.12462615966797,91.96220397949219
2024-10-21,570.4651489257812,490.4561767578125,217.5044403076172,75.92272186279297,43.5596809387207,84.41459655761719,251.22000122070312,72.26000213623047,114.67467498779297,45.83308410644531,42.3769416809082,146.2308349609375,135.13511657714844,77.29471588134766,97.34021759033203,38.55078887939453,88.58075714111328,70.73094177246094,100.09281921386719,91.3246078491211
2024-10-22,570.1622314453125,490.9907531738281,216.68179321289062,75.49140167236328,43.46415710449219,84.49698638916016,253.92999267578125,73.9800033569336,114.55603790283203,45.74576187133789,42.47574234008789,146.01821899414062,133.49925231933594,77.730712890625,96.94683074951172,38.413822174072266,88.71047973632812,70.6330337524414,100.0837173461914,91.34309387207031
2024-10-23,564.952392578125,483.4668884277344,214.70361328125,74.73188781738281,43.20623779296875,84.26817321777344,250.8699951171875,73.55000305175781,112.91493225097656,45.706947326660156,42.25461196899414,145.33216857910156,133.10972595214844,77.57904815673828,95.42251586914062,38.78219223022461,89.35908508300781,70.41946411132812,99.74586486816406,91.1120834350586
2024-10-24,566.1742553710938,487.3872375488281,215.1736602783203,75.15384674072266,43.139373779296875,84.80818939208984,252.8000030517578,73.05999755859375,113.24612426757812,45.74576187133789,42.249908447265625,144.37551879882812,132.19444274902344,77.47478485107422,98.43182373046875,38.53189468383789,89.55367279052734,70.6241455078125,100.04715728759766,91.28765869140625
2024-10-25,565.9786987304688,490.357177734375,214.36080932617188,74.90067291259766,43.101158142089844,84.33222198486328,253.32000732421875,74.2300033569336,113.83434295654297,45.24124526977539,42.23579406738281,143.5831298828125,131.84390258789062,76.83028411865234,98.74160766601562,37.960453033447266,88.71047973632812,70.5529556274414,99.80976104736328,91.10282897949219
2024-10-28,567.728271484375,490.43634033203125,217.8569793701172,75.50077056884766,43.29220962524414,84.10342407226562,253.3300018310547,70.43000030517578,113.79974365234375,45.80397415161133,41.96761703491211,143.79574584960938,132.23338317871094,76.97245788574219,98.97272491455078,38.25798034667969,88.98844909667969,70.73094177246094,99.72757720947266,90.95499420166016
2024-10-29,568.6471557617188,495.1487121582031,217.15187072753906,75.22885131835938,43.15847396850586,84.2315673828125,256.0899963378906,69.66000366210938,115.33210754394531,45.52260971069336,41.3277473449707,143.39956665039062,132.05812072753906,76.21418762207031,98.45640563964844,37.44096755981445,88.34912109375,70.74874114990234,99.8462905883789,91.056640625
2024-10-30,566.9268188476562,491.4066162109375,216.8580780029297,74.74126434326172,42.738162994384766,84.47867584228516,257.5,71.36000061035156,113.49820709228516,45.726356506347656,41.421852111816406,143.12899780273438,131.8341522216797,76.09097290039062,98.3187255859375,37.35123062133789,88.73828125,70.6241455078125,99.71843719482422,90.9642333984375
2024-10-31,555.8133544921875,479.0021057128906,213.2541961669922,74.28181457519531,42.46113586425781,84.61595916748047,253.50999450683594,73.08000183105469,109.85516357421875,45.095706939697266,41.68061828613281,141.92111206054688,130.3151397705078,75.93932342529297,96.81407165527344,37.738494873046875,87.23722839355469,70.42835998535156,99.517578125,90.94572448730469
2024-11-01,558.1590576171875,482.54620361328125,214.44895935058594,74.43183898925781,42.499351501464844,83.42302703857422,252.47000122070312,72.0199966430664,110.6806640625,45.250946044921875,41.417144775390625,142.76181030273438,130.4904022216797,75.96776580810547,98.3875732421875,36.897865295410156,86.27359008789062,70.43284606933594,98.97235870361328,90.58423614501953
2024-11-04,556.9568481445312,481.14044189453125,215.5360107421875,74.48810577392578,42.738162994384766,84.71790313720703,252.8300018310547,74.29000091552734,110.59661865234375,44.90166473388672,42.141693115234375,141.82449340820312,130.34432983398438,76.17628479003906,98.04828643798828,36.45866012573242,87.21868896484375,70.62960815429688,99.70539855957031,90.96429443359375
2024-11-05,563.6914672851562,487.2783203125,219.59034729003906,75.22885131835938,43.32086944580078,85.16790008544922,253.39999389648438,74.7300033569336,112.1536865234375,45.31886672973633,42.42399215698242,142.8680877685547,132.52552795410156,76.65966796875,99.78404235839844,37.0064811706543,88.37689971923828,70.82637023925781,100.1819076538086,91.17749786376953
2024-11-06,577.7079467773438,500.5143737792969,232.31155395507812,74.14115905761719,42.78592300415039,82.8353042602539,245.6999969482422,74.54000091552734,115.34693145751953,48.07427978515625,44.01894760131836,143.0516815185547,137.7155303955078,75.4085464477539,102.97529602050781,36.623958587646484,86.49596405029297,70.95158386230469,99.13728332519531,90.4637222290039
2024-11-07,582.1749877929688,508.39459228515625,231.48895263671875,75.26634979248047,43.73162841796875,83.87303924560547,249.64999389648438,74.66000366210938,117.3587646484375,47.29811096191406,43.81663513183594,144.0856170654297,136.8878936767578,75.68341064453125,104.2979965209961,36.6900749206543,87.53372192382812,71.25566864013672,100.3102035522461,91.1496810913086
2024-11-08,584.69677734375,508.9886779785156,233.19293212890625,74.22554779052734,42.652191162109375,84.93832397460938,247.9600067138672,73.12999725341797,117.23025512695312,47.72500228881836,44.10834503173828,145.11956787109375,138.35818481445312,76.6028060913086,105.77806091308594,37.39374542236328,88.84020233154297,71.37194061279297,100.65840911865234,91.3072738647461
2024-11-11,585.25390625,508.691650390625,236.6988525390625,74.24430084228516,42.32740783691406,84.52507019042969,242.13999938964844,70.94000244140625,116.58270263671875,48.40415573120117,44.35769271850586,144.26925659179688,139.42930603027344,76.33740234375,107.91212463378906,37.49763870239258,88.39544677734375,71.29145812988281,100.46595764160156,91.10331726074219
2024-11-12,583.4358520507812,507.7709045410156,232.54660034179688,72.86592864990234,41.524986267089844,83.25772094726562,240.0500030517578,70.69000244140625,116.73098754882812,48.25862503051758,44.12245559692383,142.2593231201172,138.23162841796875,76.4227066040039,106.47138977050781,37.06787872314453,87.17236328125,71.0052490234375,99.55880737304688,90.57496643066406
2024-11-13,583.7191772460938,507.1175842285156,230.24522399902344,72.43461608886719,41.25751495361328,82.46794128417969,237.6300048828125,70.7300033569336,116.3256607055664,48.28772735595703,44.465919494628906,141.8824462890625,138.52371215820312,76.65019226074219,107.38107299804688,37.00176239013672,87.65419006347656,71.02313995361328,99.1831283569336,90.55642700195312
2024-11-14,579.9659423828125,503.5932312011719,227.1407928466797,72.58464050292969,41.028255462646484,82.94550323486328,237.00999450683594,71.29000091552734,115.93020629882812,48.161598205566406,44.63528823852539,139.65029907226562,136.186767578125,76.46063995361328,105.85675048828125,36.8742561340332,86.86659240722656,70.8710708618164,99.15563201904297,90.51932525634766
2024-11-15,572.5372924804688,491.5946960449219,223.7523956298828,72.32208251953125,41.028255462646484,82.72509002685547,236.58999633789062,69.75,113.05333709716797,48.38475036621094,44.569419860839844,137.0605926513672,135.4564666748047,75.78767395019531,104.95198822021484,37.42680358886719,86.91292572021484,70.86213684082031,99.2014389038086,90.52861785888672
2024-11-18,574.8831787109375,495.01007080078125,224.19308471679688,72.71591186523438,41.4963264465332,82.87202453613281,241.08999633789062,72.06999969482422,113.41911315917969,48.53029251098633,45.1622314453125,137.1572265625,135.27145385742188,76.31845092773438,105.92066192626953,37.752662658691406,87.54299926757812,70.9963150024414,99.38470458984375,90.61203002929688
2024-11-19,576.984619140625,498.4156188964844,225.85792541503906,72.62213897705078,41.46767044067383,83.29447937011719,243.25,72.30999755859375,114.34843444824219,48.210113525390625,44.8752326965332,136.45181274414062,135.1546173095703,76.4227066040039,105.99935913085938,37.9935188293457,87.9692153930664,71.10363006591797,99.595458984375,90.7417984008789
2024-11-20,577.1802978515625,498.1285400390625,226.15170288085938,72.42523193359375,41.41990661621094,83.02813720703125,244.6199951171875,72.0199966430664,114.24957275390625,48.064579010009766,45.326904296875,138.06556701660156,135.30067443847656,76.03410339355469,105.53221130371094,38.01240539550781,87.85802459716797,71.08573913574219,99.35723114013672,90.64910125732422
2024-11-21,580.2787475585938,499.92041015625,229.58908081054688,72.4439926147461,41.33393478393555,82.9638671875,246.66000366210938,73.19999694824219,115.41117858886719,48.675819396972656,45.69388961791992,139.17678833007812,136.99497985839844,76.85871124267578,105.71907043457031,38.67357635498047,88.50663757324219,71.11256408691406,99.23809051513672,90.60274505615234
2024-11-22,582.0772094726562,500.7222900390625,233.82948303222656,72.72528076171875,41.343482971191406,83.00977325439453,249.83999633789062,74.25,115.47050476074219,49.219139099121094,45.764461517333984,139.30242919921875,138.90350341796875,77.56957244873047,107.24340057373047,38.46577835083008,89.17378234863281,71.09468841552734,99.32971954345703,90.66763305664062
2024-11-25,584.0515747070312,501.5142517089844,237.38436889648438,73.10035705566406,41.37214660644531,85.15870666503906,242.47999572753906,72.0999984741211,115.46556091308594,49.53931427001953,44.861122131347656,140.49099731445312,139.77011108398438,77.99610900878906,108.33992004394531,38.536617279052734,90.41537475585938,71.36299896240234,100.5667724609375,91.48339080810547
2024-11-26,587.1013793945312,504.20703125,235.64122009277344,72.67839813232422,41.200199127197266,84.8281021118164,242.9499969482422,71.61000061035156,116.04389190673828,49.63633728027344,44.79996109008789,141.2447052001953,139.93565368652344,78.31835174560547,108.73329162597656,39.15055847167969,90.77674865722656,71.22883605957031,100.3102035522461,91.34434509277344
2024-11-27,585.3223266601562,500.2371826171875,235.96437072753906,73.07221984863281,41.25751495361328,85.41586303710938,243.49000549316406,71.72000122070312,114.47200012207031,49.73335266113281,44.75291442871094,141.9984130859375,139.41957092285156,78.47948455810547,108.19731903076172,39.15055847167969,91.36048889160156,71.44348907470703,100.67671966552734,91.59461975097656
2024-11-29,588.9583740234375,504.6327209472656,236.86534118652344,74.04739379882812,41.32438278198242,86.29747772216797,245.58999633789062,71.61000061035156,115.5347671508789,49.81097412109375,44.94580841064453,142.4429168701172,140.20831298828125,78.87757110595703,109.30860137939453,39.16472625732422,90.95278930664062,71.58657836914062,101.29985046386719,91.95614624023438
2024-12-02,590.0140991210938,510.1271057128906,236.74781799316406,74.25367736816406,41.48677444458008,86.50481414794922,243.44000244140625,71.04000091552734,116.63212585449219,49.31616973876953,44.47061538696289,142.19168090820312,139.17611694335938,78.78279113769531,110.26253509521484,38.3241081237793,89.62779235839844,71.56053161621094,101.45890045166016,91.96732330322266
2024-12-03,590.2876586914062,511.6912841796875,235.06341552734375,74.67562103271484,41.572750091552734,85.75836944580078,243.92999267578125,73.04000091552734,117.05229187011719,48.947479248046875,44.465919494628906,141.872802734375,138.29977416992188,78.37523651123047,110.17893981933594,37.9935188293457,89.17378234863281,71.56053161621094,101.10028839111328,91.7906265258789
2024-12-04,593.953125,518.0172119140625,235.90562438964844,74.73188781738281,41.677825927734375,86.67990112304688,244.6699981689453,71.87999725341797,119.1926498413086,48.76313781738281,43.393192291259766,141.79550170898438,138.90350341796875,78.15721893310547,111.20170593261719,37.988792419433594,88.932861328125,71.73124694824219,101.5876235961914,92.08820343017578
2024-12-05,592.9757080078125,516.5818481445312,233.1537628173828,75.09758758544922,41.95485305786133,86.85499572753906,242.86000061035156,71.47000122070312,118.589599609375,48.908668518066406,43.56257629394531,140.21075439453125,137.2189483642578,78.47000885009766,112.11138916015625,38.10685729980469,88.71974182128906,71.66834259033203,101.56004333496094,92.10679626464844
2024-12-06,594.099853515625,521.2048950195312,233.9861602783203,75.08820343017578,41.88798141479492,86.98402404785156,242.9499969482422,70.23999786376953,119.0492935180664,48.898963928222656,42.82390594482422,139.4183807373047,136.86837768554688,78.08140563964844,114.47161865234375,37.63460159301758,88.59001922607422,71.78515625,101.78992462158203,92.3671646118164
2024-12-09,591.0404052734375,517.1461181640625,232.81100463867188,75.04131317138672,42.74771499633789,86.1822738647461,245.36000061035156,71.16999816894531,118.27323913574219,48.22951889038086,42.753334045410156,139.82424926757812,135.680419921875,77.95818328857422,114.10774230957031,37.16233444213867,88.84020233154297,71.69529724121094,101.53246307373047,92.09750366210938
2024-12-10,589.2027587890625,515.3838500976562,231.8023223876953,74.36620330810547,42.05992889404297,85.77680969238281,248.58999633789062,71.4000015258789,116.63212585449219,48.219810485839844,42.46162414550781,139.2444610595703,135.34934997558594,78.32783508300781,114.29460906982422,36.89314651489258,87.5522689819336,71.73124694824219,101.37612915039062,91.98590850830078
2024-12-11,593.7576293945312,524.6105346679688,232.8501739501953,74.83502960205078,42.231876373291016,84.96583557128906,250.9600067138672,73.33000183105469,118.32266235351562,48.316829681396484,42.53221130371094,137.3505096435547,135.03775024414062,77.730712890625,116.30081176757812,36.66172790527344,87.3484115600586,71.74920654296875,101.10028839111328,91.77205657958984
2024-12-12,590.6981811523438,521.2247314453125,229.82411193847656,74.17866516113281,42.02172088623047,83.93375396728516,247.27999877929688,73.20999908447266,117.66028594970703,48.1033821105957,42.18874740600586,136.25857543945312,134.17112731933594,77.95818328857422,115.33702850341797,36.642845153808594,87.20942687988281,71.55154418945312,100.53018951416016,91.40007781982422
2024-12-13,590.5809326171875,525.2144165039062,228.24742126464844,73.97237396240234,42.05992889404297,83.07670593261719,244.2899932861328,74.20999908447266,118.16449737548828,48.064579010009766,41.977027893066406,136.23924255371094,133.82057189941406,77.75914764404297,115.79434967041016,36.66645431518555,86.95924377441406,71.34491729736328,99.96929931640625,91.05599975585938
2024-12-16,593.1026611328125,532.77783203125,229.58908081054688,73.72858428955078,41.83066940307617,83.32552337646484,244.8800048828125,73.69999694824219,119.34587860107422,47.977256774902344,41.05487060546875,134.6158447265625,133.9374542236328,77.35157012939453,117.3629150390625,36.373653411865234,86.65348815917969,71.47969055175781,100.09803009033203,91.13969421386719
2024-12-17,590.6590576171875,530.4317016601562,226.960693359375,73.61168670654297,41.73061752319336,83.52822875976562,243.94000244140625,73.30000305175781,118.62419128417969,47.63768005371094,40.749046325683594,134.51922607421875,132.71051025390625,77.21887969970703,117.73170471191406,36.22252655029297,86.23651885986328,71.32695007324219,100.10723114013672,91.13969421386719
2024-12-18,573.0554809570312,511.2952880859375,216.91259765625,71.80584716796875,40.75923156738281,82.48377990722656,239.25999450683594,72.94000244140625,114.7982406616211,46.211463928222656,39.54460144042969,132.69290161132812,128.96165466308594,76.0436019897461,112.42607879638672,35.36773681640625,82.678466796875,70.59454345703125,98.8660888671875,90.44560241699219
2024-12-19,572.8795166015625,509.01824951171875,215.95004272460938,71.5777359008789,40.895225524902344,81.23487854003906,239.60000610351562,72.61000061035156,114.92182159423828,46.37640380859375,39.20114517211914,131.68797302246094,128.79611206054688,75.50333404541016,112.27365112304688,35.5283088684082,81.39978790283203,70.52228546142578,98.33087921142578,90.21237182617188
2024-12-20,579.7603149414062,513.4633178710938,217.97340393066406,71.37814331054688,41.06036376953125,81.69744873046875,242.10000610351562,73.0999984741211,116.6370849609375,47.06525802612305,39.58694076538086,133.35000610351562,130.305419921875,75.76871490478516,112.558837890625,36.09501647949219,82.77113342285156,70.96480560302734,98.71846771240234,90.45494079589844
2024-12-23,583.2320556640625,518.4658813476562,217.4724578857422,71.84385681152344,41.29349136352539,80.94808197021484,240.9600067138672,73.05999755859375,117.87288665771484,47.178279876708984,39.81941604614258,134.6817626953125,130.27603149414062,75.36951446533203,112.9002456665039,36.217872619628906,83.09481048583984,70.7751693725586,98.43238830566406,90.17506408691406
2024-12-24,589.7146606445312,525.49609375,219.41725158691406,72.10047912597656,41.41977310180664,81.29039764404297,241.44000244140625,73.6500015258789,119.09088134765625,47.73366165161133,40.15626907348633,135.23504638671875,131.29383850097656,75.86613464355469,115.51129150390625,36.417869567871094,83.64678955078125,71.00093078613281,98.73690032958984,90.27767944335938
2024-12-26,589.7540283203125,525.13916015625,221.66651916503906,72.44263458251953,41.274070739746094,81.24412536621094,243.07000732421875,73.12999725341797,119.17009735107422,47.8505859375,40.12305450439453,135.5068359375,131.3916778564453,76.1048812866211,115.08269500732422,36.332157135009766,83.87132263183594,71.1815414428711,98.82919311523438,90.34297943115234
2024-12-27,583.5459594726562,518.1583862304688,218.43502807617188,72.33809661865234,41.08950424194336,80.57804107666016,241.39999389648438,73.8499984741211,117.5857162475586,47.499813079833984,40.11830520629883,134.8759002685547,130.4130401611328,75.73243713378906,113.18106079101562,36.22739791870117,83.02933502197266,70.93770599365234,98.41394805908203,90.1563949584961
2024-12-30,576.88671875,511.26702880859375,216.7554473876953,71.86286926269531,40.75923156738281,81.22562408447266,240.6300048828125,74.81999969482422,116.09046173095703,47.0418701171875,40.11356735229492,133.21603393554688,129.10165405273438,74.8442611694336,111.3631820678711,36.07501983642578,82.61769104003906,71.03704833984375,98.83839416503906,90.51089477539062
2024-12-31,574.7880249023438,506.9239196777344,217.0304718017578,71.86286926269531,40.62323760986328,80.79080963134766,242.1300048828125,75.55000305175781,115.12498474121094,47.09059143066406,40.640193939208984,133.53639221191406,128.945068359375,75.07347869873047,110.52568817138672,36.04169464111328,83.33806610107422,71.02803802490234,98.58926391601562,90.39897918701172
2025-01-02,573.3757934570312,505.9323425292969,217.20726013183594,71.61575317382812,40.5649528503418,81.01285552978516,245.4199981689453,76.93000030517578,114.85266876220703,46.973663330078125,41.114627838134766,133.57518005371094,128.49493408203125,74.8442611694336,109.0723648071289,36.317867279052734,82.5989761352539,71.19960021972656,98.5984878540039,90.40828704833984
2025-01-03,580.5448608398438,514.2119750976562,220.4387664794922,71.92940521240234,40.94379806518555,80.75382232666016,243.49000549316406,77.91999816894531,116.72421264648438,47.34392166137695,41.49892044067383,134.88563537597656,129.8845977783203,74.80606842041016,111.27943420410156,36.70357131958008,83.6842041015625,71.30799865722656,98.36780548095703,90.31501007080078
2025-01-06,583.88916015625,520.1217041015625,220.5271453857422,72.61371612548828,41.08950424194336,80.39302062988281,243.19000244140625,77.30000305175781,118.20956420898438,47.19776916503906,41.309146881103516,134.94384765625,129.6007537841797,74.02296447753906,111.7178955078125,36.294063568115234,82.60833740234375,71.43443298339844,98.11865997314453,90.22171020507812
2025-01-07,577.2888793945312,510.840576171875,218.75918579101562,72.55668640136719,40.79808807373047,79.48638916015625,244.55999755859375,78.16999816894531,115.83795166015625,47.09059143066406,41.72190475463867,135.61361694335938,129.4735565185547,73.76509857177734,109.55516052246094,36.20358657836914,81.82249450683594,71.19960021972656,97.66647338867188,89.90452575683594
2025-01-08,578.1322631835938,510.9298400878906,217.7671356201172,72.44263458251953,40.60381317138672,79.58818054199219,245.86000061035156,77.30000305175781,115.79835510253906,47.24648666381836,41.76460266113281,136.31251525878906,129.98245239257812,73.89881134033203,109.86553192138672,36.19406509399414,82.03765869140625,71.28993225097656,97.82337188720703,90.00714874267578
2025-01-10,569.3056030273438,502.91790771484375,212.97393798828125,71.34012603759766,39.91413116455078,79.06084442138672,248.2100067138672,80.63999938964844,113.27323150634766,46.10649108886719,41.935401916503906,135.54568481445312,128.52427673339844,72.90557861328125,108.7866439819336,35.98931121826172,80.03559875488281,70.91967010498047,97.26046752929688,89.50337982177734
2025-01-13,570.1883544921875,501.3016662597656,213.38645935058594,71.14053344726562,39.642147064208984,79.0330810546875,245.74000549316406,82.2300033569336,112.47114562988281,46.437767028808594,42.81785202026367,137.3123321533203,130.0313720703125,73.02975463867188,109.40245056152344,35.57027053833008,81.01792907714844,70.90159606933594,96.983642578125,89.41940307617188
2025-01-14,570.972900390625,500.82568359375,215.81253051757812,71.39715576171875,40.0889778137207,78.903564453125,247.02999877929688,81.66999816894531,112.76821899414062,47.01264190673828,43.27805709838867,135.89511108398438,131.56785583496094,73.04884338378906,109.19059753417969,36.036922454833984,81.75700378417969,70.99189758300781,97.09437561035156,89.4473876953125
2025-01-15,581.3589477539062,512.3477783203125,220.05569458007812,72.30957794189453,40.613525390625,80.26350402832031,248.8800048828125,84.33999633789062,115.01110076904297,48.211097717285156,43.918540954589844,136.44839477539062,132.39968872070312,72.80054473876953,111.96914672851562,36.56547927856445,82.22476196289062,71.61503601074219,98.25706481933594,90.22171020507812
2025-01-16,580.2408447265625,508.75830078125,220.49769592285156,72.68025207519531,40.5649528503418,80.52254486083984,250.60000610351562,82.94000244140625,114.12483978271484,48.53263854980469,44.23641586303711,136.9919891357422,134.004638671875,73.34489440917969,111.3631820678711,37.489261627197266,83.92745208740234,71.69629669189453,98.45085906982422,90.4176254272461
2025-01-17,586.0664672851562,517.3453369140625,221.45046997070312,72.97488403320312,40.8855094909668,80.66130065917969,249.27000427246094,82.5199966430664,115.91222381591797,48.94186019897461,44.5780029296875,136.06985473632812,134.80712890625,73.76509857177734,112.92487335205078,37.5416374206543,83.87132263183594,71.759521484375,98.53388214111328,90.4176254272461
2025-01-21,591.4309692382812,520.379638671875,225.70343017578125,74.44807434082031,41.322635650634766,81.38288879394531,253.1300048828125,81.11000061035156,116.87770080566406,49.35108947753906,44.350276947021484,138.3218231201172,137.57666015625,74.1089096069336,113.75251770019531,38.11781311035156,85.44303894042969,71.94915771484375,99.10601043701172,90.71615600585938
2025-01-22,594.755615234375,527.0330810546875,224.23011779785156,74.2770004272461,41.351776123046875,80.95734405517578,254.42999267578125,80.43000030517578,119.51668548583984,49.117244720458984,43.543739318847656,138.0111846923828,137.25372314453125,73.74600219726562,113.32391357421875,37.29403305053711,83.95552062988281,71.84983825683594,98.79228210449219,90.50160217285156
2025-01-23,598.001953125,528.1536254882812,225.25164794921875,74.8852767944336,41.44891357421875,80.32825469970703,254.07000732421875,79.20999908447266,119.7295913696289,49.39980697631836,43.743003845214844,139.85548400878906,138.6433563232422,74.01341247558594,114.00869750976562,37.47021484375,84.5729751586914,71.94015502929688,98.65385437011719,90.35231018066406
2025-01-24,596.2561645507812,525.1688842773438,224.6230010986328,75.30347442626953,41.72090530395508,80.68905639648438,255.64999389648438,79.5999984741211,118.48189544677734,49.54596710205078,43.32075500488281,140.0787353515625,138.05621337890625,74.3954086303711,113.31407165527344,37.85115051269531,84.86299896240234,72.02141571044922,98.84764862060547,90.50160217285156
2025-01-27,587.8218994140625,509.8788146972656,222.47195434570312,75.30347442626953,40.96322250366211,81.64192199707031,252.99000549316406,77.93000030517578,112.67414855957031,50.09160232543945,42.87004470825195,143.2237548828125,136.20655822753906,76.41049194335938,113.9594497680664,36.97499465942383,85.99501037597656,72.07561492919922,99.53047943115234,91.00537872314453
2025-01-28,592.8727416992188,517.4148559570312,222.71751403808594,75.20842742919922,41.26435089111328,81.58641815185547,255.17999267578125,78.86000061035156,115.67950439453125,50.00391387939453,42.4620246887207,142.2239532470703,135.3062286376953,75.21672058105469,114.09738159179688,36.465492248535156,84.95655059814453,72.04851531982422,99.39205932617188,90.97737121582031
2025-01-29,590.2149047851562,516.4429931640625,222.2067413330078,75.19892120361328,41.274070739746094,81.419921875,254.1999969482422,77.77999877929688,114.7387924194336,49.964935302734375,42.556915283203125,141.38917541503906,134.84625244140625,75.39817810058594,113.77223205566406,36.54166793823242,83.83389282226562,72.00336456298828,99.26290893554688,90.92139434814453
2025-01-30,593.3826293945312,518.644287109375,224.4658660888672,76.02579498291016,41.97346115112305,81.72518920898438,258.04998779296875,77.75,114.9516830444336,50.44237518310547,42.775150299072266,143.01991271972656,136.35336303710938,76.1430892944336,114.88561248779297,37.303550720214844,84.90042114257812,72.13880920410156,99.4843521118164,91.05199432373047
2025-01-31,590.2246704101562,517.8907470703125,222.45230102539062,75.31297302246094,41.49748229980469,81.1886215209961,258.55999755859375,78.0199966430664,114.2783203125,50.15005874633789,41.57957458496094,142.56365966796875,135.3943328857422,75.42682647705078,114.3781967163086,37.084510803222656,84.71331787109375,71.99433898925781,99.16139221191406,90.86541748046875
2025-02-03,586.2528076171875,513.7459106445312,219.84942626953125,74.4290542602539,41.19635772705078,81.84966278076172,259.94000244140625,77.81999969482422,112.738525390625,49.9454460144043,41.84051513671875,143.11695861816406,134.05355834960938,75.72288513183594,112.86576080322266,37.284507751464844,84.53556060791016,71.90361022949219,99.31790924072266,90.95153045654297
2025-02-04,590.1854248046875,520.0523071289062,222.894287109375,75.2939682006836,41.93460464477539,82.10032653808594,262.5,77.51000213623047,114.36248779296875,49.828521728515625,42.71821975708008,142.7286834716797,134.09271240234375,75.08302307128906,114.19590759277344,36.95594787597656,84.60103607177734,72.13041687011719,99.51239013671875,91.12002563476562
2025-02-05,592.5784301757812,522.4122924804688,225.3203887939453,76.02579498291016,41.827754974365234,83.4558334350586,264.1300048828125,76.08999633789062,115.95182800292969,50.354679107666016,42.8083610534668,144.0973663330078,134.1905975341797,75.55097961425781,112.9002456665039,37.327362060546875,85.7891845703125,72.32091522216797,100.20696258544922,91.60674285888672
2025-02-06,594.6380004882812,525.13916015625,224.58370971679688,76.38697052001953,42.002601623535156,83.4186782836914,263.42999267578125,75.44999694824219,116.2686996459961,50.77364730834961,42.02079772949219,142.8063507080078,134.79733276367188,75.894775390625,113.34854888916016,37.284507751464844,86.00436401367188,72.21205139160156,100.02175903320312,91.51313018798828
2025-02-07,589.1949462890625,518.5155029296875,221.98086547851562,75.66463470458984,41.963748931884766,82.88020324707031,263.8999938964844,75.86000061035156,115.27352142333984,50.4910888671875,42.016056060791016,142.13658142089844,134.39610290527344,75.7801742553711,111.13163757324219,37.208316802978516,85.72369384765625,71.98527526855469,99.58647155761719,91.22297668457031
2025-02-10,593.1962890625,524.7920532226562,222.9827117919922,76.1778793334961,42.468868255615234,82.62954711914062,268.3699951171875,77.4000015258789,116.95691680908203,50.09160232543945,42.94121170043945,142.01040649414062,135.5998077392578,76.24813079833984,111.51097869873047,37.613067626953125,85.68626403808594,72.13041687011719,99.61425018310547,91.25103759765625
2025-02-11,593.6474609375,523.5426635742188,221.68617248535156,76.53904724121094,42.303733825683594,82.10032653808594,267.3900146484375,78.2699966430664,117.01138305664062,50.218265533447266,43.28754425048828,141.74830627441406,135.6487579345703,76.98348999023438,110.24486541748047,37.80353546142578,86.06048583984375,72.10321044921875,99.3919906616211,91.04513549804688
2025-02-12,591.7350463867188,523.8501586914062,219.64317321777344,76.82417297363281,42.536865234375,80.98621368408203,267.6700134277344,76.31999969482422,116.75887298583984,50.042884826660156,42.24378967285156,141.5444793701172,134.80712890625,76.92620086669922,110.22516632080078,37.73687744140625,85.26527404785156,71.948974609375,98.8548355102539,90.56778717041016
2025-02-13,597.9822998046875,531.3860473632812,222.11834716796875,77.75559997558594,42.8088493347168,82.3324203491211,270.30999755859375,76.38999938964844,118.4125747680664,50.37416458129883,42.5616569519043,142.09776306152344,134.94412231445312,77.7570571899414,111.8804702758789,37.82258605957031,86.11662292480469,72.27555847167969,99.62351989746094,91.11064147949219
2025-02-14,597.952880859375,533.6171264648438,221.9513702392578,77.86965942382812,43.139122009277344,82.768798828125,266.2900085449219,75.81999969482422,118.8136215209961,50.47160339355469,42.73245620727539,140.5543670654297,134.61138916015625,76.98348999023438,111.8311996459961,37.66544723510742,85.72369384765625,72.35720825195312,100.01250457763672,91.44761657714844
2025-02-18,599.7083740234375,534.8268432617188,223.16934204101562,78.43041229248047,43.411109924316406,81.79395294189453,270.70001220703125,76.95999908447266,119.89791870117188,50.83211135864258,43.31601333618164,140.2825927734375,135.6683349609375,77.26045989990234,111.52082824707031,38.01781463623047,86.10726165771484,72.29370880126953,99.60501098632812,91.08257293701172
2025-02-19,601.1205444335938,534.9756469726562,222.40318298339844,77.6225357055664,43.343109130859375,81.89607238769531,270.8500061035156,77.44999694824219,119.9078140258789,50.85159683227539,43.65760040283203,142.10748291015625,135.80535888671875,77.88121032714844,111.45679473876953,38.21781539916992,86.17274475097656,72.34814453125,99.66056823730469,91.21360778808594
2025-02-20,598.6198120117188,532.7048950195312,220.2717742919922,77.98371124267578,43.74137878417969,82.20244598388672,270.989990234375,77.76000213623047,119.52658081054688,50.07210922241211,44.056129455566406,142.9034423828125,134.91476440429688,77.57560729980469,110.49610900878906,38.21304702758789,86.58438873291016,72.39348602294922,99.90135955810547,91.35401153564453
2025-02-21,588.3809814453125,521.6488037109375,213.9266815185547,77.49898529052734,43.6151008605957,83.19587707519531,270.739990234375,75.3499984741211,116.28849792480469,49.44852828979492,43.140464782714844,142.13658142089844,131.9592742919922,78.48286437988281,107.5895004272461,38.222572326660156,85.73304748535156,72.25743103027344,100.25328063964844,91.74713897705078
2025-02-24,585.7035522460938,515.4910888671875,212.3845672607422,77.45146179199219,42.944847106933594,83.43724822998047,272.2099914550781,75.97000122070312,114.62490844726562,49.66288375854492,43.149959564208984,143.2917022705078,131.36233520507812,78.72162628173828,107.18553161621094,38.03209686279297,86.0698471069336,72.34814453125,100.51261138916016,91.9062728881836
2025-02-25,582.790771484375,508.99627685546875,211.57916259765625,78.15479278564453,42.97399139404297,84.87631225585938,268.6199951171875,74.12999725341797,113.13955688476562,49.653141021728516,42.5284423828125,144.5244598388672,132.03758239746094,79.83897399902344,106.62389373779297,37.84162902832031,87.12699890136719,72.52957153320312,101.2812728881836,92.4771957397461
2025-02-26,583.0848999023438,510.22576904296875,211.84437561035156,78.25933837890625,43.40139389038086,85.37764739990234,269.0299987792969,73.8499984741211,114.3724136352539,49.54596710205078,42.28648376464844,143.48583984375,132.11587524414062,78.31096649169922,106.1854476928711,37.99877166748047,86.76214599609375,72.62936401367188,101.4942855834961,92.62698364257812
2025-02-27,573.77783203125,496.0561828613281,208.61288452148438,77.37543487548828,42.55629348754883,84.7741928100586,264.92999267578125,75.27999877929688,110.20845794677734,49.818782806396484,42.514217376708984,142.9034423828125,131.65589904785156,78.3014144897461,104.65331268310547,37.15593719482422,87.10829162597656,72.49327087402344,101.06828308105469,92.48656463623047
2025-02-28,582.73193359375,503.8896789550781,210.8326873779297,77.5370101928711,41.97346115112305,85.81401824951172,263.2699890136719,75.22000122070312,111.66410064697266,50.841861724853516,43.173683166503906,144.5632781982422,133.41744995117188,79.34237670898438,106.39237213134766,37.72258377075195,87.84737396240234,72.69286346435547,101.5128173828125,92.89840698242188
2025-03-03,572.5223999023438,492.8633117675781,205.06707763671875,78.39241027832031,41.604339599609375,86.2145004272461,266.739990234375,73.31999969482422,108.267578125,50.41313934326172,41.66497039794922,145.19424438476562,131.51890563964844,79.7625732421875,104.4316177368164,37.77497100830078,88.2590103149414,72.54156494140625,101.83353424072266,93.09934997558594
2025-03-04,565.74560546875,491.3759460449219,202.74905395507812,78.3733901977539,41.95403289794922,85.15277099609375,269.05999755859375,73.30999755859375,108.18341064453125,48.63981246948242,41.26170349121094,143.84500122070312,128.9548797607422,78.40646362304688,102.58911895751953,37.160701751708984,87.23927307128906,72.53244018554688,101.49888610839844,92.86461639404297
2025-03-05,571.8261108398438,497.78155517578125,204.76258850097656,80.24576568603516,43.20711898803711,84.472900390625,269.6199951171875,71.41999816894531,109.70343780517578,48.92237854003906,40.6591682434082,145.29129028320312,130.99046325683594,78.73116302490234,104.15081787109375,36.8988037109375,88.21223449707031,72.56890869140625,101.17350006103516,92.54539489746094
2025-03-06,561.6755981445312,484.0878601074219,201.6293182373047,79.41887664794922,42.93513488769531,84.19346618652344,268.25,71.12999725341797,106.65843963623047,48.11366271972656,40.782527923583984,144.89334106445312,129.86502075195312,78.87442779541016,101.51022338867188,36.13216018676758,85.94822692871094,72.29548645019531,100.85741424560547,92.45152282714844
2025-03-07,564.8236694335938,487.6476745605469,202.2873992919922,80.24576568603516,43.14883804321289,83.92339324951172,268.3900146484375,72.08999633789062,108.2032241821289,47.860328674316406,41.47993850708008,144.90301513671875,131.3819122314453,79.13227081298828,101.32300567626953,36.803565979003906,86.46278381347656,72.4139633178711,100.69937896728516,92.33885192871094
2025-03-10,549.7792358398438,468.7481384277344,197.1995391845703,78.35438537597656,42.11916732788086,84.7988510131836,266.0400085449219,70.88999938964844,103.60356140136719,46.78853988647461,41.78832244873047,143.3402099609375,129.32675170898438,78.96036529541016,97.70696258544922,37.208316802978516,85.63014221191406,72.14051818847656,101.04335021972656,92.7801284790039
2025-03-11,545.2090454101562,467.6277160644531,197.17987060546875,78.0882568359375,42.468868255615234,84.19346618652344,269.1600036621094,71.44999694824219,103.18270874023438,46.38905715942383,41.45622253417969,141.77745056152344,127.34012603759766,77.80480194091797,96.75122833251953,36.86071014404297,84.62910461425781,71.88533020019531,100.38330078125,92.45152282714844
2025-03-12,548.102294921875,472.9029235839844,197.52365112304688,78.64901733398438,42.701995849609375,83.69054412841797,270.3299865722656,72.80000305175781,104.80670166015625,46.45725631713867,41.645999908447266,140.36024475097656,127.33035278320312,76.11443328857422,97.31285858154297,36.74642562866211,84.3671646118164,71.96735382080078,100.08580780029297,92.17924499511719
2025-03-13,540.7957153320312,464.3951110839844,194.5770263671875,78.12628173828125,42.52714920043945,84.42632293701172,275.1300048828125,71.62000274658203,102.81632995605469,46.20392608642578,41.361331939697266,139.61280822753906,126.02874755859375,75.76109313964844,94.88409423828125,36.83689880371094,82.70188903808594,71.56631469726562,100.4018783569336,92.4609146118164
2025-03-14,551.9662475585938,475.6197814941406,199.28184509277344,79.56143951416016,43.30426025390625,83.97929382324219,275.239990234375,72.27999877929688,105.92566680908203,47.275718688964844,42.58537673950195,140.6805877685547,128.32855224609375,75.93299102783203,96.9039535522461,37.55592727661133,84.35780334472656,71.8944320678711,100.35540771484375,92.27310943603516
2025-03-17,556.2227172851562,478.70361328125,201.7963104248047,80.4548568725586,44.04250717163086,84.39839172363281,276.7300109863281,72.70999908447266,106.66339874267578,47.83110046386719,43.263824462890625,142.46664428710938,130.09991455078125,77.0407943725586,97.0566635131836,37.71305847167969,85.79853057861328,72.06761932373047,100.55992126464844,92.39519500732422
2025-03-18,550.2108154296875,470.54296875,200.0440216064453,80.44535827636719,43.819087982177734,84.48219299316406,279.9599914550781,72.20999908447266,105.03941345214844,47.772640228271484,43.334983825683594,142.5345458984375,129.06253051757812,76.16218566894531,95.32748413085938,37.451168060302734,85.3494873046875,71.94001770019531,100.80165100097656,92.48907470703125
2025-03-19,556.2030029296875,476.83941650390625,203.15480041503906,80.68296813964844,43.925941467285156,84.91993713378906,281.1099853515625,72.41999816894531,106.40594482421875,48.298789978027344,44.041893005371094,142.61221313476562,130.775146484375,76.16218566894531,97.15520477294922,37.589256286621094,85.45238494873047,72.4139633178711,101.39661407470703,92.76133728027344
2025-03-20,554.5946655273438,475.22320556640625,201.86520385742188,80.00814819335938,43.51796340942383,84.9758071899414,280.75,73.7300033569336,105.64839935302734,48.36699295043945,44.20320129394531,142.6995849609375,130.11947631835938,75.78973388671875,96.92366027832031,37.74163818359375,85.39627075195312,72.31369018554688,101.24788665771484,92.81766510009766
2025-03-21,554.777587890625,476.7898864746094,200.61497497558594,79.51392364501953,43.30426025390625,84.472900390625,278.489990234375,73.79000091552734,105.93557739257812,48.191612243652344,43.89482116699219,142.30162048339844,129.42462158203125,75.76109313964844,97.27344512939453,37.49878692626953,84.45134735107422,72.20430755615234,101.10842895507812,92.70500946044922
2025-03-24,564.712890625,487.252685546875,205.60601806640625,79.5044174194336,43.498531341552734,83.60674285888672,277.25,74.87999725341797,107.94184875488281,49.04140090942383,44.394954681396484,143.38807678222656,131.82472229003906,76.22959899902344,100.920166015625,37.486793518066406,85.75176239013672,72.4139633178711,100.67150115966797,92.34823608398438
2025-03-25,566.0703735351562,490.0332336425781,204.46408081054688,79.94161987304688,43.37225341796875,83.59742736816406,278.4700012207031,74.81999969482422,108.29896545410156,49.31520462036133,44.57664489746094,141.55616760253906,132.0210723876953,75.53833770751953,101.72540283203125,36.88735580444336,84.78959655761719,72.37749481201172,100.77375030517578,92.43274688720703
2025-03-26,559.3124389648438,481.0163269042969,202.38693237304688,78.9056396484375,43.109981536865234,83.04793548583984,278.239990234375,75.41999816894531,105.88349914550781,49.16852569580078,44.83961868286133,141.03970336914062,131.1474151611328,76.70962524414062,100.39652252197266,37.131927490234375,85.12039947509766,72.0858383178711,100.36470031738281,92.20741271972656
2025-03-27,557.8270874023438,478.27545166015625,201.4222412109375,79.07671356201172,43.32368469238281,82.80577850341797,281.9700012207031,75.4800033569336,104.90641021728516,49.07073974609375,44.40451431274414,141.2638397216797,130.45045471191406,77.58328247070312,100.46074676513672,37.12233352661133,84.90303039550781,71.94912719726562,100.24385833740234,92.16047668457031
2025-03-28,546.5933227539062,465.68353271484375,197.3270263671875,78.3733901977539,42.51743698120117,83.95133209228516,284.05999755859375,74.7699966430664,102.36198425292969,48.12217712402344,44.19413757324219,140.82533264160156,127.76073455810547,77.19927215576172,97.33863067626953,37.39568328857422,84.78959655761719,71.82151794433594,100.84812927246094,92.69563293457031
2025-03-31,550.2626342773438,465.6636657714844,196.38197326660156,77.67957305908203,42.44944381713867,84.78023529052734,288.1400146484375,77.33000183105469,102.41159057617188,48.708919525146484,44.68183517456055,142.2772216796875,128.6638641357422,78.4089584350586,97.54612731933594,37.81289291381836,85.57406616210938,71.90354919433594,101.04335021972656,92.87400817871094
2025-04-01,551.8167724609375,469.41741943359375,196.40167236328125,77.79362487792969,42.58543395996094,85.51490783691406,287.57000732421875,77.08000183105469,103.16053009033203,48.65024185180664,44.94480895996094,139.6754913330078,129.39027404785156,78.52415466308594,98.56378173828125,37.9088020324707,85.61188507080078,72.07025146484375,101.40450286865234,93.21782684326172
2025-04-02,555.308837890625,472.8434143066406,199.50259399414062,77.97420501708984,42.643714904785156,85.45880126953125,288.1600036621094,77.73999786376953,103.9243392944336,49.051177978515625,45.00696563720703,140.6109619140625,130.6074981689453,78.29374694824219,100.43605041503906,38.086238861083984,86.1317138671875,72.21675872802734,101.6378173828125,93.11420440673828
2025-04-03,527.9428100585938,447.53045654296875,186.6952667236328,76.3394546508789,41.740333557128906,85.85138702392578,286.4200134277344,72.25,96.83171081542969,46.63577651977539,41.473541259765625,139.47088623046875,123.5396728515625,78.74496459960938,94.36966705322266,37.84646224975586,83.19227600097656,71.3192367553711,101.62847900390625,93.60404968261719
2025-04-04,497.0354309082031,419.7348327636719,178.36708068847656,71.3021011352539,39.418724060058594,86.78606414794922,279.7200012207031,67.91999816894531,90.45331573486328,43.22292709350586,37.658016204833984,131.82154846191406,115.77489471435547,75.3271255493164,90.299072265625,35.74121856689453,79.58180236816406,70.30260467529297,101.5165023803711,93.68881225585938
2025-04-07,496.150146484375,420.74774169921875,176.75265502929688,69.5818099975586,37.951934814453125,84.16893005371094,273.7099914550781,65.9800033569336,90.99394989013672,43.1153564453125,37.41416549682617,131.03228759765625,115.23497772216797,74.45346069335938,89.2320327758789,35.19451904296875,77.4930191040039,69.6981201171875,99.5380630493164,92.5019302368164
2025-04-08,488.3790588378906,413.1707458496094,172.09632873535156,69.34420013427734,37.41767501831055,82.57996368408203,275.20001220703125,63.34000015258789,89.14390563964844,42.94911575317383,36.548736572265625,129.58033752441406,114.28279113769531,73.30137634277344,87.11275482177734,35.050655364990234,75.4136962890625,69.37757873535156,98.2781982421875,92.02151489257812
2025-04-09,539.6682739257812,462.763916015625,186.72482299804688,74.69517517089844,40.011268615722656,83.06600952148438,285.3800048828125,67.58000183105469,101.1120834350586,46.185951232910156,39.379302978515625,135.2126007080078,124.43297576904297,76.1431884765625,96.59764099121094,36.43177032470703,79.91261291503906,71.23677825927734,99.92069244384766,92.228759765625
2025-04-10,516.0205078125,443.0815734863281,178.8790283203125,73.22200012207031,39.32158660888672,80.77600860595703,292.3500061035156,65.31999969482422,96.40516662597656,44.89512252807617,36.80693435668945,131.44151306152344,121.2229995727539,76.18158721923828,92.82344055175781,36.15842819213867,78.08846282958984,70.0736312866211,98.2221908569336,91.50343322753906
2025-04-11,525.227783203125,451.2444763183594,181.4877166748047,75.05635833740234,40.55524444580078,81.21531677246094,297.92999267578125,66.45999908447266,98.37920379638672,45.638328552246094,37.72017288208008,133.37091064453125,123.36298370361328,77.14165496826172,93.72251892089844,36.59961700439453,79.0430679321289,70.28428649902344,98.20352935791016,91.40923309326172
2025-04-14,530.3233032226562,454.3031005859375,183.6239013671875,75.86422729492188,40.924373626708984,81.79481506347656,296.2300109863281,66.66000366210938,99.27693939208984,46.10771942138672,37.85404586791992,134.9982147216797,124.64894104003906,78.45696258544922,93.99423217773438,37.25661087036133,80.67818450927734,70.63231658935547,98.81013488769531,91.94615936279297
2025-04-15,528.837890625,454.8095703125,183.85031127929688,76.54854583740234,40.8855094909668,82.0845718383789,297.7799987792969,66.4800033569336,99.63900756835938,46.22506332397461,37.79667663574219,134.16993713378906,124.03050231933594,77.79450988769531,93.31745147705078,37.25181579589844,80.9239273071289,70.82466125488281,99.34209442138672,92.13455963134766
2025-04-16,517.0828857421875,441.095458984375,182.0882110595703,76.25390625,40.4095344543457,82.54258728027344,307.4700012207031,67.75,96.17701721191406,45.50142288208008,38.107460021972656,132.80572509765625,122.33226776123047,76.95924377441406,91.01538848876953,36.9161262512207,80.8672103881836,70.81549835205078,99.76203155517578,92.42658233642578
2025-04-17,517.8206787109375,441.01605224609375,183.5746612548828,77.08079528808594,40.720375061035156,81.81350708007812,306.1199951171875,69.4800033569336,95.65623474121094,45.61876678466797,38.96810531616211,132.0261993408203,122.9997787475586,78.6009750366211,91.58842468261719,37.29497146606445,82.0770034790039,71.22763061523438,99.6220474243164,92.19108581542969
2025-04-21,505.49517822265625,430.102294921875,179.89295959472656,76.66259765625,40.710662841796875,80.3834228515625,315.5899963378906,68.62000274658203,93.18621063232422,44.6408805847168,37.949676513671875,129.18084716796875,120.2413558959961,77.85211181640625,89.14311218261719,36.4125862121582,80.36627960205078,70.80634307861328,98.54884338378906,91.63532257080078
2025-04-22,518.64697265625,441.3934020996094,184.54925537109375,78.24983978271484,41.322635650634766,80.83208465576172,311.1099853515625,69.37000274658203,95.45782470703125,46.117496490478516,38.9155158996582,131.60716247558594,122.3420639038086,78.95619201660156,91.96387481689453,37.4052734375,81.92578125,71.08110809326172,98.79147338867188,91.80486297607422
2025-04-23,526.6836547851562,451.4034118652344,187.28594970703125,78.56349182128906,41.798614501953125,81.61722564697266,303.6499938964844,68.05000305175781,98.2254409790039,46.66511535644531,38.843788146972656,132.26004028320312,123.8734359741211,78.50495147705078,94.01893615722656,37.56352996826172,82.0770034790039,71.43829345703125,99.23009490966797,92.03093719482422
2025-04-24,537.769775390625,464.10455322265625,191.0365753173828,79.60897064208984,42.284305572509766,82.4771499633789,308.07000732421875,68.45999908447266,101.89079284667969,47.18340301513672,39.46536636352539,133.87759399414062,126.65148162841797,77.81371307373047,95.8912124633789,37.62106704711914,82.37947082519531,72.07939910888672,100.24730682373047,92.53960418701172
2025-04-25,541.6553344726562,469.27838134765625,191.09564208984375,79.95113372802734,42.20659255981445,83.0846939086914,304.7300109863281,69.02999877929688,103.39859771728516,46.95848846435547,39.393646240234375,134.52073669433594,126.64165496826172,77.6120834350586,97.61528778076172,37.505977630615234,82.2376937866211,72.14350128173828,100.77925109863281,92.87872314453125
2025-04-28,541.8618774414062,469.1294250488281,191.9028778076172,80.4833755493164,42.284305572509766,83.60811614990234,309.07000732421875,67.76000213623047,103.22997283935547,47.105167388916016,39.67096710205078,135.0566864013672,127.06378936767578,77.35286712646484,97.64986419677734,37.73616409301758,82.74807739257812,72.18014526367188,101.0125503540039,93.13306427001953
2025-04-29,545.2753295898438,472.2277526855469,193.0349578857422,80.64495086669922,42.400875091552734,84.30913543701172,306.05999755859375,65.8499984741211,103.71107482910156,47.5941162109375,39.556217193603516,135.71929931640625,127.88838195800781,77.99612426757812,98.34147644042969,38.0286979675293,83.19227600097656,72.37249755859375,101.24585723876953,93.35912322998047
2025-04-30,545.49169921875,472.16815185546875,191.82412719726562,80.5499038696289,42.50772476196289,83.62682342529297,303.7699890136719,63.560001373291016,104.14259338378906,47.682125091552734,38.48997116088867,136.87887573242188,128.81109619140625,78.56256866455078,97.44731903076172,37.83686828613281,83.48529052734375,71.98780822753906,100.76991271972656,93.27434539794922
2025-05-01,549.3574829101562,478.33502197265625,193.01527404785156,80.29328918457031,42.498008728027344,83.20278930664062,297.4599914550781,64.5199966430664,105.67022705078125,47.67234420776367,38.6334114074707,133.1467742919922,129.78292846679688,77.88090515136719,97.98579406738281,37.947166442871094,83.7593765258789,72.080810546875,100.41573333740234,93.02013397216797
2025-05-02,557.5122680664062,485.4353332519531,197.35655212402344,81.83300018310547,43.71223831176758,82.30216979980469,297.9800109863281,64.01000213623047,107.43595123291016,48.66001892089844,39.19761276245117,134.98846435546875,132.10940551757812,78.3033447265625,99.50731658935547,38.24449157714844,84.78959655761719,72.30175018310547,100.17212677001953,92.56649780273438
2025-05-05,554.3154296875,482.5555419921875,195.84056091308594,81.97557067871094,44.04250717163086,81.84248352050781,306.8800048828125,62.369998931884766,106.86556243896484,48.34709548950195,38.48997116088867,134.6084442138672,132.17813110351562,78.23612976074219,98.45014953613281,38.148582458496094,84.6005630493164,72.27411651611328,100.03158569335938,92.40584564208984
2025-05-06,549.68212890625,478.0669250488281,193.70437622070312,81.87101745605469,43.86766052246094,82.11454010009766,315.4800109863281,64.5999984741211,105.97774505615234,48.07328414916992,38.499534606933594,130.89584350585938,131.01980590820312,78.10173034667969,97.590576171875,38.613746643066406,83.94840240478516,72.21887969970703,100.22833251953125,92.63265991210938
2025-05-07,551.9938354492188,479.9437561035156,194.34423828125,81.59538269042969,43.36254119873047,82.461669921875,310.75,63.5099983215332,107.03915405273438,48.35687255859375,38.513877868652344,131.89950561523438,131.6873016357422,78.2265396118164,98.35134887695312,38.72404479980469,84.04291534423828,72.28330993652344,100.4344711303711,92.77442169189453
2025-05-08,555.8400268554688,484.899169921875,198.045654296875,81.31026458740234,43.33340072631836,81.54228210449219,304.6300048828125,65.5999984741211,108.0608901977539,48.757808685302734,39.02070236206055,130.710693359375,133.50332641601562,78.13053131103516,99.51225280761719,38.41233825683594,83.71212768554688,72.26490020751953,99.92852020263672,92.29246520996094
2025-05-09,555.1317749023438,484.58135986328125,197.68142700195312,81.70944213867188,43.62481689453125,81.66425323486328,306.8399963378906,66.61000061035156,107.92697143554688,48.757808685302734,39.41277313232422,129.28802490234375,133.611328125,77.67930603027344,99.99144744873047,38.47947692871094,84.26976013183594,72.31094360351562,99.89102172851562,92.386962890625
2025-05-12,573.4774780273438,504.32330322265625,204.63140869140625,82.12763977050781,44.567054748535156,80.90436553955078,298.19000244140625,67.5999984741211,112.93643951416016,49.7454833984375,40.440765380859375,132.48416137695312,137.72442626953125,77.79450988769531,104.96112823486328,38.24929428100586,84.68563842773438,73.02897644042969,99.87227630615234,92.07511138916016
2025-05-13,577.2647094726562,512.0095825195312,205.3795928955078,82.232177734375,44.6447639465332,80.5760269165039,299.4599914550781,69.58999633789062,115.376708984375,49.950843811035156,41.00974655151367,128.4987335205078,138.68641662597656,76.74803161621094,106.34928894042969,38.196537017822266,83.60814666748047,73.1578598022461,99.95661926269531,91.9805908203125
2025-05-14,578.00244140625,515.0780639648438,203.55841064453125,81.83300018310547,44.9847526550293,80.0412826538086,293.1600036621094,68.7300033569336,116.12564849853516,49.81393051147461,40.761112213134766,125.47798919677734,138.01889038085938,76.33519744873047,106.75930786132812,38.0286979675293,82.78587341308594,72.89089965820312,99.45065307617188,91.71598052978516
2025-05-15,580.8256225585938,515.6441040039062,204.88739013671875,82.72640991210938,44.96532440185547,80.74488067626953,297.8399963378906,67.58999633789062,116.28437042236328,50.14642333984375,40.93324279785156,127.12478637695312,139.55027770996094,77.9001235961914,106.52218627929688,38.839141845703125,84.2981185913086,73.02897644042969,100.16276550292969,92.23575592041016
2025-05-16,584.5045776367188,517.8884887695312,206.58059692382812,82.91649627685547,44.93618392944336,80.96066284179688,294.239990234375,68.0999984741211,116.50260162353516,50.44956588745117,40.871089935302734,129.68753051757812,141.14051818847656,78.79297637939453,107.52994537353516,39.40980911254883,85.34724426269531,73.11181640625,100.35015106201172,92.29246520996094
2025-05-19,585.1439208984375,518.3849487304688,205.71429443359375,83.70536804199219,45.033321380615234,80.72611236572266,298.0299987792969,68.51000213623047,116.33396911621094,50.47890090942383,40.34035873413086,130.93479919433594,141.6215362548828,79.02339935302734,107.27801513671875,39.57765197753906,85.36614227294922,73.07501220703125,100.3595199584961,92.26410675048828
2025-05-20,583.1765747070312,516.6571044921875,205.82257080078125,84.10455322265625,44.9847526550293,80.14447784423828,303.5799865722656,68.66000366210938,115.89749145507812,50.2050895690918,39.9674072265625,131.25637817382812,141.11106872558594,79.30181884765625,106.71979522705078,39.692745208740234,84.8652114868164,73.03817749023438,100.11589050292969,92.10344696044922
2025-05-21,573.3495483398438,509.477294921875,200.0440216064453,83.61032104492188,44.86818313598633,78.7748031616211,305.82000732421875,67.58999633789062,113.72010803222656,49.178306579589844,39.231082916259766,128.21615600585938,138.72569274902344,78.3801498413086,104.55604553222656,38.96862030029297,82.60629272460938,72.55028533935547,99.00090026855469,91.49861907958984
2025-05-22,573.5758666992188,510.4306640625,200.0341796875,83.56279754638672,44.722476959228516,79.18760681152344,303.1099853515625,67.13999938964844,113.74987030029297,49.11962890625,39.07807922363281,127.21248626708984,138.6962432861328,78.0537338256836,105.0055923461914,38.41233825683594,82.22823333740234,72.69757843017578,99.50686645507812,91.76323699951172
2025-05-23,569.6607666015625,505.70367431640625,199.4041748046875,83.6768569946289,44.90704345703125,79.31892395019531,309.75,67.98999786376953,112.49502563476562,48.943607330322266,39.202392578125,127.00782775878906,138.2446746826172,78.34175109863281,104.06204223632812,38.872703552246094,82.31330108642578,72.6791763305664,99.58181762695312,91.89553833007812
2025-05-27,581.5044555664062,517.6004638671875,204.46408081054688,84.89342498779297,44.80018615722656,80.42593383789062,304.5,67.27999877929688,115.16838073730469,49.80415725708008,39.541866302490234,128.78131103515625,140.67913818359375,79.05219268798828,107.13475799560547,39.16524124145508,83.74993133544922,73.12104034423828,100.48131561279297,92.31134033203125
2025-05-28,578.14013671875,515.3064575195312,202.30819702148438,83.91446685791016,44.596195220947266,80.07881164550781,303.80999755859375,67.88999938964844,114.69225311279297,49.47167205810547,39.039825439453125,128.11868286132812,139.98220825195312,78.51455688476562,106.15168762207031,38.61854553222656,83.66486358642578,73.07501220703125,100.2376937866211,92.1412582397461
2025-05-29,580.4221801757812,516.3194580078125,202.90867614746094,84.2851333618164,44.76133346557617,80.8199462890625,305.6099853515625,67.19000244140625,114.88568878173828,49.725921630859375,39.33149337768555,128.9761962890625,140.10980224609375,78.83137512207031,106.19612884521484,38.887088775634766,84.42097473144531,73.18548583984375,100.68744659423828,92.48145294189453
2025-05-30,579.7730102539062,515.5050659179688,201.87506103515625,84.40869140625,44.21735763549805,80.94190216064453,303.6000061035156,67.1500015258789,114.52857208251953,49.833492279052734,38.982452392578125,129.24903869628906,140.19813537597656,79.52264404296875,105.61814880371094,39.285125732421875,84.42097473144531,73.24994659423828,100.97791290283203,92.70826721191406
2025-06-02,583.0388793945312,519.57666015625,202.50506591796875,85.31161499023438,44.53791046142578,80.18859100341797,311.6700134277344,69.55000305175781,115.5403823852539,49.853050231933594,39.494056701660156,129.32699584960938,140.0214385986328,79.57064819335938,105.86516571044922,39.40980911254883,84.5344009399414,73.2369613647461,100.69203186035156,92.46459197998047
2025-06-03,586.3637084960938,523.63818359375,205.7733612060547,84.66532135009766,44.6447639465332,80.04735565185547,308.9100036621094,69.88999938964844,117.27633666992188,49.950843811035156,39.9626350402832,129.62908935546875,141.1012725830078,79.49382781982422,106.4283218383789,39.515316009521484,84.3642807006836,73.3757095336914,100.73905181884766,92.3982162475586
2025-06-04,586.2063598632812,525.0980834960938,205.1925506591797,85.04549407958984,45.198455810546875,81.34678649902344,310.8999938964844,69.33999633789062,117.44994354248047,49.66725540161133,39.183265686035156,129.88241577148438,141.1798095703125,78.93699645996094,106.146728515625,38.82474899291992,84.6005630493164,73.51446533203125,101.47258758544922,92.94815063476562
2025-06-05,583.373291015625,521.145751953125,205.28115844726562,84.98846435546875,45.431583404541016,81.40327453613281,309.3299865722656,69.93000030517578,117.11762237548828,49.53034591674805,39.14501953125,129.70703125,141.0816192626953,78.17852020263672,103.46924591064453,38.762413024902344,84.5344009399414,73.35721588134766,101.16223907470703,92.71111297607422
2025-06-06,589.364013671875,526.2399291992188,208.59864807128906,85.2926025390625,45.577293395996094,80.36750793457031,305.17999267578125,71.37999725341797,118.22367858886719,50.14642333984375,39.881351470947266,130.94456481933594,142.2694091796875,78.42816162109375,104.81293487548828,38.93505096435547,84.9408187866211,73.34796905517578,100.55095672607422,92.2370376586914
2025-06-09,589.8951416015625,527.0146484375,210.03587341308594,85.2831039428711,45.96584701538086,80.45223999023438,306.6199951171875,72.05000305175781,118.8039779663086,49.87260818481445,39.957847595214844,130.72042846679688,142.1417999267578,78.32254791259766,105.6527328491211,38.6856803894043,85.05423736572266,73.38494873046875,100.8519058227539,92.3508071899414
2025-06-10,593.2396850585938,530.500244140625,211.16796875,85.39715576171875,46.22812271118164,80.86654663085938,306.7099914550781,71.5999984741211,119.4686050415039,49.9312858581543,40.67026901245117,132.21131896972656,141.52334594726562,78.49535369873047,106.9173812866211,38.776798248291016,85.78199768066406,73.5606918334961,101.09642791748047,92.55939483642578
2025-06-11,591.5476684570312,528.7127075195312,210.30169677734375,85.25458526611328,46.42239761352539,81.11139678955078,308.3699951171875,74.81999969482422,119.20571899414062,49.87260818481445,41.25838088989258,132.27952575683594,141.59205627441406,78.2265396118164,106.07264709472656,38.80078125,85.3188705444336,73.54220581054688,101.4161605834961,92.87229919433594
2025-06-12,593.898681640625,529.9541015625,209.4649200439453,85.91039276123047,46.50010681152344,82.08124542236328,312.20001220703125,75.05000305175781,120.3117904663086,49.87260818481445,41.401817321777344,133.31243896484375,141.2190704345703,78.68737030029297,105.57369995117188,39.2707405090332,85.73474884033203,73.62544250488281,101.98042297363281,93.213623046875
2025-06-13,587.2588500976562,523.3005981445312,205.6355438232422,84.8078842163086,45.76185989379883,81.2903060913086,316.2900085449219,80.22000122070312,118.62542724609375,48.85559844970703,42.123802185058594,132.64984130859375,140.03126525878906,77.72730255126953,104.60050964355469,39.04534149169922,84.90303039550781,73.4034423828125,101.36914825439453,92.88179016113281
2025-06-16,592.84619140625,530.5797119140625,208.05996704101562,85.12599182128906,46.32286834716797,80.47108459472656,311.7799987792969,78.58999633789062,120.54490661621094,49.41299819946289,41.999488830566406,132.24058532714844,140.9932861328125,77.97692108154297,105.72684478759766,38.853519439697266,84.96917724609375,73.55142974853516,101.1904525756836,92.69215393066406
2025-06-17,587.7802734375,525.4059448242188,205.86851501464844,84.08174133300781,45.714778900146484,81.45034790039062,311.94000244140625,82.30000305175781,119.69180297851562,49.12941360473633,42.391563415527344,130.05780029296875,139.93310546875,77.31446838378906,103.90396881103516,38.5322265625,84.66673278808594,73.46820068359375,101.53840637207031,92.97660827636719
2025-06-18,587.6917114257812,525.3164672851562,206.95436096191406,84.22677612304688,45.7049674987793,81.59160614013672,310.260009765625,82.2699966430664,119.83564758300781,49.10985565185547,42.1142463684082,129.83372497558594,139.59938049316406,77.21846771240234,103.95336151123047,38.632930755615234,84.959716796875,73.5792007446289,101.6136474609375,93.04296112060547
2025-06-20,586.3114624023438,523.1715087890625,206.52001953125,83.47259521484375,45.44015884399414,81.44094848632812,310.1300048828125,83.12000274658203,119.304931640625,49.246761322021484,42.5445671081543,129.2100830078125,139.7564239501953,77.784912109375,104.07685852050781,38.738433837890625,84.90303039550781,73.8104248046875,101.69828796386719,93.1282958984375
2025-06-23,592.102783203125,528.5509643554688,209.047119140625,84.10108184814453,45.8128547668457,81.70460510253906,311.0799865722656,76.41000366210938,120.66520690917969,49.866905212402344,41.468685150146484,129.39608764648438,141.6488800048828,78.68583679199219,106.1397476196289,39.22952651977539,86.1789779663086,73.94916534423828,101.95222473144531,93.31794738769531
2025-06-24,598.6438598632812,536.6336059570312,211.71238708496094,85.12599182128906,46.99961471557617,82.29783630371094,306.19000244140625,73.0,122.831298828125,50.612648010253906,40.92881774902344,130.9822235107422,142.83041381835938,78.6181640625,106.72886657714844,39.39853286743164,86.40580749511719,74.15267181396484,102.43182373046875,93.69719696044922
2025-06-25,598.9793090820312,538.0054931640625,209.2445526123047,84.66188049316406,47.038848876953125,82.40139770507812,307.1199951171875,73.30999755859375,123.87957000732422,50.44583511352539,40.75046157836914,131.09970092773438,141.57009887695312,77.56450653076172,105.471435546875,38.872188568115234,84.32647705078125,74.1341552734375,102.3095932006836,93.68771362304688
2025-06-26,603.6655883789062,543.0360107421875,212.6403045654297,85.60944366455078,47.35270309448242,82.81571197509766,306.7799987792969,73.58999633789062,124.73407745361328,50.81871032714844,41.33371353149414,131.4130401611328,143.1061248779297,77.49683380126953,106.44173431396484,39.19572448730469,84.24820709228516,74.3469009399414,102.68576049804688,93.94373321533203
2025-06-27,606.664794921875,544.8951416015625,212.70941162109375,86.38296508789062,47.166351318359375,82.28839111328125,301.2200012207031,73.27999877929688,124.58502960205078,50.96589660644531,41.11680603027344,131.1290740966797,144.5338134765625,77.86417388916016,108.21402740478516,39.272987365722656,84.45818328857422,74.30989837646484,102.51647186279297,93.67822265625
2025-06-30,609.5653686523438,548.4244995117188,213.01539611816406,86.43131256103516,47.313472747802734,83.09819793701172,304.8299865722656,73.11000061035156,125.80717468261719,51.38783264160156,40.880611419677734,131.97109985351562,145.25262451171875,78.27017211914062,107.59026336669922,39.432342529296875,85.00221252441406,74.5966567993164,103.08072662353516,94.05748748779297
2025-07-01,609.3681030273438,543.8015747070312,215.20687866210938,86.2862777709961,47.4017448425293,83.30423736572266,307.54998779296875,73.93000030517578,124.68439483642578,51.67239761352539,41.19392776489258,133.85093688964844,145.73509216308594,79.24649810791016,108.05067443847656,39.567543029785156,85.62259674072266,74.5027847290039,103.20531463623047,93.97093963623047
2025-07-02,612.1305541992188,547.58935546875,218.18804931640625,86.53766632080078,47.60771179199219,82.77496337890625,309.25,75.58999633789062,126.00094604492188,51.63314437866211,41.902503967285156,132.5291748046875,145.88278198242188,79.47848510742188,108.9170150756836,39.22469711303711,85.82302856445312,74.64216613769531,103.18645477294922,93.85679626464844
2025-07-03,616.9549560546875,552.977783203125,220.21168518066406,86.5570068359375,47.823482513427734,82.19842529296875,307.1400146484375,75.19000244140625,127.66029357910156,52.19245529174805,41.950706481933594,132.66624450683594,147.1234130859375,79.43982696533203,109.5110855102539,39.51925277709961,85.91847229003906,74.68863677978516,102.94103240966797,93.66654968261719
2025-07-07,612.357421875,548.8121948242188,216.90475463867188,85.61911010742188,47.14673614501953,81.41398620605469,307.3699951171875,76.4800033569336,126.64678955078125,51.692020416259766,41.54581069946289,131.55007934570312,146.61138916015625,79.37216186523438,108.1199722290039,39.601348876953125,85.18355560302734,74.43772888183594,102.32752227783203,93.33362579345703
2025-07-08,612.0220336914062,549.1204223632812,218.40521240234375,86.24759674072266,47.440975189208984,81.31001281738281,304.1600036621094,76.95999908447266,127.3274154663086,51.230838775634766,42.66410827636719,132.14732360839844,146.572021484375,78.63749694824219,107.75364685058594,39.181236267089844,85.05948638916016,74.33550262451172,102.03489685058594,93.29558563232422
2025-07-09,615.692138671875,553.007568359375,220.77435302734375,86.89542388916016,47.36251449584961,82.16062927246094,305.5199890136719,76.93000030517578,128.09249877929688,51.41727066040039,42.44719696044922,132.65646362304688,147.5960235595703,78.12516784667969,108.39225006103516,39.54823303222656,85.12628936767578,74.53994750976562,102.6200942993164,93.6855697631836
2025-07-10,617.4285888671875,552.2122192382812,221.90956115722656,86.83740234375,47.490013122558594,82.21733093261719,306.20001220703125,75.38999938964844,127.67022705078125,51.721458435058594,42.7701530456543,133.4691162109375,148.42312622070312,78.40550231933594,109.59028625488281,39.871761322021484,85.66077423095703,74.46559143066406,102.63898468017578,93.65705108642578
2025-07-11,615.2579956054688,550.9695434570312,218.84942626953125,86.00586700439453,47.33308792114258,81.08316802978516,309.1400146484375,77.29000091552734,127.10882568359375,51.18177795410156,42.96296691894531,132.3627166748047,147.8914031982422,78.11549377441406,109.61998748779297,39.813812255859375,85.67032623291016,74.37267303466797,102.0160140991211,93.26703643798828
2025-07-14,616.4320678710938,552.9678344726562,220.3202667236328,86.00586700439453,47.4017448425293,80.91304016113281,308.010009765625,75.62000274658203,127.0044937133789,51.56446075439453,42.490577697753906,132.20608520507812,148.68896484375,78.18315887451172,110.02593231201172,39.973167419433594,86.22389221191406,74.42842102050781,101.9876937866211,93.25753021240234
2025-07-15,613.7978515625,553.4747924804688,216.00645446777344,85.10665130615234,47.745018005371094,80.34597778320312,306.7300109863281,75.26000213623047,128.1322479248047,50.68134307861328,41.87840270996094,129.826904296875,147.57635498046875,77.40017700195312,108.45166778564453,39.5916862487793,84.95449829101562,74.20539855957031,101.61958312988281,92.98169708251953
2025-07-16,615.8499755859375,554.0415649414062,218.1781768798828,85.4547348022461,47.970603942871094,80.45939636230469,308.260009765625,75.19000244140625,128.5297088623047,51.03458786010742,41.51688766479492,131.4423828125,148.09820556640625,77.67083740234375,108.64967346191406,39.611000061035156,85.75621795654297,74.40054321289062,101.78003692626953,93.11483764648438
2025-07-17,619.6187744140625,558.5252075195312,221.0408935546875,85.6771240234375,48.24522399902344,80.44047546386719,307.5899963378906,76.16000366210938,129.6972198486328,51.52520751953125,41.772361755371094,129.9443817138672,149.4668426513672,78.40550231933594,109.02098083496094,39.775184631347656,85.66077423095703,74.47489929199219,102.02544403076172,93.15288543701172
2025-07-18,619.1649169921875,557.9883422851562,219.4713134765625,85.4354019165039,48.1373405456543,80.5633544921875,308.3900146484375,75.93000030517578,129.61276245117188,51.554649353027344,41.43494415283203,129.08277893066406,149.13206481933594,78.19283294677734,109.986328125,40.441566467285156,85.84212493896484,74.57711029052734,102.2142562866211,93.3241195678711
2025-07-21,620.3389892578125,560.8814086914062,218.58290100097656,85.88984680175781,48.45119094848633,81.28164672851562,313.1300048828125,75.58999633789062,129.7816619873047,51.40745544433594,41.00593948364258,128.3484649658203,148.34434509277344,78.18315887451172,110.50613403320312,40.57194137573242,86.19525909423828,74.6793441772461,102.61066436767578,93.58094787597656
2025-07-22,620.427734375,557.978515625,220.3992462158203,86.3636245727539,48.480613708496094,81.77311706542969,316.1000061035156,75.3499984741211,128.5793914794922,51.692020416259766,41.19874954223633,130.73744201660156,148.69882202148438,78.89849853515625,111.62496185302734,41.069313049316406,87.67463684082031,74.80945587158203,102.85609436035156,93.76167297363281
2025-07-23,625.7060546875,560.5235595703125,223.765380859375,88.51014709472656,48.971012115478516,81.31946563720703,312.17999267578125,75.27999877929688,129.31466674804688,52.10414505004883,41.844669342041016,133.42015075683594,151.36717224121094,78.92749786376953,112.15467834472656,40.76027297973633,87.846435546875,74.84661865234375,102.69562530517578,93.55239868164062
2025-07-24,625.9132690429688,561.7164916992188,220.67564392089844,87.8526611328125,48.706199645996094,81.17768096923828,310.2699890136719,76.08999633789062,129.86117553710938,52.074710845947266,42.14352035522461,132.92079162597656,151.11117553710938,78.64716339111328,110.2982177734375,40.7071533203125,87.54102325439453,74.75369262695312,102.54458618164062,93.4953384399414
2025-07-25,628.5572509765625,563.068603515625,221.49497985839844,87.74629211425781,48.55907440185547,81.68807983398438,307.3999938964844,74.8499984741211,130.15924072265625,52.437767028808594,41.98445129394531,133.625732421875,152.60781860351562,78.78250122070312,111.32296752929688,40.81338119506836,87.55056762695312,74.8001480102539,102.87496185302734,93.64752960205078
2025-07-28,628.3993530273438,564.8283081054688,221.23829650878906,86.3346176147461,48.235416412353516,81.1587905883789,305.4100036621094,77.16999816894531,131.1975555419922,52.074710845947266,42.46165466308594,132.46063232421875,152.1351776123047,77.97051239013672,111.97149658203125,40.378787994384766,86.14753723144531,74.76297760009766,102.66728973388672,93.52388000488281
2025-07-29,626.741943359375,563.9534301757812,219.8267059326172,86.16057586669922,48.255035400390625,82.52923583984375,306.25,79.80000305175781,131.20254516601562,51.80976867675781,42.876197814941406,131.61862182617188,150.4022216796875,78.48283386230469,111.19921875,40.84236145019531,87.5314712524414,74.80945587158203,103.3469009399414,94.02800750732422
2025-07-30,625.9526977539062,564.7089233398438,218.71121215820312,85.54176330566406,47.901947021484375,82.10392761230469,300.9599914550781,81.04000091552734,131.49566650390625,51.71164321899414,42.26402282714844,131.38365173339844,149.66375732421875,77.7868423461914,110.4962387084961,41.14657211303711,86.29071044921875,74.6514663696289,102.95990753173828,93.76167297363281
2025-07-31,623.6045532226562,561.7164916992188,216.56912231445312,84.62319946289062,47.62732696533203,82.15116882324219,302.9599914550781,79.58999633789062,130.53184509277344,51.38783264160156,42.037471771240234,127.70226287841797,149.673583984375,77.11984252929688,109.61998748779297,41.36869812011719,85.07856750488281,74.69792938232422,102.98822021484375,93.80923461914062
2025-08-01,613.3834228515625,550.6513671875,212.15658569335938,84.40081787109375,47.27424240112305,83.31908416748047,309.1099853515625,77.45999908447266,127.71492004394531,50.43602752685547,41.256591796875,128.3876495361328,147.4384765625,77.48717498779297,106.97639465332031,41.43147659301758,84.86859130859375,74.70167541503906,103.90184783935547,94.6205062866211
2025-08-04,622.706787109375,560.8118896484375,216.90475463867188,85.52242279052734,47.7646369934082,83.5467758178711,310.9100036621094,76.11000061035156,130.30828857421875,50.93646240234375,41.165008544921875,130.22833251953125,148.7972869873047,77.86417388916016,108.23384094238281,42.16545867919922,85.73713684082031,74.95384216308594,104.0819320678711,94.69683837890625
2025-08-05,619.5496826171875,557.004150390625,218.0103759765625,85.51275634765625,47.901947021484375,83.80294799804688,311.1600036621094,75.0199966430664,129.23019409179688,50.73040008544922,41.2180290222168,129.72898864746094,148.49203491210938,77.7868423461914,108.37246704101562,41.71637725830078,86.12844848632812,74.91648864746094,104.15774536132812,94.72547149658203
2025-08-06,624.2952270507812,564.0131225585938,217.72409057617188,86.07355499267578,48.12752914428711,83.31908416748047,310.5,73.79000091552734,130.6858367919922,50.975711822509766,40.83723068237305,127.78058624267578,148.61019897460938,78.89849853515625,110.62496185302734,41.34456253051758,85.4603500366211,74.99120330810547,104.12931823730469,94.6872787475586
2025-08-07,623.7723388671875,565.921875,217.01332092285156,86.84707641601562,48.5296516418457,83.17677307128906,313.1199951171875,73.41999816894531,130.80508422851562,50.40658187866211,40.67816162109375,126.31196594238281,148.39358520507812,79.49781799316406,110.59030151367188,41.79364013671875,85.70849609375,74.91648864746094,104.02506256103516,94.6109390258789
2025-08-08,628.6362915039062,571.2008666992188,217.4871826171875,87.37887573242188,48.490421295166016,82.8162612915039,313.04998779296875,73.30000305175781,132.11172485351562,50.877586364746094,40.93845748901367,127.43793487548828,148.5117645263672,79.72982788085938,110.78336334228516,41.61497497558594,85.00221252441406,74.92582702636719,103.693359375,94.42960357666016
2025-08-11,627.39306640625,569.5108032226562,217.43783569335938,87.01144409179688,48.353111267089844,82.9111099243164,308.54998779296875,73.80000305175781,131.21743774414062,50.85795974731445,40.610679626464844,127.56519317626953,148.02926635742188,79.66215515136719,111.07049560546875,41.484596252441406,84.4390869140625,74.92582702636719,103.85447692871094,94.49642181396484
2025-08-12,634.0723266601562,576.6688232421875,223.89370727539062,88.07503509521484,48.94158935546875,82.49368286132812,308.2699890136719,72.94999694824219,133.2493896484375,51.47614669799805,40.808311462402344,128.44639587402344,149.56527709960938,79.87482452392578,112.24873352050781,41.663265228271484,84.91632080078125,75.09394073486328,103.94923400878906,94.49642181396484
2025-08-13,636.2427978515625,576.9572143554688,228.2469940185547,88.6068344116211,49.53006362915039,83.17677307128906,309.2099914550781,72.45999908447266,133.299072265625,51.77051544189453,41.28069305419922,130.50245666503906,150.13638305664062,79.87482452392578,113.78836059570312,41.75501251220703,85.70849609375,75.29008483886719,104.49895477294922,94.84001922607422
2025-08-14,636.302001953125,576.509765625,225.3053436279297,88.61650848388672,48.921974182128906,82.56007385253906,307.25,73.73999786376953,133.0109405517578,52.015830993652344,41.242130279541016,131.15846252441406,148.80712890625,79.15948486328125,113.65963745117188,41.46528244018555,85.09766387939453,75.09394073486328,104.13878631591797,94.57276153564453
2025-08-15,634.812255859375,573.9747314453125,224.20962524414062,89.13863372802734,48.98081970214844,81.97187805175781,307.42999267578125,72.80000305175781,132.0023956298828,51.47614669799805,41.242130279541016,133.3614044189453,148.12774658203125,79.28515625,113.38735961914062,41.34456253051758,85.58441925048828,75.14999389648438,104.0060806274414,94.42960357666016
2025-08-18,634.6741333007812,573.7459716796875,225.02894592285156,89.04193878173828,49.26525115966797,81.73468017578125,306.95001220703125,73.16999816894531,132.2855682373047,51.51539611816406,40.99629592895508,133.048095703125,148.70867919921875,79.17882537841797,113.84280395507812,41.165889739990234,84.85904693603516,75.09394073486328,103.8165512084961,94.32463836669922
2025-08-19,631.2308959960938,565.961669921875,223.30145263671875,89.0516128540039,48.86312484741211,82.20904541015625,305.2699890136719,72.30000305175781,129.9754180908203,51.613521575927734,41.010765075683594,133.89988708496094,149.03359985351562,79.99080657958984,113.78836059570312,41.566688537597656,86.31934356689453,75.07527160644531,103.97766876220703,94.5059585571289
2025-08-20,629.5537109375,562.601318359375,222.51171875,89.37068939208984,48.794471740722656,82.3893051147461,308.3599853515625,73.5199966430664,129.09605407714844,51.878456115722656,41.352996826171875,134.62442016601562,148.89572143554688,80.44514465332031,112.66458129882812,41.610145568847656,86.56748962402344,75.0472412109375,104.02506256103516,94.56324005126953
2025-08-21,627.028076171875,559.9966430664062,223.06454467773438,88.80988311767578,48.68658447265625,81.9813461303711,307.2900085449219,74.12999725341797,128.6290740966797,51.71164321899414,41.63739013671875,134.17404174804688,148.36404418945312,79.72014617919922,111.99624633789062,41.32524490356445,86.30979919433594,74.90714263916016,103.62699890136719,94.34371185302734
2025-08-22,636.6571655273438,568.6359252929688,231.81060791015625,90.14421844482422,49.657569885253906,82.58856201171875,310.5799865722656,74.63999938964844,130.3728790283203,52.565330505371094,42.48575210571289,135.28041076660156,150.78622436523438,79.72014617919922,115.39728546142578,41.5473747253418,87.98006439208984,75.5142593383789,104.44207000732422,94.86863708496094
2025-08-25,633.855224609375,566.99560546875,229.3723602294922,88.95491790771484,49.373138427734375,82.3513412475586,309.8299865722656,75.75,130.07974243164062,52.261138916015625,42.596622467041016,133.3516082763672,149.2797393798828,78.35716247558594,115.16461181640625,41.07897186279297,87.47421264648438,75.36479949951172,104.1672134399414,94.72547149658203
2025-08-26,636.5092163085938,569.2721557617188,231.26766967773438,88.85823822021484,49.245635986328125,82.3039321899414,312.0799865722656,74.05000305175781,130.67591857910156,52.663448333740234,42.52914047241211,134.183837890625,150.81578063964844,77.84484100341797,115.69432067871094,41.17072296142578,87.24514770507812,75.53292846679688,104.24304962158203,94.84001922607422
2025-08-27,637.95947265625,570.1470336914062,232.9063262939453,88.64551544189453,48.95139694213867,82.20904541015625,312.7099914550781,74.68000030517578,131.3813934326172,52.771385192871094,43.00634765625,134.10549926757812,150.79608154296875,78.07684326171875,115.71907043457031,41.18037414550781,87.78916931152344,75.62632751464844,104.28094482421875,94.93544006347656
2025-08-28,640.21875,573.7161865234375,233.18272399902344,88.97425842285156,49.13774490356445,82.74983978271484,315.0299987792969,75.23999786376953,132.41973876953125,52.84008026123047,43.334129333496094,133.57679748535156,151.0619354248047,77.5838394165039,115.91708374023438,40.86650466918945,87.56011199951172,75.66370391845703,104.44207000732422,95.04998016357422
2025-08-29,636.400634765625,567.0751342773438,232.146240234375,88.45213317871094,48.90235900878906,82.16161346435547,318.07000732421875,74.83999633789062,130.38778686523438,52.977455139160156,43.570316314697266,134.55587768554688,149.673583984375,78.08650207519531,114.72400665283203,40.7168083190918,88.03732299804688,75.52357482910156,104.0629653930664,94.92589569091797
2025-09-02,631.6847534179688,562.322998046875,230.89256286621094,87.58192443847656,48.86312484741211,81.5501937866211,325.5899963378906,76.76000213623047,129.0712127685547,52.58495330810547,43.63297653198242,134.6831512451172,148.2458953857422,77.9608383178711,113.86756134033203,40.58160400390625,86.57703399658203,75.44194030761719,103.71487426757812,94.674072265625
2025-09-03,635.108154296875,566.7470092773438,230.66552734375,87.71728515625,49.04947280883789,82.44542694091797,328.1400146484375,74.83000183105469,129.8412628173828,52.49664306640625,42.65446472167969,134.04678344726562,147.49757385253906,77.90283203125,114.32795715332031,40.48019790649414,86.62476348876953,75.64839172363281,104.33307647705078,95.01878356933594
2025-09-04,640.416015625,571.8768920898438,233.5479736328125,88.3554458618164,48.892547607421875,83.07396697998047,326.69000244140625,74.18000030517578,130.48216247558594,53.046146392822266,42.93886184692383,134.55587768554688,149.16160583496094,77.95116424560547,116.41709899902344,40.431907653808594,87.2737808227539,75.85487365722656,105.04637908935547,95.40181732177734
2025-09-05,638.5612182617188,572.7020263671875,234.71279907226562,88.75187683105469,49.48102569580078,84.34059143066406,331.04998779296875,72.62999725341797,130.59146118164062,52.074710845947266,42.109779357910156,135.01605224609375,148.61019897460938,78.17350769042969,116.39234161376953,40.306358337402344,88.25685119628906,75.89240264892578,105.73115539550781,95.85185241699219
2025-09-08,640.1300659179688,575.4956665039062,235.18661499023438,89.64142608642578,49.93218994140625,85.46439361572266,334.82000732421875,73.04000091552734,131.57015991210938,52.11396408081055,42.01337432861328,134.96710205078125,148.94497680664062,77.88349914550781,116.84284210205078,39.895912170410156,87.74144744873047,75.89240264892578,106.10205078125,96.17743682861328
2025-09-09,641.6099243164062,577.126220703125,233.80462646484375,89.34168243408203,50.206809997558594,84.97867584228516,334.05999755859375,73.38999938964844,131.82354736328125,52.33964157104492,42.2158203125,135.69161987304688,147.94064331054688,78.03817749023438,116.67947387695312,40.1711540222168,87.54102325439453,75.80793762207031,105.91185760498047,95.98591613769531
2025-09-10,643.4647216796875,577.3150634765625,233.39004516601562,89.32234191894531,50.55009078979492,85.46439361572266,335.260009765625,74.70999908447266,134.21319580078125,52.163021087646484,42.95332336425781,134.45797729492188,149.03359985351562,77.2745132446289,115.28341674804688,40.861671447753906,87.3978500366211,75.86425018310547,106.22571563720703,96.17743682861328
2025-09-11,648.81201171875,580.6754150390625,237.70384216308594,90.26991271972656,51.28568649291992,86.03579711914062,334.760009765625,73.0,134.66531372070312,53.016700744628906,42.96296691894531,136.79798889160156,150.45144653320312,77.90283203125,117.52600860595703,41.07897186279297,88.99176788330078,76.05193328857422,106.72026824951172,96.359375
2025-09-12,648.5949096679688,583.2403564453125,235.2754669189453,89.91215515136719,51.25625991821289,85.66439056396484,335.4200134277344,73.30999755859375,134.57591247558594,52.791015625,42.707489013671875,135.22166442871094,149.25021362304688,77.641845703125,118.13494110107422,41.286617279052734,88.58135223388672,75.97685241699219,106.53006744384766,96.27318572998047
2025-09-15,652.0479736328125,588.2310180664062,236.27249145507812,90.51163482666016,51.62895965576172,85.86436462402344,338.9100036621094,74.2300033569336,135.7880859375,52.67326736450195,42.56288146972656,134.0663299560547,149.93946838378906,76.75251770019531,119.15968322753906,41.38318634033203,88.43818664550781,76.19270324707031,106.8629379272461,96.43598937988281
2025-09-16,651.1502075195312,587.7339477539062,235.88343811035156,90.26023864746094,52.011470794677734,86.04531860351562,339.5899963378906,75.66999816894531,135.31613159179688,52.555519104003906,43.27627944946289,134.0663299560547,149.49636840820312,77.10052490234375,119.89237213134766,40.62989044189453,87.97051239013672,76.13638305664062,106.767822265625,96.47428131103516
2025-09-17,650.3412475585938,586.5609130859375,236.4873046875,89.92182159423828,52.23705291748047,85.8262710571289,336.9700012207031,74.97000122070312,134.84912109375,53.06576919555664,43.377506256103516,134.3306884765625,148.8169708251953,77.56450653076172,119.59039306640625,40.73129653930664,87.85598754882812,76.06131744384766,106.57760620117188,96.30191802978516
2025-09-18,653.3799438476562,591.8499145507812,242.37744140625,90.26991271972656,52.109554290771484,84.94059753417969,335.6199951171875,74.69000244140625,137.17916870117188,53.114830017089844,43.24253463745117,134.59503173828125,150.4022216796875,76.8878402709961,119.05078887939453,40.76027297973633,88.04686737060547,76.230224609375,106.35887908935547,96.03379821777344
2025-09-19,656.615966796875,595.8563842773438,240.53616333007812,89.92182159423828,51.99185562133789,84.7786865234375,339.17999267578125,73.5199966430664,138.5702362060547,53.23257827758789,42.66893005371094,134.41880798339844,150.7665252685547,76.73318481445312,119.50128173828125,41.02102279663086,87.47421264648438,76.2583999633789,106.27326965332031,96.03379821777344
2025-09-22,659.7225341796875,599.3838500976562,241.93197631835938,90.21189880371094,52.24686050415039,84.47391510009766,345.04998779296875,73.44999694824219,140.60877990722656,53.16169357299805,42.61982727050781,134.38438415527344,151.27076721191406,75.87767028808594,119.11198425292969,41.41868591308594,87.49330139160156,76.31468963623047,106.03550720214844,95.91889190673828
2025-09-23,656.1312866210938,595.4025268554688,241.38751220703125,90.03784942626953,52.276283264160156,85.06437683105469,346.4599914550781,75.05000305175781,139.39500427246094,52.925418853759766,43.35389709472656,134.68930053710938,151.31031799316406,76.25724029541016,117.9911880493164,41.6325798034668,87.97051239013672,76.2583999633789,106.24474334716797,96.07209777832031
2025-09-24,654.043701171875,593.3123168945312,239.1700439453125,89.5157241821289,52.0997428894043,84.74059295654297,343.32000732421875,76.38999938964844,138.53440856933594,52.77775192260742,43.917816162109375,134.14833068847656,150.52926635742188,76.42269897460938,118.82434844970703,41.92912292480469,87.1052474975586,76.15516662597656,105.81674194335938,95.89016723632812
2025-09-25,651.0263061523438,590.7543334960938,236.88328552246094,88.87757110595703,51.79569625854492,84.74059295654297,344.75,76.98999786376953,138.29066467285156,52.63992691040039,44.31159210205078,131.9254913330078,149.51089477539062,75.6927261352539,117.14810943603516,41.525634765625,86.84508514404297,75.93932342529297,105.62653350830078,95.7561264038086
2025-09-26,654.7560424804688,593.1829223632812,238.91265869140625,89.56407165527344,51.69761657714844,84.6644058227539,346.739990234375,77.0199966430664,138.70852661132812,53.023868560791016,44.719947814941406,133.27296447753906,150.8555145263672,75.87767028808594,118.87890625,42.201358795166016,87.70265197753906,76.08946990966797,105.76919555664062,95.8231201171875
2025-09-29,656.59619140625,595.9300537109375,239.18984985351562,89.91215515136719,52.16839599609375,85.35962677001953,352.4599914550781,74.58999633789062,139.44970703125,53.28968048095703,43.898372650146484,133.66636657714844,151.32022094726562,76.02365112304688,119.39962005615234,42.32289123535156,87.73155975341797,76.2208480834961,106.12110137939453,96.00507354736328
2025-09-30,659.0695190429688,597.5623779296875,239.52642822265625,90.27957916259766,52.374366760253906,85.11200714111328,355.4700012207031,73.75,140.2108154296875,53.03371047973633,43.431678771972656,136.8826446533203,152.4868621826172,76.2767105102539,118.84419250488281,42.395816802978516,88.08806610107422,76.19270324707031,106.01649475097656,95.99549102783203
2025-10-01,661.3153686523438,600.4288940429688,240.05108642578125,91.02409362792969,52.78629684448242,85.33181762695312,356.0299987792969,73.13999938964844,141.58375549316406,52.561161041259766,43.431678771972656,141.1119842529297,152.06175231933594,76.159912109375,119.58807373046875,42.80416488647461,88.22296142578125,76.33507537841797,106.44220733642578,96.24046325683594
2025-10-02,662.0770263671875,602.897216796875,241.56570434570312,91.16912841796875,53.031494140625,85.58028411865234,354.7900085449219,71.54000091552734,142.349853515625,52.521785736083984,42.99415969848633,140.83656311035156,152.4572296142578,75.85820007324219,118.72515869140625,42.72638702392578,87.76046752929688,76.3067855834961,106.61402893066406,96.34615325927734
2025-10-03,662.0671997070312,600.3591918945312,243.3574981689453,91.93297576904297,53.18842315673828,85.41783142089844,357.6400146484375,71.70999908447266,141.63351440429688,52.88604736328125,43.2226448059082,142.43978881835938,152.6648406982422,75.94578552246094,117.96142578125,43.22224426269531,88.08806610107422,76.22193908691406,106.48038482666016,96.24046325683594
2025-10-06,664.4415283203125,604.8680419921875,244.32765197753906,92.14569854736328,53.43362045288086,84.73931121826172,364.3800048828125,72.87000274658203,143.06617736816406,52.86635208129883,43.43653869628906,141.7512969970703,153.376708984375,75.39102172851562,118.9731216430664,43.64031982421875,87.25941467285156,76.24079895019531,106.13674926757812,96.02912139892578
2025-10-07,661.9780883789062,601.6829833984375,241.7042999267578,91.34317016601562,53.021690368652344,85.2267074584961,366.260009765625,73.19999694824219,142.11106872558594,52.935264587402344,43.504600524902344,141.85946655273438,152.5066680908203,76.09178924560547,116.89022064208984,43.83963394165039,86.94145202636719,76.15592193603516,106.33721923828125,96.19243621826172
2025-10-08,665.925537109375,608.5805053710938,244.23854064941406,91.61389923095703,53.44343185424805,85.29359436035156,372.29998779296875,73.52999877929688,144.60328674316406,52.679298400878906,43.25181198120117,142.13487243652344,153.8314971923828,75.71220397949219,117.23738098144531,44.14104080200195,86.48857116699219,76.04278564453125,106.20357513427734,96.20203399658203
2025-10-09,663.9963989257812,607.8441162109375,242.66455078125,90.85972595214844,52.89418411254883,85.2267074584961,365.42999267578125,72.51000213623047,144.35952758789062,52.492252349853516,42.66358184814453,141.82012939453125,151.55747985839844,75.95552062988281,116.65218353271484,44.02922821044922,86.01643371582031,75.8259048461914,105.99357604980469,96.08674621582031
2025-10-10,646.050048828125,586.7432250976562,235.39837646484375,89.18697357177734,50.942405700683594,86.60285186767578,369.1199951171875,69.38999938964844,138.48468017578125,51.35026168823242,41.42878341674805,139.77432250976562,148.205810546875,76.013916015625,113.44352722167969,43.84935760498047,84.91797637939453,75.38277435302734,106.28948211669922,96.48062896728516
2025-10-13,655.9630126953125,599.1947021484375,241.95179748535156,89.9024887084961,52.423404693603516,86.5550765991211,378.0899963378906,70.27999877929688,141.8573760986328,51.842498779296875,41.992706298828125,139.616943359375,149.7482147216797,75.7608642578125,115.97772979736328,44.18478775024414,85.45757293701172,75.85421752929688,106.65220642089844,96.66316223144531
2025-10-14,655.1616821289062,595.2034301757812,245.40667724609375,90.30858612060547,51.9526252746582,86.83222198486328,380.7900085449219,69.0,140.03671264648438,52.41349792480469,41.98784637451172,140.0005340576172,151.50808715820312,76.97747802734375,116.22071838378906,44.57855987548828,86.33440399169922,75.93905639648438,107.0053939819336,96.8168716430664
2025-10-15,658.0703125,599.4036865234375,247.812255859375,90.74369049072266,52.80591583251953,86.64108276367188,387.3900146484375,68.98999786376953,141.42459106445312,52.41349792480469,41.96354293823242,140.2169189453125,150.8753204345703,77.11373901367188,116.38934326171875,45.16192626953125,87.58702850341797,76.18421936035156,107.0053939819336,96.77845001220703
2025-10-16,653.5887451171875,597.1841430664062,242.59524536132812,91.21746826171875,53.14918899536133,87.29093933105469,396.45001220703125,67.80999755859375,141.52906799316406,50.95647048950195,41.45795440673828,139.98089599609375,149.8865966796875,76.57843017578125,115.2635726928711,44.67092514038086,87.2786865234375,75.91079711914062,107.31084442138672,97.12429809570312
2025-10-17,657.298583984375,601.1056518554688,240.9618377685547,91.38185119628906,53.139381408691406,87.15715789794922,388.989990234375,67.9800033569336,141.7777862548828,51.36995315551758,41.798255920410156,140.91525268554688,150.01513671875,77.60039520263672,116.25543212890625,44.51536178588867,87.84718322753906,76.10879516601562,107.10086059570312,96.98979949951172
2025-10-20,664.1348876953125,608.6801147460938,245.66404724121094,92.13602447509766,53.865169525146484,87.49164581298828,403.1499938964844,67.83000183105469,143.35964965820312,51.970481872558594,42.240638732910156,142.41026306152344,151.78489685058594,77.53225708007812,117.17786407470703,44.50077438354492,88.733642578125,76.2596435546875,107.42540740966797,97.15311431884766
2025-10-21,664.1249389648438,608.5208740234375,244.50582885742188,91.45919036865234,53.26689147949219,87.92169189453125,377.239990234375,68.2699966430664,143.43426513671875,51.91141128540039,42.14341354370117,142.7446746826172,153.12953186035156,77.1721420288086,118.61109924316406,44.04867172241211,88.4831314086914,76.1465072631836,107.44448852539062,97.2491683959961
2025-10-22,660.6722412109375,602.6583862304688,240.8925323486328,91.3238296508789,53.21784591674805,87.97901916503906,377.2799987792969,70.62999725341797,142.01654052734375,51.616065979003906,42.68302536010742,143.56105041503906,151.14224243164062,77.61011505126953,117.6837158203125,43.94658660888672,88.85891723632812,76.07106018066406,107.54948425292969,97.23955535888672
2025-10-23,664.5899658203125,607.724609375,243.94155883789062,91.749267578125,53.688629150390625,87.376953125,378.7900085449219,73.29000091552734,143.807373046875,51.724361419677734,43.25181198120117,143.63970947265625,153.03065490722656,77.23052978515625,118.21434783935547,43.91255569458008,88.80110168457031,76.24079895019531,107.41585540771484,97.06665802001953
2025-10-24,670.0213012695312,614.2140502929688,246.92129516601562,91.89430236816406,54.04171371459961,87.41516876220703,377.5199890136719,73.18000030517578,146.04090881347656,52.28551483154297,42.81428527832031,143.6298828125,153.15921020507812,76.97747802734375,117.86224365234375,44.427860260009766,89.06126403808594,76.4482192993164,107.59722137451172,97.16272735595703
2025-10-27,677.926025390625,625.1527709960938,247.7825469970703,92.53245544433594,54.63999938964844,87.71144104003906,367.010009765625,73.12000274658203,148.73707580566406,52.502098083496094,42.91637420654297,143.96429443359375,154.02923583984375,77.10400390625,119.55831909179688,44.54939270019531,89.3117904663086,76.63679504394531,107.77857971191406,97.22996520996094
2025-10-28,679.7266235351562,629.9600219726562,246.45602416992188,92.49378204345703,54.62038040161133,87.94078063964844,364.3800048828125,71.38999938964844,150.20953369140625,52.16737747192383,42.4691276550293,143.05941772460938,152.93177795410156,76.3351058959961,119.58807373046875,43.81532669067383,87.55812072753906,76.56135559082031,107.78813171386719,97.28761291503906
2025-10-29,680.0531005859375,632.7967529296875,244.35733032226562,91.9716567993164,54.934234619140625,87.0520248413086,363.0,71.80000305175781,151.28900146484375,51.28134536743164,42.785118103027344,141.6135711669922,153.32728576660156,74.5345230102539,118.6011734008789,43.800743103027344,85.30340576171875,76.32564544677734,107.17721557617188,96.82649230957031
2025-10-30,672.5739135742188,623.1222534179688,242.3873748779297,91.56555938720703,54.36537551879883,86.54551696777344,370.1300048828125,71.70999908447266,149.4285430908203,51.41917037963867,42.532325744628906,141.92832946777344,152.9416961669922,74.45665740966797,115.92316436767578,43.61600875854492,85.70809173583984,76.18421936035156,106.60447692871094,96.6439437866211
2025-10-31,674.780029296875,626.1281127929688,243.75347900390625,91.36251068115234,54.23787307739258,86.28748321533203,368.1199951171875,72.55999755859375,149.5727996826172,51.55699920654297,42.84345245361328,141.87913513183594,153.30751037597656,74.2425308227539,118.98799896240234,43.31460952758789,85.92971801757812,76.18421936035156,106.17493438720703,96.58631134033203
2025-11-03,676.0463256835938,629.1240844726562,242.97142028808594,91.40118408203125,54.581153869628906,86.07169342041016,368.7799987792969,72.73999786376953,150.18466186523438,51.340415954589844,42.84830856323242,142.0758514404297,152.6549530029297,73.6585693359375,120.10383605957031,43.33891677856445,85.80445861816406,75.94730377197266,105.88943481445312,96.46776580810547
2025-11-04,668.0327758789062,616.35400390625,238.77406311035156,90.46328735351562,53.58074188232422,86.26351165771484,362.32000732421875,71.93000030517578,146.21998596191406,51.60622024536133,42.386478424072266,142.71519470214844,150.88519287109375,73.96027374267578,118.11021423339844,43.18335723876953,85.94898223876953,75.956787109375,106.03314208984375,96.51595306396484
2025-11-05,670.3478393554688,620.365234375,242.2190704345703,91.0434341430664,54.06132888793945,85.32355499267578,366.510009765625,71.02999877929688,146.79205322265625,51.783424377441406,42.498291015625,143.2659912109375,151.46852111816406,73.91161346435547,119.54840850830078,43.19307327270508,86.02606201171875,76.0325927734375,105.71699523925781,96.2557373046875
2025-11-06,663.1553955078125,608.8094482421875,237.93263244628906,90.84037780761719,53.659202575683594,86.09085845947266,366.07000732421875,70.87999725341797,143.84219360351562,51.596378326416016,42.91150665283203,143.5413818359375,150.86541748046875,73.5806884765625,116.78608703613281,43.00348663330078,85.61173248291016,76.06102752685547,106.27265930175781,96.61233520507812
2025-11-07,663.808349609375,606.8884887695312,239.17994689941406,91.17880249023438,53.50227737426758,85.90863037109375,368.30999755859375,71.26000213623047,143.34474182128906,51.96063232421875,43.52891159057617,143.73809814453125,151.59706115722656,74.66104888916016,116.96957397460938,43.6014289855957,86.94145202636719,76.12735748291016,106.0618896484375,96.57378387451172
2025-11-10,674.1665649414062,620.3153686523438,241.57562255859375,92.13602447509766,54.4438362121582,85.88945007324219,378.3800048828125,71.68000030517578,147.01092529296875,52.14768981933594,43.92267990112305,144.8593292236328,152.4572296142578,74.3885269165039,118.5069580078125,43.58684539794922,86.89325714111328,76.38323211669922,106.1193618774414,96.53524017333984
2025-11-11,675.7100219726562,618.6632080078125,241.7834930419922,92.81285858154297,54.502685546875,86.28269958496094,379.8699951171875,72.72000122070312,145.7573699951172,52.38395690917969,44.4963264465332,148.20346069335938,152.4967803955078,75.36181640625,118.79955291748047,43.61115264892578,87.86646270751953,76.4685287475586,106.5408935546875,96.82438659667969
2025-11-12,676.0859985351562,618.1754760742188,241.1895294189453,93.3639907836914,54.51249313354492,86.43614196777344,385.989990234375,69.79000091552734,146.21005249023438,52.836814880371094,43.87406921386719,150.3083038330078,152.64508056640625,75.2547607421875,118.00110626220703,43.71324157714844,87.21124267578125,76.31688690185547,106.43550872802734,96.78582763671875
2025-11-13,664.8670043945312,605.5548095703125,234.40841674804688,92.36808013916016,53.87498092651367,85.72640228271484,382.8699951171875,69.8499984741211,142.56375122070312,52.15753173828125,43.98588180541992,150.2296142578125,150.28208923339844,75.2547607421875,115.0552978515625,43.110435485839844,86.14169311523438,76.004150390625,105.90862274169922,96.4966812133789
2025-11-14,664.7581176757812,606.0126953125,235.0914764404297,92.10702514648438,53.90440368652344,85.23725128173828,375.9599914550781,71.37999725341797,143.3397674560547,51.63575744628906,44.73453140258789,149.33457946777344,150.29196166992188,75.19636535644531,114.50481414794922,43.14932632446289,86.32476043701172,76.02310943603516,105.6212158203125,96.38101196289062
2025-11-17,658.5648803710938,600.8369750976562,230.41896057128906,90.9080581665039,53.26689147949219,85.44824981689453,371.6499938964844,71.30000305175781,141.0962677001953,50.65127944946289,43.917816162109375,149.20672607421875,148.81883239746094,74.71943664550781,113.42864990234375,43.53823471069336,85.61173248291016,75.89990997314453,105.68826293945312,96.4002914428711
2025-11-18,653.03466796875,593.5213012695312,231.12181091308594,89.72844696044922,53.002071380615234,85.41947937011719,374.3500061035156,72.5,138.80303955078125,50.5725212097168,44.26784133911133,150.08206176757812,148.15638732910156,75.0406265258789,111.33583068847656,43.37294387817383,85.9586181640625,75.91886901855469,105.73616790771484,96.45812225341797
2025-11-19,655.557373046875,597.064697265625,231.08221435546875,89.45771026611328,52.81571960449219,85.246826171875,374.9599914550781,70.87999725341797,139.76808166503906,50.75957489013672,43.69419860839844,149.8263397216797,148.6507568359375,74.46639251708984,111.3407974243164,43.00834655761719,85.28413391113281,75.956787109375,105.74574279785156,96.45812225341797
2025-11-20,645.5652465820312,582.9310302734375,226.8056640625,88.22007751464844,52.089935302734375,85.58253479003906,374.8500061035156,70.1500015258789,135.38059997558594,50.316558837890625,43.198333740234375,148.93130493164062,146.15921020507812,75.00169372558594,109.679443359375,42.789581298828125,84.9276123046875,75.90937805175781,105.88943481445312,96.57378387451172
2025-11-21,651.995849609375,587.3104858398438,233.2303924560547,89.58341217041016,52.08012771606445,85.84149932861328,374.2699890136719,69.30000305175781,135.90292358398438,50.867862701416016,43.4705696105957,152.06886291503906,147.93887329101562,75.81927490234375,111.83175659179688,42.852783203125,86.30550384521484,76.16526794433594,106.26307678222656,96.80510711669922
2025-11-24,661.59228515625,602.3298950195312,237.4871368408203,89.66075897216797,52.629371643066406,86.33064270019531,380.20001220703125,70.41999816894531,139.14129638671875,51.084449768066406,43.349037170410156,152.70819091796875,148.30467224121094,74.94330596923828,113.32450103759766,43.33891677856445,86.53675079345703,76.37374877929688,106.68460083007812,96.99785614013672
2025-11-25,667.815185546875,606.0425415039062,242.66455078125,90.73401641845703,52.81571960449219,86.55123901367188,380.0799865722656,69.25,139.51438903808594,51.724361419677734,43.07679748535156,156.16050720214844,150.20297241210938,75.97499084472656,115.74958801269531,43.17362976074219,87.33650207519531,76.63911437988281,106.98158264160156,97.15206146240234
2025-11-26,672.4254150390625,611.3973999023438,244.81271362304688,91.72993469238281,53.19823455810547,86.93489074707031,383.1199951171875,70.04000091552734,141.16590881347656,52.12799835205078,43.40251159667969,155.81625366210938,151.0730438232422,76.80228424072266,116.54307556152344,43.74726867675781,87.72191619873047,76.71492004394531,107.34563446044922,97.30628967285156
2025-11-28,676.0958251953125,616.35400390625,246.24813842773438,92.03934478759766,53.276695251464844,86.52247619628906,387.8800048828125,71.06999969482422,142.3796844482422,52.502098083496094,43.97129440307617,155.05889892578125,151.95297241210938,77.25,117.26714324951172,44.05839538574219,88.010986328125,76.7528305053711,107.1635971069336,97.17134857177734
2025-12-01,673.0091552734375,614.2838134765625,243.14959716796875,91.58489227294922,53.237464904785156,85.44537353515625,389.75,71.05999755859375,142.44435119628906,52.06892395019531,44.39423370361328,152.73768615722656,149.72840881347656,77.1721420288086,117.3365707397461,43.02779006958008,86.999267578125,76.61477661132812,106.58954620361328,96.7516860961914
2025-12-02,674.2556762695312,619.0911254882812,242.70413208007812,91.89430236816406,53.257080078125,85.48387908935547,387.239990234375,70.19999694824219,143.91183471679688,52.01969909667969,43.820587158203125,151.82298278808594,151.03347778320312,76.66602325439453,117.25720977783203,42.721527099609375,86.69091033935547,76.7575912475586,106.6568603515625,96.87739562988281
2025-12-03,676.5905151367188,620.6040649414062,247.11927795410156,92.3874282836914,53.29631423950195,85.72452545166016,386.8800048828125,70.66000366210938,144.2550506591797,52.71868133544922,44.64216613769531,152.53114318847656,152.4671173095703,76.72442626953125,118.52183532714844,42.585411071777344,86.91253662109375,76.8242416381836,106.89724731445312,97.06111907958984
2025-12-04,677.0851440429688,620.0267333984375,249.2872772216797,92.63880920410156,53.28650665283203,85.26250457763672,387.1300048828125,71.38999938964844,144.7923126220703,52.82697296142578,44.831764221191406,151.3705291748047,153.258056640625,76.35457611083984,118.10028839111328,42.497901916503906,86.70055389404297,76.88136291503906,106.70494079589844,96.82904815673828
2025-12-05,678.371337890625,622.554931640625,248.24783325195312,92.63880920410156,53.688629150390625,84.86784362792969,386.44000244140625,71.91999816894531,145.8518829345703,52.84666442871094,44.64702606201172,150.74107360839844,152.83291625976562,76.36431121826172,118.75491333007812,42.09926986694336,86.60419464111328,76.88136291503906,106.59916687011719,96.72268676757812
2025-12-08,676.3333129882812,621.3605346679688,248.3468017578125,92.34874725341797,53.57093048095703,84.58869934082031,385.4200134277344,70.48999786376953,146.87661743164062,52.6497688293457,44.160888671875,148.9411163330078,152.64508056640625,75.7316665649414,117.02909088134766,41.53535842895508,85.93934631347656,76.69094848632812,106.37801361083984,96.56798553466797
2025-12-09,675.7495727539062,622.1268920898438,248.861572265625,92.2230453491211,53.482662200927734,84.67533111572266,387.3999938964844,69.86000061035156,147.2646484375,52.4528694152832,44.43312454223633,147.49530029296875,151.52784729003906,75.90685272216797,117.01917266845703,41.56452178955078,85.61173248291016,76.6052474975586,106.2433853149414,96.48094940185547
2025-12-10,680.2312622070312,624.6749877929688,252.24717712402344,93.24797058105469,54.0809440612793,85.00260162353516,389.04998779296875,70.54000091552734,147.97100830078125,53.05340576171875,44.89982223510742,149.6394805908203,154.2961883544922,76.13072204589844,118.73507690429688,41.54507827758789,85.92007446289062,76.86231994628906,106.73377990722656,96.79036712646484
2025-12-11,681.8140869140625,622.6544799804688,255.2070770263672,93.79910278320312,53.8259391784668,84.88709259033203,393.239990234375,69.25,147.21490478515625,54.0181884765625,44.685916900634766,151.05580139160156,155.94732666015625,76.69522857666016,119.20124816894531,41.84648132324219,86.29586791992188,76.85279846191406,106.5799331665039,96.8097152709961
2025-12-12,674.4832153320312,610.7503051757812,251.2968292236328,93.30598449707031,53.19823455810547,84.06893157958984,395.44000244140625,68.80999755859375,142.95672607421875,54.096946716308594,44.248390197753906,151.5279083251953,154.96852111816406,77.29866027832031,119.71701049804688,41.64230728149414,86.18986511230469,76.70997619628906,105.93568420410156,96.50994873046875
2025-12-15,673.4641723632812,607.684814453125,249.39614868164062,93.8764419555664,53.04130554199219,84.1266860961914,395.79998779296875,67.88999938964844,141.57382202148438,54.13632583618164,43.93726348876953,153.5343780517578,155.21568298339844,77.51277923583984,120.73863220214844,42.02149200439453,86.45967102050781,76.74806213378906,106.06069946289062,96.60665893554688
2025-12-16,671.6240844726562,608.88916015625,248.2161407470703,93.44133758544922,52.70604705810547,84.58869934082031,395.8900146484375,66.16999816894531,141.83248901367188,53.7917594909668,42.59552001953125,151.5377655029297,154.2961883544922,77.16239929199219,120.93699645996094,41.84648132324219,85.82371520996094,76.79566955566406,106.30109405517578,96.79036712646484
2025-12-17,664.2338256835938,597.6021118164062,245.57406616210938,92.68333435058594,52.32801055908203,84.51171112060547,399.2900085449219,67.9800033569336,138.67868041992188,53.781917572021484,43.538631439208984,151.26234436035156,151.79478454589844,77.52252197265625,119.53848266601562,41.57424545288086,86.14169311523438,76.7004623413086,106.18570709228516,96.7613525390625
2025-12-18,669.2496948242188,606.2614135742188,247.0341796875,93.3428955078125,52.92491149902344,84.91597747802734,398.57000732421875,67.19000244140625,140.81768798828125,53.69331359863281,42.90665054321289,151.38038635253906,152.7834930419922,77.07481384277344,121.34365844726562,41.982601165771484,85.6888198852539,76.90991973876953,106.58954620361328,97.00309753417969
2025-12-19,675.3153686523438,614.1643676757812,249.1001434326172,93.9729232788086,53.442222595214844,84.59903717041016,399.0199890136719,68.02999877929688,143.86209106445312,53.988651275634766,42.90665054321289,152.39344787597656,154.0984649658203,76.6757583618164,120.8576431274414,41.447853088378906,85.36121368408203,76.87261199951172,106.31539154052734,96.86144256591797
2025-12-22,679.5225219726562,617.1083374023438,251.87135314941406,94.20918273925781,53.73072052001953,84.41543579101562,408.2300109863281,69.7300033569336,144.63827514648438,54.651546478271484,43.35084533691406,153.3979949951172,155.8068389892578,76.40792083740234,121.5841293334961,41.60164260864258,85.79975128173828,76.9395751953125,106.29608154296875,96.82264709472656
2025-12-23,682.6282348632812,619.9984130859375,250.3814697265625,94.79000091552734,54.029170989990234,84.55072021484375,413.6400146484375,70.30000305175781,145.42544555664062,54.76021957397461,43.63521194458008,153.091796875,155.74729919433594,76.04491424560547,121.4151840209961,41.748573303222656,85.74140930175781,76.99697875976562,106.40227508544922,96.82264709472656
2025-12-24,685.0294799804688,621.812255859375,251.00723266601562,94.90813446044922,54.13859939575195,85.06285095214844,411.92999267578125,70.19999694824219,145.77420043945312,55.05659103393555,43.50774002075195,153.89187622070312,156.25326538085938,76.64338684082031,121.83258819580078,41.9346923828125,86.30536651611328,77.14046478271484,106.81737518310547,97.03607940673828
2025-12-26,684.9600219726562,621.7723999023438,249.7259063720703,95.06563568115234,54.51663589477539,84.78263092041016,416.739990234375,68.4800033569336,146.00335693359375,54.94791793823242,43.341041564941406,154.13882446289062,155.96556091308594,76.75131225585938,121.29593658447266,41.90530014038086,86.40259552001953,77.10220336914062,106.80770874023438,97.05547332763672
2025-12-29,682.51904296875,618.7626953125,248.19630432128906,94.7801513671875,54.37736129760742,85.10150909423828,398.6000061035156,69.61000061035156,145.34573364257812,54.651546478271484,43.75287628173828,153.90174865722656,155.62826538085938,76.80035400390625,120.10334014892578,41.98366928100586,86.57762908935547,77.13088989257812,106.95252990722656,97.17190551757812
2025-12-30,681.685546875,617.3275146484375,246.3587646484375,94.93766021728516,54.596221923828125,84.89859008789062,398.8900146484375,69.73999786376953,144.88739013671875,54.51323699951172,44.086273193359375,153.77333068847656,155.18182373046875,76.67282104492188,119.61637115478516,42.08162307739258,86.75264739990234,77.20742797851562,106.8270263671875,97.13309478759766
2025-12-31,676.635009765625,612.2249145507812,244.50135803222656,94.53404235839844,54.427101135253906,84.22218322753906,396.30999755859375,69.16000366210938,143.4525604248047,54.108192443847656,43.84112548828125,152.90411376953125,153.89210510253906,76.2116928100586,118.6722412109375,41.81714630126953,86.04283142089844,77.13088989257812,106.37332153320312,96.9002685546875
2026-01-02,677.8753051757812,611.0390014648438,247.10369873046875,95.52831268310547,55.94919204711914,84.0965576171875,398.2799987792969,68.95999908447266,143.7813720703125,54.266258239746094,44.76286315917969,153.60540771484375,156.72946166992188,76.22151184082031,117.61878967285156,42.29712677001953,86.0719985961914,77.16915130615234,106.34435272216797,96.87114715576172
2026-01-05,682.3900756835938,615.8924560546875,251.02708435058594,96.62102508544922,56.565982818603516,84.5120620727539,408.760009765625,70.22000122070312,144.10020446777344,55.45176315307617,45.978763580322266,153.1411590576172,158.5846710205078,75.88793182373047,119.5567398071289,41.826942443847656,86.26646423339844,77.37004852294922,106.64360809326172,97.05547332763672
2026-01-06,686.4484252929688,621.303955078125,254.3544921875,96.76869201660156,56.98381042480469,84.338134765625,413.17999267578125,68.51000213623047,146.12290954589844,55.71849822998047,44.7530517578125,156.15382385253906,160.7375030517578,76.00566864013672,120.32198333740234,42.032649993896484,86.89849853515625,77.38916778564453,106.64360809326172,97.03607940673828
2026-01-07,684.2356567382812,621.9020385742188,253.758544921875,96.40444946289062,56.556034088134766,84.8309555053711,409.2300109863281,67.79000091552734,146.00335693359375,54.938045501708984,44.252967834472656,157.70458984375,157.71163940429688,75.17174530029297,120.15303802490234,41.013912200927734,86.05255126953125,77.37004852294922,106.72085571289062,97.13309478759766
2026-01-08,684.1661987304688,618.3639526367188,256.52972412109375,96.41429901123047,56.575931549072266,84.40576934814453,411.489990234375,70.54000091552734,143.72158813476562,55.22453689575195,45.64537048339844,156.18345642089844,158.90213012695312,76.95733642578125,122.16055297851562,41.1314582824707,86.82070922851562,77.42744445800781,106.42158508300781,96.9584732055664
2026-01-09,688.69091796875,624.5230102539062,258.4765625,97.27073669433594,56.84453582763672,84.96623229980469,414.4700012207031,70.77999877929688,145.6247100830078,55.05659103393555,45.763038635253906,155.38336181640625,160.648193359375,77.75202178955078,123.64134979248047,41.64082336425781,86.99573516845703,77.48484802246094,106.80770874023438,97.17190551757812
2026-01-12,689.7723999023438,625.041259765625,259.7380065917969,97.86139678955078,57.64039611816406,84.71498107910156,422.2300109863281,71.6500015258789,146.26242065429688,54.621910095214844,45.439453125,155.4525146484375,161.87838745117188,78.66444396972656,123.75065612792969,41.70939636230469,87.1124038696289,77.52310943603516,106.68222045898438,97.12339782714844
2026-01-13,688.3931884765625,624.1144409179688,259.5890197753906,97.3002700805664,57.21261978149414,84.85993957519531,421.6300048828125,73.4800033569336,145.9535369873047,53.57471466064453,46.08662414550781,154.8203582763672,162.7117156982422,79.57686614990234,123.44258117675781,41.973873138427734,87.59857940673828,77.52310943603516,106.9139175415039,97.21070861816406
2026-01-14,685.009521484375,617.4471435546875,261.4165954589844,97.75311279296875,57.45138168334961,85.3527603149414,425.94000244140625,72.61000061035156,144.179931640625,53.49568557739258,47.12602615356445,155.9266357421875,162.9696807861328,80.67570495605469,121.49469757080078,42.28732681274414,88.35701751708984,77.52310943603516,107.18421936035156,97.35623931884766
2026-01-15,686.875,619.6696166992188,263.7209777832031,97.71372985839844,57.78962326049805,85.33340454101562,423.3299865722656,71.12999725341797,144.9372100830078,53.7130241394043,46.68477249145508,155.0376739501953,164.46771240234375,80.81305694580078,121.9419174194336,42.71833419799805,88.96958923339844,77.52310943603516,107.04905700683594,97.2301025390625
2026-01-16,686.299560546875,619.1513671875,263.96929931640625,97.97952270507812,57.57075881958008,84.8405990600586,421.2900085449219,71.6500015258789,145.0966339111328,53.78218078613281,46.763214111328125,153.8325958251953,165.578857421875,80.55796813964844,121.54438781738281,42.502830505371094,90.0586166381836,77.57093811035156,106.74015045166016,97.06519317626953
2026-01-20,672.3286743164062,605.9961547851562,260.8106994628906,96.4930419921875,57.01365661621094,83.7293701171875,437.2300109863281,71.86000061035156,141.33021545410156,52.557167053222656,46.674964904785156,153.49676513671875,162.23553466796875,80.80323791503906,118.384033203125,42.08162307739258,88.38618469238281,77.37004852294922,106.09335327148438,96.69651794433594
2026-01-21,680.088134765625,614.188232421875,265.9856262207031,97.48731231689453,57.958744049072266,84.36711883544922,443.6000061035156,73.33999633789062,143.2931365966797,52.814022064208984,47.802616119384766,156.3217315673828,165.04315185546875,80.88172912597656,120.64994049072266,42.14039611816406,88.7362289428711,77.59963989257812,106.73049926757812,97.01668548583984
2026-01-22,683.6402587890625,618.6530151367188,267.9721374511719,97.8712387084961,58.39646911621094,84.73432159423828,451.7900085449219,71.81999969482422,144.35928344726562,53.159793853759766,47.959510803222656,156.3513641357422,164.18994140625,80.7149429321289,121.86241912841797,41.836734771728516,87.86112213134766,77.65703582763672,106.93321228027344,97.03607940673828
2026-01-23,683.8883056640625,620.6063842773438,263.0256652832031,98.41267395019531,58.764556884765625,84.96623229980469,458.0,73.94999694824219,144.5685272216797,52.42873764038086,48.234066009521484,155.55128479003906,162.92007446289062,81.34284973144531,122.36925506591797,41.68980407714844,88.03614044189453,77.6187744140625,107.00079345703125,97.12339782714844
2026-01-26,687.3612060546875,623.3370971679688,262.2013244628906,98.9048843383789,58.864036560058594,85.3720703125,464.70001220703125,73.4800033569336,145.55499267578125,52.764625549316406,48.263484954833984,156.16371154785156,163.07879638671875,81.21530151367188,121.56426239013672,41.99346160888672,87.91946411132812,77.65703582763672,107.08767700195312,97.2689208984375
2026-01-27,690.099853515625,628.9878540039062,262.94622802734375,100.49964141845703,60.02798843383789,84.8405990600586,476.1000061035156,75.66000366210938,147.51788330078125,52.359580993652344,48.70473861694336,153.546142578125,163.75341796875,81.58812713623047,121.93196868896484,42.542015075683594,87.8902816772461,77.6474609375,106.97183227539062,97.20100402832031
2026-01-28,690.0303955078125,631.0706787109375,261.5258483886719,99.43647003173828,60.43586730957031,84.64734649658203,494.55999755859375,76.62000274658203,148.6936492919922,52.34970474243164,49.077354431152344,152.42010498046875,162.84071350097656,80.76399993896484,121.01765441894531,42.444061279296875,86.98600006103516,77.52310943603516,106.81737518310547,97.16220092773438
2026-01-29,688.6610717773438,627.2936401367188,261.59539794921875,100.10588073730469,60.127471923828125,84.66667938232422,495.8999938964844,79.13999938964844,146.3421173095703,52.90293502807617,49.52841567993164,151.9361114501953,164.54708862304688,80.57758331298828,120.44124603271484,42.444061279296875,88.20143127441406,77.51353454589844,106.84632873535156,97.16220092773438
2026-01-30,686.6071166992188,619.75927734375,257.9004211425781,99.17066955566406,58.79439926147461,84.19319152832031,444.95001220703125,79.5199966430664,143.36289978027344,52.79426574707031,50.057918548583984,152.84486389160156,164.1304168701172,81.93150329589844,120.4213638305664,42.365692138671875,88.28895568847656,77.59963989257812,106.74015045166016,97.14280700683594
2026-02-02,690.0203857421875,624.0148315429688,260.41339111328125,99.82039642333984,58.97346878051758,83.95263671875,427.1300048828125,75.33000183105469,144.7379150390625,53.377132415771484,49.077354431152344,153.78321838378906,166.203857421875,82.90279388427734,121.21642303466797,41.748573303222656,87.37494659423828,77.64673614501953,106.64131164550781,97.03085327148438
2026-02-03,684.18603515625,614.4274291992188,261.0093688964844,99.86961364746094,59.291812896728516,84.15634155273438,454.2900085449219,77.47000122070312,141.56935119628906,52.883174896240234,50.665870666503906,152.21270751953125,167.6027069091797,84.24689483642578,120.24247741699219,42.355899810791016,87.18047332763672,77.59867095947266,106.68975830078125,97.04059600830078
2026-02-04,680.8719482421875,603.6939697265625,258.76458740234375,100.19447326660156,58.49595260620117,83.94293975830078,453.9700012207031,77.87999725341797,137.6235809326172,53.307979583740234,51.80332946777344,154.1190643310547,168.0491485595703,85.34571838378906,119.35797882080078,42.19916915893555,88.43479919433594,77.5025405883789,106.55411529541016,96.9822006225586
2026-02-05,672.3682861328125,595.003662109375,254.106201171875,98.7670669555664,58.22734832763672,84.854736328125,441.8800048828125,76.69000244140625,135.1425323486328,52.64607620239258,51.195377349853516,152.94361877441406,167.03721618652344,85.27704620361328,116.78397369384766,42.21875762939453,88.30839538574219,77.41602325439453,107.06763458251953,97.40072631835938
2026-02-06,685.2676391601562,607.5807495117188,263.2342529296875,101.01154327392578,59.75938415527344,84.91292572021484,455.4599914550781,76.98999786376953,140.6227569580078,53.60435485839844,52.21516799926758,155.77847290039062,171.80914306640625,86.27777099609375,117.26100158691406,42.46364974975586,89.6988525390625,77.6851806640625,107.12578582763672,97.4591293334961
2026-02-09,688.5718383789062,612.2349243164062,265.0817565917969,102.37004089355469,60.19710922241211,84.89351654052734,467.0299987792969,78.0199966430664,142.8347930908203,53.2882194519043,52.59758758544922,154.405517578125,172.32501220703125,85.77740478515625,116.82373809814453,42.59099197387695,90.07806396484375,77.79093933105469,107.12578582763672,97.48833465576172
2026-02-10,686.7559814453125,609.3945922851562,264.3666076660156,102.61614990234375,60.286643981933594,85.87320709228516,462.3999938964844,78.02999877929688,142.0376739501953,52.90293502807617,52.538753509521484,153.42762756347656,172.5333709716797,85.50270080566406,117.59891510009766,43.29627227783203,91.28376770019531,77.71402740478516,107.3777084350586,97.77059173583984
2026-02-11,686.5972290039062,611.0289916992188,263.16473388671875,103.30525207519531,61.24168014526367,85.41732025146484,467.6300048828125,78.88999938964844,142.45616149902344,52.102725982666016,53.91154861450195,154.3363494873047,173.4560089111328,86.72907257080078,117.03244018554688,43.67829513549805,90.77815246582031,77.70442962646484,107.26142883300781,97.54673767089844
2026-02-12,675.9900512695312,598.601318359375,257.7912292480469,102.52755737304688,60.5452995300293,86.55221557617188,451.3900146484375,76.37999725341797,138.70968627929688,51.065406799316406,52.93098449707031,154.08941650390625,171.38253784179688,87.52376556396484,115.4124984741211,44.32480239868164,90.67119598388672,77.66596984863281,107.76528930664062,97.9847183227539
2026-02-13,676.4663696289062,599.876953125,261.18817138671875,102.61614990234375,60.803955078125,87.02749633789062,462.6199951171875,76.22000122070312,139.0583953857422,51.02589797973633,53.29378890991211,155.7389678955078,172.7913055419922,87.8180923461914,115.46219635009766,45.54924011230469,91.97412872314453,77.72364044189453,108.12379455566406,98.29619598388672
2026-02-17,677.5578002929688,599.259033203125,261.2676086425781,102.59646606445312,60.55524826049805,87.17300415039062,448.20001220703125,75.7300033569336,138.97869873046875,51.56924819946289,52.70545196533203,155.44264221191406,173.69412231445312,86.53285217285156,115.32306671142578,45.431697845458984,92.8492431640625,77.6851806640625,108.2303695678711,98.3059310913086
2026-02-18,680.9711303710938,603.7338256835938,262.2112121582031,102.71459197998047,60.873592376708984,86.84320068359375,458.2799987792969,79.4000015258789,140.40354919433594,51.95453643798828,53.715431213378906,155.7389678955078,173.6544189453125,86.37586975097656,116.2969970703125,44.67744064331055,91.76022338867188,77.78133392333984,108.12379455566406,98.1696548461914
2026-02-19,679.1751098632812,601.4216918945312,262.817138671875,102.42911529541016,60.724369049072266,86.9305191040039,459.55999755859375,81.19000244140625,139.70608520507812,51.51985168457031,54.107662200927734,155.333984375,174.94412231445312,86.01287078857422,115.5218276977539,45.16722106933594,91.56575012207031,77.81017303466797,108.21099853515625,98.1891098022461
2026-02-20,684.0867919921875,606.74365234375,262.8270263671875,103.265869140625,62.01764678955078,86.72681427001953,468.6199951171875,80.8499984741211,140.37367248535156,51.85574722290039,53.81349182128906,154.89938354492188,175.82708740234375,86.22871398925781,116.72434997558594,45.382720947265625,92.25611114501953,77.86784362792969,108.12379455566406,98.20858764648438
2026-02-23,677.1013793945312,599.36865234375,258.73480224609375,102.84256744384766,61.331214904785156,87.04690551757812,481.2799987792969,80.9000015258789,138.02215576171875,50.117008209228516,54.0782470703125,156.5983123779297,173.44610595703125,87.28829193115234,114.27954864501953,45.725563049316406,92.26583862304688,77.74288177490234,108.24005126953125,98.40324401855469
2026-02-24,682.02294921875,605.8067626953125,261.5556335449219,103.02960968017578,62.296199798583984,87.20211029052734,474.6099853515625,80.76000213623047,139.815673828125,50.363990783691406,54.02921676635742,155.93650817871094,175.57907104492188,88.04373931884766,116.01873779296875,46.23493576049805,92.49920654296875,77.6851806640625,108.21099853515625,98.3935317993164
2026-02-25,687.7779541015625,614.5868530273438,262.7972412109375,104.0140380859375,62.98263168334961,87.21180725097656,473.4200134277344,79.7300033569336,142.49600219726562,51.24323272705078,53.80368423461914,155.8970184326172,174.20999145507812,87.3275375366211,116.36656951904297,46.391658782958984,92.24639129638672,77.79093933105469,108.18193054199219,98.34486389160156
2026-02-26,683.957763671875,607.1721801757812,264.1977233886719,103.92543029785156,62.38573455810547,87.56098937988281,477.4800109863281,79.7699966430664,140.50320434570312,51.865623474121094,53.980186462402344,155.49203491210938,175.30128479003906,87.18038177490234,116.32682037353516,46.21533966064453,92.87841796875,77.72364044189453,108.249755859375,98.5005874633789
2026-02-27,680.6734619140625,605.228759765625,259.6485900878906,103.73838806152344,62.25640869140625,88.09449768066406,483.75,81.94999694824219,138.2612762451172,50.80855178833008,54.83327865600586,158.23797607421875,175.73779296875,88.30864715576172,116.13799285888672,46.754093170166016,93.0437240600586,77.59867095947266,108.21099853515625,98.69525146484375
2026-03-02,681.0604858398438,606.0260009765625,262.03240966796875,101.6907958984375,61.18199157714844,87.2098388671875,490.0,87.19000244140625,139.03848266601562,50.680118560791016,55.931514739990234,156.5884246826172,177.48387145996094,87.03321075439453,114.7068862915039,46.40145492553711,93.2770767211914,77.55423736572266,107.84444427490234,98.30079650878906
2026-03-03,675.057373046875,599.5381469726562,257.4931945800781,98.53079986572266,58.117916107177734,87.03465270996094,468.1400146484375,90.19999694824219,137.0058135986328,50.591209411621094,55.4216194152832,154.8203582763672,174.05125427246094,86.08154296875,113.6534423828125,46.10758972167969,92.78118133544922,77.39966583251953,107.79582977294922,98.19339752197266
2026-03-04,679.8201904296875,608.6770629882812,259.9962463378906,99.80070495605469,58.744659423828125,86.76216125488281,471.79998779296875,91.55999755859375,139.33740234375,50.87770462036133,55.0980339050293,155.12657165527344,174.57705688476562,85.51251220703125,115.6708984375,46.30350112915039,92.89785766601562,77.670166015625,107.89305877685547,98.15435791015625
2026-03-05,676.0297241210938,606.8432006835938,255.02993774414062,97.61529541015625,57.33200454711914,86.41181182861328,466.1300048828125,96.30999755859375,139.67617797851562,50.61096954345703,55.38239288330078,152.0250244140625,170.69801330566406,83.79559326171875,115.82991027832031,45.94106674194336,91.96441650390625,77.36102294921875,107.46525573730469,97.8711929321289
2026-03-06,667.1690063476562,597.7142944335938,249.19947814941406,96.74899291992188,57.02360534667969,86.09065246582031,473.510009765625,108.7699966430664,136.7965545654297,49.958946228027344,55.47064971923828,150.82984924316406,168.5948028564453,84.1585922241211,113.73294830322266,45.784339904785156,90.96289825439453,76.98426818847656,107.10552215576172,97.75403594970703
2026-03-09,673.0133056640625,605.6971435546875,251.9110870361328,97.44793701171875,58.147762298583984,86.84002685546875,472.5299987792969,104.33000183105469,139.2576904296875,49.72184371948242,55.22550582885742,152.3707275390625,169.58688354492188,84.34500885009766,113.88201904296875,45.892086029052734,91.1670913696289,77.4479751586914,107.7472152709961,98.06647491455078
2026-03-10,671.9317016601562,605.7071533203125,251.65284729003906,97.67435455322266,58.37657165527344,85.91546630859375,477.8599853515625,105.86000061035156,139.2576904296875,49.455108642578125,54.519500732421875,151.27430725097656,168.67416381835938,84.0997314453125,113.73294830322266,45.6080207824707,91.03096008300781,77.3223876953125,107.00828552246094,97.74427032470703
2026-03-11,671.08837890625,605.62744140625,251.1462860107422,97.4676284790039,58.52579879760742,84.80599212646484,476.239990234375,108.05000305175781,139.92527770996094,49.04018020629883,55.872684478759766,150.97801208496094,168.1483612060547,82.99108123779297,113.43479919433594,45.225990295410156,90.0877914428711,77.14849853515625,106.13325500488281,97.3049087524414
2026-03-12,660.89794921875,595.2328491210938,245.74293518066406,95.9417724609375,56.655517578125,84.64054870605469,466.8800048828125,118.38999938964844,137.34457397460938,48.23997116088867,56.39237976074219,148.32095336914062,163.9320068359375,82.65751647949219,110.83098602294922,45.54924011230469,89.46549224853516,76.65580749511719,105.55960845947266,96.94364929199219
2026-03-13,657.1571655273438,591.7047729492188,244.92845153808594,94.79984283447266,56.50629425048828,84.22207641601562,460.8399963378906,119.88999938964844,136.30833435058594,48.29924392700195,56.57868957519531,147.95545959472656,163.34666442871094,83.13825225830078,110.17506408691406,45.99983596801758,89.61133575439453,76.51090240478516,105.17070007324219,96.86553955078125
2026-03-16,663.8449096679688,598.3422241210938,247.24276733398438,96.5718002319336,58.078125,84.87413024902344,460.42999267578125,115.02999877929688,138.28121948242188,48.704288482666016,56.774803161621094,149.1605224609375,164.74551391601562,83.37371826171875,111.50678253173828,46.293701171875,90.36004638671875,76.75239562988281,105.67626953125,97.24633026123047
2026-03-17,665.5912475585938,601.2622680664062,248.80694580078125,96.83760070800781,58.44620895385742,85.10768127441406,459.2699890136719,118.83999633789062,139.03848266601562,48.961151123046875,57.37294387817383,147.80731201171875,165.18202209472656,83.09900665283203,112.48072814941406,46.16636276245117,90.75870513916016,77.1001968383789,106.26936340332031,97.44160461425781
2026-03-18,656.3038330078125,592.880859375,244.79698181152344,95.18376922607422,57.262367248535156,84.63081359863281,444.739990234375,121.66999816894531,137.4641571044922,48.37827682495117,57.29450225830078,145.3379364013672,163.87246704101562,81.07794952392578,109.88685607910156,45.774539947509766,89.4168701171875,76.7041244506836,105.69572448730469,97.0315170288086
2026-03-19,654.6864624023438,591.0072021484375,246.39898681640625,95.01641082763672,57.322052001953125,85.1466293334961,426.4100036621094,117.36000061035156,137.9324493408203,48.39803695678711,58.2064323425293,144.8144073486328,162.76133728027344,80.42061614990234,109.02223205566406,45.58842849731445,89.05709075927734,76.95529174804688,106.16241455078125,97.138916015625
2026-03-20,645.3009643554688,580.0844116210938,241.01588439941406,92.1320571899414,55.352291107177734,83.53109741210938,413.3800048828125,121.43000030517578,134.8037567138672,48.4869499206543,58.15740203857422,143.5500946044922,160.3902587890625,79.75346374511719,107.0743408203125,43.7370719909668,86.29564666748047,76.24040222167969,104.85957336425781,96.32853698730469
2026-03-23,652.07666015625,586.7431640625,246.21987915039062,94.34700012207031,57.01365661621094,84.07608795166016,404.0400085449219,110.55999755859375,136.62744140625,48.92485809326172,58.85321807861328,143.58482360839844,162.2138671875,80.0938491821289,109.65948486328125,44.171085357666016,86.96656036376953,76.74275970458984,105.54988098144531,96.6897964477539
2026-03-24,649.8877563476562,582.731689453125,247.5432586669922,93.78588104248047,56.22774124145508,83.70626068115234,404.1300048828125,114.54000091552734,135.82933044433594,48.93478775024414,60.047454833984375,143.60464477539062,163.1589813232422,80.0247802734375,109.22132110595703,44.47686767578125,86.39264678955078,76.48193359375,105.33598327636719,96.42617797851562
2026-03-25,653.5094604492188,586.5635375976562,250.5681610107422,95.15423583984375,57.123085021972656,84.51403045654297,416.2900085449219,113.38999938964844,136.43789672851562,48.99436569213867,59.78097152709961,145.04278564453125,164.25335693359375,80.41943359375,110.26693725585938,44.63469314575195,86.32384490966797,76.72342681884766,105.71516418457031,96.76790618896484
2026-03-26,641.838623046875,572.5634765625,246.2099151611328,93.18539428710938,55.18317413330078,83.8035888671875,400.6400146484375,117.26000213623047,132.18792724609375,48.706398010253906,60.71859359741211,144.546875,160.4429931640625,80.05438232421875,108.3748779296875,44.71360778808594,86.20591735839844,76.24040222167969,104.88872528076172,96.22114562988281
2026-03-27,630.89404296875,561.37744140625,241.89149475097656,92.33879089355469,54.91456985473633,83.34617614746094,414.70001220703125,124.19999694824219,129.61399841308594,47.4750862121582,61.745052337646484,142.087158203125,158.3835906982422,80.6858139038086,105.23805236816406,44.97007369995117,85.49834442138672,76.04721069335938,104.63594818115234,96.21137237548828
2026-03-30,628.78466796875,557.0867309570312,238.41883850097656,92.60457611083984,54.466896057128906,84.45564270019531,414.5799865722656,129.8300018310547,127.19970703125,48.02123260498047,61.152862548828125,142.64259338378906,155.806884765625,80.78447723388672,105.2181396484375,45.29558181762695,85.82264709472656,76.13414001464844,105.30680847167969,96.69955444335938
2026-03-31,647.0621337890625,575.9462280273438,246.7671356201172,95.61690521240234,56.49634552001953,84.36805725097656,430.2900085449219,127.25,132.5869903564453,49.02415466308594,60.461978912353516,145.4097442626953,160.90061950683594,80.88314819335938,108.52425384521484,45.2659912109375,87.16899871826172,76.85868072509766,105.96794891357422,96.92411804199219
2026-04-01,651.9373779296875,583.06103515625,248.31936645507812,97.07386016845703,56.9340705871582,84.28500366210938,437.82000732421875,124.08999633789062,134.59225463867188,49.093666076660156,58.201812744140625,146.52056884765625,163.58677673339844,80.37010192871094,109.3408203125,45.483001708984375,87.48347473144531,77.04700469970703,106.08120727539062,96.9897689819336
2026-04-02,652.5244750976562,583.7295532226562,250.040771484375,96.47335815429688,56.29737854003906,84.80286407470703,429.4100036621094,137.9199981689453,135.6697235107422,49.18303680419922,58.47816848754883,145.6081085205078,162.93016052246094,80.79434967041016,107.69772338867188,45.70987319946289,88.67259979248047,77.23143768310547,106.53028869628906,97.21510314941406
2026-04-06,655.6087646484375,587.2420654296875,251.10545349121094,96.95572662353516,56.814693450927734,84.66607666015625,427.6499938964844,138.94000244140625,136.45785522460938,49.53058624267578,58.902565002441406,145.0824432373047,163.76585388183594,81.5540542602539,108.58399963378906,45.54218292236328,88.80034637451172,77.3673324584961,106.36431121826172,97.03874969482422
2026-04-07,655.8972778320312,587.3319091796875,251.65274047851562,96.81790161132812,57.01365661621094,84.65629577636719,431.80999755859375,138.0800018310547,137.1063232421875,49.53058624267578,59.376312255859375,145.37008666992188,163.4375457763672,80.17278289794922,107.31930541992188,45.64082717895508,88.9281005859375,77.38676452636719,106.4814682006836,97.15631866455078
2026-04-08,672.6027221679688,604.7944946289062,259.1751403808594,100.59809112548828,60.127471923828125,84.92988586425781,434.5299987792969,124.58000183105469,141.35629272460938,50.841339111328125,57.29379653930664,148.4447021484375,169.5659637451172,81.67243957519531,110.35655975341797,46.143890380859375,90.52997589111328,77.84300231933594,106.89149475097656,97.4110336303711
2026-04-09,676.4830322265625,608.8856811523438,260.65771484375,100.36182403564453,59.968299865722656,84.71492767333984,437.9100036621094,126.95999908447266,141.7353973388672,50.970428466796875,56.58317947387695,148.10748291015625,171.30699157714844,82.3334732055664,112.26852416992188,46.50886154174805,91.17858123779297,77.93035888671875,106.89149475097656,97.46980285644531
2026-04-10,676.0353393554688,609.7637939453125,260.0010070800781,100.58824157714844,60.24685287475586,84.50973510742188,437.1300048828125,124.81999969482422,142.28408813476562,50.41434860229492,56.19825744628906,146.10401916503906,170.6404266357422,81.26792907714844,112.41789245605469,46.321441650390625,91.37512969970703,77.61973571777344,106.60838317871094,97.30326080322266
2026-04-13,682.6417846679688,616.0703735351562,263.7522888183594,101.20842742919922,60.754215240478516,84.76378631591797,435.3599853515625,128.47000122070312,145.26705932617188,51.29811477661133,56.36604690551758,146.7586212158203,171.84422302246094,80.45890045166016,113.44358825683594,45.759193420410156,91.71908569335938,77.91095733642578,107.01842498779297,97.49919128417969
2026-04-14,690.959716796875,627.2562866210938,267.3841247558594,102.02549743652344,61.91816711425781,85.21324920654297,445.0899963378906,123.8499984741211,147.59158325195312,51.41727066040039,55.221153259277344,147.611572265625,172.46104431152344,80.37996673583984,115.95305633544922,45.83810806274414,92.5937271118164,78.14392852783203,107.369873046875,97.75392150878906
2026-04-15,696.412109375,636.0375366210938,268.0508117675781,101.70063781738281,61.87837219238281,84.84194946289062,440.4599914550781,122.58999633789062,149.94601440429688,51.804542541503906,55.03363037109375,146.56024169921875,170.3021697998047,79.97545623779297,117.68577575683594,45.39422607421875,92.66251373291016,78.1051025390625,107.3308334350586,97.59717559814453
2026-04-16,698.1234130859375,639.1009521484375,268.6080322265625,101.40531158447266,62.127079010009766,84.30453491210938,440.0799865722656,125.83999633789062,151.66197204589844,51.66551971435547,55.84294891357422,145.4097442626953,169.45652770996094,80.34049987792969,117.13806915283203,45.71973419189453,93.51750183105469,77.99832153320312,106.83292388916016,97.46002197265625
2026-04-17,706.5607299804688,647.4630126953125,274.4090576171875,102.69490814208984,63.3109245300293,85.07644653320312,445.92999267578125,116.04000091552734,153.98648071289062,52.062721252441406,54.30327224731445,147.58181762695312,172.62022399902344,81.35671997070312,119.90644836425781,45.53232192993164,95.01126861572266,78.28954315185547,107.42845153808594,97.82250213623047
2026-04-20,705.1477661132812,645.4074096679688,275.97125244140625,102.29129791259766,62.85330581665039,85.0569076538086,442.0899963378906,121.31999969482422,154.19598388671875,52.261322021484375,54.35261535644531,146.21310424804688,173.00820922851562,81.28765869140625,119.36871337890625,45.127899169921875,95.35521697998047,78.22159576416016,107.41869354248047,97.81270599365234
2026-04-21,700.53125,642.9527587890625,273.1453552246094,100.04680633544922,61.9281120300293,84.58789825439453,429.57000732421875,128.25,154.32566833496094,51.933631896972656,55.14219665527344,144.72540283203125,170.5608367919922,80.74501037597656,118.47247314453125,44.338775634765625,93.66490936279297,78.01773834228516,107.00865936279297,97.45021057128906
2026-04-22,707.6253051757812,653.7096557617188,275.1055603027344,100.38151550292969,63.052268981933594,84.7540054321289,435.260009765625,129.39999389648438,157.7176513671875,51.844261169433594,55.803466796875,145.18162536621094,170.16287231445312,81.01140594482422,118.4326400756836,44.25986099243164,92.88854217529297,78.14392852783203,107.21366882324219,97.58737182617188
2026-04-23,704.8792114257812,650.0275268554688,274.15032958984375,99.66288757324219,62.02759552001953,84.56835174560547,431.0400085449219,134.72000122070312,155.47296142578125,51.4371337890625,56.237735748291016,145.04278564453125,173.17735290527344,82.36307525634766,117.24761199951172,45.46327209472656,93.84180450439453,78.01773834228516,106.92078399658203,97.43062591552734
2026-04-24,710.3414916992188,662.4609375,275.2746887207031,100.18462371826172,63.41040802001953,84.72469329833984,433.25,132.39999389648438,159.8426513671875,51.05979537963867,56.12916946411133,142.9996337890625,171.58555603027344,82.11642456054688,118.19364929199219,45.55205154418945,93.65509033203125,78.12451934814453,106.99889373779297,97.5677719116211
2026-04-27,711.5653686523438,662.8101806640625,275.7622985839844,99.80070495605469,63.3109245300293,84.30453491210938,429.8900146484375,134.72000122070312,160.19183349609375,51.44706726074219,56.03047180175781,142.28555297851562,171.62533569335938,81.23832702636719,117.34719848632812,45.561912536621094,93.14405822753906,78.15364837646484,106.69624328613281,97.42082977294922
2026-04-28,708.1029052734375,656.1444702148438,272.54833984375,99.38724517822266,62.66428756713867,84.39248657226562,421.9100036621094,139.60000610351562,157.47824096679688,51.486785888671875,56.95822525024414,142.66241455078125,170.1031951904297,81.96842956542969,116.52067565917969,45.621097564697266,93.99903869628906,78.04685974121094,106.74505615234375,97.38163757324219
2026-04-29,707.993408203125,660.1558837890625,270.7274169921875,98.373291015625,62.36583709716797,83.7378158569336,417.4100036621094,150.6300048828125,158.73526000976562,51.55629348754883,58.26102828979492,141.6706085205078,169.05856323242188,81.8105697631836,116.35137939453125,45.05884552001953,93.26199340820312,77.78475189208984,106.14954376220703,96.95056915283203
2026-04-30,715.0377197265625,666.3126831054688,276.5881652832031,100.72605895996094,63.65911865234375,83.65965270996094,423.6600036621094,147.08999633789062,159.1243438720703,51.76482391357422,58.872955322265625,144.79483032226562,173.6847381591797,83.18196868896484,117.85506439208984,46.21293640136719,94.66730499267578,78.02742767333984,106.26668548583984,97.08773040771484
2026-05-01,717.0177001953125,672.7090454101562,277.8916320800781,100.50949096679688,63.79838943481445,83.95877075195312,423.17999267578125,142.8000030517578,161.48876953125,51.55629348754883,58.0833740234375,143.9716339111328,172.0730438232422,83.0438461303711,118.1338882446289,45.91701889038086,94.40196228027344,78.1240463256836,106.4382095336914,97.21551513671875
2026-05-04,714.3909912109375,671.4417114257812,276.49859619140625,99.13129425048828,63.7685432434082,83.32129669189453,414.7099914550781,147.61000061035156,161.66835021972656,51.21867752075195,58.6163444519043,143.54513549804688,170.1031951904297,82.42227172851562,117.22769927978516,45.739463806152344,93.81232452392578,77.87034606933594,106.09517669677734,96.91079711914062
2026-05-05,720.1220092773438,680.1530151367188,281.15533447265625,100.45042419433594,65.06182861328125,83.78224182128906,418.2699890136719,144.1699981689453,165.2399139404297,51.228607177734375,58.67556381225586,144.1104736328125,171.52586364746094,82.93531036376953,117.57623291015625,45.739463806152344,94.10713958740234,77.9874267578125,106.48722076416016,97.08773040771484
2026-05-06,730.1312866210938,694.2827758789062,285.3742370605469,103.1772689819336,67.1410140991211,84.41970825195312,430.9599914550781,133.9499969482422,169.62953186035156,51.47685623168945,56.257476806640625,144.2096405029297,175.96298217773438,83.11289978027344,119.36871337890625,45.08843994140625,95.4141845703125,78.22163391113281,107.01647186279297,97.50057983398438
2026-05-07,727.8926391601562,693.4545288085938,280.8568115234375,101.28718566894531,66.24566650390625,83.99800109863281,431.67999267578125,134.97000122070312,169.29034423828125,51.18888473510742,55.221153259277344,143.53521728515625,173.10769653320312,82.85638427734375,119.378662109375,44.50646209716797,94.72626495361328,77.92887878417969,106.57542419433594,97.2646713256836
2026-05-08,733.9021606445312,709.709716796875,282.75732421875,102.34051513671875,67.58869171142578,84.41970825195312,433.7699890136719,133.58999633789062,175.1066131591797,50.88106155395508,54.97441482543945,142.31529235839844,172.3118133544922,83.0537109375,119.69732666015625,44.111900329589844,94.95230102539062,78.20211029052734,107.02626037597656,97.4907455444336
2026-05-11,735.5736694335938,711.7653198242188,283.9115295410156,102.12393951416016,67.53894805908203,83.90972900390625,434.6499938964844,138.66000366210938,177.46107482910156,50.821475982666016,56.425262451171875,141.8689727783203,174.14236450195312,82.25454711914062,118.87080383300781,44.52619171142578,95.02108764648438,78.04598236083984,106.76164245605469,97.23517608642578
2026-05-12,734.4593505859375,705.7282104492188,281.165283203125,101.53328704833984,65.47965240478516,83.35071563720703,432.92999267578125,144.3000030517578,174.787353515625,51.21867752075195,56.82005310058594,144.65597534179688,173.45591735839844,83.31023406982422,117.79531860351562,44.57550811767578,95.02108764648438,77.93864440917969,106.39900207519531,96.95011138916016
2026-05-13,738.5685424804688,713.1823120117188,281.2647705078125,102.21253967285156,66.86246490478516,83.16438293457031,430.5,142.0399932861328,176.43348693847656,50.6328125,56.8792724609375,145.50892639160156,172.72964477539062,83.58648681640625,118.22351837158203,44.06258010864258,94.23490142822266,77.9776840209961,106.45780944824219,96.98943328857422
2026-05-14,744.3989868164062,718.2514038085938,283.03594970703125,101.84830474853516,67.03158569335938,83.28207397460938,427.2099914550781,143.0,179.07723999023438,50.93070602416992,57.31353759765625,145.42958068847656,173.61508178710938,83.84300994873047,118.17372131347656,44.28945541381836,93.67473602294922,77.91912078857422,106.38921356201172,96.95995330810547
2026-05-15,735.4443969726562,707.4146118164062,276.2200012207031,100.13540649414062,64.73352813720703,82.04637908935547,417.2900085449219,148.22999572753906,175.84486389160156,50.742034912109375,58.665687561035156,143.91212463378906,170.52102661132812,83.50755310058594,116.04267883300781,43.273460388183594,92.28907775878906,77.53855895996094,105.71293640136719,96.35050964355469
2026-05-18,734.927001953125,704.3711547851562,274.59808349609375,101.0607681274414,64.63404846191406,81.94829559326172,418.42999267578125,149.2899932861328,173.94935607910156,51.37755584716797,59.79084396362305,144.5270233154297,169.87437438964844,84.75069427490234,115.83354949951172,43.342506408691406,93.3700942993164,77.61662292480469,105.51692199707031,96.3406753540039
2026-05-19,730.03173828125,700.030517578125,271.6428527832031,100.33229064941406,63.9277229309082,81.41871643066406,411.5,152.9600067138672,172.8319854736328,50.742034912109375,60.49159240722656,146.1139373779297,167.8746795654297,84.93815612792969,114.5489501953125,43.73706817626953,93.63542175292969,77.43121337890625,104.98767852783203,95.96714782714844
2026-05-20,737.5138549804688,711.6256103515625,278.47869873046875,102.00581359863281,65.12151336669922,82.29154968261719,417.3999938964844,144.27000427246094,176.72279357910156,51.29811477661133,59.02100372314453,145.92550659179688,169.85447692871094,84.37577056884766,117.44678497314453,43.904754638671875,94.82453918457031,77.92887878417969,105.8011474609375,96.54710388183594
2026-05-21,738.9764404296875,712.9827270507812,281.0856628417969,102.56693267822266,65.68856811523438,82.5955810546875,416.989990234375,142.5399932861328,178.1793670654297,51.36762619018555,58.35973358154297,146.9371337890625,169.65550231933594,83.52729034423828,118.20359802246094,44.38809585571289,95.00143432617188,77.9679183959961,106.01676940917969,96.66505432128906
2026-05-22,741.8817749023438,716.0062255859375,283.70257568359375,102.3602066040039,65.53933715820312,83.04670715332031,413.82000732421875,140.9199981689453,179.96514892578125,51.576148986816406,58.71504211425781,148.6628875732422,170.88914489746094,83.66542053222656,118.68159484863281,44.733333587646484,95.0997085571289,77.9776840209961,106.2127914428711,96.76335906982422
2026-05-26,746.8068237304688,728.718994140625,289.0658264160156,103.4922866821289,68.04631042480469,83.45860290527344,414.0,137.0,184.70396423339844,51.486785888671875,57.09640121459961,147.294189453125,173.4061737060547,82.51106262207031,118.9504623413086,44.71360778808594,95.54194641113281,78.24114990234375,106.6146240234375,97.03858947753906
2026-05-27,746.6774291992188,727.8907470703125,288.9264831542969,103.13789367675781,68.03636169433594,83.65474700927734,408.489990234375,131.02999877929688,183.99562072753906,51.05979537963867,56.24760818481445,147.5718994140625,173.4061737060547,83.44835662841797,121.04168701171875,44.52619171142578,95.24711608886719,78.19235229492188,106.76164245605469,97.11723327636719
2026-05-28,750.7965698242188,734.0276489257812,290.5782775878906,103.05914306640625,68.2552261352539,84.08625030517578,412.7699890136719,130.77999877929688,186.40992736816406,50.91084671020508,56.208126068115234,149.64480590820312,172.9087371826172,83.30036926269531,121.54954528808594,44.023128509521484,94.88350677490234,78.2899398803711,107.08507537841797,97.31381225585938
2026-05-29,752.6671142578125,736.7318115234375,288.9862060546875,103.16743469238281,68.24527740478516,84.10586547851562,417.1199951171875,129.08999633789062,190.5701141357422,51.21867752075195,55.55672836303711,148.246337890625,172.24217224121094,81.80070495605469,120.36453247070312,43.81597900390625,94.04817199707031,78.36801147460938,107.1830825805664,97.3727798461914
2026-06-01,754.7166748046875,741.15234375,287.5434265136719,102.81304168701172,69.7176284790039,84.15116882324219,411.260009765625,135.5,195.2989501953125,51.06972885131836,56.553565979003906,146.62966918945312,171.5159149169922,80.93247985839844,117.69573974609375,42.5139274597168,92.4659652709961,78.30816650390625,107.1663589477539,97.32447052001953
2026-06-02,755.7415771484375,744.5650024414062,290.2100830078125,103.38399505615234,70.43390655517578,84.32838439941406,411.95001220703125,137.27000427246094,197.74319458007812,51.09951400756836,57.20497131347656,145.2014617919922,173.29673767089844,80.73515319824219,117.0982437133789,43.30305099487305,92.88854217529297,78.36702728271484,107.15650939941406,97.35405731201172
2026-06-03,750.4384155273438,742.6192626953125,286.2399597167969,102.4980239868164,69.5584487915039,83.99363708496094,407.8699951171875,140.86000061035156,195.76783752441406,50.513648986816406,57.94519805908203,146.34205627441406,173.15745544433594,81.06073760986328,116.2418441772461,43.11563491821289,92.78044891357422,78.15123748779297,106.86137390136719,97.14694213867188
2026-06-04,753.2740478515625,739.0269165039062,290.558349609375,103.3150863647461,68.74269104003906,84.18070220947266,411.2699890136719,136.74000549316406,192.71505737304688,51.82440185546875,57.98468017578125,150.8349609375,175.2566375732422,80.94233703613281,116.7696304321289,43.342506408691406,94.44126892089844,78.29837036132812,107.087646484375,97.30474090576172
2026-06-05,733.83251953125,703.5528564453125,280.2498474121094,100.66699981689453,64.25601196289062,83.74748229980469,396.239990234375,133.02000427246094,179.8753662109375,51.933631896972656,56.91874694824219,151.75735473632812,173.28677368164062,82.32361602783203,114.3796615600586,43.74692916870117,95.11936950683594,77.90603637695312,106.41865539550781,96.82147216796875
2026-06-08,735.4940795898438,714.5394287109375,282.6976318359375,101.27733612060547,65.4100112915039,83.31428527832031,397.2699890136719,135.14999389648438,183.74620056152344,51.6059455871582,57.570152282714844,151.40028381347656,172.73960876464844,81.95855712890625,114.90744018554688,42.92822265625,93.82215118408203,78.01393127441406,106.31043243408203,96.82147216796875
2026-06-09,733.3350830078125,706.3170166015625,283.60308837890625,101.29702758789062,65.47965240478516,83.80656433105469,390.7799987792969,131.3000030517578,180.34425354003906,52.09251022338867,56.64239501953125,153.30459594726562,174.6995086669922,82.97477722167969,115.38543701171875,43.381961822509766,95.98417663574219,78.09239196777344,106.65477752685547,97.01873016357422
2026-06-10,721.7736206054688,692.2072143554688,280.6478271484375,99.98774719238281,64.32565307617188,83.57026672363281,374.5799865722656,134.3000030517578,176.21400451660156,51.86412048339844,57.49119567871094,151.5986785888672,168.7899627685547,84.34618377685547,113.01538848876953,43.40169143676758,95.99400329589844,77.94527435302734,106.40882873535156,96.95954895019531
2026-06-11,734.04150390625,715.587158203125,288.96630859375,103.09852600097656,67.15096282958984,84.6532974243164,386.32000732421875,128.8300018310547,182.77850341796875,52.25138854980469,56.375911712646484,152.82850646972656,174.25180053710938,84.12911987304688,115.81363677978516,43.451011657714844,95.92520904541016,78.40625762939453,107.31392669677734,97.52171325683594
2026-06-12,738.0113525390625,719.7981567382812,291.4936828613281,103.38399505615234,67.52899932861328,84.446533203125,386.5400085449219,125.43000030517578,184.36476135253906,52.966346740722656,56.80031204223633,152.55079650878906,175.2765350341797,84.67176055908203,116.11238098144531,43.92448425292969,96.80967712402344,78.40625762939453,107.24506378173828,97.40337371826172
2026-06-15,751.0254516601562,742.40966796875,293.87249755859375,104.08000183105469,69.75,84.39730072021484,396.54998779296875,121.20999908447266,191.33828735351562,53.18480682373047,54.82636642456055,151.63833618164062,177.76368713378906,84.33631896972656,118.07414245605469,44.131629943847656,96.131591796875,78.50434112548828,107.22538757324219,97.49213409423828
2026-06-16,746.5481567382812,728.2998657226562,291.3191223144531,104.30999755859375,68.63999938964844,84.86005401611328,397.6300048828125,115.47000122070312,186.0009002685547,53.969268798828125,54.63883972167969,151.68792724609375,178.92771911621094,84.44483947753906,117.96460723876953,44.44728088378906,96.36743927001953,78.4945297241211,107.35327911376953,97.61048889160156
2026-06-17,737.225341796875,720.9656372070312,289.1248779296875,103.77999877929688,68.55999755859375,84.9979019165039,388.6000061035156,114.2300033569336,185.36241149902344,53.67137145996094,53.957828521728516,149.47618103027344,178.6790008544922,82.56039428710938,115.00701904296875,43.855438232421875,93.9597396850586,78.20027923583984,107.00894165039062,97.25542449951172
2026-06-18,744.8902587890625,739.0369262695312,294.82000732421875,104.41000366210938,70.79000091552734,85.41141510009766,387.1199951171875,114.87000274658203,190.98912048339844,53.19473648071289,53.06955337524414,148.17689514160156,179.98228454589844,82.18548583984375,116.6700439453125,44.1513557434082,93.91059112548828,78.47491455078125,107.30408477783203,97.54144287109375
2026-06-22,742.546142578125,737.1818237304688,297.40325927734375,104.58000183105469,71.20999908447266,84.7615966796875,384.5899963378906,112.69000244140625,191.926025390625,53.510616302490234,53.74056625366211,149.48788452148438,181.3126983642578,81.64305114746094,114.68740844726562,44.393577575683594,94.92281341552734,78.40625762939453,107.0187759399414,97.275146484375
2026-06-23,731.7628784179688,712.9071655273438,294.55072021484375,102.45999908447266,67.16999816894531,84.8698959350586,377.32000732421875,111.26000213623047,183.97531127929688,53.68998336791992,54.13819885253906,151.59979248046875,177.67247009277344,83.17298889160156,113.51000213623047,44.741024017333984,96.1708984375,78.33760070800781,107.14668273925781,97.35405731201172
2026-06-24,731.4237060546875,709.8803100585938,295.9171447753906,102.26000213623047,67.25,86.03168487548828,365.9200134277344,106.29000091552734,182.83663940429688,53.530548095703125,53.25345993041992,152.76535034179688,179.7269744873047,83.88829040527344,114.8171157836914,45.20759201049805,96.17585754394531,78.3179702758789,107.63858032226562,97.82746124267578
2026-06-25,732.4810791015625,715.63427734375,298.13134765625,103.1500015258789,67.95999908447266,86.00215148925781,369.4599914550781,109.30999755859375,184.35487365722656,53.261497497558594,53.7703857421875,155.03665161132812,183.62648010253906,83.39155578613281,113.10089874267578,45.51532745361328,96.35430908203125,78.34739685058594,107.72712707519531,97.88663482666016
2026-06-26,727.1842651367188,705.7846069335938,299.0489501953125,102.54000091552734,67.19000244140625,86.01200103759766,373.6300048828125,105.4800033569336,180.89889526367188,53.38107681274414,53.52186584472656,159.72869873046875,180.7143096923828,84.1565170288086,114.11865997314453,45.86277389526367,97.82157897949219,78.29837036132812,107.72712707519531,97.97540283203125
2026-06-29,739.1644897460938,723.3262939453125,298.1911926269531,103.44999694824219,67.43000030517578,86.10061645507812,368.5799865722656,107.08000183105469,185.19387817382812,53.530548095703125,53.26340103149414,160.12718200683594,182.27012634277344,83.8187484741211,116.86261749267578,45.68408966064453,97.3060531616211,78.47491455078125,107.92388916015625,98.00498962402344
2026-06-30,744.9202270507812,735.6334838867188,299.6673583984375,103.87999725341797,68.41000366210938,85.08650207519531,368.3800048828125,106.44000244140625,190.2979278564453,53.420936584472656,52.79617691040039,158.0550994873047,184.73350524902344,82.52723693847656,117.02226257324219,45.00905227661133,95.60083770751953,78.43567657470703,107.30408477783203,97.62034606933594
2026-07-01,743.9127197265625,724.4151000976562,298.540283203125,103.0199966430664,66.4800033569336,84.51136779785156,370.6000061035156,103.2699966430664,185.40362548828125,54.58680725097656,52.49795150756836,158.93173217773438,182.86851501464844,82.7557373046875,117.83048248291016,44.443214416503906,95.98748779296875,78.42483520507812,107.07898712158203,97.472900390625
2026-07-02,742.9351806640625,711.8582153320312,296.8048095703125,104.37000274658203,65.69999694824219,84.5014877319336,378.1300048828125,103.9800033569336,180.37950134277344,55.42384338378906,52.9055290222168,163.11573791503906,183.41705322265625,84.4346923828125,116.86261749267578,45.42598342895508,97.17716217041016,78.54308319091797,107.2566909790039,97.58174896240234
2026-07-06,749.4190673828125,722.067626953125,298.1213684082031,105.45999908447266,67.56999969482422,84.44219207763672,382.1300048828125,104.3499984741211,183.3560333251953,55.942012786865234,52.81605911254883,161.342529296875,185.0626220703125,83.55050659179688,117.75066375732422,44.96934509277344,96.40386962890625,78.70074462890625,107.28630828857422,97.63123321533203
2026-07-07,745.85791015625,708.6915283203125,295.4184265136719,104.16000366210938,65.72000122070312,83.55281066894531,377.489990234375,108.91999816894531,178.97113037109375,55.85232925415039,54.317134857177734,163.8130645751953,181.89114379882812,84.3055419921875,117.13201904296875,45.366424560546875,97.55390167236328,78.59235382080078,106.5063705444336,97.18592071533203
2026-07-08,743.5536499023438,710.699462890625,292.71551513671875,103.36000061035156,66.2300033569336,83.36505126953125,374.45001220703125,112.20999908447266,181.1885528564453,54.77613830566406,55.271461486816406,161.6812286376953,179.9364013671875,83.83861541748047,115.04661560058594,45.028907775878906,95.96765899658203,78.49381256103516,106.29904174804688,97.0177001953125
2026-07-09,749.8480224609375,722.5271606445312,296.4656982421875,103.91999816894531,66.77999877929688,83.49351501464844,378.17999267578125,109.01000213623047,185.1339569091797,55.3441276550293,54.49607467651367,161.5517120361328,180.62454223632812,82.65638732910156,116.59320831298828,44.80058670043945,96.25516510009766,78.5824966430664,106.33853149414062,97.15624237060547
2026-07-10,753.0799560546875,724.7548217773438,295.21893310546875,104.33000183105469,66.9000015258789,83.4737548828125,377.010009765625,108.69999694824219,185.56344604492188,55.513526916503906,54.754539489746094,160.22679138183594,181.432373046875,83.57038116455078,116.98234558105469,45.07854080200195,96.48318481445312,78.54308319091797,106.09172058105469,97.05728149414062
2026-07-13,747.3142700195312,710.9990844726562,292.71551513671875,103.23999786376953,64.5,82.97965240478516,367.1300048828125,117.79000091552734,181.06869506835938,55.872257232666016,56.40473175048828,160.79461669921875,179.8865203857422,84.03730010986328,115.78498840332031,45.38628005981445,96.98880767822266,78.3558578491211,105.59809112548828,96.6911392211914
2026-07-14,749.9677124023438,718.9408569335938,293.7428283691406,103.95999908447266,65.66999816894531,83.0883560180664,372.1499938964844,120.16999816894531,183.4059600830078,55.98187255859375,56.613487243652344,157.68650817871094,179.96630859375,82.87494659423828,115.64529418945312,45.35649490356445,96.73104095458984,78.51351928710938,105.84490203857422,96.97811889648438
2026-07-15,752.9403076171875,716.9928588867188,294.99951171875,104.6500015258789,65.56999969482422,83.24646759033203,372.3500061035156,121.37999725341797,181.36834716796875,56.360530853271484,56.16614532470703,157.68650817871094,179.57736206054688,82.92462158203125,116.74288177490234,44.889930725097656,97.01854705810547,78.64161682128906,106.21018981933594,97.11665344238281
2026-07-16,748.8604125976562,705.2051391601562,294.82000732421875,103.80999755859375,64.19000244140625,83.2168197631836,364.9599914550781,119.30000305175781,177.31307983398438,56.549861907958984,56.683074951171875,161.18313598632812,179.6671142578125,85.24932861328125,117.0821304321289,45.13810348510742,99.20954132080078,78.63176727294922,106.1312026977539,97.10675811767578
2026-07-17,741.4487915039062,694.606201171875,293.2740478515625,103.33000183105469,63.290000915527344,83.52315521240234,368.4100036621094,123.95999908447266,175.3853302001953,56.061588287353516,57.339176177978516,160.475830078125,178.92910766601562,84.63338470458984,115.18630981445312,44.84029006958008,99.15996551513672,78.48395538330078,106.1904525756836,97.17603302001953
2026-07-20,740.2518310546875,695.33544921875,291.5485534667969,102.56999969482422,63.560001373291016,82.90059661865234,367.6000061035156,125.51000213623047,175.50518798828125,55.84236526489258,57.59763717651367,158.64285278320312,177.64256286621094,84.3055419921875,114.3581314086914,44.611968994140625,98.62461853027344,78.51351928710938,105.7856674194336,96.92864227294922
2026-07-21,746.426513671875,708.2319946289062,295.7675476074219,104.05999755859375,65.33999633789062,82.6733169555664,374.80999755859375,128.85000610351562,180.56927490234375,55.91211700439453,58.154327392578125,159.6390380859375,178.18112182617188,83.5107650756836,114.61756134033203,44.59211730957031,98.66426849365234,78.48395538330078,105.48949432373047,96.7208251953125
2026-07-22,745.55859375,704.61572265625,293.0246887207031,104.25,64.98999786376953,82.45589447021484,379.1199951171875,131.67999267578125,180.05987548828125,55.85232925415039,58.85019302368164,158.82215881347656,178.37060546875,83.82867431640625,113.76942443847656,45.59474563598633,98.16856384277344,78.3558578491211,105.31177520751953,96.5625
2026-07-23,736.3515014648438,691.23974609375,291.3291015625,102.9000015258789,64.5999984741211,82.18907928466797,371.5199890136719,139.49000549316406,178.2419891357422,55.63310623168945,59.02912902832031,160.8245086669922,181.45233154296875,82.66632080078125,108.52098846435547,45.852848052978516,97.8414077758789,78.07011413574219,104.90699768066406,96.32498931884766
2026-07-24,737.099609375,683.5177612304688,290.4115295410156,103.41000366210938,63.33000183105469,82.26813507080078,371.8999938964844,136.69000244140625,175.67498779296875,56.111412048339844,59.2677116394043,161.9501953125,182.17039489746094,83.58030700683594,109.16956329345703,45.952117919921875,99.94317626953125,78.07011413574219,104.87738037109375,96.44374084472656
2026-07-27,737.25927734375,681.4099731445312,292.14697265625,103.91000366210938,63.619998931884766,82.76224517822266,374.6300048828125,124.76000213623047,174.09683227539062,56.67940139770508,58.01515579223633,162.7770233154297,182.7089385986328,84.80227661132812,110.5964126586914,45.3465690612793,99.67549896240234,78.10952758789062,105.15381622314453,96.67134857177734
2026-07-28,739.0248413085938,674.786865234375,292.60577392578125,103.88999938964844,62.36000061035156,83.24646759033203,369.3699951171875,120.48999786376953,170.89056396484375,57.3968620300293,57.22982406616211,166.622314453125,182.0008544921875,86.49116516113281,112.2328109741211,45.187740325927734,100.08197021484375,78.25731658935547,105.46974182128906,96.8989486694336
2026-07-29,727.6531372070312,661.0411376953125,287.81829833984375,103.37000274658203,61.06999969482422,81.87285614013672,371.0799865722656,129.30999755859375,166.3758544921875,56.480106353759766,58.303443908691406,165.606201171875,176.1864776611328,86.7892074584961,111.3647232055664,44.582191467285156,99.79447174072266,78.07996368408203,104.86751556396484,96.5328140258789
2026-07-30,739.852783203125,682.8384399414062,291.82781982421875,106.23999786376953,63.59000015258789,81.82344818115234,377.1600036621094,127.4800033569336,175.52516174316406,56.798980712890625,58.611610412597656,162.89657592773438,177.91183471679688,84.91156005859375,112.14300537109375,44.334014892578125,98.63452911376953,78.30660247802734,105.05509185791016,96.60208892822266
2026-07-31,745.1796264648438,687.2738647460938,290.4414367675781,105.58000183105469,64.08999633789062,81.2799301147461,371.5400085449219,129.1699981689453,175.14561462402344,56.73918914794922,59.198123931884766,161.93026733398438,179.3579559326172,84.49430084228516,115.83487701416016,44.026275634765625,98.09916687011719,78.31645202636719,104.89712524414062,96.35469055175781
2026-08-03,755.793212890625,699.34130859375,295.4483642578125,106.0199966430664,64.31999969482422,81.5478286743164,371.7099914550781,122.12000274658203,177.83245849609375,57.17763900756836,58.4426155090332,161.6214599609375,182.66905212402344,84.3055419921875,117.9502182006836,44.03620529174805,98.2181396484375,78.52833557128906,105.21244049072266,96.58109283447266
2026-08-04,769.4193725585938,723.0964965820312,300.9240417480469,107.31999969482422,66.0,82.17290496826172,374.1600036621094,115.77999877929688,186.68214416503906,57.67587661743164,58.17420959472656,161.48199462890625,185.90036010742188,84.81221008300781,118.03004455566406,43.78803253173828,98.06942749023438,78.76598358154297,105.85694122314453,96.97830963134766
2026-08-05,767.8831787109375,716.5533447265625,298.9891052246094,107.43000030517578,65.72000122070312,82.35149383544922,389.6400146484375,114.87999725341797,185.69329833984375,57.79545211791992,56.97136306762695,163.5341339111328,185.8505096435547,84.77247619628906,118.3792724609375,43.34131622314453,98.06942749023438,78.73626708984375,105.83710479736328,97.0279541015625
2026-08-06,766.65625,713.9061279296875,297.47308349609375,107.36000061035156,65.0199966430664,81.875244140625,389.6700134277344,118.87000274658203,185.11398315429688,57.60612487792969,57.81633758544922,163.82302856445312,184.26475524902344,84.55390930175781,117.84046173095703,43.063358306884766,97.1969985961914,78.67686462402344,105.4603271484375,96.74990844726562
2026-08-07,771.3446044921875,722.2774047851562,300.7744445800781,108.55000305175781,65.63999938964844,82.11337280273438,398.4700012207031,117.9800033569336,187.7509002685547,57.3968620300293,57.16023635864258,165.04832458496094,184.6836395263672,84.5638427734375,119.59659576416016,43.29167938232422,97.5836410522461,78.82538604736328,105.64871978759766,96.91871643066406
2026-08-10,771.1151733398438,720.11962890625,299.1985778808594,108.01000213623047,65.16999816894531,81.41883850097656,402.5400085449219,125.91999816894531,186.1028289794922,57.60612487792969,59.82440185546875,167.79782104492188,184.10519409179688,84.39495086669922,119.4070053100586,42.815185546875,96.27499389648438,78.69667053222656,105.06370544433594,96.56123352050781
2026-08-11,768.6513061523438,717.7021484375,300.2059326171875,108.08999633789062,65.43000030517578,81.5478286743164,400.9599914550781,127.61000061035156,185.87307739257812,57.59615707397461,60.569969177246094,167.36944580078125,185.20223999023438,84.13665771484375,118.97795104980469,43.3115348815918,95.55126953125,78.72637176513672,105.09345245361328,96.64067840576172
2026-08-12,770.5764770507812,722.9467163085938,301.92144775390625,108.5,66.45999908447266,81.46845245361328,404.9200134277344,127.30000305175781,188.63986206054688,57.71573257446289,60.669376373291016,167.79782104492188,185.38177490234375,84.52410888671875,117.63092041015625,43.52000045776367,96.47327423095703,78.82538604736328,105.22235870361328,96.74990844726562
2026-08-13,775.9531860351562,731.3079833984375,302.7093811035156,108.69000244140625,66.68000030517578,81.94469451904297,398.9599914550781,125.02999877929688,190.54763793945312,58.054534912109375,60.69920349121094,167.73805236816406,185.2919921875,85.43809509277344,118.18968963623047,43.718544006347656,97.73235321044922,79.00360870361328,105.64871978759766,97.00809478759766
2026-08-14,774.4169921875,730.3090209960938,304.2952575683594,108.63999938964844,66.61000061035156,81.39899444580078,401.4800109863281,126.5999984741211,189.78851318359375,57.95488739013672,61.5441780090332,166.7318878173828,186.01007080078125,85.52750396728516,117.94023895263672,43.986572265625,97.9802017211914,78.92439270019531,105.22235870361328,96.79956817626953
2026-08-17,770.7560424804688,729.1102294921875,303.2679443359375,108.44999694824219,67.31999969482422,80.71439361572266,405.489990234375,130.2899932861328,190.09815979003906,57.37693405151367,62.21022415161133,166.41311645507812,185.82058715820312,84.12671661376953,116.4934310913086,43.857521057128906,97.13751220703125,78.82538604736328,104.805908203125,96.5711669921875
2026-08-18,765.5490112304688,716.7631225585938,299.44793701171875,107.2699966430664,65.33999633789062,81.02197265625,398.54998779296875,130.66000366210938,185.40362548828125,57.636016845703125,63.3037223815918,169.0828857421875,183.0779571533203,85.02083587646484,116.10428619384766,43.69868850708008,96.78060913085938,78.74617004394531,104.94471740722656,96.67047119140625
2026-08-19,767.1549682617188,715.3345947265625,300.93402099609375,107.66000366210938,66.11000061035156,82.371337890625,413.8399963378906,130.91000366210938,183.4259490966797,57.277286529541016,63.204315185546875,175.0102081298828,181.46229553222656,85.97456359863281,118.32938385009766,43.69868850708008,97.76209259033203,78.92439270019531,105.66854858398438,97.1371841430664
2026-08-20,760.7109985351562,710.18994140625,296.89459228515625,107.3499984741211,66.62000274658203,81.69664764404297,415.260009765625,134.5399932861328,182.88658142089844,56.7491569519043,63.37330627441406,171.73275756835938,179.28814697265625,84.76253509521484,116.423583984375,43.45051193237305,97.75218200683594,78.77587127685547,105.16285705566406,96.80948638916016
2026-08-21,763.8232421875,712.6973876953125,299.1786193847656,108.23999786376953,67.12000274658203,81.40892028808594,423.3599853515625,134.63999938964844,183.09632873535156,57.277286529541016,63.26395797729492,173.95425415039062,179.76686096191406,85.42815399169922,117.76063537597656,42.45781326293945,97.65303802490234,78.82538604736328,105.0240478515625,96.67047119140625
2026-08-24,761.5787963867188,705.5847778320312,297.19378662109375,108.02999877929688,66.11000061035156,81.91493225097656,426.69000244140625,132.2100067138672,179.8401336669922,58.014678955078125,62.737091064453125,174.03395080566406,178.52020263671875,86.87861633300781,118.04002380371094,42.9045295715332,98.24787902832031,78.91448974609375,105.28185272216797,96.86907958984375
2026-08-25,764.0127563476562,709.9801635742188,298.4505310058594,108.80999755859375,67.25,82.81782531738281,428.07000732421875,126.1500015258789,181.52816772460938,58.1043586730957,61.693294525146484,174.62168884277344,177.92181396484375,85.9546890258789,117.69078826904297,42.99386978149414,98.39659118652344,79.13232421875,105.95610046386719,97.32585906982422
2026-08-26,764.182373046875,710.6295166015625,298.15130615234375,108.2699966430664,67.16999816894531,82.64915466308594,421.32000732421875,127.3499984741211,182.6268768310547,58.054534912109375,62.06110763549805,172.87835693359375,179.8566131591797,85.70632934570312,116.90252685546875,43.19240951538086,97.76209259033203,79.11253356933594,105.87677001953125,97.1769027709961
2026-08-27,769.18994140625,720.359375,299.02899169921875,108.0199966430664,67.61000061035156,82.48047637939453,422.6000061035156,130.00999450683594,188.39015197753906,57.67587661743164,61.92193603515625,170.92584228515625,178.32073974609375,84.52410888671875,115.62533569335938,42.86481857299805,96.81034851074219,79.08282470703125,105.82720184326172,97.1471176147461
2026-08-28,767.4442749023438,715.6842651367188,294.9795837402344,107.72000122070312,67.13999938964844,82.23242950439453,408.8900146484375,129.6999969482422,185.4735565185547,57.89509963989258,62.30963134765625,170.5074462890625,176.66519165039062,84.89168548583984,116.9524154663086,42.4181022644043,96.40386962890625,78.9541015625,105.45040893554688,96.80948638916016
2026-08-31,765.1499633789062,716.013916015625,293.164306640625,107.44999694824219,67.0199966430664,81.875244140625,408.4200134277344,133.6999969482422,186.28260803222656,57.506473541259766,63.58206558227539,169.88980102539062,174.66058349609375,84.42475891113281,116.33377838134766,41.9217529296875,95.61075592041016,79.0234146118164,105.31159210205078,96.73004913330078
2026-09-01,759.89306640625,706.9033813476562,289.8130798339844,106.48999786376953,66.7699966430664,81.54159545898438,396.75,141.0,183.4259490966797,56.99827575683594,64.38727569580078,171.0155029296875,172.2670135498047,84.6929931640625,114.33817291259766,42.24934387207031,95.47196197509766,78.74962615966797,104.76793670654297,96.42811584472656
2026-09-02,763.2646484375,708.501708984375,293.2441101074219,107.05999755859375,67.1500015258789,81.62126922607422,402.7799987792969,141.14999389648438,183.38600158691406,57.45664978027344,64.71533203125,172.29061889648438,172.31687927246094,84.97116088867188,114.60758209228516,42.35853958129883,94.95642852783203,78.75958251953125,104.89737701416016,96.49787139892578
2026-09-03,771.2548217773438,716.9229125976562,294.4210510253906,108.20999908447266,67.47000122070312,81.74079132080078,410.2200012207031,142.08999633789062,185.75323486328125,58.353477478027344,64.23816680908203,172.59942626953125,174.09210205078125,84.70292663574219,116.20406341552734,42.715911865234375,95.82886505126953,78.85913848876953,105.0467300415039,96.60748291015625
2026-09-04,768.2822265625,718.2116088867188,295.2389221191406,108.3499984741211,68.69999694824219,81.8802261352539,406.7699890136719,141.9600067138672,187.06170654296875,57.89509963989258,63.68147277832031,170.7963409423828,174.80020141601562,84.02737426757812,114.65747833251953,42.76554870605469,95.1943588256836,78.80936431884766,105.02682495117188,96.65731048583984
2026-09-08,764.0626831054688,717.6122436523438,293.90240478515625,107.76000213623047,68.83000183105469,81.8702621459961,399.7200012207031,146.02999877929688,187.6510009765625,57.09791946411133,64.38727569580078,166.49281311035156,173.95248413085938,83.47102355957031,113.73949432373047,43.13284683227539,95.10514068603516,78.76954650878906,105.02682495117188,96.55766296386719
2026-09-09,760.5115356445312,715.5643920898438,289.8829040527344,106.55999755859375,68.4800033569336,81.40216064453125,403.3500061035156,149.97000122070312,187.6510009765625,56.858768463134766,64.92408752441406,165.9449005126953,171.32952880859375,82.50736999511719,112.21285247802734,42.62656784057617,94.1236572265625,78.63016510009766,104.8575439453125,96.33843994140625
2026-09-10,755.9528198242188,707.9523315429688,286.9505615234375,105.66000366210938,67.0,80.45596313476562,396.3599853515625,158.3800048828125,185.0041046142578,56.669437408447266,64.54633331298828,165.02841186523438,170.0928497314453,82.54710388183594,111.71395111083984,42.20963668823242,93.31070709228516,78.27175903320312,103.91162872314453,95.7106704711914
2026-09-11,762.3967895507812,714.1358642578125,288.1374816894531,106.69999694824219,67.83999633789062,80.54560852050781,398.7699890136719,154.89999389648438,187.4512481689453,57.048095703125,64.75509643554688,164.72955322265625,171.90797424316406,82.83521270751953,112.71175384521484,42.08058547973633,93.98485565185547,78.25184631347656,103.8718032836914,95.64091491699219
2026-09-14,758.9952392578125,708.4417724609375,287.1600036621094,105.8499984741211,65.98999786376953,80.60536193847656,392.8399963378906,156.66000366210938,184.06520080566406,56.82887268066406,64.14869689941406,167.11044311523438,169.47450256347656,83.86841583251953,112.60199737548828,41.51474380493164,93.5188980102539,78.1821517944336,103.85189056396484,95.55123138427734
2026-09-15,755.513916015625,703.8065795898438,285.1400146484375,105.4000015258789,65.76000213623047,80.38624572753906,394.1499938964844,161.86000061035156,183.5258331298828,56.649505615234375,65.5404281616211,167.0207977294922,168.3974151611328,83.18292999267578,110.63632202148438,41.018394470214844,93.2908706665039,78.0328140258789,103.83197784423828,95.51136779785156
2026-09-16,752.1821899414062,703.9863891601562,283.9200134277344,105.0199966430664,65.72000122070312,80.55555725097656,391.739990234375,156.1699981689453,183.71559143066406,55.73275375366211,63.65165328979492,167.13037109375,168.25779724121094,82.78553771972656,109.9378662109375,41.018394470214844,92.67620849609375,78.07263946533203,104.0012435913086,95.47151184082031
2026-09-17,760.7109985351562,716.1737060546875,285.42999267578125,106.04000091552734,66.91000366210938,81.45195007324219,398.3599853515625,155.30999755859375,187.84078979492188,55.68292999267578,64.0989990234375,168.16639709472656,168.55697631835938,82.94448852539062,111.14520263671875,41.38569259643555,93.00336456298828,78.3713150024414,104.70819854736328,95.98967742919922
2026-09-18,761.6900024414062,720.6990356445312,284.1000061035156,104.97000122070312,67.02999877929688,80.92407989501953,401.1700134277344,153.82000732421875,189.37899780273438,55.66299819946289,63.929996490478516,167.7480010986328,169.2949981689453,82.25900268554688,110.78599548339844,40.79999923706055,92.11111450195312,78.1821517944336,104.25016784667969,95.62098693847656
2026-09-21,773.5,741.469970703125,285.5799865722656,106.12999725341797,68.83000183105469,81.47187805175781,398.3800048828125,148.16000366210938,194.85000610351562,55.900001525878906,62.459999084472656,169.00999450683594,169.97999572753906,81.91999816894531,112.2300033569336,40.65999984741211,93.00336456298828,78.33148956298828,104.63848876953125,95.87010192871094
2026-09-22,773.3800048828125,747.4600219726562,287.2099914550781,106.5,69.0999984741211,81.42207336425781,400.07000732421875,144.0800018310547,196.27000427246094,54.79999923706055,61.779998779296875,169.88999938964844,170.27000427246094,82.7300033569336,112.33000183105469,40.529998779296875,92.81500244140625,78.321533203125,104.63848876953125,95.90995788574219
2026-09-23,767.8099975585938,741.2100219726562,281.9200134277344,104.80000305175781,67.70999908447266,80.13724517822266,392.8800048828125,148.8300018310547,195.33999633789062,54.540000915527344,62.369998931884766,168.8000030517578,170.10000610351562,82.43000030517578,110.6500015258789,39.75,91.44999694824219,77.75405883789062,103.44364929199219,95.07292938232422
2026-09-24,767.1799926757812,741.0999755859375,281.6600036621094,104.5,67.25,79.1014175415039,391.69000244140625,153.08999633789062,194.7100067138672,54.529998779296875,62.599998474121094,169.8699951171875,168.8300018310547,81.69999694824219,110.31999969482422,39.36000061035156,91.16999816894531,77.54499053955078,102.70683288574219,94.61454772949219
2026-09-25,771.3499755859375,744.5,281.9700012207031,105.55999755859375,67.9800033569336,79.00182342529297,393.4100036621094,148.3300018310547,196.27000427246094,54.84000015258789,62.040000915527344,170.6999969482422,170.42999267578125,82.05999755859375,110.55999755859375,39.5099983215332,90.98999786376953,77.51512145996094,102.76657104492188,94.78395080566406
2026-09-28,765.6099853515625,736.530029296875,280.0199890136719,105.04000091552734,67.19999694824219,78.30463409423828,377.9100036621094,150.00999450683594,194.52999877929688,54.189998626708984,62.099998474121094,171.25999450683594,168.77999877929688,82.27999877929688,109.0,39.25,90.58999633789062,77.19654083251953,102.02975463867188,94.31561279296875
2026-09-29,764.2000122070312,737.9299926757812,279.010009765625,104.54000091552734,67.4000015258789,77.91619873046875,382.8900146484375,143.35000610351562,194.5,54.0099983215332,61.540000915527344,170.72999572753906,169.1300048828125,81.8499984741211,109.1500015258789,39.709999084472656,90.52999877929688,77.017333984375,101.97001647949219,94.26578521728516
2026-09-30,762.6300048828125,739.77001953125,277.8900146484375,103.88999938964844,66.79000091552734,77.4679946899414,380.8399963378906,145.66000366210938,195.75,53.400001525878906,61.5,168.4199981689453,166.97999572753906,80.5999984741211,108.83999633789062,39.439998626708984,89.62999725341797,76.86800384521484,101.74099731445312,94.20600128173828
2026-10-01,763.989990234375,742.030029296875,279.0199890136719,102.81999969482422,66.80999755859375,77.70999908447266,382.760009765625,150.02000427246094,197.80999755859375,53.459999084472656,62.70000076293945,166.1999969482422,168.63999938964844,80.33000183105469,108.80999755859375,39.68000030517578,89.16999816894531,76.9000015258789,102.02999877929688,94.41999816894531
2026-10-02,769.6400146484375,749.5800170898438,281.5199890136719,103.95999908447266,67.66999816894531,77.4800033569336,380.1400146484375,147.3699951171875,199.80999755859375,53.4900016784668,62.81999969482422,166.17999267578125,169.9499969482422,80.52999877929688,110.04000091552734,39.83000183105469,89.5,76.91000366210938,101.83000183105469,94.25
2026-10-05,774.8300170898438,756.2000122070312,283.3800048828125,104.02999877929688,68.7300033569336,77.11000061035156,379.54998779296875,143.99000549316406,200.92999267578125,53.880001068115234,63.45000076293945,167.3699951171875,170.10000610351562,81.04000091552734,110.41999816894531,39.970001220703125,89.1500015258789,76.9800033569336,101.83000183105469,94.12999725341797
2026-10-06,779.0900268554688,759.6599731445312,281.3399963378906,104.22000122070312,68.2699966430664,77.27999877929688,382.2699890136719,144.91000366210938,202.0,54.0099983215332,63.75,167.08999633789062,171.5800018310547,81.80000305175781,111.72000122070312,41.15999984741211,89.93000030517578,77.2699966430664,102.13999938964844,94.36000061035156
2026-10-07,777.219970703125,757.72998046875,277.70001220703125,103.0999984741211,67.37000274658203,77.1500015258789,375.8800048828125,143.91000366210938,201.38999938964844,53.75,63.36000061035156,168.80999755859375,167.83999633789062,81.69999694824219,111.36000061035156,41.150001525878906,88.69000244140625,77.18000030517578,102.0999984741211,94.30999755859375
2026-10-08,773.9299926757812,747.5800170898438,277.57000732421875,102.69999694824219,66.0999984741211,77.87000274658203,378.6199951171875,147.5800018310547,197.77999877929688,54.22999954223633,65.23999786376953,168.16000366210938,168.39999389648438,83.41999816894531,111.70999908447266,41.06999969482422,89.3499984741211,77.13999938964844,102.47000122070312,94.62999725341797
2026-10-09,778.1799926757812,750.6500244140625,279.1050109863281,103.19999694824219,66.63500213623047,77.82499694824219,384.4599914550781,148.42999267578125,198.61000061035156,54.70500183105469,65.33000183105469,170.97000122070312,169.27000427246094,83.3949966430664,112.72000122070312,41.345001220703125,90.52359771728516,77.19000244140625,102.36000061035156,94.55000305175781
