Date,SPY,QQQ,IWM,EFA,EEM,TLT,GLD,USO,XLK,XLF,XLE,XLV,XLI,XLP,XLY,XLU,VNQ,HYG,LQD,AGG
2023-10-03,-0.013386085494372701,-0.017549465265566444,-0.01683223760796282,-0.012516692976735966,-0.01324155461781873,-0.02151148612763032,-0.0028882419805683623,0.006801875798952972,-0.016959243236141508,-0.015810165260697673,-0.0006772788198042834,-0.008867313952199307,-0.006972818117789159,-0.007169984393991968,-0.024331339656821216,0.011567975003379916,-0.019523467950164686,-0.010151900469535069,-0.011520569670614544,-0.007838498040972919
2023-10-04,0.007281979702899344,0.013608755175418707,0.0004675295561271664,0.0017894246385103951,-0.0029521220301337303,0.014107267831984016,-0.00011825651470720455,-0.05429755974871586,0.012463265561731385,0.007414110173446398,-0.03140169523510705,0.004237941587055261,0.0032099632791373622,0.00795845503518633,0.019721304918667748,-0.0010555477024333237,0.0122217709304,0.005127756768964042,0.008740757170228486,0.007034654644511029
2023-10-05,-0.000376828300945542,-0.0029465910634076664,0.000759104089487872,0.008782284028956422,0.0037685714244752866,-0.004984849651410328,-0.0018327868021307259,-0.021166801847284478,0.0013339947362460691,0.004599647123665784,-0.006180705709384449,0.005470567595441178,-0.0058993657171634295,-0.019739408300563532,-0.004991000954263858,-0.005812087661155485,0.005562659154150218,0.0009653656013688394,-0.0011950549773126484,0.0006446312620862482
2023-10-06,0.011872739817849531,0.01675529045096491,0.009629506943723998,0.01106687491863556,0.014481093243214893,-0.01211665167578646,0.005153083621109555,0.002297686217708206,0.018712440160615573,0.008547302044887184,0.005984522850211116,0.010492804162187452,0.013679292349574323,-0.005519229566855133,0.007022411159588904,0.014171870202225767,0.002698201928239996,0.0013776650732257867,-0.00299156042783999,-0.0038663072100244555
2023-10-09,0.0064021834492535845,0.005100355212123819,0.0057802835693736565,-0.001459403426414263,-0.004758272583302525,0.023469526008995434,0.01838544744893622,0.04004845529458967,0.0051718284352768595,0.0006053086091164506,0.0333603897453818,0.0034611594430706827,0.015677700391338645,0.0009001719599042168,0.001058429558186802,0.009956400125507914,0.010898768133047465,0.007428918407651031,0.01240225918037674,0.010350415617033093
2023-10-10,0.005205027471222312,0.005537890814059754,0.011321957974600894,0.013738772926898957,0.01434252187810503,-0.0013825663360583773,-0.0016780958953311886,-0.005445328457167831,0.001537625006172716,0.007259550946439708,0.0012418040647710349,0.0047524310077387,0.006057081872416825,0.010190375991637968,0.010946524920059542,0.013662990158058275,0.004791724382170459,-0.00027303784833243583,0.00039555590140927244,-0.0009602737876497347
2023-10-11,0.004096087358340439,0.007135197311775254,-0.0017050234946123233,0.00418106794162898,0.006284523792920993,0.020886265599542098,0.007303045938392039,-0.013557566522482967,0.00927071592293438,0.0015015461893466142,-0.012852432045272422,-0.004424872978482819,0.0060204600158610955,-0.006824185712134723,0.0035683649820368313,0.016208902276531933,0.017353336738913372,-0.00013674284636766565,0.006122526241461701,0.00459311621428915
2023-10-12,-0.006096294001824876,-0.0034749334649026853,-0.022599097350800568,-0.00832737897303859,-0.011189278181963025,-0.02712791109625834,-0.0030496507265770356,-0.0033038192949580436,0.0009359317934247713,-0.006296811026528126,0.0011424276976503833,-0.008582213594180654,-0.009073246351473663,-0.010903548089121085,-0.010912150984651259,-0.015446482866417588,-0.014583150331504369,-0.005327664925995346,-0.01040433919554895,-0.008612584168456894
2023-10-13,-0.004981057431602376,-0.012569860994533943,-0.008328456148055774,-0.009265890879372796,-0.0036841671163475587,0.017892651945656368,0.03214825984540237,0.04733492152608121,-0.014320508842411095,0.002112156976475932,0.022016508841630422,0.006260547793437654,-0.008864258286152005,0.00875883583353243,-0.014689303991181513,0.011255041569695923,-0.002510800103612043,-0.0008240886607802089,0.005554382898168786,0.004290039226127584
2023-10-16,0.010521589928818909,0.01130645537899544,0.0161509438717109,0.007306674408448899,0.007395797216815048,-0.01609455917207281,-0.004864928190345896,-0.007595879103021175,0.009606748928997488,0.010539067363174226,0.006697284267658921,0.0075275097649276645,0.010614497316431049,0.010329227158817123,0.016166382658347356,0.01028664265139212,0.011922296835982671,-0.00027496451818287415,-0.006904627676824537,-0.0055534925441793614
2023-10-17,-4.5865134732481216e-05,-0.0032756070535198134,0.011154677477090535,0.0005803741951222463,-0.002622010667218899,-0.011020891413793144,0.001854273768354009,0.005230305718863404,-0.004640353853467394,0.0047675553314228125,0.010422432160594575,-0.0013723426605837252,0.0031117116231969,0.004296884986762839,0.002352480228630105,-0.0026706236619638,-0.001440299857419447,-0.0046751188490296025,-0.007945829135747595,-0.007195103049709495
2023-10-18,-0.013325158514127855,-0.013118007102798424,-0.020577407070334508,-0.017399060551849366,-0.015247081296549614,-0.008797495885311313,0.014470816805260078,0.013197883830660784,-0.010268061506885862,-0.017200428735214546,0.009108009590904853,-0.008702937386021792,-0.024139635994341324,0.0036884174571376604,-0.023468431212497642,-0.008702960724198072,-0.02123711843640408,-0.004834426340180498,-0.0080092087365492,-0.004650875960652945
2023-10-19,-0.008786424006192783,-0.009356631137873439,-0.0159323163340076,-0.008853450459089252,-0.005872939418318901,-0.02047331221277826,0.012274016037125302,0.023046142931896885,-0.005723568787957323,-0.013277026833516059,-0.0017399510938581608,-0.009857605975564399,-0.009238987018884592,-0.007349786879354059,-0.025550056129236443,-0.009961077786531658,-0.023707652711886462,-0.003609514648242662,-0.008074755429690939,-0.0038033545505271604
2023-10-20,-0.012287992776404688,-0.014918211439077345,-0.012928336275206287,-0.008932596605379928,-0.012083818045118377,0.005678566131150253,0.0027308974274993236,-0.011998082189912718,-0.0169107524069404,-0.015290668436274246,-0.01677551103192354,-0.003966665462699748,-0.01032782815760025,-0.0038502313496587837,-0.015511492015210626,-0.010402561523619402,-0.006722564991016089,0.0020894044813344337,0.003968241275040363,0.00359982570975359
2023-10-23,-0.0017332510809153767,0.0030176582373377947,-0.008471666157532032,0.0007513598328598992,-0.0008155009094343857,0.012013060804109355,-0.0033770637265356784,-0.022428719046354018,0.0011591190353883452,-0.006211179353365459,-0.01617564797555837,-0.006247105704766276,-0.004660570196256875,-0.0019324026889528945,0.001186566981015158,-0.008444036404680832,-0.00980658542761459,0.0040321227446067365,0.0078037791648291055,0.0039128611443266514
2023-10-24,0.007539298979760689,0.009728054129994224,0.008725863189691374,0.005704009075480743,0.012785716785434165,0.01317666064530676,-0.0001093308866343401,-0.02484470908399883,0.006884799148279219,0.006875230176532021,-0.01407654286053761,0.003064597938061242,0.007532495674963169,0.008489550608850704,0.010667064398332649,0.02572140301541026,0.01283296398858802,0.00512310299035712,0.00563155250088565,0.0035730257410784283
2023-10-25,-0.014352127713372465,-0.024475604554778596,-0.016519619126607488,-0.007164294916201297,-0.013161327865834349,-0.02226109308714319,0.004208823642007475,0.019888194114486835,-0.011799595154270981,-0.003724591919076148,-0.0018278821139133816,-0.008930652715436915,-0.012831007630818347,0.0033971291661352154,-0.02019670304000798,0.005591217752849653,-0.021484561312718364,-0.005372498499796374,-0.009099883640459883,-0.007444038336769765
2023-10-26,-0.011974642931195656,-0.019067278375513474,0.0025651946009697113,-0.007215929407057731,-0.004899329293138299,0.015338519975317988,0.0015784524505007003,-0.0200101926222801,-0.019104838054708417,-0.0021806507828325827,-0.007780781467854991,-0.009880687839862068,-0.004195840178831456,-0.006476238758196362,-0.015626113310905132,0.00859320272842301,0.019141493659718956,0.0034622932701497966,0.007265914639052351,0.006739105898387887
2023-10-27,-0.004532795672202217,0.004801268175677942,-0.01175815120393675,-0.0030284165851725,-0.0008206311811385092,-0.004248766229752898,0.011629799758343662,0.019118236862686544,0.005805760371929036,-0.018108038997381004,-0.023988020933382148,-0.01692476790993569,-0.008838702208216143,-0.013629745128921456,0.010469852073528907,-0.01887730781346264,-0.01601987929143278,-0.0012417729321413384,-0.0020037942868021963,-0.00032404308164790674
2023-10-30,0.011955821312389592,0.011265258267445288,0.005548390698278727,0.01275820259059901,0.010402413737722549,-0.004503870788533426,-0.00564054701797434,-0.02947929480093181,0.010737508630095816,0.017806012810849925,0.003308492961388021,0.005603348696135324,0.012443037944402713,0.015620486531125355,0.009158668086777233,0.007662054716054856,0.006315707559454653,0.0002761947215588201,-0.0030116824771083683,-0.002376100021052041
2023-10-31,0.006280382268644802,0.004782070568472019,0.008644621998836977,0.0035993701856444904,-0.005689503007365815,-0.004881835043918037,-0.005456562573315948,-0.013543804961985484,0.0071229042811518095,0.010934221945510636,0.0032975829314696448,0.005733661438704463,0.007373952905612935,0.0035489989550285816,0.007551644439875771,0.008617746020816552,0.017015500140953987,0.0026250131357630213,-0.0014100608315156249,-0.0006494696229767394
2023-11-01,0.010664692054387581,0.017357040427076642,0.005713560803741746,0.009414147457015964,0.00926433863709697,0.021682610041966477,-0.003150642851826202,-0.0035989956697947134,0.01932781410743578,0.006489451222509102,-0.0023476325347647764,0.0020877939947088198,0.0032534483673392067,-0.0010315199245174433,0.01236036976307231,0.011392246529433825,0.00617118366786773,0.009531648081651634,0.014311334551957433,0.011050291955132518
2023-11-02,0.019164387972748553,0.018153273109649648,0.026653009751003376,0.020429264032380212,0.017548600352757182,0.02279674545140331,0.0033240729584831374,0.019130438865227806,0.016928077481162873,0.023641440332845987,0.030238648159429005,0.01586531923693979,0.02057135173195057,0.012981200079056787,0.026107172493049058,0.018717972885978984,0.03284720161237775,0.011252683969319,0.011873722225357097,0.006018531172775621
2023-11-03,0.009123262630104767,0.011748853587083552,0.0271972309084465,0.01059059777994853,0.02042974179598711,0.0067782584283493374,0.003638921283475316,-0.017458674530411167,0.010293468952815577,0.013197320692903025,-0.010050049578316123,0.0049692667772536225,0.008837386464817909,0.0011651121694629119,0.014050837543459371,0.005853669389777938,0.02388472107026285,0.009770801891835212,0.004930668136375438,0.006089015692857247
2023-11-06,0.0023005975307612836,0.0040792960867692685,-0.012493684944074879,-0.005024589569170845,0.00806029546285214,-0.009700084719825086,-0.007792560392528847,0.0008016725345563191,0.006578869347359184,-0.002960182925155763,-0.01130591066871467,0.006671341307921352,-0.002657580941274329,0.0016001046754703374,0.001248075480887012,-0.002586572804184839,-0.014434669046301862,-0.004031717983573602,-0.0052988505796190966,-0.004990803719400749
2023-11-07,0.0028460680704587293,0.00945258993549647,-0.0035400662310164366,-0.006059641828774831,-0.001805445566212427,0.014749948946007674,-0.0041451308444239165,-0.04151649256859735,0.010931970446482087,-0.001484604466580608,-0.02217046963984237,0.0007018019984128543,-0.0024670561952441217,0.002468670810982676,0.011158414003302974,-0.007293369024662155,-0.008238799014675391,0.0001344822683295721,0.007990402385053219,0.005335787289102889
2023-11-08,0.000732347382665699,0.0006439087291854051,-0.010658020343604968,-0.0013064023693745153,-0.006718538616484748,0.017034022811525773,-0.00996764391222027,-0.022423405876333735,0.00566416135084391,0.0011892593058233647,-0.012529958516705797,-0.0014024946583163223,0.0022752987087069076,-0.003911386268230732,-0.002650977912760699,-0.007346953064568895,0.0032965725898403964,0.0005400570641553859,0.0050893512322460754,0.003396503970816811
2023-11-09,-0.007798799907394627,-0.007695467034853354,-0.0154825293591907,-0.00014547430532663164,-0.009365211153968711,-0.023001192085539968,0.003982968433291267,0.0008547878117519669,-0.004665182317281746,-0.004157938027353203,-0.0030211207843238164,-0.02067567603929521,-0.0021715856556461244,-0.004072013137413122,-0.01866747399798796,-0.013157859527320737,-0.015770744193412622,-0.006203027842886399,-0.010126738199457308,-0.00835697249370504
2023-11-10,0.01560488125277848,0.022482091395256143,0.01118165597174392,0.0045064602304458745,0.007090552697092134,0.0055998941403943014,-0.010909752197912126,0.021921721217471157,0.026121921735999587,0.011333089718625011,0.011030597671238151,0.005975120098565823,0.014442588377889587,0.007009161136324993,0.0166289037116083,0.005333304965799313,0.00934701008450678,0.004885076865599247,0.0050167913896630445,0.002347009197566585
2023-11-13,-0.0009533215723012134,-0.0031184694383350475,0.00035457645231762314,0.0026050464715932087,-0.00026088280304792377,-0.002272832614249487,0.005570720464602941,0.015740315350428746,-0.005848939918616569,-0.0014745351596262557,0.007193093696940656,0.005781406800095423,0.000877757440284066,0.0031905842782211646,0.004275025614001837,-0.011936362820282431,-0.008334713860679965,-0.0009457426563336258,9.76737219111623e-05,-0.00010654804499321546
2023-11-14,0.01940085721223861,0.021526642447568856,0.0549152512026474,0.025548592707895112,0.026604166686702735,0.022667111409312213,0.008919177105678688,-0.0031540830130877273,0.020003289825621717,0.01890137868213304,0.008927627475959987,0.0067715665315806195,0.020069957495357338,0.010262701545844077,0.03368508682980509,0.039932933681086746,0.05549682336653872,0.01013675890421939,0.015658880722486668,0.01256001914980498
2023-11-15,0.0021169837311705297,0.0007525672709194353,0.00173718968463632,-0.0015484799884474265,0.008384053913757183,-0.014033993600876205,-0.002635601473798599,-0.01857210150190647,0.0012633883201795815,0.005506993320879561,-0.0018877526333594963,0.0007820939870220034,0.002101121755724078,0.008012707607217395,0.0011937548304310486,-0.0030655034378465063,0.002906716581844604,-0.003211037006268014,-0.005203538597389423,-0.006202380092596549
2023-11-16,0.0012231033892862175,0.0008556701528792399,-0.016166180264055252,-0.0007047205524234323,-0.009574204861826918,0.012426370213179272,0.011286077178189302,-0.04611709356628335,0.004992664770946842,0.0040361428086765905,-0.019503487566667976,0.004298092688071353,0.0001908449327674422,-0.012348988400688099,-0.010253435250040854,0.00534077032641922,-0.0021425403727379777,0.0013423434221007113,0.00823332906348817,0.005500280218454945
2023-11-17,0.0012439596023434696,0.00023337708952708702,0.013702511566531017,0.013542092228121971,0.0012720376218806617,0.004686863217581827,-0.00010890234740634774,0.03967666167756989,-0.002074405965950099,0.005167629862817158,0.020976433172217313,-0.0020230471977567,0.006384618271147557,-0.0012936676769096378,0.006685588974497225,0.002736651228303133,-0.0007573744007235428,0.0022787121741916216,0.0028820970626699527,0.001998922786759172
2023-11-20,0.007697435842358269,0.01217466587305882,0.005833257460107655,0.0037578064023875424,0.012449194846241518,0.006108104720840446,-0.0016333808174913145,0.021908170342866518,0.014496672588038884,0.003999251196259657,0.0014168362572231086,0.006081819866915472,0.0030299524174537407,-0.000719542608128787,0.005145381646535219,-0.003050447849517357,0.007330414864771706,0.0010696940026853063,0.0040230568581201,0.0015749628839392127
2023-11-21,-0.0021793332473256655,-0.005809214260738105,-0.012881176297031116,-0.0038823994328022193,-0.006273590477787416,-0.00044123407811214044,0.01079790063288577,0.0031811302604567437,-0.00808839922422866,-0.0005691432926815398,-0.002240174870702605,0.006045179250352417,-0.0007551998846472285,0.0030240881882512838,-0.002559521110322649,0.0020935064620990484,-0.007026367670739608,0.001336551191944313,0.00028663667925132863,0.0010483241842789148
2023-11-22,0.0038607868753073316,0.004092919425966901,0.006270338654074337,0.00236666243888628,-0.0020201485139192954,0.003533911822058089,-0.004262252597287075,-0.01268438142050432,0.004457812066920308,0.003985361752858463,-0.00047276853252642415,0.004776166101985613,0.002172990909708572,0.007178897605537138,0.0030434966473646963,0.004820879851800575,0.004927861243365861,0.0017340549929165672,0.004005954492184438,0.0009421283664645674
2023-11-24,0.0006153974543310348,-0.0014100957155879223,0.00673668623725332,0.007637551830027789,0.0005061112781330479,-0.011775244923782235,0.005201596914642392,-0.011031991464794721,-0.001948501133554048,0.003118618072847301,0.004138135919103059,0.005366908023182626,0.0024509287424077097,0.0037063715662859487,0.000952011066372549,0.0025586579268093157,0.002892164327253699,-0.0010650964478864378,-0.005130127834129916,-0.004602726761368192
2023-11-27,-0.0018010624558751909,-0.0008727830112265078,-0.003345891459052397,-0.0034455108488248287,-0.004046634839853569,0.016703963309994352,0.006737817869841178,-0.01214347096946422,-5.4300965292353176e-05,-0.003391983127510101,-0.0035322293088230206,-0.006253391535217423,-0.005642310491060232,-0.0028405631668001474,0.0016047640636989158,0.0015950799403225968,0.003635798197973328,0.001466642948459107,0.008116801653136996,0.0056750883007286035
2023-11-28,0.0009900948736480952,0.002620875542466594,-0.003860494042263296,0.0002765938751034813,0.0083797964362613,0.001971437018686739,0.013331852960406732,0.018582090748573865,0.0018981916290685685,-0.0002834573133233542,0.0002361581167287241,-0.005141658103186231,-0.002364240139990148,0.004557989364455839,0.005756346179500049,0.0031854116186966763,0.006621021873110644,0.004393666114668848,0.00397833716994711,0.004389386270808204
2023-11-29,-0.0007030928293991767,-0.0009739552095149318,0.005279685271001977,0.00207399633226224,-0.005791916491083682,0.012570798702399744,0.0014794398574642376,0.017681651263876663,0.0007578886274877128,0.007092296674514387,-0.00744222774415737,0.00030865362307630484,0.0037918996540970973,-0.008081853183636967,-0.0027142031576355974,-0.007937944451343215,0.006949420290488062,0.005434459510340162,0.00811394491832651,0.004890227191453489
2023-11-30,0.003937319735281886,-0.002514177681720575,0.0037994846584801234,-0.0008278352489889951,0.002026392603993843,-0.011551235620188782,-0.004167950375202456,-0.032818496464250946,0.0014603852524048833,0.011267602779881702,0.00666492645961525,0.012569502173298774,0.010954608240887342,0.010005802127920127,-0.0014198433590970616,0.004320766817781818,0.0072713690675974,-0.0018458925218238775,-0.005240905871249257,-0.00331350907114647
2023-12-01,0.005915854725011993,0.0028549762125227307,0.02922169577927658,0.01049413796416232,0.004297285493797931,0.01883396882666455,0.017271494075951965,-0.012831501763767239,0.0022680430897954462,0.007520803210472993,0.005202318672956618,0.003959877282956548,0.015786981828142643,0.004103939130387868,0.013686431425295131,0.012268948115690792,0.02459297525391202,0.008279453578083684,0.012040221273813323,0.008792843511484127
2023-12-04,-0.005249354143821883,-0.009283578938956372,0.010708033102225789,-0.007788636947297811,-0.01132648823798077,-0.003978949369149887,-0.02161342646325959,-0.011120691317486497,-0.012177975313259592,-0.0011057450459959206,-0.004587165013448469,0.0018964758536073045,0.0016552899925261766,0.0012684548516970207,-0.003799382648321692,-0.003935039734209167,0.007284726263655061,-0.0024999729979653385,-0.004571972185598794,-0.003821045854747518
2023-12-05,-0.00019719927145744887,0.002510698992257643,-0.013376832757936663,-0.0035810937643945273,-0.006109817763092051,0.021485879107149275,-0.0037794459254785195,-0.012998384311103672,0.006000393902284129,-0.004982135080975891,-0.01748789008331142,-0.0012870434889535876,-0.008079301582803344,-0.007882881046301082,0.0017601784812535382,-0.007111330683304384,-0.006639123973864791,0.0009238207245210184,0.0079677205791302,0.00663499289766456
2023-12-06,-0.004029729599363985,-0.005783627049339657,-0.0017898047179321086,0.0030409663244870266,-0.0012807298019024138,0.013317918393131789,0.0036868953454944897,-0.0417283163423704,-0.00845902468106452,-0.00500685871056239,-0.014912804138535352,0.0007580207189492594,0.004442853322368823,-0.002553827341780446,0.0014642686206374211,0.013369346830427231,-0.0029836910064682254,0.00013112233107204219,0.0037199287887599297,0.0025746082016018246
2023-12-07,0.0076303083060389465,0.013972238019025696,0.007225794441417133,0.004822934408022839,0.00487278309017225,-0.005737152231696241,0.0016503277504122948,0.005404546982330727,0.012140500696377732,0.004752525997900214,-0.0068369221235743405,-0.0012119023427985542,0.0009214698066526417,0.00426739450909186,0.008246264676396997,-0.0021988057429590535,0.0028730303267852086,0.0017137569467597924,9.267965638182218e-05,0.00030833443629707524
2023-12-08,0.00429928913981481,0.004456659717602562,0.007605805163850121,0.0030168502882872428,-0.004338860021597557,-0.008183017369958412,-0.01334039111485108,0.02180921756464471,0.008536984427764072,0.005286679347136003,0.010817444122243725,0.0016685017001940583,0.0031301862775399147,-0.006940346706708289,0.004582342289109587,-0.001888853218211195,-0.0016710989924334507,-0.001973179987975082,-0.0053733961440805,-0.005031984097748632
2023-12-11,0.003889356428852464,0.008542159123079207,0.0020877115865416407,0.0024610954040642508,0.005896056741616862,-0.0021151564957060387,-0.011042895165362276,0.004058383848113856,0.00873220359314364,0.006088993544118404,0.001216069786474261,0.006587100571097126,0.009544806107869785,0.009556274190942071,0.0026558798419407115,0.006465833143202371,0.0027499430729562846,-0.0006598592965971761,-0.00027967662471006793,0.00010320754105452856
2023-12-12,0.004567389787628162,0.007964125025651025,-0.0010150923030299852,0.0017729797114551804,0.0002546524980062692,0.002967733194166433,-0.0005446421195114404,-0.03817369663564274,0.006638833642350628,0.00715252156645918,-0.01372531581907488,0.004287973168584314,0.004545431534306532,0.003249548310095829,0.003109717163476633,-0.004073777188664973,-0.0005962098613684352,0.0022427425251632105,0.005683691736950713,0.0029927976474972695
2023-12-13,0.013790079384885079,0.012717140302879848,0.033850376809398286,0.01456787066048948,0.009936330119307613,0.023462335014882152,0.022562533466176538,0.016809367020306443,0.00881092865906652,0.01611612341518609,0.013916321729857017,0.01842568825174129,0.011131204499651881,0.0181665216508633,0.013089203183272335,0.03775948967219822,0.0382964152513936,0.015267114860369357,0.01676856468898258,0.012552628799908483
2023-12-14,0.0032095332708701463,-0.000866621873649831,0.027828103645420654,0.0073805283096293195,0.014631866481027211,0.026012870173129254,0.005862552982469849,0.028011660489266843,-0.002458211662197174,0.009946123241044935,0.029394000423166755,-0.004854128976658378,0.01288822766933273,-0.014661270947186833,0.013430063880207399,-0.013038320974567918,0.028840619729977535,0.004416215605699936,0.010634714372174559,0.008071221082325941
2023-12-15,-0.0016465948049367851,0.004833839833428666,-0.008404223951954948,-0.009724277261659031,-0.005967327149611901,0.0011109171208147917,-0.009166511771857233,-0.00014892995361925898,0.00503296588989488,-0.005855718774029461,-0.0053096465869780785,-0.00849905558145847,-0.0013254118389539604,0.0,0.002068758062020448,-0.017357781995470445,-0.014071817629427552,-0.0022045105510473118,-0.0014476274430276215,-0.00232551735426334
2023-12-18,0.005624954127060322,0.006298771372417633,0.00035523552066973885,0.0024213681169618084,-0.0005001856353776812,-0.007967906006141723,0.004545487184575592,0.013998433218939788,0.002990592409021442,0.0033363342009242736,0.008167858048918841,0.0016323004178853129,-4.448538852075412e-05,0.010409752446022269,0.006205070934175438,-0.0022563808134331564,-0.0022656080541817447,0.0006497013228869974,-0.004168079948747794,-0.002026199749897928
2023-12-19,0.006081022516731149,0.005109577918989805,0.019379911966169505,0.008454092423251458,0.008508538886979666,0.00538829551881137,0.00681394057869511,0.01865184815341525,0.003805093368008272,0.007508716731603249,0.011997890550185852,0.006727518749011008,0.00774016843255243,0.001959513354559572,0.00783347213547092,0.005693382957864923,0.007606821749178261,0.002857809075222706,0.0012738590202956424,0.0012182398394497973
2023-12-20,-0.013857358320853108,-0.01485963407053359,-0.01956089905470637,-0.010091832046483007,-0.01800165587622571,0.006775196098851133,-0.005445982936102989,-0.008217988607386872,-0.015110634104118392,-0.017833289936895258,-0.009273207250141136,-0.01447899235291128,-0.016156058864342793,-0.019418890521555543,-0.018246097395497762,-0.020286157002906036,-0.012169280598172239,0.0001296253583007445,0.002635210745041583,0.003651047122311235
2023-12-21,0.009481935526338248,0.01163528530179736,0.017016444283290966,0.016197174528569835,0.018795038331012037,-0.006327828024642823,0.007070635455129759,0.0034888480967494306,0.011229919359647678,0.00975591356886496,0.003909869072929784,0.01220529585555341,0.01031931612086523,0.006981489568545607,0.01521622329671124,0.001765612077858636,0.008868305877987703,0.00453269605444806,-0.0003623735538230699,-0.00010109191269846995
2023-12-22,0.002009720103321566,0.0014959664814782059,0.00931793341559417,0.0009375234588770986,-0.004801665691152035,-0.004548325557668709,0.004434417088942322,-0.00492534179201809,0.0013036401700750044,0.002146998934771771,0.0029505899954458403,0.004987043267913549,0.004796387874542507,0.007639723541106758,-0.0073559429152920686,0.0033647490029815597,0.0038914900946622755,-0.0011601721442737745,-0.0017228576695593745,-0.0013138989707562887
2023-12-26,0.004222507142810139,0.006121850841012133,0.013003623411983023,0.0045496259179234055,0.007871993720049097,0.002842909069541655,0.007620733251079592,0.02212835331259444,0.0041654740672538715,0.004017171568721389,0.008590239253158716,0.00222189184403887,0.007071418310645061,0.004212175557249731,0.004234594738877995,0.006068470963768835,0.007410814263531407,0.0019360978799889406,0.002088961569037817,0.002023672538047583
2023-12-27,0.0018080190784541816,0.002035664154466321,0.0035277667332112017,0.005328538431720986,0.005794867955525085,0.017719876253835753,0.004537842226414179,-0.01837346435477505,-5.1810199288238046e-05,0.0032012182024787617,-0.004433578034326868,0.004212188167613817,0.0014922577669731485,0.004614245408952167,0.003439788539294053,-0.0006350023947068184,0.004866329463822927,0.004122792523611363,0.009335757298492231,0.006361677370007479
2023-12-28,0.00037779039577712226,-0.0004861012729292513,-0.003808127002232653,-0.0026502026483598007,0.007765710787960067,-0.007262829626577205,-0.005815437657636813,-0.025246632472395447,0.0011927422379029995,0.0029245575179366323,-0.015234988096631152,0.0025757288732179973,0.00026287787828227493,0.00041735272855625283,-0.005197252283964282,0.00714739716287327,0.0070955128911494025,-0.003207793312953733,-0.002604207264091718,-0.0022072622863157365
2023-12-29,-0.0028949686440654654,-0.004327660171525638,-0.016320359799449236,0.0010628979543174655,-0.0004972463546345507,-0.009020102725003976,-0.001566841018672216,-0.007889234547324708,-0.003056050521987541,-0.0031814871981985515,-0.002261010203264524,0.0010276211724422613,-0.0012266952172266254,0.002086921467467695,-0.006169460057465326,-0.0012617280453682822,-0.011854164497770991,-0.0038612313381712893,-0.0036913511029340595,-0.0019109854397126869
2024-01-02,-0.005596422618029284,-0.016922150532431846,-0.00592892866115069,-0.011147919507683568,-0.011688652722975701,-0.005764582574845134,-0.002353909884146743,-0.01320337378343206,-0.02618446226931581,0.004255486565609701,0.010734782862435122,0.017597760031737186,-0.010088676936826468,0.011245154027218707,-0.009283736353694394,0.01452725692781276,0.008601186472456224,-0.0033596655967227385,-0.006777304968967335,-0.004735437848874535
2024-01-03,-0.008166623524756722,-0.010581622413414316,-0.02666410480261283,-0.007515842210978674,-0.005535938727773249,0.004170651576539619,-0.008336809604204354,0.03679498132671655,-0.010189807576807985,-0.008474592335786402,0.016285195561942745,-0.0016572294419318068,-0.014888278139273403,-0.007825197637037928,-0.020208670403805806,0.0037353106789708157,-0.023900490303057853,-0.002722741401122053,-0.0022748834681139973,0.0005061742172276507
2024-01-04,-0.003221073749963277,-0.00514655710516887,-0.001956632604127817,0.0022988629276532446,-0.0032895068181644227,-0.0151945796945534,0.0010046128932528209,-0.009092282217100456,-0.007330462105360147,0.004006334937460387,-0.01753383795459107,0.004980171751840734,0.0012593280527868345,-0.0013837728539587424,-0.007028881669291276,-0.003101271172564868,-0.0018392377012248495,-0.0038999999183245704,-0.005562539961680879,-0.004047259210831267
2024-01-05,0.0013696975395152133,0.001186184756225117,-0.002940743328568196,0.0006743948428786783,0.0012693705330866223,-0.009566094825166793,0.00015845540955172766,0.021607208688273705,-0.0002715971318196786,0.004256618323717376,0.0008272779844500366,-0.0008620043045164394,0.0011683165628191272,-0.0022168086422647004,0.0015663258071836328,0.003733115627716943,-0.0025336483696790646,0.0007829367578264801,-0.0035762958290620483,-0.0023366633278782967
2024-01-08,0.014275939303044272,0.020667974296459724,0.018007603595388222,0.010651226386137136,0.0027890748034204993,0.009865974891959173,-0.007816271130823282,-0.038099337967926306,0.02509248313369361,0.006357495792183032,-0.011572906860711885,0.00884133035832968,0.00655084280505025,0.007360042119300747,0.017031759587855966,0.007283347875606916,0.01431709544697668,0.005608061638348927,0.007638410369358528,0.0037677428498221754
2024-01-09,-0.0015170437827003447,0.0019754730634511386,-0.008946119867284219,-0.008937922357694306,-0.01415923121484719,-0.006375674220264527,0.0003193567900841021,0.01490960603944691,0.0015893854861115386,-0.006317333371853695,-0.01600956204780901,-0.00014256909509358096,-0.003120356570257332,0.00261945021323573,-0.0037023490993662866,-0.008153689490291605,-0.006715909074458626,0.0015556900007751562,0.0017351305402537598,-0.0002027460685126714
2024-01-10,0.005655342414442988,0.006777486268616295,0.0005640739018233365,0.006461069160964783,-0.0023084103937869305,-0.004657688424849815,-0.00228804710551489,-0.01231639469612733,0.008516782177624638,0.0015893739480457025,-0.009834826437089883,0.004560813194426361,0.00509796762033754,-0.0020623048238306296,0.008003937422268681,-0.00015519498381089125,0.0011458328576436916,0.0018131209433713824,-0.0012761783506100022,-0.0019282434755053535
2024-01-11,-0.0004405769375498414,0.0020807805151332737,-0.007842950835522222,-0.00013364000041182766,0.004113255571547514,0.005615362948817593,0.0019733072916665595,0.016376262128399377,0.005087976370149239,-0.0037029347714283567,0.0025750614784596504,-0.000709370418460531,-0.0023136138737416267,-0.00013817095379486943,-0.0013045028952984872,-0.023270230571810102,-0.009271856108433063,0.0032309613632561796,0.006025241105050094,0.005693669797693257
2024-01-12,0.0006927159626370916,0.0005129320982122376,-0.0016533136355212363,0.0041464943325522086,0.0035840592950986405,-0.001964820375893961,0.009794068475553752,0.005469255119616934,0.0032353610821338474,-0.0018582431658391574,0.0112524400201095,-0.00248455893722499,-8.919693193598643e-05,0.0031696564081589162,-0.012039823478946166,0.005717865217416129,0.006007934301522688,0.0010305825040091143,0.002177667919475601,0.0018194591104681024
2024-01-16,-0.003671167195265501,-9.751447693118198e-05,-0.01236877525633251,-0.016784250931713984,-0.024234529678659467,-0.01761305504126398,-0.009488181898979597,-0.011320151147712454,0.0024969600103046385,-0.00691494092798306,-0.023826972695340398,-0.0059778163588357636,-0.010079305545587003,-0.005494793123927089,-0.0011496895218923164,-0.010896999732075252,-0.007350191072444945,-0.006305920239517038,-0.010141202127467386,-0.007467308102349968
2024-01-17,-0.005558761471287088,-0.00564081764413038,-0.007126219594204786,-0.009483649526019433,-0.014902109605284708,-0.0015819455204438837,-0.01101595063528893,0.010260259351765777,-0.00492931429317589,-0.0018744528719033537,-0.00830107208586317,-0.002004512296316152,-0.006758131055770611,-0.0006905306433608871,-0.008747715475883378,-0.014529736929086545,-0.01828091928130371,-0.004273943902393995,-0.0021039453280760068,-0.0027449434536989115
2024-01-18,0.008892805538544879,0.014194359099943155,0.005910850968928738,0.008890512423436414,0.008227259625814831,-0.009295222202824527,0.008232882099906247,0.016485061479846408,0.02028465800716739,0.0016098436046754205,-0.0016242726320336853,-0.0001434261177356566,0.01351735844040336,-0.0012439729804255562,0.005689716914847764,-0.01069349275855691,-0.005421459334508549,0.0020810036447331814,-0.0019251745550448174,-0.0009172977720902642
2024-01-19,0.012466150723920322,0.019830807495098357,0.009601222063678971,0.0023047846813695205,0.01052908662959795,0.0031984530252615606,0.00298872590696031,-0.0034752081125677403,0.023050245727930907,0.01607298783788136,0.003253414546721567,0.0005737867669510788,0.006534122134204123,-0.0029059157766356813,0.0096410270648839,-0.0013102201776343803,0.011968274683492819,0.0016873478617198678,0.001010690986287921,0.0002037520864455189
2024-01-22,0.002114345834856257,0.0013058531550669272,0.02135834765263267,0.003111107278947367,-0.008856457352120706,0.005952018670366099,-0.003777957126316789,0.012641713897703744,0.004396366364948889,0.004745284568725028,0.0037424119714077886,0.004373989249270682,0.007736726566567764,-0.00485799185600122,-0.004402784760691447,-0.005083611550540157,0.005972087700090611,0.0007772404278068024,0.0027522060441076412,0.0018365984886978826
2024-01-23,0.0029164846770144415,0.004149495173139561,-0.002900205345574669,-0.0028317565754309992,0.008672780340993391,-0.007924113126042132,0.0038991332271092194,-0.0004304602991239692,0.004028626126209467,0.00157456931772737,0.0021121428081072313,-0.0007137004375804556,-0.0007941318307712608,0.010878797782245986,-0.0024122369233137153,0.001812980271177933,-0.006867566440112993,-0.001165013296840045,-0.003659957745158815,-0.002443675052919092
2024-01-24,0.0010931176036459433,0.005549324329955585,-0.008215417008407555,0.007572757864187762,0.011203759870340724,-0.0058572666588765365,-0.008246890539639895,0.012632747734072192,0.006886015582384886,0.003929713961204895,0.01426142477237513,-0.00914508472232567,-0.006182157522245713,-0.01227928149868407,-0.003799798413268607,-0.013655597390143659,-0.014299145038401573,-0.0005186720181332705,-0.0019283140850926417,-0.0022459992461647538
2024-01-25,0.005438907413714,0.001221215605735182,0.008283469161848522,0.002818343610373031,0.001288237091986666,0.0065344821592119295,0.003969986681303217,0.023958072291919263,0.004181962425466423,0.004958291923432334,0.022496520070345083,-0.0015141447022609666,0.009597396726967133,0.009638218605720006,-0.012366849915354305,0.018014988523394893,0.012841752035891885,0.007652228857017551,0.006624692295007284,0.004501849760065069
2024-01-26,-0.0012704535563755615,-0.005957610580108796,5.125111264647764e-05,0.004416505423187722,0.0007720098870243053,-0.0019153258045857546,-0.0006946931881827156,0.01204478854705715,-0.011514018827991634,0.0036354200151318405,0.007413650613276257,0.005704931061908836,-0.0015844880624368285,0.004842079594325366,0.004563962495284235,0.002949275015883046,-0.0028175294585460753,-0.0007720383267412201,-0.0028335520478770526,-0.001120872261272443
2024-01-29,0.007919511413516211,0.010240350667780396,0.017501718909512354,0.00586263381703267,0.0005143796245701271,0.011516022026813566,0.0070584854445867595,-0.014363822767178291,0.009169750037412605,0.0025874107670982305,-0.0014243914463548668,0.0070367334732852616,0.006523995463315169,0.005782790225402845,0.0146201875557046,0.006371586460819367,0.006592844114022611,0.002190153258702754,0.0041251591479478655,0.003976950646267463
2024-01-30,-0.000773424081074503,-0.006656464628664538,-0.008525182385209829,-0.0013246408642988428,-0.00796718343422731,0.009065807726676756,0.0013805262268788976,0.010548153707779617,-0.008251398741707772,0.01264536764623636,0.010340926606347889,0.0022815930843977927,0.0003504506690268361,0.005612597114941442,-0.0005739065095359264,-0.000324582966572895,-0.009356746718326203,-0.0012859103471196676,0.0031949168966791675,0.0019297477029409649
2024-01-31,-0.016317459746773344,-0.019586147375351137,-0.02442958054734634,-0.005040399735620871,-0.005440365310540707,0.009820589116948941,-0.0007423479101065222,-0.025957965293536223,-0.020998519814386718,-0.012232689552014953,-0.01870563740427722,-0.0013514345586900234,-0.01155777244384637,-0.007350945922632746,-0.01820916741600498,-0.00211114542776647,-0.009563138818013406,-0.0028307509627579774,0.0025483437062756575,0.0045614847315811335
2024-02-01,0.013088178118061178,0.011775485126019447,0.013272370064685957,0.009865222601564305,0.009637918713145455,0.019615821557587232,0.01040067256889099,-0.026085709558452574,0.012596362834961017,0.0015479585527120587,-0.0001199112776059108,0.012964754859792205,0.017007668305437873,0.020433368114876505,0.019248992025738598,0.019039766332402674,0.018119087869506112,0.005758542915931253,0.007733551151577478,0.0056980793750969205
2024-02-02,0.010527410998930842,0.01690051563308148,-0.0052701783710612515,-0.007920674999978172,-0.00283790211436985,-0.022088828694735385,-0.009453300862028224,-0.022585747292404368,0.010341122406958947,0.004121646130312406,0.0014387094724237492,-0.001476882095373444,0.006706829634040012,-0.0032253880791660583,0.0178518896311628,-0.01804530293417661,-0.012410915602081185,-0.00451361143506579,-0.009129675939486104,-0.009157553757874304
2024-02-05,-0.0036411849808546393,-0.001305256828603385,-0.01270505975006575,-0.005322645373588175,0.0012935699461484873,-0.02019368247014186,-0.005513988032274764,0.009924428199443724,0.0022744551104278976,-0.00590041882792447,-0.002514422870824373,0.0030987179886585725,-0.005450773476434634,-0.006201896159488629,-0.014098716110582887,-0.02081638652612805,-0.02098383652057001,-0.00466411737184147,-0.009578640923051829,-0.008226804231792118
2024-02-06,0.0029033609818613915,-0.002007304597254289,0.009013049612471846,0.006153846494616699,0.0227391433591011,0.009773792006912752,0.005224693124019186,0.00924020608093401,-0.004588033027224658,0.0020647508747739796,0.0032409928408589916,0.010882421301739775,0.008960341330079391,0.0023065459774840313,0.006063253775588251,0.003653799730014784,0.013441569235087547,0.003644839629148633,0.005618682955158105,0.005222928655933101
2024-02-07,0.008340343964780894,0.010290216395025586,-0.002323382399380125,-0.0005319829866711201,0.0012631752613514458,-0.0048394597531784544,-0.0002651978305409086,0.008864999738332102,0.01323284210370912,0.007468173164040914,0.002034047560832475,0.002708730704231055,0.006639171384040354,-0.0009477321020932017,0.011200747912145204,0.0006620082169719321,-0.0014340991621420995,0.001685915270626115,-0.0029310824730444107,-0.0020375804690856425
2024-02-08,0.00044164527671441967,0.0018518920653662896,0.015163999403566164,-0.001729507037631084,-0.005551405749378846,-0.005814620485790956,-0.0009018470501077624,0.030250627045687706,0.003130528569156299,-0.003834588674977435,0.010268620771230141,-0.001731550399078463,0.00017118368639801318,-0.0002709579883811708,0.004385876727126092,-0.007110855048795939,0.008137083159131198,-0.0005182080407574174,-0.005144058136514085,-0.0030623950907706643
2024-02-09,0.005779457369023078,0.00984316843021138,0.016263104016795538,0.003465006828958339,0.004313771583141834,-0.002020314351812602,-0.003876152075832917,0.0020973368696801664,0.013458126368987022,0.0028229038071854173,-0.01536472983865822,-0.0007634519062419409,0.0015414058442515532,-0.009215402421006269,0.0071096850150174085,0.003830721905091039,0.0015429118586944846,0.002072750080571062,-0.0012928826132678761,-0.0003071282340516568
2024-02-12,-0.0004389136296578666,-0.003912731668283653,0.018159847915580896,0.0017264110659178655,0.007832113300136223,0.00117205712941848,-0.0026119694947860372,0.006139283558638464,-0.007602033778058015,0.0046059517464356325,0.011042987851785924,0.0013193745911608268,0.0014537233869102995,0.007112697377548827,-0.0008337964812676901,0.011614320385653354,0.00023712904251005362,-0.0021975251406296525,9.254219701393396e-05,0.0002046128453707663
2024-02-13,-0.013773030200640801,-0.015596983565268063,-0.041141226328321734,-0.015378450699016,-0.018801692608963028,-0.017134737256675026,-0.013788690196348319,0.007488571778625497,-0.01696883344262823,-0.013499761515692654,-0.010091263206812529,-0.009292557415679026,-0.010245870353814523,-0.010729618042642275,-0.019916357916396343,-0.016565557314087154,-0.02061609401022446,-0.008032222370825681,-0.011000999888370888,-0.009216871760417855
2024-02-14,0.00908765243523213,0.010897268812493754,0.02322619360586109,0.011175376318185215,0.014307552275421687,0.005089093894597774,-0.0005961123453055439,-0.015141066084207289,0.01045580192405926,0.009553275239239989,-0.0009594362699190118,0.008679956856199045,0.016735655449863662,-0.0019217390029688808,0.010557679404144427,0.005503827080080903,0.007863362284847186,0.003918353255944362,0.004673640791437617,0.00444465743850464
2024-02-15,0.006899669666201369,0.002977697604506613,0.02666596679945732,0.01131819353808905,0.004785942679694344,0.0051713860666329214,0.0067238125229136525,0.01802925550121448,-0.0020989190078671838,0.01713566934088484,0.02785107056444902,0.007286491664530548,0.007466583639733404,0.006465015426221576,0.011571224066293517,0.016752120980221052,0.023286661768867845,0.0035121263682376114,0.0036285360489780594,0.0023669481883348276
2024-02-16,-0.004979972504806085,-0.00906767251695495,-0.013598087108053325,0.0015800724265262467,0.004763146533410589,-0.005787877973454814,0.0036625695484677756,0.007825471621039082,-0.009195340717754519,-0.003520441619043191,-0.0005839838995473912,0.003237984191736709,-0.005979505311843436,0.0015031353578385254,-0.005941663743885495,-0.0011418699794581988,-0.01032242460021393,-0.0029815334556556605,-0.003615417376694463,-0.0031825275070612724
2024-02-20,-0.005505424284942162,-0.007548123014236019,-0.013785700022307057,0.004075196661486036,0.0014969206833688187,0.0008623629279338463,0.006064210073093879,-0.013485975259187377,-0.010169280707302497,-0.0027755897413256347,-0.009115239129649733,-0.0033646140119543144,-0.003134833432520967,0.010507836549297878,-0.009440147098331853,-0.0006532237652497885,-0.0017780752290424973,0.002080681293944897,0.003349313177397839,0.0009268729726559233
2024-02-21,0.0009059117482459467,-0.004001751572328849,-0.004726407144205802,0.0007855884407510505,0.0017439140065775849,-0.007108848118268063,5.331256612173263e-05,0.010770488801687739,-0.006284034360427904,0.003036380315891929,0.018752257056467325,0.0022047641258897688,0.003994662665346871,0.003646021370130814,0.007387233104272362,0.013237542003037728,0.005580602074834351,-0.0018166855581261965,-0.0025035795920833603,-0.002983670296640706
2024-02-22,0.02069541020391341,0.02927566020247574,0.007577962321251963,0.011250612311558772,0.010196471524458683,0.0048815097279717445,0.00042672195902415666,0.0054645019474759415,0.03272293513773916,0.011604457117921019,0.0017365371965363252,0.011756588981832072,0.01235913229418073,0.0030944684263323197,0.019424646889167452,-0.007741999303029434,0.001889187363117495,0.004809315275348336,0.001580725786520576,0.000825752367194621
2024-02-23,0.0006896317453422007,-0.002944801370433736,0.002256400944739445,0.0012935168332290914,-0.0004924722522819946,0.013386818768413411,0.005651511902278639,-0.022826091576163443,-0.002332852160583765,0.004987702303113295,-0.0065873444762779565,0.004756616377093126,0.005268069006298726,0.003085473091184454,-0.004502789966837617,0.007152126687214988,-0.0004713313246378359,0.0006468530236478642,0.0029696976765327676,0.0037116419821492386
2024-02-26,-0.0036624896936818807,-0.0005266510599331031,0.006303400170254658,-0.0014209448229530741,-0.0044334437245799885,-0.0029830808624604632,-0.0022266895335479875,0.012096812690933767,0.0009741686596564936,-0.004962948592985961,0.0034899472067326798,-0.005139649575434557,-0.0014973030315335034,-0.004011759157379058,0.003088852773843298,-0.01969019211615919,-0.010965695151655463,-0.0032319434656390422,-0.0031464789239433744,-0.002157139770175176
2024-02-27,0.001857939187979163,0.002405290618125555,0.014168610718350294,0.0027169721751887366,0.00197913881248879,-0.0070516978812535935,-0.0010626830578386315,0.014562406172021758,0.0008758985208028314,0.002743256100107949,-0.004289263483988615,-0.002447616862957691,0.0014995483097637319,0.00013431540167574418,0.0032994228843623574,0.01893335356396486,0.0011924094149906583,0.0012967142916215924,-0.001392364851843797,-0.0013384415662022198
2024-02-28,-0.001321751819771233,-0.005324560849309212,-0.008235283874784893,-0.005806444996920401,-0.013086255728240181,0.006348555857106142,0.00180849115899262,-0.0031143633350196875,-0.004716177668466104,0.003730443997106203,-0.0019793419183803396,-0.0049746089369272495,0.0034104102278611492,0.0010740481260886892,0.003946389695326902,0.003069823869089161,0.010121339161780707,-0.00012932998047099353,-9.320977584126311e-05,0.001958671379689747
2024-02-29,0.0035948682020692235,0.008569453865888477,0.006968989492250888,0.0025956424623383434,0.0005003803151952813,0.007057158887286308,0.005150266749304189,-0.0035316778936488324,0.01113836556307235,-0.0004954979542605153,0.0048995864841265835,-0.008150143407875121,0.0030672667704851886,-0.0016093987477044935,0.006769786756533724,0.0003221398983213053,0.008487461602234347,0.0018137462925622572,0.0009301042350469135,0.0016462289647674044
2024-03-01,0.009388320968662489,0.015057068479283675,0.01060244354746187,0.009708620293324755,0.012252985371246083,0.006231221168686796,0.018910791174389097,0.021810229836548345,0.01826242713663806,-0.0012395068509517548,0.011609074711063094,0.010495627015049802,0.004297324085324572,0.00013436953055068201,0.0033076429737184387,-0.00611908629577429,0.0119229333744022,0.0037456492368213024,0.0060873850081555325,0.004800895967927099
2024-03-04,-0.0010724808912874195,-0.0035681373401816874,-0.000922883957018561,-0.002563923221765796,-0.0022233426844248116,-0.004022371614361697,0.016174996770490724,-0.012673385270077664,0.0,0.0024818928711758392,-0.010672591679109722,-0.0015033040278530363,0.003620883656300089,0.0008056676468735091,-0.013511969265774804,0.016850185840449505,0.00935656375135352,-0.00025933242954334634,-0.0018533533100850708,-0.0024605988042391003
2024-03-05,-0.009994033256887525,-0.017949685351286604,-0.009577165729889314,-0.0017994767248097343,-0.00891308825551218,0.014241742307419925,0.006020141664404566,-0.0075666149415517525,-0.024577606096659155,0.00024751575993087194,0.007423914130663789,-0.00745964033595925,-0.008199384854758573,0.0024156082881254815,-0.012436838996966348,-0.0028679118254082425,-0.012131109047634259,-0.0007773935117620923,0.005477245569186495,0.005447706320192536
2024-03-06,0.005067097422456035,0.0062836741409932895,0.007460964505584089,0.011846511088954736,0.014489079249770942,0.0058680407364806175,0.008215401882095241,0.012117078647063684,0.007928614246404786,0.005198316482508014,0.0031086027184683562,0.00682630272051199,0.005208337080781611,0.008433650423518735,-0.0035508314323604573,0.00958764159734149,0.004981532636022301,0.0024639108979425117,0.002677824387036898,0.0015335410136412264
2024-03-07,0.00992649522807576,0.015178152559345959,0.008331319309601959,0.011835080058883563,0.006156280978937501,-0.0009374762531345615,0.005683843351386164,-0.0014795935751340528,0.01578123543442067,-0.0014776364279975862,0.008494227049367531,0.004656827845120448,0.008059900804324283,0.005708321403517624,0.007627742252281022,0.006489446668834109,-0.00023045523607390095,0.001164990852983605,0.0024859057914110583,0.0021434289075987767
2024-03-08,-0.006002176587923902,-0.014434820103563673,-0.0006281503398968269,-0.0032701015140215173,-0.0009789623471478937,-0.0017724501080292887,0.008452547868211147,-0.011720365179004988,-0.01487080645056671,0.0017261660471317164,0.0035281247754443967,-0.0018406639670842662,-0.0022027321780027087,-0.007919837407699193,-0.003702169809041589,0.002515988056774443,0.011530110178693764,0.0002580883263403333,0.0013779841686591965,0.0009163898450428309
2024-03-11,-0.000859903957067143,-0.0037128799275787383,-0.00792919865469599,-0.005678227309184436,0.0022046267117108442,-0.0005225018454215746,0.00183502012710135,0.003544194848245086,-0.0027489848158227526,0.0017234852248710908,0.010321135168467777,-0.0005462704960493836,-0.00515133514724786,0.0054552507922631666,-0.002717403541613872,0.005019606805894528,-0.004787431026898048,-0.00012929768526170893,0.00018318998657895769,-0.0011190924328627894
2024-03-12,0.010757495576424025,0.014335083297605689,-0.0013646510863319916,0.00799483113192423,0.010999867999618163,-0.00836101166725367,-0.01094062729637224,-0.003667539559735644,0.02050498689546698,0.004177721451096517,-0.0015717175149704277,0.004646546363275217,0.004438181785194839,0.005160679023328285,0.008619556267396966,-0.00967674456091916,-0.0021761562031521464,0.0009049713529005743,-0.0032097594933463425,-0.002546905473324368
2024-03-13,-0.0015675798339611635,-0.007686124425419605,0.0039041010358060735,0.0001261122895488409,-0.0031431652415758737,-0.004848409100309481,0.00700740378557585,0.023721852760275386,-0.01080470002539502,0.0073422986787501365,0.015965987596071818,-0.0038767141260845905,0.0027002812153615885,0.002501080186375848,-0.0020950614097333675,0.0067769505520218765,-0.005050525693772179,0.0003866753486154728,-0.0010119059500243166,-0.0018385232396815887
2024-03-14,-0.0019768443385344003,-0.0025212911728086373,-0.017889085332863264,-0.007301085033359245,-0.005093430267831489,-0.015356822193784536,-0.004175139558116325,0.016114086734301925,0.00019146491620958273,-0.008017534891580302,0.010292086720099958,-0.0035505206387164145,-0.004243447682116264,-0.007747800121554849,-0.006354028264283107,-0.007983777414575899,-0.014997749828901896,-0.004774104667726986,-0.0073678761264276416,-0.0063441348065848
2024-03-15,-0.006866561198316967,-0.01188685303028525,0.0018809554447658527,0.0003802315696341818,-0.006094356064801798,-0.00032273463138055014,-0.00319440663913817,0.00039316878239858966,-0.0150873859623335,-0.000979588465711001,0.002957685254351583,-0.003974386919549766,0.00016385517044437137,-0.00039696942324540796,-0.009953240236371563,0.0014202177654196735,-0.0022252487131758647,-0.0006483747682155538,0.00027830440534870604,-0.00010302990447319527
2024-03-18,0.005943185146671359,0.009537419493485633,-0.00573104729234164,-0.0002535312836196013,0.0017167685892200968,-0.0030130399529795238,0.0016022835845583838,0.021616683955162808,0.0049148498861941725,0.0057336476783518275,0.0034571360135875473,-0.00011722122633617271,0.0017753363229571217,0.006428521640108764,0.007638005662355507,0.0046077127170278676,0.00046935059036057325,0.0023351335457424405,-0.0016695209190812355,-0.0010297101616111304
2024-03-19,0.0055571044539721726,0.002491499761578364,0.004223541051556978,0.001775169046224434,-0.004897110853265385,0.0028060546404033992,-0.0011498061737871268,0.005770671055019605,0.0051864834286381445,0.004893599779456581,0.011410907686331795,0.006628884850429229,0.00861509337229771,0.0037107924374344403,0.008658231712969089,0.008856486937004249,-0.0003518478027965122,0.004012562665039576,0.002880058995437862,0.0024741300429815816
2024-03-20,0.009249220489163656,0.011856763712548846,0.019792307155079625,0.010631511756419743,0.011318813986175513,-0.0003228165764659341,0.011911859798154678,-0.01504526712462484,0.011187839433567381,0.011930857073184198,-0.0014103156868655597,-0.0022637690422925294,0.012039379954864815,0.003036651018191394,0.014897370248801112,0.0012540228359896322,0.00657282414702598,0.0033526307383446863,0.001853168841659425,0.0020568022000531094
2024-03-21,0.0033049703494358873,0.004732126154265215,0.011489557000349926,-0.0005008626947802242,0.0012167530567532836,0.002153448373722666,-0.0010386361790747367,-0.005566346992566751,0.0007153351109356887,0.008180924819510604,0.00597509196649848,0.0013064256186321455,0.009886625248592074,0.0005263090677021243,0.005838693673912543,-0.001565629466024454,0.007229547423687865,-0.0005139429856482192,0.0014792694129825978,0.0007182473172433479
2024-03-22,-0.0018961286125717125,0.0011438446939753266,-0.013802051741314103,-0.0021301740039729733,-0.007047457846727667,0.00956040677941239,-0.00802096899240623,-0.001822434134399864,0.00033371729398901095,-0.011456060863496709,-0.0021599848217283,-0.0013733331264775828,-0.003422487771179261,-0.004867621483781948,-0.008734335755917089,0.0014113146205754212,-0.01258661419332241,-0.0010288711849166798,0.0034166534041826235,0.003179527686443917
2024-03-25,-0.002762702200161282,-0.0036290380953759582,0.0022918760493984003,-0.00213451343145743,0.0007341233524047475,-0.005000960431319035,0.0031944066391380588,0.014084530865368095,-0.006621868081236659,-0.0038627816312710728,0.009307629714637944,-0.001375002953936999,-0.006469093843059492,-0.002776147743877355,-0.0032839089824248102,0.00469788043383379,-0.0061485790127442375,-0.0015438677171991655,-0.003405019632264805,-0.0018403009610892251
2024-03-26,-0.0018469643594815066,-0.0032378003229249774,-0.001800139922740418,0.0011324598880957382,-0.0007335848106643228,0.002780364269230784,0.003233961285236564,-0.006044254215421874,-0.00412444435992787,0.0033932565411405324,-0.007720454751697137,0.0036489721044863366,-0.0036173983087021133,0.0005300768341183204,0.0012631361367130278,-0.011378022235249197,-0.004045330991310103,-0.0011606355017339531,-0.0002769681724138495,0.0010242743959827383
2024-03-27,0.00840384072798761,0.00340600847066419,0.021786740098110435,0.006033196785791395,0.0017131841075086474,0.009917781104256562,0.007240660177973313,0.0028464383244550806,0.005104629768518665,0.01183556466465352,0.009293279910167929,0.013308688503313348,0.016054976981774383,0.010467792367934159,0.011571261436682079,0.02790495877061172,0.025803326796714154,0.005291267826687429,0.006927310640044926,0.0032738927016644492
2024-03-28,-0.00019115305468342392,-0.0018432578183108506,0.00314838818140295,-0.0022487903520667096,0.003664928512477683,-0.0008448437057162472,0.012900024807739996,0.015739919843620553,-0.0021561267610180623,0.005490459103763667,0.010813646524760356,0.0001354087388727443,0.00015876694140337655,0.0013113037160090713,-0.0030902427932064658,0.006901804332888339,0.007103788759130314,-0.0021823565506661202,-0.0009176803664303623,-0.0012239508258592435
2024-04-01,-0.0017396872190983403,0.0021171256615712952,-0.009415148076560187,-0.004257576814632569,0.0017039111750165592,-0.018640777574407852,0.010208079384865787,0.011939473795652189,0.0027849101984338542,-0.005460478569490945,0.007414573804934932,-0.00852894931228787,-0.007700946845939471,-0.007988530734760801,-0.007450113404815162,-0.006092968530255871,-0.016766963930993084,-0.0040734647081013264,-0.009575016670721137,-0.007270617107936306
2024-04-02,-0.006357979021184401,-0.008630377882261953,-0.018385146662506346,-0.00704232243707148,0.003159009812776281,-0.005510578357147966,0.014772360490971526,0.014058024003050562,-0.009624295091156365,-0.005251755826218285,0.01398380551647982,-0.015566626982044807,-0.0046403097343010735,-0.005148570053930102,-0.01473803833040721,0.0016859825866184508,-0.012583779735114042,-0.001687576889877973,-0.0014888370211526558,-0.0007220700869581265
2024-04-03,0.001098235254151092,0.0022443853916724876,0.006552803316997702,0.0055725341064774,0.0007268489549037138,-0.00021756846408393926,0.008772374739768773,0.005693762585219142,0.0026593354716650808,-0.00047992701458587916,0.006843568437606917,-0.0011097151389047877,0.005144164418495967,-0.011013858094985562,0.0007229625522033878,-0.003977988862985726,0.0010721417854444582,0.0007804104117687949,0.0006523075678743773,0.0006191783795517214
2024-04-04,-0.012206036546792975,-0.015290726478403793,-0.010008234700621621,-0.008564173854220258,-0.003631118466249861,0.007172543186804825,-0.005734705223284009,0.01255380483774049,-0.01581577842001891,-0.011284556260509393,-0.0006179138495192582,-0.014441329385800228,-0.00879641316158064,-0.004293574701778269,-0.011725021784032563,-0.0019971271188820028,-0.006424860972377711,-0.0007798018462887857,0.001117683060279706,0.00237278599126034
2024-04-05,0.01044683524235257,0.011784012237418207,0.003337104659890011,0.00317587951113385,0.00218651323235175,-0.013919058623540814,0.017114197447370305,0.0015802222938763322,0.011464346361663047,0.00947051160599921,0.01071721390652014,0.008946969009114403,0.013876543605830571,0.0016172531021980685,0.005566514982973558,0.0029246220725467342,0.0051491067606903584,-0.0009103639123150264,-0.004371890148939128,-0.0049398555147234235
2024-04-08,0.0005594304390883487,0.00029517028412295865,0.005478058931175367,0.004938536403111371,0.006545618378653639,-0.00010923232748405454,0.00622848536623688,-0.0024272399749155626,-0.001162393403505546,0.004330305956634195,-0.006321310825298299,-0.0032118163377450326,-0.0017505653671502364,-0.0014800517694533166,0.009505690999394467,0.0065989379599309395,0.010721767928976611,0.002343364549825866,-9.386383534171205e-05,-0.0009308971551782452
2024-04-09,0.0011566364073234414,0.003699451917195118,0.00394028220703091,-0.0001261191904587955,0.006743514694718344,0.009301581157133088,0.005497054993034878,-0.012773667412961376,0.0050434006775761375,-0.005748752118549416,0.00030777340065002434,0.003572369204931425,-0.0023116472162023616,0.004850665928455067,0.00470796237772686,0.005488738649362945,0.013319243195092367,0.0020776619671056817,0.005139287929677883,0.0034160926010233794
2024-04-10,-0.01001298442171894,-0.008728487023329512,-0.026407757107250518,-0.013232396042091366,-0.013636310291880505,-0.02179298060576107,-0.009463856185613961,0.011583423220416833,-0.012255735795561606,-0.014935944090969544,0.0030772096888700418,-0.011726163398181777,-0.0085490779819144,-0.003620328588876509,-0.015436132593372509,-0.017134145261389566,-0.041409620122455304,-0.00881290050441541,-0.014223323168673696,-0.011968687865128835
2024-04-11,0.007547025449821776,0.015968295879544847,0.006768545714602947,0.0026819257804582275,0.0060637049865528425,-0.004544519762317956,0.019433247203493043,-0.006578064444175968,0.019979494862365943,-0.007092461754875656,-0.0007157707538125724,-0.004096248465732977,0.001128318930014638,-0.0024226145804532306,0.00806303224000171,-0.002005627670971566,0.003397596639269196,-0.0009148977584427787,-0.0020743752423890705,0.00020913658999677232
2024-04-12,-0.013803153982442806,-0.015941899798771142,-0.01779599192205905,-0.016176314744722253,-0.0229028323358349,0.00534467015668727,-0.013239324939518515,-0.0002453006954302728,-0.016187678376659576,-0.01330031672950227,-0.016271035450380666,-0.014892569749995976,-0.010706028347292618,-0.010117201420143385,-0.01621942224815598,-0.0075746319370103565,-0.011851576382569506,-0.0005237729923913692,0.0022676734630941997,0.0018792012319002183
2024-04-15,-0.012528155923543838,-0.016451027837384502,-0.014645974666963935,-0.002977678557552599,-0.006414868367218607,-0.015505858053219801,0.01871915519396472,0.0014718845624772658,-0.018985617520805076,-0.004992447986639115,-0.00936231969780943,-0.002015702479244208,-0.007160274904958741,-0.004088197693036033,-0.016656269456280293,-0.00918996293113461,-0.017011501017095365,-0.0057612830718205554,-0.011031365898430456,-0.0060442554110535784
2024-04-16,-0.0018238320153739496,9.274356554755947e-05,-0.0036776588292160017,-0.00986884433481805,-0.013161195033713269,-0.006637250044888243,0.0012220152803359419,-0.003919163366124301,0.0011909839402790556,-0.006773716156515119,-0.008715702273804804,0.0003606369891424599,-0.0022947910570118024,0.0004104533395214993,-0.005684364896557437,-0.013205402479573136,-0.014068468563513625,-0.0032923561278419555,-0.0033367871292701023,-0.002830579607427941
2024-04-17,-0.0059183331178565,-0.012201282066269803,-0.010560907610323689,0.0006557731598124672,-0.0007550157144854408,0.011098439256099324,-0.007368252752093185,-0.029755294657097475,-0.01442312785770583,0.002525808204088431,-0.002860098879599704,-0.0017304793847837674,-0.005174896616747193,0.0036930105133980984,-0.004850924040160298,0.020869906936640703,-0.007324361708564764,0.0013208957062076365,0.005452342949936462,0.0046263456291322225
2024-04-18,-0.002057668704416926,-0.00570630354424384,-0.0008289031476549358,-0.002752442293432855,0.004029252992372445,-0.005040195367572831,0.0034154561341945833,-0.0016475082597787738,-0.011415675212266496,0.0035272822877885357,-0.00308094769191114,-7.218040688139471e-05,-0.003467985528882944,0.004633638864833367,-0.006209012398856739,0.005617883736217966,0.00012725810960323436,0.0007920748677465728,-0.001997963268945191,-0.0028259827382921543
2024-04-19,-0.008728309738320505,-0.020689271925648733,0.0015556046972204918,0.0003942913059855613,-0.004013083264619799,0.00360239092388559,0.003131535140574959,0.0008885465334966813,-0.020602189480511957,0.013808786633851211,0.012041879621423002,0.0037561808934787333,-0.0018227330958007215,0.009766575235321984,-0.008758499842603906,0.015363111967755305,0.004833482031730396,0.0018460518348335508,0.0010487442960582793,0.0010494499436299876
2024-04-22,0.00920909615249177,0.010056727639104368,0.011183623187723368,0.011692154629171947,0.010828617417000919,-0.001682610179443489,-0.02470249054532203,-0.0008877577194524866,0.00893365423820014,0.012134728103504466,0.0065283153541531025,0.00381426931572193,0.00755356992735301,0.00953793971214223,0.004417852703120451,0.009169932484369037,0.008860578189784807,0.005527950621113886,0.002475772484050065,0.000629380231111476
2024-04-23,0.011866680632743876,0.014922935851743757,0.016743588938766374,0.010907619133107227,0.008221208715022188,0.00033707011736794357,-0.002458663172418052,0.015232350802626193,0.014826293113346933,0.0063616603265579386,0.005544589996720584,0.013048582099938644,0.013923290086814477,0.00279424889222768,0.011905517970218105,0.0046948327663696166,0.009159416437649615,0.004057285363174845,0.0017100068020488024,0.0020953807148829107
2024-04-24,-0.00047458833593849725,0.003387708525847133,-0.0044822475127552774,-0.0019267802246566434,0.0034592883088335746,-0.0070762783455854406,-0.0018600907225296837,-0.004251112190728379,0.0045655513143845194,-0.00024311399358944996,0.0007282922819107362,-0.0031139075068571387,-0.007962923903365171,0.007563750818060155,0.009562984883772385,0.006029596850878338,0.0018651543082033317,-0.002216351059688537,-0.003888177332319054,-0.0026141008773472585
2024-04-25,-0.0037990688977148634,-0.004829892471715169,-0.00607038714619712,-0.004633242314971864,0.0022164235350217165,-0.007013878181083788,0.005963468053189924,0.010045241811764694,-0.002171461789092999,-0.00583663641871901,0.004574150707013169,-0.006673475282544139,0.0030304886226821814,-0.0023706051405311124,0.0008612248965196301,0.0026969581544953325,-0.005708671233742746,-0.0020900338616188785,-0.002951161917836398,-0.00283045919747571
2024-04-26,0.009474080100232207,0.015431657202231497,0.009568463218501577,0.008016556331797098,0.011547730391724409,0.005240727039113713,0.003241927353549112,-0.0006216192222797678,0.011285571553699913,-0.001467798368346207,-0.009210431274139896,0.00028600892120400623,0.0016333024166537147,-0.002112319423597797,0.00900522957526162,-0.010908268367216145,0.0004991239886102949,0.003141906049571652,0.0038192272667800786,0.00220783502004096
2024-04-29,0.003541381321072734,0.0040602657383270735,0.00806615489492879,0.0038482294576500653,0.009715813504901583,0.008386392320073544,-0.002031218037689575,-0.011071021226590982,0.004303493658625257,-0.0014698589148957053,0.006789200146873453,0.003358251249126365,0.00668499008228296,0.0031753479356839698,0.023250604482943693,0.01359702441857591,0.01022971635857961,0.003001884566388391,0.004185474676935641,0.003042055504145935
2024-04-30,-0.015841141385128155,-0.01885608988701104,-0.020304168539582168,-0.012650189663987121,-0.01395241447526363,-0.008541409542812906,-0.019937078844561418,-0.014088084862667105,-0.0220240299472102,-0.009813419072533414,-0.029774807908601764,-0.0007123687012817737,-0.015873033109855106,-0.004352108676595301,-0.024333317261510223,-0.005216887027077011,-0.016917886432056495,-0.007286931462193946,-0.005494066214280502,-0.004078635766839311
2024-05-01,-0.00324720193977146,-0.00723041278039227,0.0020929610180409064,-0.0021999824078546837,0.0009759558191893003,0.007370841359487956,0.00906215232545482,-0.03125793613287409,-0.010241010635997472,0.0,-0.0159323147138819,0.0017816810801072336,-0.0024685804785989918,-0.006357509963205499,-0.006263572752615687,0.011537229912657931,0.0003767675498387302,0.005270636464702605,0.004159729106216092,0.0035286495767714587
2024-05-02,0.00935331726786992,0.012763182602368417,0.018389284621296964,0.013488952266235144,0.02583472183321578,0.004291096882936385,-0.0030870874411647042,0.0,0.014413699241584421,0.0024777182533390896,0.005758802401193419,-0.0007114954851842326,0.005774579033735128,0.008397708081803623,0.01260610475951962,0.005332759531840203,0.014063400199163967,0.006161360247712411,0.006190044879283985,0.004513791156824265
2024-05-03,0.012395381347752421,0.020098395596127805,0.009904069496386558,0.0099819871208231,0.009028364172872339,0.010119132966948774,-0.0007976266365629092,-0.010536060167818495,0.027859482447803785,0.0022243565722799286,0.00010799250480375555,0.0024915541784191753,0.0069717300206719734,0.003040479734266466,0.006733851175840577,0.007956406119927761,0.0066864935349635335,0.004168556746709795,0.007003504248601411,0.005119892166312701
2024-05-06,0.010326753519334764,0.010953363820955575,0.012927087604209353,0.006842427688182662,0.0009417560744782172,0.0038957910554411335,0.010518361024399514,0.007054524531708184,0.011750169078734274,0.012823726854950257,0.007885895316088298,0.004047511683640703,0.010100224209570907,0.0005269332858834908,0.010679552555465266,0.005116224252984525,0.0008608152256239787,0.0011673080323859608,0.002819393138322468,0.0007277123914652961
2024-05-07,0.001103487386286961,0.0001591415402470986,0.00224939541077962,0.002642669511907947,-0.005645692968209826,0.006098401384546648,-0.004600326433150892,-0.0021147720640344314,-0.003269363999672925,0.003408857647323904,-0.0009644004712923149,0.008274399011708455,0.0027416801725925755,0.010932725201993065,-0.007174364625104235,0.011343625806516267,0.009463096331483678,0.00012982805185601798,0.0004689100290047321,0.0020778032028641036
2024-05-08,9.666059809032568e-05,-0.0005905416573070976,-0.005805762025483774,-0.0011295132992656942,0.00023657678809763105,-0.0060614363129434246,-0.002941061869504713,0.0080794782828022,0.0028395072869058513,0.003639918843739487,-0.001180075467187569,-0.003437174385288566,0.0,-0.002996902496083753,-0.0037530581969278387,0.010497639684423632,-0.008400379613646036,-0.0023321606675483775,-0.002529333194851824,-0.00207349488854347
2024-05-09,0.005761897110455605,0.002181447257603608,0.01020708605811449,0.007665241059160666,0.003074675722995801,0.004878439252697264,0.015778607960932778,0.005386887786453132,-0.0002928634773761152,0.007495006234663482,0.013426250596023426,0.008587015670757703,0.00997195344484969,0.008625305335276057,0.00680355724995696,0.015226883740930841,0.020503447912132877,0.00025920207306873166,0.0015966287639144205,0.0018699619065056794
2024-05-10,0.0012881662358383839,0.0023582073249619473,-0.0075294145243332,0.0018705553791344975,0.0021222573445616177,-0.005627122231760873,0.008112513438038427,-0.015943461119050317,0.0037112958833782628,0.003839796407506757,-0.005511341999811292,0.002023683706176005,0.0007166621468361889,0.005700960002112732,-0.005361390694955004,-0.0009810010761479582,-0.002767112583757947,-0.0015578902927105842,-0.0031884065602524325,-0.0020737511498619687
2024-05-13,0.00013427903738949531,0.0023074064038606235,0.002104723903472383,0.0,0.007529392664502144,0.002552016301612836,-0.011202103844459854,0.011022498911316791,0.004719292739106207,-0.004064154389375796,-0.002664411808566358,-0.0009749471386498731,-0.004217126107164293,-0.002834111564689823,-0.0012912970081103703,0.0,0.0032574380060936825,-0.0002597678066660336,0.00037642417682115514,0.0005193626607260526
2024-05-14,0.00458827649275495,0.006432187510380105,0.010354569002101632,0.007468354782557141,0.005371187974488656,0.0056448422691011135,0.008462045119477013,-0.012084568529312611,0.008861339312347782,0.005040728462147426,0.0012823132007284688,0.004252335562252574,-0.00023981129718564365,-0.0019382478450160612,0.004553765336020588,0.0026659234548582766,0.007696069739743683,0.0015609551559474522,0.0029150495171974544,0.00270022440912987
2024-05-15,0.012382894571101755,0.015630325841297532,0.01247214040440392,0.01062511455428572,0.01068517169034755,0.013647220238140134,0.012838750510223873,0.008908365604323398,0.022511492465141947,0.0074040929536693945,0.0022412181870405945,0.01485494692342293,0.006553871794811927,0.0006474076779130478,0.001510866448684256,0.014973198844782765,0.013842367131352562,0.005843973820019999,0.008906726203330662,0.006629034109867371
2024-05-16,-0.00205753019043331,-0.002031398889434599,-0.007209678559109256,-0.005378960188468507,0.0020686960496361095,-0.0009771666307853977,-0.0038933433506626036,0.0048761565626620484,-0.0034737006505471957,0.0,-0.002768582125477148,-0.0011629162391212367,-0.005955294736578409,0.014230062218089534,-0.006482066306437662,-0.0034466248981632752,-0.0007061833141854823,-0.0023240307801032367,-0.0015797047554110266,-0.0011320157628083027
2024-05-17,0.001437547504734793,-0.0004867194343957104,0.0007213553065081868,0.003441477032857021,0.004357841971349696,-0.0067383710858871515,0.0164977725898805,0.00944263896004105,-0.002213844605794879,0.007349299582107616,0.013988165815847386,0.0019173138254606759,0.0011183417946127872,-0.0024233141498896105,0.0051183684601303625,0.0008299873358312837,-0.00011782990194175724,0.00012920506470215365,-0.0023268174261676933,-0.003193205701267132
2024-05-20,0.001152422401382358,0.006972750902854319,0.002210727434132087,0.0007349735777606448,-0.003653838807969989,-0.0029541815363189894,0.004023937591649318,-0.0031180701567271596,0.011755051671171524,-0.013650219216355675,-0.006529090457208175,-0.002118647063154566,0.0019149168225509605,-0.006904593245420476,-0.0074425782825254805,-0.001658824702640005,-0.005890010748541785,0.0005176632689138927,-0.0004666869725907796,-0.0009300965787539806
2024-05-21,0.0024522727919349396,0.001956427368559943,-0.0009590688769631761,-0.0015912732080519687,-0.006188464640715319,0.0051580281373704295,-0.001469548604570936,-0.007428641598941299,0.0016332055987360317,0.006442479033868187,-0.004875847573772352,0.0017123791542250633,-0.003265097937234507,0.005922494151144653,0.006427275507209229,0.009000211358366927,-0.0003555263882463189,-0.0007759794851347479,0.0016800315770328922,0.0018616647367741823
2024-05-22,-0.0028794509447943595,-0.00019746533469255922,-0.008447787839971577,-0.009439748189482677,-0.0032287221903268826,0.001201129244670751,-0.01837396956557802,-0.016938036416733193,0.0022361603215106385,-0.005690053001779605,-0.019173494436576677,0.001777560179518467,0.0011984565075047193,-0.003967590566359425,-0.010419683465073049,-0.011801815980724828,-0.009009207412367104,-0.00220052448582575,-0.00149097123951758,-0.0012388901566450228
2024-05-23,-0.007303976374137933,-0.0044984987702964,-0.01641006445905746,-0.0050742245580788214,-0.00740396099772378,-0.006434405983822944,-0.019944570339717638,-0.005609800760412287,-0.00813437884708712,-0.013829133345279465,-0.009122505943030546,-0.010920558130967595,-0.011810654130908982,-0.011822364468702884,-0.016190088175260686,-0.01694204220938711,-0.02153075334207033,-0.003502269389850876,-0.00438565739481378,-0.002790982215115867
2024-05-24,0.00661627634206452,0.009456460859666782,0.011073363065384756,0.00821000831360652,0.002797230850183352,0.002963446578397644,0.0009271136061119734,0.012088671091613268,0.00843554541532221,0.006044434023006584,0.001424845453581458,-0.003381451440402805,0.005087554266778316,0.002600993110315697,0.010069613327529536,0.010029825442126938,0.000733566461809998,0.003514578390164891,0.0027180980379943875,0.0011402910936564314
2024-05-28,0.0006988250410566721,0.0037777071863396294,-0.0013628198358740518,-0.00037005974580373024,-0.0013949010217528812,-0.014335775577049792,0.010513172896031486,0.03065700377925884,0.004228738100758189,-0.011055093904460023,0.010287743687822815,-0.012117351225028106,-0.012212688340946909,-0.007782207739717606,-0.0024494790507674225,-0.0009791495043198761,-0.0065968478532003605,-0.00402120856053545,-0.005982520122284729,-0.004659111469658694
2024-05-29,-0.007002643314757306,-0.007048413170418488,-0.01476892415512776,-0.01579880752303542,-0.014897450337854279,-0.012101574008978155,-0.009303812074716977,-0.0140355899547423,-0.006339799187846329,-0.008019536711675102,-0.017657861065461744,-0.007780277643044342,-0.014153312712440025,-0.007189490726732473,-0.006567351276281053,-0.012879828171023289,-0.009714638314403667,-0.002995146322289477,-0.00535998973227414,-0.0038492161656437096
2024-05-30,-0.006633449255659896,-0.010713274224663616,0.00949871131411828,0.00840245139414475,-0.002835567310138898,0.009665198675856246,0.0018967600627461945,-0.013582354965030019,-0.022819361562525398,0.005389612091178719,0.002867198570426499,0.0004944640595219152,0.006848169939366322,0.002633204462438421,0.005920821993241843,0.013473410169340116,0.0146528998632387,0.004049343415342355,0.0061450830405973544,0.004699533277765511
2024-05-31,0.009107924325214123,-0.001860470275613313,0.008429315775408952,0.00957602916420397,-0.009715642655373946,0.006789928533620593,-0.00586417430627717,-0.009400226346452323,0.0015727020556739468,0.014619987194044892,0.024851680985081837,0.014615600669595219,0.012128237935477681,0.015627109588593813,0.005600417424628912,0.01763203404850877,0.01872480152957312,0.003512863423913215,0.004416553155192515,0.003221906173051181
2024-06-03,0.0008154775834219308,0.005369412138859886,-0.005637283175115915,0.002833159035551036,0.010528844803093795,0.01617431067694497,0.008917780500373507,-0.03996254846251179,0.002521953406140698,-0.006244020971020503,-0.02618027508046694,0.007028685220848319,-0.012225774236237164,-0.00038795038747074795,-0.0004546796005230336,-0.011413564675419763,-0.0022826065221426273,0.0031001696160133374,0.006902456756855413,0.006048951252467072
2024-06-04,0.0011178083574776565,0.002736452295770464,-0.01290260638947549,-0.0012285183434231906,-0.0139711563776036,0.01168117590768425,-0.008977059834655465,-0.010302178397608386,0.00208840111416686,-0.004591737381075434,-0.009585675464393373,0.002902203845238649,-0.0024591909554633196,0.00866635752176026,0.0010233394386445216,-0.00041724504919193883,0.007706365148074212,-0.0005196795547953714,0.003917143485550056,0.003615285975191229
2024-06-05,0.011885081701314748,0.02015994473438809,0.015299185670976323,0.007010180298432589,0.01609026780547218,0.007338011924201027,0.011845603201319,0.011253384343352657,0.022213860366016913,0.0029135033261662446,-0.00011129186107217137,0.004547596488138961,0.010106975422323083,-0.0021799945714475744,0.00584986801868026,-0.0057056038900413775,-0.0011950335542559865,0.003248236972530849,0.0033444621152192155,0.003088342123673593
2024-06-06,-1.856900872398981e-05,-0.0003452545311655175,-0.007168712811485123,0.0034198238159830474,0.004963416106036789,-0.0014995916084745708,0.007391356612921562,0.019056930841750752,-0.0033362115349737653,-0.0004842052143981812,0.005229190941888007,0.003292499514316205,-0.005938330676537262,0.0030845420402845214,0.007284148388184253,-0.010356763167019167,0.0019141201383179318,-0.0016837141354049123,-0.0006480767965901801,0.00030759172576533267
2024-06-07,-0.0012158225465564998,-0.00088478675238024,-0.011739132979385336,-0.010832603145865205,-0.011288730362527533,-0.018345831937368495,-0.03568330143379639,-0.003276078162238627,0.0023244788069172184,0.004601650223155174,-0.003984558297479901,0.0010937168717957135,0.0010638601379571178,-0.004996641014554659,-0.004092154576900819,-0.010889472095894415,-0.009432768164231775,-0.00259399987177511,-0.008987303924275158,-0.008822149603962326
2024-06-10,0.0030896774860096343,0.004039295812668264,0.00342936730627752,-0.000738217876648295,0.005946585842146357,-0.006666839558851723,0.009168181127878317,0.03341553757299365,0.002551068792143063,-0.0038572886299046427,0.0075565989453305615,0.0036875604519219785,0.0031063013246399596,-0.0007729134669725024,0.003208347913942422,0.012867869416613109,0.003375071730534085,0.0009100336356349104,-0.0020569680694837444,-0.0008279252884372257
2024-06-11,0.002408571473818899,0.006862631107170891,-0.0034172586588737675,-0.011363416264698056,-0.003333233181990747,0.01034253173269395,0.0028566106093961263,0.0006626431535181609,0.018598152761066133,-0.011374966310866541,-0.001985383866631607,-0.0041502751692850115,-0.0057044617522222785,-0.0005153590119060247,-0.0026370976032965565,-0.0060697741080292245,-0.0036039773625866633,0.0012993044612144011,0.004309596207345612,0.003418346372344949
2024-06-12,0.00821290643383743,0.013097659148516128,0.015350717930480151,0.011785422956729796,0.010033333145716528,0.007513737144172916,0.0026617200115086614,0.006224357136888736,0.022119264915219983,-0.0009789278364152887,-0.010719634206700301,-0.0021179231242067775,0.009507355246613391,-0.010959207092137158,0.01040728499431176,-0.006533438771846201,0.008922120802517641,0.0040232869784651015,0.0061566937874326655,0.004748413226284054
2024-06-13,0.0020132864135260498,0.005420233922796225,-0.008737343706303635,-0.01427847276688099,-0.0023650459804985813,0.01469945024012298,-0.008150148984962247,-0.003158798138459984,0.007909852460465272,-0.0007351579968405408,-0.009159695828690806,-0.0008217956370855095,-0.006413900445163434,0.0013037174974066534,0.0007796289132933065,0.002287531948860222,0.004063017150887083,-0.0001294566878059511,0.004728527195849042,0.0050346304214727855
2024-06-14,0.0006086222802554886,0.005181264482255976,-0.015895805852176093,-0.011054596103100778,0.0011853263415488868,0.008414871354985864,0.012959545903254766,0.00448909396454833,0.0037472933634787875,-0.003187704532149782,-0.007440648310961695,-0.00034248748628573633,-0.010050621773459723,0.0018225732866590239,-0.007899956537063213,-0.002424612057393749,-0.00023802798764893662,-0.003878210376149216,0.0008302289700161669,0.0010219972081360051
2024-06-17,0.007958794452240792,0.012249969738663324,0.008403436710360923,0.0039828829494701345,0.006393562484846349,-0.009928859630210618,-0.005191652247571676,0.022476328119312106,0.01515357679111684,0.008856033754089943,0.002612096100650829,-0.00102825077276969,0.011060568437108564,0.009486522236476835,0.017551657342467886,-0.011009709830324121,-0.003928747136278887,0.0006495470935832248,-0.004702056789354092,-0.0035740211989616633
2024-06-18,0.0025408272998925785,0.00030914998542219685,0.0017463043553223034,0.003967186652492627,0.009176402360921543,0.009174956646086363,0.004007271832187298,0.011312472593663525,0.0012547210370179585,0.00633965279615234,0.00419169234583916,0.0013036969745277016,0.005388230313811748,0.0012873330521108173,-0.0033614943348413417,0.00043377109448972107,0.003944243069944786,0.003112103920878795,0.004631925744702947,0.003586840643458711
2024-06-20,-0.002716544837253032,-0.007707945209809108,-0.004234009926551652,0.0006374440836247608,-0.0016319864882542445,-0.006660369711048331,0.012484347826456466,0.009406451129881699,-0.01123550005163998,0.0053308454198819355,0.018388957663432404,0.003289348138762138,0.0006497116936383662,-0.0021856001133786496,0.0012716614299661533,0.008670594186433567,-0.0028572160567735816,-0.0006464330264397411,-0.003319560323570725,-0.001736133637730064
2024-06-21,-0.001340720179602073,-0.0026793488622929296,0.0022511439124088817,-0.0070063815743649505,-0.003503203513797848,0.0,-0.015493238109986152,-0.009570609509908734,-0.0017481593183478195,-0.0038561687719556037,-0.005760351626009186,0.0028006640817113126,-0.002109935958796716,0.0007730964535264118,0.00844925016067033,-0.005873992789460658,0.002507202649940865,0.0011642415783168492,0.00027761672783510605,0.00010227293911047042
2024-06-24,-0.003250529830150617,-0.011384551430412615,0.004342503745885518,0.007953921533833341,0.0,0.004044370882830384,0.003957566385821121,0.013350227615924304,-0.024516412099725438,0.010275060160873206,0.025214701873473855,0.005832908738502951,0.004251308461264092,0.010663302759131188,-0.004269435265072841,0.01314743149214248,0.0077409666447252334,-0.001033464444550436,0.0010171750804179869,0.0008184418583931929
2024-06-25,0.0038507372222389424,0.011435540134137057,-0.003280013208628363,0.0024181939815954845,-0.0023434298285487376,0.0016959111230143709,-0.004962237629221655,-0.010037584102830066,0.01834365108237135,-0.007453575971624882,0.0023007580679901274,-0.0031271753162087634,-0.00853170732891273,-0.006417766709833295,-0.004023383474238584,-0.009463658759761406,-0.012290387132044667,0.0012935347364202432,-0.00036959855675644526,-0.00010209341915212722
2024-06-26,0.0012479219025065547,0.0020650888389381894,-0.0026426237277988873,-0.007364254233924505,-0.0021142285668882543,-0.014285481946239909,-0.009228168111804491,-0.0019011599870464302,-0.0011478890719321955,-0.006298679840066268,-0.009837221302631649,-0.0035463357935082707,-0.0027045097903679594,-0.002066900375966352,0.014498364769744532,-0.004198081250489261,-0.003110754653710246,-0.0021962360345210152,-0.005453261363853601,-0.004497610214690639
2024-06-27,0.0015767024643495997,0.002581359013643203,0.010148457198775107,0.0007674497241854095,0.0007061733292659245,0.003972110463018597,0.011336925587312363,0.014857119605654834,0.00048620085562878224,-0.0012186405443286308,0.0023181017049977992,-0.0016427958293553369,0.0010684078829898969,-0.00427194237565498,0.006109059699745734,0.0017445460621869913,0.009721477005059098,0.001165259084128234,0.0019514578503303515,0.0016428446609308978
2024-06-28,-0.003935092412652108,-0.005190896276168866,0.0041077515482312865,0.0011504997857176846,0.0018819878804638979,-0.018605757835021497,9.297647872519299e-05,-0.00412915213482723,-0.0005301618076243297,0.003417088834485549,0.0038547176152627927,-0.0008225322105026578,0.0004103237427874884,-0.0044199850570124655,-0.011114038889779576,-0.01117411527042933,0.007978750776776344,-0.0024572161919257374,-0.006399804125658326,-0.004920621822642857
2024-07-01,0.002057955128498712,0.0058650674948601544,-0.00837908604412152,0.0017871826439375127,0.002347925174312815,-0.0172587088507572,0.002604589701363791,0.02450062404021458,0.007558727718624647,0.002189287771165338,0.0005485209664874979,-0.005626097453847234,-0.010749117091865656,-0.007051658127143479,0.003399217356585549,-0.006897656702675281,-0.009431818767598465,-0.0001955011377962057,-0.005939480870522429,-0.0053631977272069475
2024-07-02,0.006729834816173508,0.010499702300787339,0.003429704920264731,0.0024213795621339518,0.003045311959493313,0.007785241082381988,-4.643394389247657e-05,-0.005273489089376526,0.005001438430787042,0.011650343536630414,-0.0007673828667724703,-0.0036569411069423685,0.005474458384746805,0.006970095400360643,0.01945129390704703,0.0051722649213434835,0.004700566790080352,0.0027372108577883303,0.00640834281039826,0.003324685560863516
2024-07-03,0.004462535183179517,0.008336951857047525,-0.0002476652823070191,0.011441393849727088,0.01471272733309159,0.013133402774655245,0.011273000380832565,0.001972580834803006,0.013488518671236571,-0.003119068905150457,0.004389040486873386,-0.007617658751806422,0.003629746294513847,-0.001697700463454077,0.0063780528118673185,0.0060275584813411776,-0.0009597204290064942,0.0035097613647314674,0.007397641920561471,0.005384689991378089
2024-07-05,0.005766606181152989,0.010426905980249535,-0.004756614777567725,0.006661962252187292,0.0041426336503465055,0.008278855595205803,0.013486798057397165,0.0004921978242846681,0.0030582082522605525,-0.00024056218423240683,-0.015623143945598494,0.007746035594401235,-0.0036166188855153436,0.012297077316285598,0.008148193536260617,0.0017537240044611657,0.0027618842230019425,0.0029793274217939647,0.005205587247606891,0.005046873882910363
2024-07-08,0.00115391352062999,0.0023783204388911905,0.007019621596723313,-0.004994518545865856,0.0002292781938040278,0.002160580505610632,-0.012402074526820739,-0.010945755950946712,0.006827521862730057,-0.002648150669010252,-0.006104318252382446,-0.0011081996677925199,0.0012375181471102614,-0.0015507763973693356,0.00047538811110836576,0.001021066450344943,0.003233126335825842,-0.00025847828439651277,-9.279634038728002e-05,0.00030759577099370716
2024-07-09,0.0009724430112412197,0.0008645692519102521,-0.004350382055458568,-0.004015507816037656,0.0041245058494630005,-0.004419745407491349,0.0016957473442755777,-0.008082585683642951,-0.000810336057995964,0.00772400127553885,-0.008821862319719709,0.004853052006921876,-0.004366891982213739,-0.0025887464731524368,0.0033265460443114847,0.0029145431948622846,-0.0002387520670289467,-0.001162441308854234,-0.0018494589619703072,-0.0009221620765157423
2024-07-10,0.009895286435918749,0.010426520768389569,0.009781485446853644,0.014111144975125223,0.005705188199945921,0.003140088471940361,0.0036603361122538036,0.00890067373381176,0.014512475785865897,0.003832257407170525,0.006759672878767331,0.009451250349225226,0.00893731713698287,0.00441237531716121,0.007525513794238714,0.009445063243992191,0.0074020902585323345,0.0023277008442430525,0.0024087906693759376,0.0010253803862163569
2024-07-11,-0.008622551979907467,-0.021930197125532902,0.03594425599474538,0.0028574602741047173,0.005899812736288368,0.0097148982581714,0.017733403441032136,0.0057156941511611326,-0.025033631650305477,0.007874032799807695,0.010407445965701312,0.007039564525586295,0.012713344566343876,-0.003746871334207369,-0.012692553386914218,0.018281188103976387,0.028679939678564415,0.0036130705598018675,0.0053609640865999175,0.005121906373842577
2024-07-12,0.0063075309368865184,0.005874937090776244,0.01167656652085336,0.010654074171588812,0.004060307634987215,0.004276519781682531,-0.0006270969301161999,-0.008524863115809245,0.008932884727379964,0.003314443524466304,0.00254735629053493,0.006243421028570895,0.005750465146260542,0.004409303782098695,0.013067367633308846,0.007351081538433224,0.007603544666627826,0.002571361893231261,0.003677541825582775,0.002751852508926289
2024-07-15,0.002750182372391441,0.0026877687152655483,0.019001675224704417,-0.008825676996120135,-0.010559345470231518,-0.011496923633601774,0.0032271131671974818,-0.0016199034693827885,0.0017964719734764323,0.014629361331267576,0.015134581947181314,-0.003506790002767546,0.007166906679748619,-0.005810285657924741,-0.001148896032703628,-0.024277431580460918,0.006745932512952857,0.00012832761884862265,-0.005495984536870946,-0.0034557200666024412
2024-07-16,0.00593000446398384,0.00038301770666726576,0.03411742890288716,0.004823188657798738,0.005676687768208621,0.014107412431162869,0.019925798233449088,-0.01323021906702948,-0.003330359986247644,0.011395566670585167,0.004461988934125083,0.014280558993098325,0.02494605766046587,0.00961047352130473,0.01793282583406408,0.007766379373866261,0.012265685220730127,0.003846656791542724,0.005802787989728886,0.004079351199588466
2024-07-17,-0.014021014500708473,-0.029355002823643006,-0.010462976021241577,-0.0052923384068266355,-0.016256440209448053,0.00021203341474995696,-0.004643206403117217,0.01973191545866304,-0.03889646632043631,0.007587785431154348,0.009967621019076223,0.004537480912268244,-0.012793441602826916,0.012863395128135835,-0.016692418709774337,0.0005708925793481701,0.006844050922436784,-0.0011495972463906323,0.00045808555819149,0.0007111553803407222
2024-07-18,-0.0076849422231979325,-0.004732504684736183,-0.01934755814590694,-0.00989851109060913,-0.009410234187624322,-0.0076439180044342026,-0.006381186355259194,-0.00893080124254464,8.917848695122466e-05,-0.012094813395336801,0.0018236110761551405,-0.022718007548593766,-0.007823033776784505,-0.004953048552824968,-0.010185487621083622,-0.0008559082666772522,-0.008803310808760179,-0.002045907511760925,-0.004302192468971233,-0.00274084898569138
2024-07-19,-0.006640583960665802,-0.008863571939337955,-0.005093019208700089,-0.006123592175248382,-0.009731217830813876,-0.00588422406179967,-0.017937829186174925,-0.02377974329904753,-0.015643157987585088,-0.010164213865429428,-0.010922012038871887,0.005097846900622427,-0.00549548033506897,-0.0033184689061632744,-0.008918232077017585,0.0011419951445761356,-0.0017987216558283947,-0.0007690390691248439,-0.0036772805083400417,-0.0020352698689648507
2024-07-22,0.01030978411793071,0.014897757077264373,0.015910358409901404,0.01056211943815466,0.00842309008651343,-0.0029054880222452173,0.00031573231212611574,-0.004871759659204722,0.02367906951542076,0.005601097123256293,-0.006278928432322917,0.0057482346537687246,0.010170641490206744,0.0006403078285843744,0.011021831153176231,0.008413085367328543,0.010361497002947306,0.0037188228050006877,-0.0005538305613617123,-0.0004080201064421418
2024-07-23,-0.0015683365852677822,-0.0035246259477111908,0.010622405496389264,-0.005599132259023976,-0.008816744160706769,-0.0014034626741347145,0.003516676143213937,-0.012883277049922981,-0.003980507644317122,0.001856541614536411,-0.015905917507891276,-0.0006050238615143977,-0.0019025875901634848,-0.003583284358017802,-0.004476353515982079,-0.006221754383866851,-0.0007803491588130873,0.00012785215932287208,-0.0007382520870028442,-0.00010202540840775765
2024-07-24,-0.022662592177623453,-0.03587043796429157,-0.021470605543872368,-0.012637472949298179,-0.014513192770605698,-0.010808485054274897,-0.0035043524704835294,0.0024797024954452684,-0.04138541302197285,-0.01366667888478279,0.00011059145795933034,0.008342909523980202,-0.02152503140187012,-0.0008990166317037751,-0.040893157078853215,0.011240714844850563,-0.01472557563853849,-0.0031935609877995486,-0.0060975961884385255,-0.0030610745596133526
2024-07-25,-0.005210400757506117,-0.011027655676850379,0.012485595544786454,-0.006336352013736168,-0.004037958134427311,0.008195099625123214,-0.01564473026582147,0.008462459921093624,-0.010700345628985142,0.003757555818646452,0.017268186301568234,-0.005004516343070309,0.00803640678275408,-0.0011570820851071195,-0.003916035076230839,-0.008301466742355434,-0.003283338663916946,0.0001282453746633827,0.003997116504478537,0.0027635114480899503
2024-07-26,0.011199675940903875,0.010255992615022524,0.016548162068245942,0.012753514786572495,0.010255157984081054,0.007803247909331068,0.010534525866662925,-0.01742833062325333,0.01268889191998257,0.015676012095202863,0.003155386506826563,0.005633194725784829,0.01707198809957111,0.010167414595373403,0.011185430013146647,0.0097899443274585,0.017493899626573217,0.003203381675639827,0.005554930781167311,0.0035722618152609353
2024-07-29,0.0005877659773350086,0.0020087314406878054,-0.011105258629261372,-0.004407652020806507,-0.0033048112361319104,0.005376700343576513,-0.0014050562105476505,-0.012087743549698327,-0.004438555126447197,-0.0013821647927675373,-0.008569147610298034,0.000600126599443529,-0.0017419068826669548,0.000382082456610755,0.01670246904435313,0.0044962079492463225,0.005135772447486087,-0.0008941805904681965,0.002117769446692064,0.0016275988695968469
2024-07-30,-0.005066604241478756,-0.013731354288171849,0.003788403345369895,0.0022767220759605244,-0.004500445447717327,0.0038510253748986756,0.009985461488319247,-0.0097087821948465,-0.025125282079914157,0.011533951460696024,0.01553615582039014,0.0008662709417910364,0.0029345749211897587,-0.006749743872706548,-0.005548018159982404,0.005175438456794135,0.007775200923609393,0.0005114017447287456,0.0008267690319467835,0.0010152155408023056
2024-07-31,0.01625464939413712,0.02959362339378968,0.005795887539972622,0.014134296662919876,0.021889270881473077,0.01022880905861312,0.018110725786084414,0.04405048105863951,0.042351288048615654,-0.002508467596717967,0.004201768004771456,-0.0036621856430502087,0.011150757807929956,-0.0017951398929764162,0.01549059023485655,0.012942085406990156,-0.003527140430907627,0.003577760046681977,0.005783532886142195,0.0053764195264009995
2024-08-01,-0.014160784013161787,-0.024221363720392408,-0.032520243439485785,-0.026505681792293623,-0.017462256553994582,0.008624743994531503,-0.003442943141866439,-0.01865187790181244,-0.03729428755832154,-0.014174584714655714,-0.026499441851131733,0.010225288532957233,-0.018535947611159953,0.009248691424919686,-0.024534574087638705,0.017996817046064484,0.010065352790174398,-0.0021887273506050464,0.0033161058150084077,0.004190256724059704
2024-08-02,-0.018618463435495336,-0.0237349802398219,-0.03536809023660592,-0.01572297444103976,-0.014217933685160555,0.031161656125223702,-0.0019046282784819235,-0.038012865265134255,-0.02810473334570951,-0.024582495566865203,-0.02578787242687497,-0.0019846812137256364,-0.021993807096951867,0.008781934635471389,-0.03679813748842664,0.0016195321037093535,-0.0005475522586440018,-0.003334984817963238,0.009768664397969973,0.0111872279928531
2024-08-05,-0.029123786406055285,-0.029816095338201842,-0.03216537635081307,-0.021818003908311012,-0.028365544806398524,0.005290811520697991,-0.012691935106198704,-0.0023163669486184757,-0.033313814248046025,-0.02900622371466366,-0.02205900372207603,-0.0267135736889218,-0.017355156201913968,-0.019682211611647293,-0.028269799349225022,-0.026408052551166628,-0.02859648572168072,-0.00617735978920686,-0.002531416689268595,-0.0007973678745699653
2024-08-06,0.009219560909415225,0.009555039984196823,0.010880259081844201,0.00172583842410301,0.005690413524920501,-0.022368349207489535,-0.008000713832612472,-0.010516310565742204,0.01359267009022691,0.016160563856860932,0.006130844557549198,0.004631332284166234,0.012023284101733367,0.006949909970483725,0.011041082097072552,0.00844183153678113,0.019738272782426014,0.003755147521650848,-0.006526410972164665,-0.005985197063941294
2024-08-07,-0.006683908795014903,-0.01082980538418954,-0.011839583238837492,0.004771417349820339,0.00615019200132183,-0.007040083219777116,-0.0006796279952806517,0.030917951518539155,-0.016202277835637546,0.0012047354184225867,0.004024103265767964,-0.01016895136772078,-0.004834228657469741,0.0010224869559478655,-0.01744958110548478,0.005626494173073704,-0.006857639215751776,0.0019354363884154235,-0.0045620908116099645,-0.0030104926238678775
2024-08-08,0.02311740208643176,0.030591005728553666,0.024309421260171993,0.016752509962519646,0.022738319083784875,-0.006151458440018631,0.015688013635013043,0.0089703862236572,0.03734684516754938,0.016125169072573442,0.021527231593654772,0.022121724193592263,0.02305296905800569,0.009065380071992868,0.021817003853727535,0.0010916585941784795,0.009800742978490762,0.004120546408508119,0.0004584078927625246,-0.001509791528193194
2024-08-09,0.004409547038788153,0.005222443520440656,-0.002078434608656643,0.0038919032809940912,0.0054983141997204665,0.009861391461540858,0.0024552612171107047,0.011411897603321286,0.004494166119184184,0.004263459675649672,0.002241980904583274,0.004958522857432035,0.00016086865785758242,0.001518296558910004,0.0033379206179053877,0.0034077546177231355,0.0046322467857566885,-0.00012810337076152312,0.0051303199666075106,0.0035281178768216126
2024-08-12,0.0005254170960922178,0.0021535700656638568,-0.009008951702968115,-0.0009046147232959489,0.003328573119944389,0.0036360023236527983,0.017144665770273848,0.03161894508157315,0.00816993242892683,-0.005188597240665116,0.004921123325053012,-0.003800541880781605,-0.0050690460182397645,-0.005053554654128711,-0.0039578622335756375,0.001766310337014243,-0.0073554707247853734,0.0006410430060586059,0.0020967833007332626,0.0017077875026672018
2024-08-13,0.01644557530091073,0.024812547163269194,0.016471321272718997,0.017203557787525137,0.011137356152103761,0.0069351088212346035,-0.001532358906807807,-0.012590587541022713,0.030726970956708843,0.008297567338565681,-0.009682775662908427,0.012114503213500827,0.010513450261615764,0.004571392987817946,0.025050533882771342,0.005831074840435102,0.00873710678933004,0.004614239257425767,0.007003566589310228,0.004011394386080447
2024-08-14,0.003154756395283176,0.0003243934606389498,-0.006202997613086736,0.003687642285558068,-0.005390075780568493,0.006270520893255638,-0.008155751250824572,-0.013523996136169614,0.005475592115784078,0.012226741676053976,0.005843978480664758,0.0035706522092302517,0.004081605434826274,0.00455079503122624,-0.005337105812826426,-0.0006739762813415817,0.0026310926289896397,0.001786061782364179,0.004425956814667398,0.0017974672663148006
2024-08-15,0.017140451950406144,0.025263129805366935,0.02593375716852031,0.012162722727939945,0.011074467525543641,-0.008070385707561356,0.0031388449312386157,0.010706454673285792,0.0287641469919786,0.009291516695939084,0.011955357555516688,0.006260012505612256,0.013470495381560532,0.010318430178737792,0.031912043328496065,-0.0001350617136577359,-0.0007654109085309946,0.000891659215961571,-0.003057352629177168,-0.004187144850745228
2024-08-16,0.0022417847845837002,0.0012857520068076944,0.002641118064466097,0.00550760239993231,0.01165226377240125,0.00350172645387703,0.02238773852658915,-0.014080918689049149,0.0016739579805695737,0.0073648196766213925,-0.001104067276617493,0.0010476562143222345,-0.0014157140425788972,0.002739894189791592,0.002353282379163213,0.00445281040381218,-0.0005471019226984675,0.0031809206881336927,0.002976684874854252,0.002402964235332039
2024-08-19,0.00956167096412086,0.013135976025262952,0.012229581171353088,0.012199616983704642,0.00967526703691024,0.004618148795230148,-0.0016380226467286318,-0.02541931930245822,0.0164860275922718,0.005483186667255779,0.006742597658962568,0.0060838156072400285,0.006064379521346419,0.003353569332545714,0.012286481253853454,0.006582474846237085,0.008321392357890867,0.0016489349612751614,0.002338203246475823,0.0010984107312688174
2024-08-20,-0.0016262925276055995,-0.0020986076182958335,-0.011663650103138079,-0.0030748123961161777,-0.0077572442918322215,0.007968222417025661,0.0036699887797402297,-0.007394399605708646,-0.0035103070783543133,-0.003181142858679986,-0.026350675883204167,0.004031179317557143,-0.0027398922590059493,0.004951582104061325,-0.0009170364642347995,-0.002135239659325383,-0.0011943264534383102,-0.0008864685567837594,0.0026021299766036954,0.0029930719733024524
2024-08-21,0.0034364727325479905,0.004664145586802171,0.013023729613921287,0.009252486573771312,0.00390880705126051,0.00060813399627202,-0.0013336178629832496,-0.016659939407128954,0.005885990943038211,-0.0015955124884516891,0.0016916734929117716,0.0016836145190941565,0.00604438547081676,0.006775290211869178,0.012634382605612338,0.007088428892746412,0.005327183222532339,0.0022814973907876457,0.002237359742258027,0.001890126257426017
2024-08-22,-0.00784845185577876,-0.015854773795980104,-0.008818542434908871,-0.00586717694821659,-0.012368308213294266,-0.00992613861073155,-0.011975011209935604,0.013498669111996264,-0.023007473578443238,0.005707635337301564,0.0025892242441210023,0.0006465738961209944,-0.0012483999394016232,-0.0014684356145785449,-0.017275482559546917,-0.0011952109914051823,0.0029198486854440375,-0.0012645281997341051,-0.004107587929580769,-0.004070790431122684
2024-08-23,0.010625308336750017,0.010845403591605463,0.03193498461418409,0.01832038295295879,0.016697722145458282,0.006547213908613125,0.011553425520716143,0.026773595700994912,0.016198651977378242,0.008626677700692031,0.014933648017077417,0.004328631515091663,0.00999999017423292,0.0028183348532424546,0.01931523986512995,0.002792054743389727,0.021997030545024776,0.005318027841472173,0.005738374525930734,0.0045859874088454156
2024-08-26,-0.002383599250467716,-0.00970834699695422,0.0003176105358444481,-0.004467559792197706,-0.008439832467676767,-0.0025409324364206176,0.0031893380775307456,0.03017867223294335,-0.012546846228658981,0.0031510711190507745,0.00896118808184787,-0.0005144930321676622,-0.0010830232936956952,0.007087191559443262,-0.007771195712443779,0.006496942919546278,-0.0004219982603194117,-0.0020155047887181476,-0.0012481424932415663,-0.0008933075387621559
2024-08-27,0.001372794367555663,0.002987354398944264,-0.007756824880391311,0.004608991184159583,0.0013802732178491706,-0.0017321808372172676,0.002706671669018279,-0.017217062003851646,0.006059167884158834,0.005160239313136694,-0.009320102903344396,0.00154468166673416,0.0006195240402171454,0.0024263799428421162,-0.002628730387529421,-0.007904044175229386,0.0014775736416077212,0.0006312060262805286,-0.00080313319614711,0.0002979529042981266
2024-08-28,-0.005805101788376454,-0.01134740200877482,-0.006766072119450128,-0.00350119907374713,-0.006202622234417365,-0.001224872787673581,-0.007026862307456638,-0.013204268989976509,-0.013798321890328702,0.0024554507492176025,-0.006419580525878987,0.001156571695375197,-0.0004642032727334433,-0.004236205348856936,-0.009681532433606144,0.0,-0.0038995234090860587,-0.00050460261561458,-0.0020549366601301244,-0.0008936749524208754
2024-08-29,8.94147719037175e-05,-0.0014638167244613864,0.007134479281887485,0.0037558041220986382,0.0004622014395170293,-0.0032703045950776,0.005177980359189593,0.01709053032274821,-0.009023914048726711,0.008906785405060624,0.013033305910643112,0.002118186246561793,0.007045521933521037,-0.004983674965283402,0.0011948843748812443,0.005444199466086763,-0.003068469407818575,0.0010097147359258152,-0.0017007538227969965,-0.0012920092911724579
2024-08-30,0.009546108600853476,0.01191934982120979,0.005803952738394846,0.0015689819265578553,0.002079545330821997,-0.010663426894848893,-0.0071260085162319076,-0.03165299480829464,0.013290992429466852,0.009490040108500297,0.0037386638883631917,0.006917879257468895,0.010686433326051015,0.007940448759663932,0.015080758752730627,0.00752768282240357,0.009658071843723803,0.00012581423250312973,-0.0027798203698069512,-0.002388047510960445
2024-09-03,-0.020579015735476047,-0.03036082820689967,-0.030579700868620385,-0.015786926838834647,-0.019829410917598156,0.01635539941471542,-0.0043235765879541255,-0.04371805434625098,-0.04593086860259621,-0.007433060698339711,-0.024868248240063395,-0.0019082235805658598,-0.022135826821090165,0.007029543797073767,-0.013734490991434867,-0.0014418213467587426,-0.0005253607676568572,-0.003546140301990408,0.003023474327638498,0.004222709955893578
2024-09-04,-0.002046921726743367,-0.0025984714252702545,-0.0016873524775706805,-0.004407925818047609,-0.00023513106043737686,0.01289008726025287,0.000607926500195255,-0.020818621518907454,-0.0025689416026797307,0.0011009839669373633,-0.013818801604561393,-0.0017208463028169918,0.001011086979957554,0.004693449807346761,0.0026008849681282697,0.008532329938392369,0.0028396968963930735,0.003685882205060498,0.006208379845187073,0.004384017776363658
2024-09-05,-0.002432081511849038,0.0009335117655053793,-0.0049769496221300225,0.00024596898068973694,0.0014117758928624546,0.0056556456748120265,0.008332306942507639,0.004022393001606117,-0.0015263822690102513,-0.011001117397982041,-0.007746690250757471,-0.01372675053763528,-0.011656653159621166,-0.0038330306193636865,0.011349605459453738,-0.0024729052651722983,-0.003251305559936246,0.0034189268693287644,0.00491797144289019,0.0025790169517927453
2024-09-06,-0.016830173214678057,-0.026787269237606548,-0.01901559245531781,-0.01881209989847521,-0.018327118860829383,-0.00010011374500407122,-0.007402630408956501,-0.013735857674293306,-0.02593720433665425,-0.014682751592226984,-0.012514354175886089,-0.0034308676927976567,-0.0101432067938243,-0.0020443577662094814,-0.02527653873719171,-0.00952512932357652,-0.0009467894210850591,-0.00126158422754441,-0.0004447510606678806,0.0012868879118497212
2024-09-09,0.011196236972005114,0.01285956726197024,0.0027898939646273657,0.010024929773490898,0.008377296633396591,0.004318845485589806,0.004205876079289794,0.004932487108448402,0.016378767412980055,0.01490154730971538,0.007208472773620578,0.007015389050326393,0.015330787973916626,0.007711908301909709,0.014583356774447997,0.01014370190804792,0.011163586444468798,0.0024007345677365954,0.0022255659754404356,0.001482062008282714
2024-09-10,0.004355727613304827,0.00924177328256981,-0.0008155391441165838,-0.004962814977382046,-0.0037978303447468997,0.007000771618748347,0.004404097525005923,-0.03334773596852725,0.01495706378444761,-0.010233408985823256,-0.017199562294188397,0.004579594193605319,0.0017211928355871375,-0.00023929190496674302,0.01145563968370289,0.0046950159229657284,0.014477717992554151,-0.0018909889862624985,0.0027536003663719555,0.003059109107407698
2024-09-11,0.010258872609420822,0.021715442270263452,0.0029282801037717743,0.005985060530852682,0.007386175934623207,-0.0007944096153712499,-0.001590555949419148,0.013291508390340212,0.03413209361319858,-0.004720276665562961,-0.009279000561412176,-0.0029534877330676945,0.0017963258689834838,-0.009328810895275264,0.009990397011835128,0.003114926418321229,-0.0019507639888438622,0.0015155049572428414,0.0004429646106709484,-0.0002950873896986339
2024-09-12,0.008423478368637216,0.009816177962435058,0.012875744282032642,0.008180459638662096,0.008278227636053348,-0.004671667100413668,0.017567284525531468,0.030066336940382188,0.00827434434387686,0.0022583771694839605,0.009010223520299343,0.003606210030449253,0.00771813371978447,0.006157116426095843,0.011266827230496101,0.002199848530878956,0.004217762229387967,0.0013871921824457623,-0.0007081474078218797,-0.0008858494554674357
2024-09-13,0.005222644079797112,0.004479774281948012,0.024668090389794894,0.0023358434989857457,0.004691537696139614,0.002696286203343945,0.009943683944142245,-0.0007154536012947688,0.005015098447971544,0.0029292215636373964,0.005639729839305829,0.002053533861136936,0.01013463322721364,0.007079548231783139,0.006799969844418108,0.014073641786205293,0.010448701395247006,0.0027702156309377113,0.003101204205855801,0.002068379696371192
2024-09-16,0.0014768050991735837,-0.004417842558630092,0.0035972789602227717,0.0080951736537751,0.0032687316420552115,0.009162393709087002,-8.374817448153493e-05,0.014891193729388963,-0.0038106277845667558,0.01303093774984232,0.011450017493082276,0.006915902648157779,0.005131402641785021,0.003931744476235899,-0.0017143994936932305,0.007639471531343256,0.003345310433040094,0.0025120009468553306,0.004416235164337312,0.0023592623186476924
2024-09-17,0.000408635700938742,0.0005282379312017138,0.008271674105337024,-0.00559671479355639,0.001163534278119549,-0.004835718125681843,-0.0055309113549146804,0.011851072232436533,-0.001958122649733496,0.005322579713549214,0.013515071626451824,-0.010302753378332419,0.005486197538689064,-0.009494539789681844,0.005100083577285863,-0.0007580422144327637,-0.006971769280152418,0.00025047353635399006,8.820480506743777e-05,-0.0009807392778081736
2024-09-18,-0.0029658482496188743,-0.004329485821483181,0.00018227374309676136,-0.003181164606502418,-0.0034866389444787593,-0.012395835441144198,-0.007710465405288858,-0.014779664536421766,-0.009125427376310391,-0.003088421674455888,0.0019375088862663148,-0.0016705303154604945,-0.0008336561926804986,-0.003834142503783111,-0.001967532335274913,-0.007587303973737414,-0.001220994103118933,0.0008762760189622298,-0.004132945069771465,-0.0031410076797439013
2024-09-19,0.017064581771590426,0.025284273657037115,0.02059702651571138,0.019761714885803583,0.021226837348785832,-0.0033135858362826065,0.01554075728197235,0.029578208740050904,0.029700282373647413,0.011064410641932199,0.01194413170822295,0.003604250830720135,0.017216381958662152,-0.0058935547183914805,0.022775525882394065,-0.005861464029287666,0.00020386057797439072,0.003003376885639897,0.0008827425933408684,9.866708112271638e-05
2024-09-20,-0.0017287265113851147,-0.0019034307160863406,-0.01071571448485964,-0.009869974188752684,-0.002055704042832951,-0.0038281664011377003,0.012710660066880486,0.002336744590313522,-0.004874305844956073,-0.0006566394775489037,-0.0022482809371580093,-0.004104452350354726,-0.007008676448868489,0.004839549484929595,-0.002282649466495812,0.026403586269809987,-0.003972272155064793,0.0012475344590017201,0.0008825559186365073,-0.0008862854220642591
2024-09-23,0.002498956066899538,0.002650778504219131,-0.0036558720208410556,0.0037684895754512837,0.007782102234270782,-0.002123993737457641,0.0019404068737312041,-0.009188126519051987,-0.0001845485990600304,-0.0012089655829821133,0.012347634740780267,-0.0019586630137076178,0.006712036856471926,0.0057982167562784515,0.012150786906033995,0.009919329663810261,0.009919127103229286,-0.0018690774219676243,-0.001410445159140905,-0.00039416337884357056
2024-09-24,0.0028611387490065088,0.004823523360357518,0.0016760404821920538,0.005934380076438872,0.03406768042614394,-0.00020264707422879003,0.01396907347432852,0.014394476339478768,0.006844083315999727,-0.008362593946903418,-0.002468591732737835,-0.0020078136186053586,0.007183572445700115,-0.0024069773862701593,0.008758361230133183,-0.0070956858760797825,0.0014176817246516205,0.00012474529376871324,0.001676922338968323,0.0013802790960744105
2024-09-25,-0.0022054765727956838,0.0009271368144130321,-0.012197032632557558,-0.005417699699859169,-0.010542495732972723,-0.008311909509702398,-0.001381767735031958,-0.024696377895804922,0.0028620834034502884,-0.005992105171078954,-0.019572517195859618,-0.009734511641939392,-0.004680614207789979,-0.002533589236528244,-0.0035926968034095674,0.005265966873768901,-0.006673535428977528,-0.001123427813956579,-0.0059041115063739324,-0.003839268266057405
2024-09-26,0.0039646768793273335,0.007513080552114415,0.0053285523067692075,0.022031237965263628,0.03662604119196389,0.002350920587745442,0.005086884066794806,-0.03455513576810054,0.013244259149683968,0.005135123770809047,-0.019619246742823226,0.0033421720413482348,0.005001130506276041,0.002298094329251432,0.004256540520817476,-0.0068596224915749016,-0.009059505858965644,0.0016247096233876768,0.0,0.00019756461913944534
2024-09-27,-0.0014503999865576045,-0.005556971888341367,0.006762669851679393,-0.006040524130149549,-0.0019272528326887972,0.005200880990095635,-0.007935830791900744,0.018258143281152606,-0.009330173620500704,0.0028876253150698084,0.020362939802532454,-0.0005225118980786148,0.0014113090712164489,0.001810074035767606,0.0014959545396939777,0.009920719250877674,0.001274196317667231,0.002494746502137213,0.003988988429405982,0.002865184853763525
2024-09-30,0.0040073144360677215,0.0027118400189183323,0.0025416577356354164,-0.00345572379340775,-0.016090967070453766,-0.004768351395360471,-0.007999374253898295,-0.004980766911074408,0.0029318642402660355,0.0037651187990075385,0.006996133593288434,0.006535329217854269,0.004523980233257285,-0.00024103642170858475,-0.0023401999645710214,0.004476470506700636,0.007862721727355693,-0.0007465721894783783,-0.002471920727942001,-0.002266115229519805
2024-10-01,-0.00895843135052643,-0.013932436745227705,-0.013581499010489884,-0.007413510904227816,0.007195827035087143,0.007219871927277133,0.010491249392624136,0.03132154603486437,-0.024362146838773135,-0.005295605211590448,0.022779070205546592,-0.005259112481708295,0.0005169457070481887,-0.0033732868807720973,-0.00404246555707688,0.008046696276813092,-0.006466892515856415,-0.0005005899580323714,0.004805635738556191,0.0026444086135903877
2024-10-02,0.00042213345413122383,0.0014129932738060624,-0.0013767709219231206,-0.0020480171510409706,0.019701203131000655,-0.008427156722009554,0.00020358719772617384,0.009014027463280838,0.0074004337573971846,0.0011091536443377237,0.010244989869586663,-0.0020235114029552026,-0.0018449173187016221,-0.00846239365933521,-0.008468555898961116,0.0004912163337762454,-0.0035128087403969444,0.00012526383762878623,-0.0022100088276248986,-0.0020741747262409405
2024-10-03,-0.0018283267484224819,-0.0007470110443654754,-0.0067098138349255265,-0.009294905133192422,-0.011889578313881266,-0.009420438360050909,-0.0006920058878576718,0.04081914696954403,0.004146141217962196,-0.00531807381913707,0.017636651044518725,-0.009025377762318487,-0.005101147089040858,-0.009997584783093205,-0.011573244007952121,-0.00036842966275196787,-0.009123770412870824,-0.0023785342489290873,-0.006468212018050035,-0.004058568333441093
2024-10-04,0.009087447006388194,0.011898062221029626,0.01397296386993041,0.005848588653230458,0.009239508957166853,-0.012300960713665599,-0.001996030315693287,0.00818691522124082,0.011130472611097453,0.016930371736473493,0.009315527008353586,0.0007918363527088523,0.006985106474402425,0.0033251418312814085,0.013242486068829162,-0.001596257374532506,-0.004813292880088138,-0.001129598150299116,-0.005440258794378372,-0.006460610235398234
2024-10-07,-0.009040482792622595,-0.010711637727711998,-0.007848396854668982,-0.005572405891541621,0.008303109536243802,-0.007535499778978383,-0.0033877625757333663,0.037328075063250976,-0.006879916703564692,-0.012267202596690563,0.0035414597914662505,-0.004418299877694709,-0.0024352584815431344,-0.009942069311120516,-0.015542067833740902,-0.022998358870839564,-0.00883191578734488,-0.004271155531904047,-0.005111203401514941,-0.0034013481827483982
2024-10-08,0.009457502056803513,0.014934678127461076,0.0006898059069915252,-0.0015836070061699958,-0.024704459831833003,0.0016874554995911506,-0.007371925565205384,-0.04305550712259876,0.018682378457131943,0.0057661974235709845,-0.026093596745932812,0.005431570826307075,0.0022190967048796306,0.004958981027796128,0.009739132094574332,0.0005036232300359433,0.0020153846677912757,0.0023972481239962207,0.0019828232634895304,0.0017063126606609025
2024-10-09,0.006926579068067484,0.007868333743050515,0.0022061294119366526,0.0002440182761547227,-0.005412541950334138,-0.005684964859365094,-0.005446185963701722,-0.007124962514899691,0.011188166107783282,0.009261351271916407,0.006039425063400383,0.010211479513946076,0.008931337071485634,0.006044904922882566,0.0071575743059204555,-0.008555557565556482,0.0010587512819248968,-0.0006293063160363044,-0.0019788994556129147,-0.0026053310290300447
2024-10-10,-0.0017501627523689445,-0.0011356682208552016,-0.00554887741644694,-0.0012198929797248015,0.0019591363006190576,-0.003917317125822772,0.007342892553628744,0.0334883274826101,-0.00026031068384824163,-0.0030587599407335686,0.006767061081513814,-0.003717147101956808,-0.00512115144110703,-0.004414493760989013,-0.004939651678815271,-0.003045973441448746,-0.008883199115023777,-0.0005039132366573273,-0.0010814441134759933,-0.0006027433032739227
2024-10-11,0.005988364033485238,0.0015632566352985489,0.020336519123579366,0.0051294903411773785,0.007169338157079874,-0.004039223386029578,0.010913408354139564,-0.003600344495087948,0.0017360350529564972,0.01928552995010513,0.006179669158323575,0.007331173238892097,0.01786885533036231,0.005542485764811866,-0.00425479207382784,0.008783350900035236,0.011310268240536603,0.002646257127696172,-0.00018063685952418584,0.0003013874030026731
2024-10-14,0.008178184812949185,0.00839142033193041,0.0073668750683957285,0.0029162211974094188,-0.004098464798468426,0.0007469259141301698,-0.001629502157067031,-0.0201315989366303,0.013041030785627461,0.0062352478413376655,-0.00043095005923921015,0.0055234706715496795,0.0059964400382599425,0.004042060062393826,0.00437494879489031,0.012618216791156822,0.0060139676670833975,0.0005025134290896904,9.041015217792214e-05,-0.0009046365986328242
2024-10-15,-0.0077697679659988195,-0.013366841108185534,0.0008076856102288144,-0.016598091203739118,-0.021225872269906243,0.012157644818233226,0.003468359323146597,-0.04174895504022835,-0.021982739159100317,0.0021366955897268447,-0.032230398722446485,-0.012214097858915252,-0.007684041642504691,0.006343983693380295,0.002177906702701682,0.004485852659261935,0.012060694488197576,-0.00025123820698835786,0.00487258372625643,0.004023804631527961
2024-10-16,0.004346545365054633,0.00012227581479851146,0.016452131700034123,0.0025872292719180123,0.007745241153001459,0.004214423472402196,0.005001609209081437,-0.004947781745216595,0.003104780765734283,0.012366796798763735,0.004789538026999329,0.0028133271871004784,0.007743543352082716,-0.00072756000418428,0.005255953271981362,0.019848933507114808,0.010984525280381074,0.0017593248363390046,0.0031430994111547594,0.0013025286062446906
2024-10-17,8.589626262245353e-05,0.0006925603918124246,-0.0027344386718016755,0.00012287870512039945,-0.0015372829928324006,-0.015842822963745284,0.00598831083503093,0.0030386908296471393,0.003051503063076,0.0027379307626391736,0.0047666178206828835,-0.005806400701193759,-0.0028724285012877715,-0.004488552117006828,-0.0009050839696859159,-0.008879838131799045,-0.007892562904186273,-0.0015053750491397233,-0.007429971758851961,-0.004902788540498082
2024-10-18,0.0038465567724994543,0.006554784094421784,-0.0020784334910929347,0.006757698369742826,0.009896670181107181,0.0007460405862074193,0.010618185005034864,-0.017075260895971556,0.003563969256891175,0.00021000958710692963,-0.003309729298135222,0.004855804541769482,0.0030248229143483574,0.0021935290598458224,0.003924984943241894,0.005768151535690436,0.0074388040269908196,0.0023868168108405197,-0.0011723291437845118,0.0007036831453275383
2024-10-21,-0.0016422990434823426,0.0019212053326929102,-0.015732268468159782,-0.011838071749542434,-0.006968667476821122,-0.017471064637007205,-0.00019900127714245208,0.012328452180913496,0.0046771313523075175,-0.007979679501670889,-0.0029887377333052134,-0.011754626742727092,-0.003518542814019643,-0.008390026204639689,-0.007768962320101158,-0.0039045990171773237,-0.01958779722799997,-0.0040100247395514765,-0.010203320249329129,-0.006933241079272956
2024-10-22,-0.0005310008526185905,0.0010899575565537223,-0.003782208278429122,-0.005681042247262513,-0.002192941549845062,0.0009760140414427632,0.01078732362833379,0.023802950039503612,-0.0010345534877126417,-0.0019052227623308493,0.0023314721464242627,-0.0014539749215934927,-0.012105397170235843,0.0056407091261792,-0.0040413597848725225,-0.003552889818954519,0.0014644557057486018,-0.0013842318166000789,-9.093427228112905e-05,0.00020242104931633698
2024-10-23,-0.009137467513379516,-0.015323842042764602,-0.009129423853794005,-0.010060931949267493,-0.0059340690975180355,-0.0027079447583242544,-0.012050555849465017,-0.005812385586158264,-0.014325789211106277,-0.0008484839488934748,-0.005206038998053053,-0.0046983891446217285,-0.0029178168448145136,-0.001951155833346374,-0.01572320485967793,0.00958951844164524,0.007311485053485445,-0.003023650971326175,-0.003375698734877197,-0.0025290410825722365
2024-10-24,0.0021627712512073405,0.008108826508973488,0.002189283123309904,0.005646303548104692,-0.0015475546376489957,0.006408305220060306,0.007693259346016168,-0.006662209012000209,0.0029331108826724517,0.0008492044852685954,-0.00011131380716422612,-0.006582505371154346,-0.006876155717231658,-0.0013439621668650537,0.03153666442262959,-0.00645392980625914,0.0021775928808891454,0.002906602585909912,0.0030206006016570974,0.001927024931581034
2024-10-25,-0.00034540009329253607,0.006093594490662824,-0.003777650810498967,-0.0033687407778132394,-0.0008858644402801596,-0.005612281203481895,0.0020569789010425055,0.016014314774668748,0.0051941617672937035,-0.011028706942983635,-0.0003340688868102015,-0.005488388354259244,-0.0026517011898777865,-0.008318845075346304,0.0031471928874866606,-0.01483035430983659,-0.009415505003033342,-0.0010080105020628949,-0.002372843433741445,-0.0020246955017092505
2024-10-28,0.003091234277598609,0.0001614386436066262,0.016309744560749184,0.00801191274943891,0.004432629919698838,-0.0027130544792086653,3.945407605776552e-05,-0.05119227913119673,-0.0003039443396481989,0.01243840390511708,-0.006349520315466428,0.0014807865448427382,0.002954103930294938,0.0018504912316903432,0.002340626752978192,0.007837823035733216,0.0031334444496047276,0.0025227312369362487,-0.0008234048156033902,-0.0016227243378502676
2024-10-29,0.0016185283057001953,0.009608529055945558,-0.003236566689838405,-0.003601542718565054,-0.0030891390828963194,0.0015236396372728667,0.010894858433216914,-0.010932793408064523,0.013465442385203419,-0.006142795382484745,-0.015246748210867245,-0.0027551524342945832,-0.00132540245858348,-0.009851189431906326,-0.005216783465829766,-0.021355355914289387,-0.007184393136631773,0.00025164909437602745,0.001190376646340141,0.0011175463671020403
2024-10-30,-0.0030253152532839778,-0.007557519297495374,-0.0013529366503961526,-0.006481382694974891,-0.009738782108649313,0.0029336799391326274,0.005505891218995584,0.02440420411816424,-0.01590103996808856,0.0044757274890248055,0.002277035959888929,-0.0018868177497070038,-0.0016959843485995219,-0.0016166900878178403,-0.0013983859436718094,-0.002396757998660237,0.0044047994075351316,-0.0017611004812913,-0.0012805021879257472,-0.0010148323716779872
2024-10-31,-0.019602996340970624,-0.025242864236736717,-0.016618619279143543,-0.006147203584305316,-0.006481961570583894,0.0016250648323561379,-0.015495166963743978,0.02410315591356116,-0.03209780675305518,-0.013791817560685038,0.006247093288293204,-0.008439140640474907,-0.011522146769811559,-0.001993002183007686,-0.015303838833314543,0.01036817918089561,-0.016915505183342838,-0.0027722179299044525,-0.00201426211114597,-0.00020347460140446305
2024-11-01,0.004220307241705523,0.007398919249250513,0.005602530712493836,0.0020196654446376083,0.0009000144821655898,-0.014098193067162201,-0.0041023758773532926,-0.014504723062798819,0.0075144441228156555,0.0034424364481566716,-0.0063212476584073585,0.0059237010616775,0.0013449124290587644,0.00037454090357380565,0.016252819037679167,-0.022275122006444992,-0.011046182041877683,6.369712407483519e-05,-0.005478624295919721,-0.003974770054590238
2024-11-04,-0.0021538832994819623,-0.002913216824054876,0.005069044843553749,0.0007559504834495634,0.005619179692934573,0.015521806683352235,0.0014259144001700363,0.0315190832861485,-0.0007593504327800815,-0.007718762624065678,0.017493922958065955,-0.006565599669432709,-0.0011194109697597598,0.002744834993045675,-0.0034484721293414067,-0.011903267740867585,0.010954671945265115,0.0027936125819372215,0.007406510924451437,0.004195633862450032
2024-11-05,0.012091814945917267,0.012756937233960874,0.01881048337997293,0.009944480890436092,0.013634335464829839,0.0053117101766952945,0.002254447895034817,0.005922768017011526,0.014078801775923466,0.00929145942187648,0.006698806357307907,0.007358350700029437,0.016734123554859037,0.006345586162980643,0.01770307247039904,0.015025813977602054,0.013279387343937188,0.0027858300520524626,0.004779170447361425,0.002343814476914563
2024-11-06,0.024865516520399922,0.027163230776013902,0.057931538530865634,-0.014458445685142873,-0.012348469652015415,-0.027388204039961228,-0.030386729020158154,-0.0025425188394377907,0.02847204610982379,0.06080057279128592,0.037595600113117245,0.0012850577960938914,0.03916228459171833,-0.016320466213160634,0.03198160333740763,-0.01033663755394143,-0.02128311442153774,0.001767895525690344,-0.010427275274325076,-0.007828418759989408
2024-11-07,0.0077323516848673,0.01574424016308895,-0.0035409401915431626,0.015176330518233083,0.022103190662186245,0.012527689668298647,0.016076503855530166,0.0016099107205274077,0.01744158397190554,-0.016145199194057214,-0.0045960314934099245,0.0072277063498962235,-0.006009755881367207,0.003645000596421477,0.0128448331940203,0.001805275441473242,0.011997760646170086,0.004285806761159305,0.011831272632348622,0.007582695531455297
2024-11-08,0.004331669349693978,0.0011685523457065639,0.0073609538285897,-0.013828251334397912,-0.02468321658508943,0.012701158066830365,-0.006769426092267161,-0.020492985985050227,-0.0010950142656097617,0.009025547072018192,0.0066575148690593,0.007175947375750447,0.010740841269478496,0.012147912454626875,0.014190726969447454,0.01917876982346689,0.014925452488490532,0.0016317575131243878,0.0034712876065980947,0.0017289448690405163
2024-11-11,0.0009528509953158348,-0.000583564233825995,0.01503441968909347,0.0002526495568713205,-0.007614692618273633,-0.0048653395174506064,-0.02347155656813127,-0.02994660049586373,-0.005523765938520886,0.014230558613130384,0.005653072827560335,-0.005859384036012161,0.007741654151192767,-0.0034646739604060617,0.020174918147314314,0.0027783598261104103,-0.005006242022495999,-0.0011276487961394688,-0.0019119264722724516,-0.002233738839974908
2024-11-12,-0.003106436676122093,-0.0018100274476735567,-0.017542341894455804,-0.01856536025991873,-0.018957493757140065,-0.014993767414907877,-0.008631355179477884,-0.003524104756078783,0.0012719289290406,-0.0030065745076054418,-0.005303186598880294,-0.013931821090384489,-0.008589855650896205,0.0011174634927944016,-0.01335100080895013,-0.011460987788029064,-0.013836498832055621,-0.004014633926043176,-0.009029429369407094,-0.005799468624901549
2024-11-13,0.00048561498974852846,-0.0012866438518972512,-0.009896409319211208,-0.0059192625281354605,-0.006441213773225152,-0.009485963032619837,-0.010081225320474285,0.0005658638300445329,-0.00347231572158313,0.0006030492045940861,0.007784333239354568,-0.002649224126677896,0.002113002238179673,0.0029766762634702015,0.008543921794388343,-0.0017836556955855842,0.005527288283696308,0.00025196630420776245,-0.003773438292662634,-0.00020468601249912233
2024-11-14,-0.006429863896177723,-0.006949774839114298,-0.013483151130886939,0.002071170141613621,-0.005556793501124813,0.0057908799861747795,-0.0026091417886487944,0.007917397596713949,-0.003399545760923939,-0.0026120332700865223,0.0038089562933010246,-0.01573237053052523,-0.01687035774358392,-0.0024729527942226603,-0.014195448668997246,-0.003445950891720284,-0.008985282456887012,-0.002141120371419669,-0.0002772279756257934,-0.000409708585395796
2024-11-15,-0.01280876920431373,-0.023825846760551328,-0.014917607596289573,-0.0036172664296358903,0.0,-0.002657325586219006,-0.0017720694429753658,-0.02160192026581842,-0.024815527320330766,0.004633404391857221,-0.001475701855750411,-0.01854422395156008,-0.005362495316597937,-0.00880146966892037,-0.00854704365940806,0.014984640037904562,0.0005333847190767127,-0.00012606019476568697,0.0004619695707936966,0.00010265876941462082
2024-11-18,0.004097350969585634,0.006947541914787525,0.001969539077664395,0.005445492330738322,0.011408503203673037,0.00177617829402954,0.019020246289590537,0.033261644370239596,0.0032354291470171326,0.003008016858076612,0.013300859340857674,0.0007050451866832397,-0.0013658470645553367,0.007003473650449621,0.009229684186850884,0.008706569585898327,0.007249480352227167,0.00189350995613502,0.0018474095543399294,0.0009213900795457253
2024-11-19,0.003655421670885506,0.006879755173857305,0.007425923508502574,-0.0012895786599965708,-0.0006905672938615215,0.005097677248130816,0.008959325127211537,0.0033300661133035536,0.008193692078673154,-0.00659750784570734,-0.006354839864961659,-0.005143103546483063,-0.0008637191700083813,0.0013660612211356948,0.0007429825603302298,0.006379845915287952,0.004868648881740212,0.0015115582192239962,0.0021205918496314258,0.0014321318211287792
2024-11-20,0.00033914025512316037,-0.000575982867586422,0.0013007179857889017,-0.002711391405302077,-0.001151832836407407,-0.0031975968287459855,0.005632045702723465,-0.004010523099414409,-0.0008645653507454165,-0.0030187548781483997,0.010065053108386124,0.011826550633569521,0.0010806669562144489,-0.005084918183581588,-0.004407081618028719,0.000497099682894353,-0.0012639739413567996,-0.0002516176763295297,-0.0023919548809514524,-0.0010215484505295969
2024-11-21,0.005368252725473477,0.003597204281944988,0.015199434211195628,0.00025903515462055715,-0.0020756162748504225,-0.0007740751713000149,0.008339500390982302,0.01638434268504496,0.010167266335980418,0.01271706523915661,0.008096412643610051,0.008048504326520156,0.012522520134903736,0.010845236707177408,0.0017706359845111042,0.01739355751348448,0.007382512628165028,0.00037736051559722483,-0.0011991137799719498,-0.0005113807034918816
2024-11-22,0.003099306879028596,0.0016040150922460583,0.01846952915491129,0.0038828360616254276,0.00023100116903385093,0.0005533260255430328,0.012892210445830665,0.014344304583786327,0.0005140418164026883,0.011162004232890821,0.0015444493783340896,0.0009027429835688494,0.013931339393188136,0.009248934760435867,0.014418686551955329,-0.005373126142848461,0.007537793703195961,-0.0002513714927346866,0.0009233251853666413,0.000716181396579918
2024-11-25,0.0033919301464555573,0.0015816385363234264,0.015202898360630934,0.005157440301595262,0.0006933048014816645,0.02588771570377424,-0.029458856541118794,-0.028956249506786658,-4.281480943113536e-05,0.006505094903298536,-0.019738883754683245,0.008532285632539605,0.0062389187075286845,0.005498761261582441,0.010224586914893363,0.0018416091201005624,0.013923289721775367,0.0037739886460548266,0.01245400594269519,0.008997232242240472
2024-11-26,0.0052218071478187245,0.005369298144249246,-0.007343149053217868,-0.005772323697660342,-0.004156116937409804,-0.0038822167006721253,0.0019383092584315254,-0.006796087019965813,0.005008688210397905,0.001958505314083814,-0.0013633417612848309,0.005364812693693155,0.0011843920080996106,0.004131523237653978,0.00363090153538681,0.015931372185089776,0.0039968191509793805,-0.0018800065129369603,-0.0025512294211397224,-0.0015199011984994293
2024-11-27,-0.0030302308882491635,-0.007873449568862045,0.0013713671769242097,0.005418690098144108,0.0013911541116358173,0.006928846816803835,0.002222714763140843,0.0015361068204720052,-0.013545665858322509,0.001954523362825311,-0.0010501496035308922,0.0053361850603455,-0.0036880005207819977,0.0020574081158319935,-0.004929240963830073,0.0,0.006430503879128802,0.003013569040454245,0.00365382683218618,0.0027399031428703147
2024-11-29,0.006212042831218234,0.008786908456267062,0.003818247882959813,0.013345344540173443,0.0016207429954111507,0.01032143976202149,0.008624546377060671,-0.0015337508153835389,0.009284078444294463,0.0015607526098195823,0.004310199333293907,0.0031303433222924504,0.005657326731167034,0.005072491875973251,0.010270886178952887,0.0003618795286095544,-0.004462537251137877,0.0020028318365579167,0.006189422941172751,0.003947027568220962
2024-12-02,0.0017925292248484048,0.010887888433614101,-0.0004961603617087418,0.0027858315972115744,0.00392968150194517,0.0024025780504126626,-0.008754403389975018,-0.007959777823850822,0.009498082098354121,-0.009933641954508188,-0.010572577076377598,-0.001763765917143778,-0.007361874791319556,-0.0012016086060053777,0.008726977600869157,-0.021463654003906596,-0.014567963867221922,-0.0003638496701906524,0.0015700910422340453,0.00012154775341577384
2024-12-03,0.00046364920892560946,0.003066252409016812,-0.007114753918741279,0.005682461522527715,0.0020723627740089068,-0.008628938279340082,0.002012776164397767,0.028153152790329594,0.0036024895589161776,-0.007476056893218397,-0.00010559539806509477,-0.0022425937424144227,-0.006296646239915882,-0.005173142771148109,-0.0007581475957061379,-0.008626144498023458,-0.005065504770553231,0.0,-0.0035345549670896537,-0.0019212995550731415
2024-12-04,0.006209627212467206,0.01236278187641271,0.0035829006415790676,0.0007534826478821088,0.002527517086318376,0.010745676290271566,0.003033679807253664,-0.015881758592130257,0.018285485375770127,-0.0037661067228792477,-0.02412470529252675,-0.0005448614808530872,0.004365366839320428,-0.0027817150905026233,0.009282773231965358,-0.00012440042559203057,-0.002701702385639604,0.0023856073756804985,0.004820314687855598,0.0032419095016524846
2024-12-05,-0.0016456130139689273,-0.0027708804582528,-0.011665095223504895,0.004893490299081371,0.00664687094301164,0.0020200138927666256,-0.007397709454119217,-0.005703896054271906,-0.005059458219416113,0.002984440854249426,0.003903469501589596,-0.011176287649135697,-0.01212752027313535,0.0040020604783788105,0.008180479066483892,0.003107887164917944,-0.0023964089724901605,-0.00087694499379809,-0.0002714923359178334,0.00020190245634177373
2024-12-06,0.0018957699154138474,0.008949301822363864,0.003570165245797341,-0.00012495947706392396,-0.001593895299172643,0.001485560148057008,0.0003705687954560499,-0.017210064865331054,0.003876342530926946,-0.00019842269556291647,-0.01695653498858285,-0.0056513044284530745,-0.0025548270329278644,-0.004952251390611839,0.021052539887948418,-0.012392932407719992,-0.0014621615499754714,0.0016299199262315156,0.002263501265580503,0.002826809287990617
2024-12-09,-0.0051497205799379,-0.007787296117617304,-0.005022329689288507,-0.0006244690463618197,0.02052458849781935,-0.009217211917724288,0.009919751769426055,0.013240323654045705,-0.006518765121495185,-0.013690372639069692,-0.0016479556886984659,0.0029111551011209436,-0.008679563415306846,-0.0015781267007781707,-0.003178747248071545,-0.012548748515688435,0.0028240552113472095,-0.0012517770174674814,-0.002529342160422221,-0.0029194460048688198
2024-12-10,-0.0031091723475737965,-0.003407679192609092,-0.0043326227320829025,-0.008996509186071533,-0.016089423782156387,-0.004704728178785533,0.01316431251835759,0.0032317460004369636,-0.013875609505938136,-0.0002012959026832517,-0.006823091260964698,-0.0041465497654722405,-0.002440071651308995,0.004741667633085589,0.0016376343661848036,-0.007243568825451963,-0.014497190639018775,0.0005014235021623126,-0.0015397432368632336,-0.001211706608444274
2024-12-11,0.007730565645738041,0.017902548883835134,0.004520453253904266,0.006304292448586102,0.00408815430195375,-0.009454468218182854,0.009533812345188464,0.027030816021428983,0.014494604180776971,0.0020120194289259263,0.0016623753712583511,-0.013601628399461996,-0.0023021886067536856,-0.007623371586231276,0.017552907473775026,-0.00627267206730997,-0.0023284082096954872,0.0002503733796725971,-0.002720963619237571,-0.002324833576999863
2024-12-12,-0.00515268872470287,-0.006453936775781988,-0.012995747266935642,-0.00877081821719461,-0.004976228979336916,-0.012147018823088662,-0.014663722649505995,-0.001636475434140916,-0.005598051891611333,-0.004417665070499566,-0.00807538303739952,-0.007949982908220021,-0.006417634500262892,0.002926390219388564,-0.00828698656107607,-0.0005150535052148575,-0.0015911529207399688,-0.0027549064726903882,-0.005638944121975742,-0.004053290006016397
2024-12-13,-0.00019849144435746258,0.007654443118097376,-0.006860423218997158,-0.0027810044610854234,0.000909244243374685,-0.010211005634300885,-0.012091578404740733,0.013659336327079608,0.004285315318685923,-0.0008066605482484057,-0.005018388218592018,-0.00014188380936641654,-0.002612748561674705,-0.002553107783367481,0.003965085393010881,0.0006443048097890536,-0.002868762178810491,-0.00288780479066586,-0.005579321002621818,-0.003764527035120424
2024-12-16,0.004269911838246765,0.014400624372974624,0.005878092897894316,-0.0032956853997341273,-0.005450781705892638,0.002995032615393578,0.002415209844427002,-0.006872418036954042,0.009997767957594661,-0.001816768957640047,-0.02196814147840076,-0.011915787233685138,0.000873425681565676,-0.005241537838277188,0.01354613047283415,-0.007985525428867213,-0.0035160795099317133,0.0018890379230913634,0.001287703072903934,0.0009191536881942852
2024-12-17,-0.004120034651265536,-0.004403581061451001,-0.011448224984797029,-0.0015855123780584846,-0.0023918307144148443,0.0024326925902997676,-0.0038386247250202787,-0.00542732582153671,-0.006047023368999982,-0.007077868640648188,-0.007449159509576364,-0.0007177361070682675,-0.009160574066742755,-0.0017154199903832712,0.0031423015756621986,-0.004154844163192228,-0.004811915921381527,-0.0021368374336347973,9.192038840710737e-05,0.0
2024-12-18,-0.02980327895278856,-0.0360770548108742,-0.04427240485741113,-0.024531967943803523,-0.023277536098541107,-0.012504142228886295,-0.01918507783771317,-0.004911331451069145,-0.03225270141899661,-0.02993882413837612,-0.029557621437995674,-0.013576679826294735,-0.028248369956892394,-0.015220082375339006,-0.04506539617777594,-0.023598291320178655,-0.041259226485825695,-0.010268301328724472,-0.012398128075401305,-0.007615691525651336
2024-12-19,-0.00030706338446473413,-0.004453470679815941,-0.00443752433948541,-0.0031767784391741882,0.003336519170993313,-0.01514117525399783,0.0014210967336203417,-0.004524291472567277,0.001076505457792365,0.0035692416199426535,-0.00868528840347349,-0.007573340975018605,-0.0012836575567485298,-0.007104712693762005,-0.001355803519714538,0.004540071445212401,-0.015465682221520116,-0.001023563466338584,-0.005413480617006083,-0.002578683590883979
2024-12-20,0.012010899570405353,0.008732630634832761,0.00936958002196353,-0.002788473089012311,0.004038081279887917,0.005694231329486099,0.010434056495473909,0.006748352288261428,0.014925480147324865,0.01485354967091368,0.009841436814353788,0.012620993724090646,0.011718582472571848,0.0035148230568915473,0.0025401041537838065,0.015950874925766634,0.016847040457359963,0.006274897909308574,0.003941676349127121,0.0026888658929615783
2024-12-23,0.005988234505162948,0.009742786490189781,-0.0022981980181454587,0.006524595336563577,0.005677679703537608,-0.009172462199231846,-0.004708795377563968,-0.0005472081581712196,0.01059527248294323,0.0024013859761100598,0.005872524531246981,0.009986925615609543,-0.00022553496049504407,-0.005268671112540035,0.0030331494379025603,0.0034036870493332483,0.003910506593340024,-0.0026722574501163443,-0.0028979320016566668,-0.0030941008475798837
2024-12-24,0.011114966877270982,0.013559643276950029,0.008942712654646412,0.003571945129927423,0.0030581511543679163,0.004228829954909585,0.001992014086009908,0.0080756089104983,0.010333120062447243,0.011771980164468232,0.008459517009325346,0.004108081750147097,0.007812695821039828,0.006589138615866963,0.02312701643816717,0.005522051235383518,0.006642762185918638,0.003189839255429039,0.0030936161274495166,0.0011379571224525709
2024-12-26,6.67571597052774e-05,-0.000679231678399117,0.010251097221651406,0.004745536516409965,-0.0035177006330388005,-0.0005692219397750442,0.006751179863859091,-0.007060478773761036,0.0006651727027422449,0.0024495142807616777,-0.0008271328452106319,0.0020097567756514056,0.0007451938079183762,0.0031469461860436088,-0.0037104294394244564,-0.0023535817410073046,0.0026843000461884703,0.002543778718652412,0.0009347344846399874,0.0007233237295818373
2024-12-27,-0.010526539115531808,-0.013293188654420973,-0.014578164988737985,-0.0014430447549240721,-0.004471729938307245,-0.00819855326829333,-0.0068705038771271765,0.009845497712902995,-0.013295123011002108,-0.007330586466050337,-0.00011836830855393998,-0.004656116900525364,-0.007448247189458468,-0.004893827393664285,-0.016524067464596337,-0.0028833745246479303,-0.010039040561686363,-0.0034255432556830057,-0.004201643695179946,-0.0020652902287602304
2024-12-30,-0.011411681658586303,-0.013299712221216176,-0.0076891545429740304,-0.006569530830515258,-0.008037884142282015,0.00803671818227003,-0.0031896811646235923,0.013134749366894516,-0.012716293817979896,-0.009640942415432452,-0.00011809706266363573,-0.012306619119522577,-0.010055636359509346,-0.011727814368186928,-0.01606168656168694,-0.004206155866268602,-0.004957813787436205,0.001400416672626692,0.004312865344069161,0.003932054038515265
2024-12-31,-0.0036379652702070997,-0.008494796038344465,0.0012688235399711534,0.0,-0.003336519170993424,-0.005353168510872974,0.006233636577161361,0.009756794438801508,-0.008316591865950351,0.001035701033041292,0.013128390758393449,0.002404802687056229,-0.001212886810074587,0.003062593253181589,-0.007520384034769734,-0.0009237748298852599,0.008719380219498474,-0.00012683965834703326,-0.002520581714504977,-0.0012364874820498528
2025-01-02,-0.002456960451729051,-0.001956066995354777,0.0008145783797568473,-0.003438717259727775,-0.0014347640156414654,0.0027484054120847645,0.013587714119632333,0.018266011881860056,-0.002365394267943133,-0.0024830459128571958,0.011674006763733757,0.00029046645003938387,-0.003490899520788293,-0.0030532424135655267,-0.013149190819822909,0.007662587475129934,-0.008868575914923738,0.002415415089518147,9.355925403942145e-05,0.00010296423047950753
2025-01-03,0.012503261324633863,0.016365098398270383,0.014877524562000533,0.004379651468761514,0.009339224828916803,-0.0031974333138987676,-0.007864039973028869,0.012868813984691085,0.01629517106086764,0.007882253693885177,0.009346858350560705,0.009810619920098018,0.010814929835303078,-0.0005102962929512955,0.02023490918965032,0.01062022826295772,0.013138515960918973,0.0015224585133268853,-0.0023396137006528317,-0.0010317303931351995
2025-01-06,0.005760621688336354,0.011492787585866582,0.00040092270366720584,0.009513646207211401,0.0035586873627559967,-0.0044679209773854645,-0.0012320959587239777,-0.007956816372649667,0.01272530804725669,-0.003087038234458772,-0.004572975816120595,0.000431567676655753,-0.0021853552999799852,-0.010468454757841972,0.003940182719717411,-0.011157163642176338,-0.012856269719827118,0.0017730735478866944,-0.0025327952229322603,-0.0010330493862483747
2025-01-07,-0.011303996052868137,-0.017844146584344855,-0.00801697038989957,-0.0007853850093905157,-0.007092228869371886,-0.011277489794798923,0.005633435188264313,0.01125478761760168,-0.020062780577004058,-0.002270822038224374,0.009991924421077103,0.004963318437573472,-0.00098145467453703,-0.003483593335956714,-0.019358894790497794,-0.0024928867382482123,-0.009512876305455276,-0.00328738892246061,-0.004608568692198056,-0.003515611126426399
2025-01-08,0.001460938914927823,0.00017473928301581232,-0.004534896065329863,-0.001571899496853324,-0.004761862908689629,0.0012806139882746148,0.005315681488123669,-0.01112952715320803,-0.0003418271563826458,0.0033105388660032986,0.0010233930292791182,0.005153599846257295,0.0039305004643979125,0.0018126833847389445,0.002833014870734063,-0.0002629983732244101,0.0026296458677672607,0.0012687154277724044,0.00160647244741563,0.0011414662941151565
2025-01-10,-0.01526754467506164,-0.015681081323550505,-0.022010656558377195,-0.015219056447567603,-0.016985646247676844,-0.006625809473395861,0.009558310004399662,0.04320823034967103,-0.021806212998063845,-0.024128684595381533,0.004089569742993016,-0.005625532203555328,-0.01121825009714117,-0.013440442532648755,-0.009820076602597427,-0.005657111882864996,-0.024404157413297378,-0.005193750846789746,-0.00575429314130782,-0.005596987883025539
2025-01-13,0.0015505757543041732,-0.00321372818562371,0.0019369570108027645,-0.0027977605510094428,-0.006814230760041062,-0.00035116456069250734,-0.009951255605703757,0.019717311251483682,-0.0070809834397626,0.007185017382973058,0.021043082060278717,0.013033593369538243,0.011726153028974284,0.001703244494489331,0.005660681836017645,-0.011643475958467708,0.012273667437337599,-0.0002548522239003148,-0.002846222706964552,-0.0009382522288284845
2025-01-14,0.0013759416379806044,-0.0009494934847652514,0.011369377299645045,0.003607258787894141,0.011271608189838522,-0.0016387644241387944,0.005249423200524461,-0.006810229419029423,0.0026413295836376083,0.012379468581533049,0.010747972082000068,-0.01032114921588756,0.0118162543406648,0.0002613831199576033,-0.001936455959225647,0.013119155672461025,0.009122359895517462,0.0012736175019751883,0.0011417701921987433,0.00031295913613726967
2025-01-15,0.018190088104314217,0.023006197773013604,0.0196613424267984,0.012779531207390171,0.01308458348181607,0.017235464387711286,0.007488993695735191,0.032692521474312564,0.019889307421081748,0.025492202989236823,0.014799274716632782,0.004071402473517338,0.006322462887786484,-0.0033990770218633726,0.02544678074012907,0.014667091075630134,0.0057213224196144274,0.008777599260616498,0.011974835840649956,0.00865673699050018
2025-01-16,-0.0019232576219280206,-0.007005939502324532,0.002008588523995547,0.005126210715800994,-0.001195969564720789,0.003227380060907059,0.006910965874952435,-0.016599406654887572,-0.007705873436581134,0.00666943603742598,0.007237829434632914,0.003983882413907347,0.012122006982641098,0.007477274687482716,-0.0054118895994963445,0.025263783406070495,0.020707753769845683,0.0011346874298876486,0.001972318742113899,0.0021714864606605655
2025-01-17,0.010040007716690669,0.016878419712516246,0.004321015890274449,0.00405381034868979,0.007902305268482568,0.0017231919157503217,-0.005307269747253374,-0.005063971376617182,0.015661656451007255,0.00843188545683482,0.007721852233869786,-0.006731301627428299,0.005988525787827381,0.005729153555711797,0.014023407513875652,0.001397087890870452,-0.0006687854113329728,0.0008818418160727592,0.0008432945336735997,0.0
2025-01-21,0.009153401964755004,0.005865137928780628,0.01920501774342931,0.020187634788797926,0.010691469058604852,0.008945902543954443,0.01548521901629396,-0.017086719462843236,0.008329380266911102,0.008361539118062034,-0.005108483280985121,0.016550090305842202,0.02054439755872295,0.0046608903372060695,0.007329158967168237,0.015347644090246026,0.018739615154192757,0.002642662974139842,0.005806411799334832,0.003301685674697241
2025-01-22,0.005621359328503939,0.012785746959265376,-0.006527647261640013,-0.0022978957493386964,0.0007051939440281263,-0.005228921522397401,0.005135652699768123,-0.008383680188124631,0.022579026298298777,-0.004738390976890328,-0.018185627772680513,-0.002245765857673998,-0.0023473241126218403,-0.004896947095737847,-0.003767864963711731,-0.02161141976927161,-0.01740947336369858,-0.0013804116846154457,-0.0031655833095907138,-0.0023651116014434814
2025-01-23,0.005458271948127313,0.0021261368097640343,0.00455572231509116,0.008189296332493878,0.002349051486514986,-0.007770627394100282,-0.0014148699521492336,-0.015168484596221221,0.0017813904637966615,0.005752811613670916,0.004576192340948859,0.013363404716197902,0.010124557256983246,0.00362609864064245,0.006042713439281311,0.00472412819965462,0.007354543503227617,0.0012570212355675903,-0.0014011998855192331,-0.0016496060688777625
2025-01-24,-0.0029193693517148844,-0.00565127468012383,-0.0027908646010335048,0.0055845107307799235,0.006562095511847277,0.0044915913849508105,0.006218705580030903,0.004923613106377234,-0.010420948644179973,0.002958718559416429,-0.009652945687638748,0.0015963002406069737,-0.0042349158294108236,0.005161174738580909,-0.006092744410422624,0.01016635934791954,0.003429272804542416,0.0011295594389426622,0.0019643860011919756,0.0016523317653858172
2025-01-27,-0.014145371801854822,-0.029114576354076993,-0.009576253288438363,0.0,-0.01816074686713809,0.01180910575907368,-0.0104048052682425,-0.020979876896458083,-0.04901801127764627,0.011012707094097518,-0.01040402681301511,0.022451798435763948,-0.01339784067733818,0.027086124669334133,0.005695480740965264,-0.023147403484541917,0.013339281281772086,0.0007525430903483343,0.0069079115191470475,0.0055664931691572495
2025-01-28,0.00859247042376432,0.014780063502422669,0.0011037781957956572,-0.001262186078324623,0.007351188921336682,-0.0006798449112557226,0.008656417783572623,0.01193379060097377,0.02667298464981993,-0.0017505618102455767,-0.009517601913130558,-0.006980696997926361,-0.006610031128895466,-0.015623134100348324,0.0012103588075511595,-0.01377964799134368,-0.012075814320991474,-0.00037598859755305636,-0.0013907308170479915,-0.0003077566152372979
2025-01-29,-0.004482980456218866,-0.00187830477184725,-0.0022933656891966914,-0.00012639840920602996,0.00023555074593217817,-0.0020407352182758576,-0.0038404097330004827,-0.013695179085668419,-0.008132053988486265,-0.0007795105150002479,0.0022347166716152334,-0.005869460192693965,-0.0033995197480577444,0.0024124625233521435,-0.0028497545832917304,0.002088980156309983,-0.01321449338485059,-0.0006266715786649169,-0.0012994035086965061,-0.0006152834152900466
2025-01-30,0.005367069831162752,0.004262414195661757,0.010166769659223585,0.0109958197014286,0.016945031077427952,0.00374929534387225,0.01514551884715587,-0.0003856875773680102,0.0018554372109980122,0.009555498820889463,0.0051280741194903445,0.011533678585369689,0.011176510792229921,0.00987969752868434,0.009786047192817504,0.020849699123484333,0.01272192289309082,0.0018810876677131105,0.00223087534552624,0.0014364053314652736
2025-01-31,-0.005321960616874288,-0.0014529033825134707,-0.008970473322119199,-0.00937605401705377,-0.011339995279508241,-0.006565511725108331,0.0019763991077348386,0.0034726256342945128,-0.00585778923892144,-0.0057950569477839275,-0.02795023993491985,-0.0031901365556831207,-0.007033417658398267,-0.009406800065769994,-0.004416704237341196,-0.005871824873590059,-0.002203796741716557,-0.0020026698033648316,-0.003246338675848781,-0.002049124180612205
2025-02-03,-0.00672940829499491,-0.00800330272210581,-0.011700821901420966,-0.01173660694477452,-0.007256454032039561,0.008142043150648481,0.005337271410283728,-0.002563406265667423,-0.013474077302364496,-0.0040800098155125974,0.0062756907535121975,0.003881065844437037,-0.009902737489495106,0.003925110847335489,-0.01322311381457797,0.005393004893698317,-0.002098339052828524,-0.001260220748455776,0.0015784069315414317,0.0009476980182556716
2025-02-04,0.006708056893550918,0.01227532200979109,0.013849755678283282,0.011620649342195977,0.01792019873737183,0.0030624897990800815,0.00984841707528572,-0.0039835204293167115,0.014404680181126395,-0.0023410399789992598,0.020977385615194466,-0.0027129918790427254,0.00029207768310235416,-0.008450048613874883,0.011785210856548822,-0.00881223584010904,0.0007745316100862265,0.0031543150601354153,0.001958165425378855,0.0018525821102390871
2025-02-05,0.004054667008907664,0.004537976890423678,0.010884539554752326,0.009719593743233279,-0.0025480071009437166,0.016510371567692195,0.006209542410714253,-0.01832029104894184,0.013897391011973514,0.010559361604526307,0.002110137007097057,0.009589402970985095,0.0007299809965974902,0.006232521332078411,-0.011345957605502832,0.010050186936532368,0.014044136498837956,0.002641026633657173,0.0069797584780770805,0.005341495689125342
2025-02-06,0.003475607966170857,0.005219761699775116,-0.0032694736641082356,0.004750697275714977,0.004180158587929972,-0.0004452073610420326,-0.0026502562908058414,-0.008411084511115163,0.0027327869557900453,0.008320342977219175,-0.01839741827515795,-0.008959328389225862,0.004521443682651727,0.004550513813619705,0.003970790497484833,-0.0011480669063225202,0.0025082350932361663,-0.001505288341995925,-0.001848210418394447,-0.0010218971658302323
2025-02-07,-0.009153559299522107,-0.01261314662687063,-0.011589639522668338,-0.009456269970025577,-0.0009250067888323388,-0.006455089527909297,0.0017841598670260694,0.005434111049608559,-0.00855929605892447,-0.005565060934979216,-0.00011284099677721926,-0.004690052534700229,-0.002976541524763565,-0.001510000321683025,-0.019558356394009158,-0.002043501526001412,-0.003263440980401988,-0.0031404193438167027,-0.004351927818440404,-0.0031706215580422636
2025-02-10,0.006791203486450792,0.012104845964113542,0.004513210232408582,0.0067831508195348444,0.012037039983018971,-0.0030243184513251142,0.016938239196991,0.020300565556773842,0.014603487123117764,-0.007912020729021307,0.022019097611395866,-0.0008877019940712882,0.008956396859459481,0.006175184308652826,0.0034134395368581316,0.0108779665072678,-0.0004366331861157535,0.0020162679245308013,0.0002789397500866375,0.00030760795257722684
2025-02-11,0.0007605777098049771,-0.0023807327888545338,-0.005814528383034867,0.0047411126546814675,-0.003888364270451361,-0.00640473776640238,-0.0036516022155236305,0.011240246770494178,0.00046569496738269045,0.002528631589480801,0.00806527194586093,-0.0018456409371476745,0.000360990152778351,0.009644291396983862,-0.011354158092995115,0.00506387398022734,0.004367348792234438,-0.00037718374687101264,-0.002231202072753957,-0.002256435707802429
2025-02-12,-0.0032214650556428026,0.0005873353569472162,-0.009215727100494342,0.003725232318653182,0.005510894372871222,-0.013570139133211256,0.0010471549570203464,-0.024913722139720207,-0.0021579957795948568,-0.0034923688606947056,-0.02411212268353491,-0.0014379494870455645,-0.0062044727952929035,-0.000744174153996191,-0.00017868493562112064,-0.0017632747626884493,-0.00924014992748301,-0.0021390980912338042,-0.005404410836240547,-0.005242985526085153
2025-02-13,0.010557518024521428,0.01438558058414996,0.011269068434652363,0.012124139654231092,0.006394079555303023,0.016622664572151225,0.009862831092105617,0.0009171867807142853,0.01416339281064416,0.00661991721272992,0.007524591934445102,0.003908903362874971,0.001016217831464994,0.010800693572297071,0.015017477499289944,0.0022712164857079387,0.009984708152997124,0.004539103775665687,0.007775890610098646,0.005993900547228925
2025-02-14,-4.9197016905200286e-05,0.004198603092107955,-0.0007517475743895607,0.0014668968958890805,0.007715056108567264,0.005300202242974228,-0.014871773334245608,-0.007461705712507927,0.003386859492880756,0.0019343013043642276,0.004012984164693201,-0.010861508040949985,-0.0024657106111041216,-0.009948514355647475,-0.00044038633160303764,-0.00415462930576449,-0.004562755293963772,0.0011297011327200401,0.003904546642963025,0.003698526233426813
2025-02-18,0.002935838625845344,0.002267012689208814,0.005487561534064378,0.0072011727391831926,0.006304901499399218,-0.011777939272198501,0.01656090548123368,0.015035602667329728,0.009126034256805804,0.007142788040173986,0.013656063346222824,-0.0019335883876570037,0.007851830423677875,0.003597783235121055,-0.002775356071545887,0.009355189623093452,0.004474466659594167,-0.000877582928054399,-0.004074426423270605,-0.003991833289922364
2025-02-19,0.002354761866475208,0.0002782278279638284,-0.0034330838215062,-0.010300552595609913,-0.0015664375680691789,0.0012484962778767095,0.000554096378723612,0.006366916185013283,8.253124669899137e-05,0.0003833300075877233,0.007885930406366981,0.013008671287292328,0.0010099919470574203,0.008034516336691944,-0.0005741842963981059,0.005260711717733901,0.0007604828210892034,0.000752980181582652,0.0005577756623529329,0.0014386380055912973
2025-02-20,-0.004160118041267924,-0.004244589386404485,-0.009583535014268896,0.004652972668650834,0.009188765211048278,0.003741004754672872,0.0005168326664386491,0.004002649453884954,-0.003179385917666311,-0.01532867517286185,0.009128514830341494,0.005601108797060883,-0.006557874370515471,-0.0039239635087851,-0.008619355439317133,-0.00012476829280338997,0.004776962636192872,0.0006267125714556343,0.002416114267253855,0.001539285101898269
2025-02-21,-0.017104062312935597,-0.020754626833658807,-0.028805745964648466,-0.0062157333169234885,-0.002886921425294786,0.012085176778113382,-0.0009225433005247696,-0.03099284459749896,-0.02709090198835895,-0.012453658180192506,-0.020784047172711206,-0.005366287537425296,-0.021906350467677638,0.01169513345312101,-0.026305076329083854,0.0002492682424772852,-0.009832502833562295,-0.0018793816978595057,0.0035226856080801117,0.004303340759730823
2025-02-24,-0.004550502622708619,-0.011804330422968246,-0.007208611131934717,-0.0006132144615442758,-0.015367469991744431,0.0029012393795306846,0.005429568123388684,0.008228304699899436,-0.014305709569099267,0.00433492110207534,0.00022008992119038062,0.008126837145384869,-0.004523661486597663,0.0030422169698061108,-0.0037547233645566225,-0.00498332404840085,0.003928469026364345,0.0012554210644240005,0.002586755743623659,0.001734483635207562
2025-02-25,-0.004973131459675484,-0.012599271164883463,-0.003792199562678955,0.009080926006809875,0.0006786445655937445,0.017247261341989395,-0.013188334192659745,-0.024220138708958228,-0.012958366402389343,-0.00019617742827371387,-0.014403656171951718,0.008603132971594984,0.00514034096096605,0.01419365643293835,-0.005239866518822467,-0.005008081336135617,0.012282487188808311,0.0025076939170811663,0.007647413477771092,0.0062120117987714
2025-02-26,0.000504689559890581,0.0024155229486071406,0.0012534930634906516,0.0013376734751053831,0.009945608552365925,0.00590665558762371,0.0015263333689308212,-0.0037771319259554126,0.010896779026136505,-0.0021584519624011644,-0.005689336467724626,-0.00718646515804422,0.0005929588020174847,-0.019138616527598518,-0.004112080599870893,0.004152639386706847,-0.004187598676346882,0.0013758868053297402,0.002103179484598927,0.001619727994927267
2025-02-27,-0.015961771386383883,-0.02777120843625469,-0.015254080168788264,-0.011294543523207357,-0.01947173413292913,-0.007068062990974844,-0.015239958822878874,0.019363579346272974,-0.03640699322614516,0.005506315050502142,0.005385494176532335,-0.004058919413732487,-0.003481611845957633,-0.00012197527857271684,-0.014428860479989147,-0.022180571520356573,0.003989592764318983,-0.0018738032680943872,-0.0041973052964735524,-0.00151596220480954
2025-02-28,0.015605520225138836,0.015791550159833134,0.010640775432146032,0.002088199150580783,-0.013695561541239631,0.012265825305855849,-0.006265820058134697,-0.0007969920239989658,0.013208085180706153,0.02053600792361543,0.015511653053648988,0.011615086297104726,0.013379961825182418,0.01329429648265923,0.016617337795203246,0.015250498808752067,0.008484638174276693,0.002753256790949399,0.004398356123268776,0.004452996473717885
2025-03-03,-0.017520120492527824,-0.02188250255564972,-0.02734684935678755,0.011032152043539467,-0.0087941652032143,0.004666861963857016,0.013180390342641513,-0.025259259439575188,-0.030417318567861007,-0.008432468187572706,-0.03494519480156877,0.004364636679435208,-0.014230104924192966,0.005295991255017896,-0.018429464023140496,0.001388749982429438,0.004685812836195069,-0.002081339429191753,0.0031593730346455295,0.0021630402467729404
2025-03-04,-0.011836732387675464,-0.0030178057224873323,-0.011303733921380843,-0.0002426265565618202,0.008405212093382852,-0.0123149751595244,0.008697635934455272,-0.00013641757054150272,-0.0007774024498042875,-0.03517588662163573,-0.009678799790006076,-0.00929267664692679,-0.019495492807182324,-0.017001828853026035,-0.017643112490512758,-0.016261276718301576,-0.011553916591785174,-0.0001257865868588004,-0.0032862272219006394,-0.0025213235280860946
2025-03-05,0.010747773049082143,0.013036065730156476,0.009931166171283756,0.02389044908682414,0.029868072352804642,-0.00798412779191815,0.0020813110966888537,-0.025780922828947506,0.014050464406590413,0.005809357730026887,-0.014602771985191554,0.01005449650823076,0.015785238215649366,0.0041412325827692165,0.015222851404161908,-0.007047715151381362,0.011152791529867256,0.0005027889006088415,-0.003205809047163055,-0.003437493299143224
2025-03-06,-0.017751047919802754,-0.027509446515196267,-0.015301966470583683,-0.010304456951924057,-0.006294890904832151,-0.0033079745434261287,-0.005081207410422395,-0.0040605001814945085,-0.027756633974889477,-0.016530590793958022,0.0030339941888943844,-0.0027389750478112873,-0.008591789637968805,0.0018196704456467927,-0.0253535645364793,-0.020776920850219205,-0.02566545991343827,-0.0037677601350413203,-0.003124195715666689,-0.0010143354017400075
2025-03-07,0.005604785572778992,0.0073536536370382155,0.0032638162963631867,0.010411744323095773,0.004977349112249341,-0.00320776598522976,0.0005219558189655249,0.013496402664721296,0.014483472204985137,-0.0052653244648175335,0.017100719818125665,6.676685204820565e-05,0.01168052390635288,0.0032690318622270453,-0.0018443237159030401,0.018581944416437457,0.005986823732762048,0.0016387865065048413,-0.0015669178067114764,-0.0012187024614851438
2025-03-10,-0.02663562879515402,-0.038756539031677306,-0.025151641304547057,-0.023569845634705433,-0.023863231596198076,0.01043162972532663,-0.008755937163287819,-0.016645817855472256,-0.042509479874828116,-0.022394095852019458,0.007434532276313632,-0.010785180517511761,-0.015642644314999177,-0.0021723819601283667,-0.03568827303025035,0.010997598010081822,-0.00963005775246295,-0.0037761381488568,0.003415822976953642,0.004778882789593819
2025-03-11,-0.008312773804027063,-0.002390243867504971,-9.973947800734351e-05,-0.0033964728172145575,0.008302655297339978,-0.007139068742405885,0.011727541035094546,0.00789952833143226,-0.004062144731708628,-0.008538046453684278,-0.007947194218151044,-0.010902449492992461,-0.015361289486780727,-0.014634726551339239,-0.009781639175343915,-0.00934217639502899,-0.011690247987430902,-0.00353737392923259,-0.006532339209272431,-0.0035417675879790833
2025-03-12,0.005306679219788446,0.01128078456069126,0.0017434868808996473,0.007181111741616064,0.005489376184714345,-0.005973409587286649,0.004346793335703092,0.01889441793109614,0.01573900258821781,0.0014701561508454475,0.004577777777777792,-0.009995988818630175,-7.674921251177302e-05,-0.02172576255161418,0.0058048901156395605,-0.003100442583288898,-0.0030951527094057463,0.0011410342051296762,-0.002963570420993711,-0.0029450875843366475
2025-03-13,-0.013330686000658343,-0.01799061091761056,-0.014917832568940192,-0.006646435180280963,-0.004094577915882636,0.00879165999285103,0.017756144523255468,-0.016208794721297548,-0.01899088200061383,-0.00545297442844106,-0.006835421634149741,-0.005325129809823137,-0.0102222698371498,-0.0046422226857573134,-0.024958308477050273,0.0024620945711317788,-0.019738432379381332,-0.005572514511701376,0.0031579957597114294,0.0030556728547097567
2025-03-14,0.020655733597489956,0.02417051804002801,0.02417972364685772,0.018369718153061543,0.018273292898240312,-0.00529490208999206,0.00039975774946587883,0.009215247241055824,0.030241663501861193,0.023197002794399735,0.029593940581731815,0.007648148866652438,0.018248254720065082,0.0022689467780874217,0.021287649212231363,0.019519245545934982,0.020022690242033514,0.004584801830210816,-0.00046284634162563343,-0.0020311844909789434
2025-03-17,0.007711467404735828,0.006483817341284004,0.012617633738089218,0.011229275938872796,0.01704790506513776,0.004990490885440568,0.0054135329342379634,0.005949091206943313,0.006964619207197709,0.011747717227871268,0.01593147167720943,0.012695827810252469,0.013803337399852955,0.014589223073282032,0.0015758898924094211,0.004183925320523585,0.017078766596128725,0.0024089105495106455,0.002037892670276431,0.0013230893814595301
2025-03-18,-0.010808443576004967,-0.017047384445906477,-0.008683453204226588,-0.00011806119059354359,-0.005072808152870922,0.000992924957689434,0.011671955843306048,-0.006876633286972189,-0.015225328553848061,-0.0012222222576682151,0.0016447774480503607,0.0004766140991661061,-0.007973748766746613,-0.011404460594791499,-0.01781618406951868,-0.006944289908855206,-0.005233694224102581,-0.0017705819164355319,0.0024038377644703957,0.0010160669036911596
2025-03-19,0.010890711945239495,0.013381238637212745,0.015550471259339727,0.0029536802168865783,0.002438514584121032,0.005181495947440995,0.004107707999658539,0.0029081718201795503,0.013009701093702697,0.011013620918621347,0.016312667440492534,0.0005449011384472957,0.013269660527565952,0.0,0.019173071216070925,0.0036871540587468665,0.0012056035401317722,0.006588066459073172,0.0059023147718553215,0.002943726857519202
2025-03-20,-0.0028916373947500684,-0.0033894239476881527,-0.006347851761231205,-0.00836384632158138,-0.009287861437533018,0.0006579144784848445,-0.0012805854303336028,0.018088997805995932,-0.007119390485586741,0.00141210519855961,0.0036626102459889065,0.0006126531820196401,-0.005013721518514758,-0.004890245453898934,-0.0023832433390472696,0.004053868366288738,-0.0006566720965249795,-0.0013847209533892624,-0.0014667887912175326,0.0006072338053302317
2025-03-21,0.00032983072981296324,0.003296726443179132,-0.00619338478323872,-0.0061771776937697975,-0.004910688340514113,-0.005918235035911934,-0.008049901213267985,0.0008137468582944951,0.0027182431661001427,-0.0036260411509728696,-0.006976420664703387,-0.002788827154949325,-0.0053401285955689826,-0.0003778974486586817,0.0036088695997427145,-0.0064345711795251725,-0.011065160018797315,-0.0015126130213224398,-0.0013773887756114434,-0.0012137305924141417
2025-03-24,0.0179086231153478,0.021944255465709883,0.02487871651369855,-0.00011955422585330222,0.004486188806999802,-0.010253673399787888,-0.004452548665506595,0.014771599462892304,0.018938598454698585,0.017633538829849194,0.01139390709673016,0.007634883532158243,0.018544390384688914,0.0061839902245262035,0.03748937730517876,-0.0003198345649608747,0.015398393037550084,0.0029036461786673406,-0.0043213785430715745,-0.0038484800178684164
2025-03-25,0.0024038461538462563,0.005706583417969924,-0.005554006962435132,0.005499096374818713,-0.0029030387852050366,-0.00011142032812327951,0.004400365088198743,-0.0008012494764215727,0.003308417479764403,0.0055831135705768364,0.004092587037611839,-0.012775882212785028,0.0014894785609655958,-0.009068148076087357,0.007978948590726453,-0.015990637164903232,-0.011220362190832334,-0.0005036115161836108,0.0010156712111171196,0.0009151317535269765
2025-03-26,-0.011938329377862766,-0.018400602488234608,-0.010158989438465937,-0.012959209811542305,-0.0060469968801496465,-0.006573071679637388,-0.0008259812019960622,0.008019225829569265,-0.02230368774499014,-0.0029743144267515564,0.005899362457746804,-0.003648475669732476,-0.006617558930266054,0.015505868571747738,-0.01306340671123063,0.006630230886908839,0.0039014564393602402,-0.004029657214554838,-0.004059092636269135,-0.002437817495085759
2025-03-27,-0.002655674108104966,-0.005698091916713555,-0.004766568428099971,0.002168082209794253,0.004957161842781943,-0.0029158699852709358,0.013405732882559862,0.0007956137555700238,-0.00922796220476163,-0.001988791575977311,-0.009703569809425994,0.001589172035851849,-0.005314328523840395,0.011389147369472274,0.0006397058538556433,-0.0002583750500312343,-0.002553666112122044,-0.001896504553399625,-0.0012040287033023844,-0.0005090267015616101
2025-03-28,-0.02013843519279468,-0.026327755065839842,-0.020331492784162464,-0.008894190622960929,-0.018609860100920583,0.013834222799075535,0.007412123023167849,-0.009406553819422458,-0.02425424680041366,-0.01933051400852015,-0.004737733150738999,-0.003104170755531488,-0.020618710450251432,-0.004949652846751085,-0.031077970146551448,0.007363485427631877,-0.0013360399194494166,-0.0017736039046007956,0.006028009546726887,0.005806786914000384
2025-03-31,0.006713055887602737,-4.266189797086373e-05,-0.00478927351201941,-0.008852713107359689,-0.0015991830385393424,0.009873615791242019,0.014363222998346137,0.034238401804524754,0.0004846166631511384,0.01219276508647682,0.011035346045843886,0.010309856975668996,0.007068913471423244,0.015669659123937585,0.0021316988088366795,0.011156625272083609,0.009251955857097593,0.001142154222688152,0.0019357914586417557,0.0019243111945363989
2025-04-01,0.0028243571101911336,0.008061083434307337,0.00010031010663569262,0.0014682343678809051,0.003203578906900928,0.00866561108103947,-0.0019782303576065807,-0.0032328978931900343,0.007313034686275088,-0.001204659719654666,0.005885474138942914,-0.018286344897407658,0.005645795864975822,0.001469171767187305,0.01043254557522122,0.0025364131454035377,0.00044194357458438027,0.0023184150487101096,0.0035742347036240574,0.003701990161651958
2025-04-02,0.006328306068178913,0.007298397399015943,0.015788672232503353,0.0023212716908809217,0.0013685652441399743,-0.0006561027638574135,0.0020516615880092903,0.008562480760722302,0.007404083746300527,0.0082411949344523,0.00138295564458768,0.006697456884718456,0.009407384983538991,-0.0029342272557066895,0.018995503660049096,0.004680623472651524,0.006071923261084855,0.002032839628082428,0.0023008299193809645,-0.0011116160935361608
2025-04-03,-0.04928073526793275,-0.053533489095517584,-0.06419629446464226,-0.02096527134650039,-0.021184396098541614,0.0045938598314332335,-0.006038278082531101,-0.07061998989748008,-0.06824800164386324,-0.0492424760889163,-0.0785083892552032,-0.008108014254895268,-0.05411500424148952,0.005763137785006922,-0.06040045717397147,-0.0062956232617951136,-0.03412724226924668,-0.012428167484452857,-9.187897917051213e-05,0.005260693349633083
2025-04-04,-0.058543043984177645,-0.062108898674761215,-0.04460844766613481,-0.06598623920831226,-0.055620290956534535,0.010887152280521173,-0.02339226273628292,-0.059930821191068295,-0.06587093243373776,-0.07318092848357205,-0.09199901766365837,-0.0548454087824074,-0.06285250687474864,-0.04340390611223821,-0.04313456764981405,-0.055625904185401365,-0.043399144804862844,-0.014254668534454895,-0.0011018232746634604,0.0009055438683431838
2025-04-07,-0.0017811294100512631,0.0024132115242319063,-0.009051141348213942,-0.024126794446520883,-0.037210469911980404,-0.030156156059533923,-0.02148580630415131,-0.02856293969835133,0.005976941263912794,-0.0024887404770308486,-0.0064753997311337574,-0.0059873432945285465,-0.004663506656772176,-0.011598276843645783,-0.01181672704905845,-0.015296051613421069,-0.026246996197660355,-0.00859832378753822,-0.019488844519501836,-0.01266834310805065
2025-04-08,-0.015662774064562512,-0.01800840527155101,-0.026343741728651948,-0.0034148272844524152,-0.014077274287979558,-0.01887830068191354,0.005443793790763651,-0.04001217141599733,-0.020331508333487736,-0.003855718839980593,-0.02313104977936664,-0.011080857244135878,-0.00826299968372779,-0.015473885832263168,-0.02375019248328103,-0.004087672793677721,-0.026832388762021653,-0.004598996089090979,-0.012657115966830723,-0.005193571020716603
2025-04-09,0.1050192758263111,0.1200306910985105,0.08500177993448599,0.07716543021996825,0.06931466469102965,0.005885759883133002,0.03699125081478161,0.06694034840941754,0.13425682562967145,0.07536442655393039,0.07744635442194525,0.04346541528750514,0.08881638722944785,0.03876887823361086,0.10888056736167484,0.0394033990330549,0.059656492750761236,0.0267982762992911,0.01671270160664262,0.0022521349848325656
2025-04-10,-0.0438190778591766,-0.04253214619402679,-0.042017952148849735,-0.01972249272402915,-0.017237194187962435,-0.027568447415727282,0.0244235794430141,-0.03344187740450666,-0.04655147682823835,-0.02794851400428,-0.06532285813259808,-0.02789006073944289,-0.02579682898725355,0.0005042964898640534,-0.03907135206124268,-0.007502850674895312,-0.022826810673661768,-0.016327899732113016,-0.016998496961663556,-0.007864429055851607
2025-04-11,0.017842847815596086,0.018423024834462343,0.014583533793692594,0.02505200912668215,0.03137355186566282,0.005438597104332699,0.019086664805096243,0.017452532072482096,0.020476466557739936,0.016554270983560437,0.024811588939752216,0.014678753599745242,0.01765328475950656,0.01260235949482813,0.009685897913246366,0.012201548416636676,0.012224662491081117,0.003006198031049623,-0.000189992697786745,-0.00102947103681994
2025-04-14,0.009701543182761618,0.006778197691267085,0.011770409212930266,0.010763497928955035,0.00910188524203126,0.007135332521563509,-0.005705977012200658,0.0030093978391800835,0.009125257788842767,0.010285014461107522,0.0035491084905245884,0.012201341876457938,0.010424175046830575,0.017050549637918078,0.002899124564345712,0.017950839919661288,0.02068640071704264,0.004951748216678098,0.006177023715454588,0.005873873473847491
2025-04-15,-0.0028009566779919615,0.0011148278008872303,0.001233008940686009,0.009020305971352949,-0.0009496574363406785,0.003542483404082253,0.005232379352138938,-0.0027002744567519166,0.00364705216021588,0.0025449947223687985,-0.001515537662153954,-0.006135470677136379,-0.0049614438401404115,-0.008443517005038426,-0.007200236493276169,-0.00012870398973152675,0.0030459634081541065,0.002723182175173422,0.005383653552300194,0.0020490281471281513
2025-04-16,-0.022227992908980143,-0.03015352407536631,-0.009584428807681844,-0.0038490553175000164,-0.011641655993702482,0.005579799365907023,0.0325408102664011,0.01910343831133332,-0.03474533158181192,-0.015654720401847788,0.0082225056246501,-0.010167792169213485,-0.01369207192060784,-0.01073682595966019,-0.024669158360452914,-0.009011360587547368,-0.0007008671085629858,-0.00012937446744798464,0.0042271822054382735,0.0031695240770301947
2025-04-17,0.0014268369522441038,-0.0001800216634831875,0.00816335218333375,0.010843890873930562,0.0076922590395254176,-0.008832776197330916,-0.004390692094044635,0.025535104899388816,-0.0054148328342897845,0.0025789062221635017,0.022584693225242702,-0.0058696698223117405,0.005456540604895643,0.02133247653809245,0.006296036344649147,0.010262323090609371,0.014960242662173995,0.0058198031896170566,-0.0014031804352535593,-0.0025479306390331358
2025-04-21,-0.02380264248806041,-0.024746848257869547,-0.020055609172795474,-0.005425445213336766,-0.0002385100634196835,-0.017479805958151573,0.03093558529908469,-0.012377670823266351,-0.02582188307504618,-0.02143605075005728,-0.026134932510250564,-0.021551420756318218,-0.022426242385555906,-0.00952740369780325,-0.026698925202325308,-0.023659630755024197,-0.020842913415945352,-0.005914664477565612,-0.010772756315238996,-0.006028383760893874
2025-04-22,0.026017645667434586,0.026252143527356164,0.025883702101834105,0.02070425703003087,0.015032248706341012,0.005581521516292209,-0.014195668551963636,0.010929757650546934,0.024377148285060324,0.03307766079926422,0.025450530141893912,0.018782314567594938,0.01747076113836843,0.014181763017540261,0.03164308004525096,0.027262200480841825,0.01940492524565518,0.0038805141277156174,0.0024620279300275882,0.0018501643309265514
2025-04-23,0.01549547679367791,0.022678204336561425,0.014829072761277429,0.004008340968431057,0.011518598555584791,0.009713234473100574,-0.023978630729734163,-0.019028393290488332,0.0289930791998112,0.011874427443819613,-0.0018431659205159212,0.004960807568040293,0.012517134511614403,-0.0057150747525400725,0.022346397913569627,0.004230861486045567,0.0018458442104134498,0.005025039329731529,0.004439872247582022,0.002462551671243318
2025-04-24,0.021048917134121048,0.028137007881574805,0.020026198528072303,0.013307438309628106,0.011619788750030224,0.010536064042727666,0.014556277018207942,0.0060249230613995675,0.03731570793822403,0.011106533322215784,0.0160019979050674,0.012230101453726272,0.022426484196960805,-0.008805029368400774,0.019913821435092238,0.0015317271541315236,0.003685165556376324,0.008974257654140061,0.010251042438168545,0.005527130416054238
2025-04-25,0.007225320685248393,0.011147979671981112,0.00030919090945169536,0.004298046855495841,-0.0018378689597267073,0.007366209254105582,-0.010841679678267213,0.008326025452043861,0.014798244556545326,-0.00476681494781328,-0.0018172927277649853,0.004803960700275667,-7.758819738945544e-05,-0.0025911838763024164,0.017979492313138,-0.0030591747001689207,-0.001721023905034036,0.0008893272369643324,0.005306319857925734,0.003664581889006202
2025-04-28,0.00038131807369912174,-0.000317415642289709,0.004224249747118325,0.0066570891051978,0.0018412529413545098,0.006299863628145053,0.01424210344049559,-0.01839774975408659,-0.0016308236441536783,0.0031235870096604224,0.007039735802195635,0.003984141926378637,0.0033332981910245696,-0.00333989627801512,0.0003542110749423788,0.006137327352705668,0.0062062003742626715,0.0005079318480882833,0.0023149532550381657,0.002738421856774309
2025-04-29,0.006299487545710525,0.006604419742795464,0.005899234503715434,0.0020075613911572088,0.00275680343958995,0.008384584169466303,-0.009738925467677184,-0.0281877745261776,0.0046604874196254364,0.010379940230008211,-0.0028925412418628893,0.004906183712148016,0.006489595457805475,0.008315879747050836,0.0070825725088430325,0.007752082956567596,0.005368083735541651,0.002664892045024514,0.0023096821528412192,0.0024272685724753273
2025-04-30,0.0003968080292005016,-0.00012621204437723854,-0.0062725979881491645,-0.0011785858389004034,0.002519987386568001,-0.008092978396493145,-0.007482221012837353,-0.034775962853363485,0.004160776034753955,0.0018491546355263733,-0.026955207255947133,0.008543931643150371,0.007214996540509944,0.0072624685174018655,-0.009092373249140806,-0.00504433997609588,0.003522136194034964,-0.0053154077036410285,-0.004700878949748466,-0.0009080829928362899
2025-05-01,0.007086787382727833,0.013060749847175535,0.006209577846070458,-0.0031857851186753994,-0.00022857101832562954,-0.005070551544160362,-0.02077228754256477,0.015103764144643206,0.014668673185067593,-0.0002051268430315334,0.0037266914537932294,-0.027265722489753674,0.007544631667030677,-0.008676695846010163,0.0055258065791539135,0.0029150974098641758,0.0032830453940313475,0.0012919176403034527,-0.0035147334433970334,-0.0027254163478357407
2025-05-02,0.014844223315300997,0.014843803930590704,0.022491888777131708,0.01917608574977936,0.028571446523786292,-0.01082439079676456,0.0017481999132260562,-0.007904441000784579,0.016709760463374135,0.02071798082406695,0.014603974498388794,0.01383202915181192,0.01792590965749752,0.005424173927797371,0.015527990934342428,0.00783523941701847,0.012299757644685716,0.0030651658125679937,-0.002425980065935307,-0.004876752484245239
2025-05-05,-0.005734113062648261,-0.005932389058855181,-0.007681484068412514,0.001742212741637994,0.007555523867428526,-0.005585348240696897,0.029867754776654154,-0.02562104592428127,-0.005309105447475093,-0.006430811954783122,-0.01805318109169074,-0.0028152045688945027,0.0005202172068541344,-0.0008583920144794588,-0.010624013283217604,-0.0025077890879755538,-0.002229442242626112,-0.0003821991434813654,-0.0014029958351869931,-0.0017355324491901136
2025-05-06,-0.008358599694513358,-0.00930176229005375,-0.010907774581644714,-0.001275419271749012,-0.0039699522211248395,0.003324148631458357,0.02802400275899264,0.03575436236052765,-0.008307796848208815,-0.00566344963559362,0.0002484659186920979,-0.027580741532895248,-0.008763364904935456,-0.0017178688985960422,-0.00873105189080825,0.012193485434914608,-0.00770870335875995,-0.0007642683033549647,0.0019668470194502685,0.002454544606388165
2025-05-07,0.0042055333826633845,0.003925875136615575,0.003303291711994394,-0.0033666952505255754,-0.011514617322066711,0.004227385568429165,-0.014993060801348546,-0.01687306777607045,0.010015395175842379,0.005899085416004812,0.00037255675595004867,0.007667639265643178,0.005094616977273869,0.0015980345708439536,0.0077955550107446925,0.002856447931816719,0.0011258455997458228,0.0008921522610751964,0.0020566900162652946,0.001530364991350286
2025-05-08,0.0069678158690302805,0.01032498861656328,0.019045668903589608,-0.003494292123232934,-0.0006720194805595048,-0.011149274787350949,-0.0196942722998793,0.03290820670482164,0.009545443011593324,0.008291192244146428,0.013159529017999105,-0.009013015252136491,0.013790432013685905,-0.0012273111051270824,0.011803640152576511,-0.008049431421232156,-0.003935937459290995,-0.00025468851689380845,-0.005037622262954122,-0.00519492844195979
2025-05-09,-0.0012742010630860667,-0.000655414730128201,-0.0018391077361177288,0.004909313151237438,0.00672497803838179,0.0014958022662989734,0.007254674259445482,0.015396374386028588,-0.0012392898296688104,0.0,0.010047763021428402,-0.010884101525800771,0.0008089814080574076,-0.0057752746997893345,0.004815433553088999,0.0017478413166647222,0.006661310155485767,0.0006371474376063446,-0.00037525297127438684,0.0010238937756086308
2025-05-12,0.033047474409526156,0.04074020380178256,0.035157484417514206,0.005118106560147551,0.021598666105164144,-0.009305022273663477,-0.028190568373488878,0.0148626010313484,0.04641534930501501,0.020256749426732945,0.026082718033663355,0.02472105577468242,0.030784052536946938,0.0014830701162156235,0.04970105856984386,-0.005981958853846336,0.004935083418391217,0.00992979487103729,-0.00018765873087400742,-0.003375492512228573
2025-05-13,0.0066039759021399025,0.015240777588025889,0.003656253010650312,0.0012728718877019762,0.0017436467012799106,-0.004058354834837186,0.004258992599597278,0.029437838885918666,0.021607458856615303,0.004128222274026649,0.014069495601673143,-0.030082296744179837,0.006984892821863431,-0.013451826780515486,0.013225474315217145,-0.001379300302797759,-0.012723429618746618,0.001764824979048285,0.0008445082025008155,-0.0010265593755098834
2025-05-14,0.0012779785798229248,0.005993015658443124,-0.008867396343039458,-0.00485427435181085,0.0076154217973527505,-0.006636518120326729,-0.021037827999516923,-0.012357997215309169,0.00649125391730121,-0.0027409606948481935,-0.006062810899515991,-0.023507969619392166,-0.00481320565746135,-0.00537908476330573,0.0038553987994043304,-0.004394090757878333,-0.009834846090594596,-0.0036490972366413077,-0.005061857736441744,-0.0028768057278982795
2025-05-15,0.004884375826294196,0.0010989402940311255,0.006528737810339136,0.010917474942930827,-0.0004318852950646601,0.008790439122572602,0.015963953531585195,-0.01658674470191135,0.0013668119479230967,0.006674695711725631,0.004222911872883817,0.013124191666741059,0.011095490804742258,0.020500715263257252,-0.0022210857936550976,0.021311375921043263,0.018266947196133865,0.0018942938401642628,0.0071604600345096525,0.005667228193195761
2025-05-16,0.0063340096153452485,0.004352584948024596,0.008264084900390989,0.0022977712310741083,-0.0006480654326360691,0.0026723943824065177,-0.012087047232674286,0.007545526910238465,0.001876702779395334,0.0060451479371324,-0.0015183957659002933,0.020159279819955023,0.011395466240638807,0.011461506631637475,0.009460555865761,0.01469309669901575,0.012445422138933626,0.0011343437886999208,0.0018708105566089817,0.0006148297803263425
2025-05-19,0.0010938207948751888,0.0009586232783760362,-0.004193532708949399,0.009514050889254833,0.002161675573617794,-0.002897091844869748,0.012880671121226372,0.006020611913305496,-0.0014474570093219175,0.0005814722378008064,-0.012985491750085454,0.009617491147992485,0.0034080792148141192,0.0029244100708076814,-0.0023428844489901124,0.0042589108846200485,0.0002214249612528807,-0.0005033960449600805,9.336205661103492e-05,-0.00030726733117536487
2025-05-20,-0.0033621577891223,-0.0033331296414234046,0.000526343429296583,0.004768931670712018,-0.001078506405855384,-0.007205035699592854,0.0186222454642182,0.0021894835965794446,-0.003751936467471517,-0.005424273020986359,-0.00924512124511212,0.002456023772678506,-0.0036044484673444233,0.00352325383251495,-0.005203488421710256,0.0029080358598960743,-0.00586802651256213,-0.0005040672000508062,-0.0024275669679085787,-0.001741303261879934
2025-05-21,-0.016850859230970072,-0.01389666281153612,-0.02807539120638558,-0.005876402154184945,-0.0025913117703879607,-0.017090069328034918,0.007378683875855163,-0.015584143127700512,-0.018787148846060364,-0.020451770892449095,-0.018423119271378963,-0.023162471875785462,-0.016904244281511716,-0.011622293406891915,-0.020275054784548163,-0.01824325590581266,-0.02661772383090033,-0.006679960640367022,-0.01113699562351067,-0.006566832195966543
2025-05-22,0.0003947301607376552,0.0018712691421729488,-4.9198765683100554e-05,-0.0005683927288070434,-0.0032474276107015143,0.005240300620687144,-0.008861493387459118,-0.006657744823547529,0.00026171508787142805,-0.0011931617296516706,-0.003900062941253668,-0.0078279506267811,-0.0002122855709497662,-0.004164524006216808,0.004299577434059287,-0.014275128017628314,-0.004576641497124112,0.0020302206963258573,0.005110723085860025,0.002892042771614811
2025-05-23,-0.00682577549886576,-0.009260787172290508,-0.003149486171796778,0.0013649548793392974,0.004126929238981836,0.0016583041710609425,0.021906288045034472,0.012660090584572625,-0.011031614033621517,-0.003583528211576925,0.0031811531416572336,-0.0016087926138876885,-0.0032558099110444605,0.003689987125951477,-0.008985712939483359,0.011984828737371389,0.0010345321256555184,-0.000253132222650998,0.0007532261294636022,0.0014417683474603482
2025-05-27,0.020790775245941306,0.02352521872984803,0.025375125725504155,0.014538882516131668,-0.0023795220432832886,0.013956441068091241,-0.016949152542372836,-0.010442699026043112,0.023764207238981205,0.01758247856456374,0.00865951545403032,0.013963574589554772,0.017609817568493114,0.009068492590381672,0.029527728778367734,0.007525529805659348,0.017453196871730636,0.006079650815828508,0.00903275324024988,0.004524724589561879
2025-05-28,-0.005785542682350209,-0.004432002109342914,-0.010544071019790047,-0.011531613078675784,-0.004553350192862848,-0.004316048018571772,-0.0022660178699712707,0.00906659663227094,-0.0041341870178565054,-0.006675852324101839,-0.012696438230723861,-0.005145375276131792,-0.00495403896156299,-0.0068010232852699914,-0.009176017120190672,-0.01395869633122182,-0.0010157351494738398,-0.0006294786971073885,-0.002424548531098858,-0.0018424831843345535
2025-05-29,0.003947215064470377,0.0019658214514861605,0.0029681403661205863,0.004417194290632809,0.003702967121090639,0.0092550654577086,0.0059247154716217665,-0.010310752018491298,0.0016865626378015364,0.005139296130021398,0.007471035921632563,0.006693117729461129,0.0009115015096130552,0.004035152841398215,0.0004186577165192773,0.006953737892176903,0.009037379762634412,0.0015117839802682997,0.004486863081413217,0.003692099594117426
2025-05-30,-0.0011184443738493366,-0.001577302728403951,-0.005093991700746758,0.0014659530038729773,-0.012152806629330493,0.0015089823389122792,-0.006576942326457891,-0.0005953402898329907,-0.003108452436553777,0.00216327108005987,-0.008874338478727761,0.002115447773130663,0.0006304564596248952,0.00876895677422862,-0.005442571662346851,0.0102357098286181,0.0,0.0008807860418607039,0.0028848314106555417,0.002452537917651876
2025-06-02,0.005633013408462562,0.007898262320721994,0.0031207662778256484,0.010697045161365049,0.007249479459405572,-0.00930681312296655,0.026581051258171673,0.03574090054121548,0.00883456664425486,0.0003924660301015681,0.01312396418598416,0.0006031546083951067,-0.0012603361440570726,0.0006036538519103019,0.0023387733030366675,0.003173806314791916,0.0013435785224811259,-0.00017727288682023445,-0.0028311244930915302,-0.002628408870770871
2025-06-03,0.005702585572020968,0.007816985921343278,0.01613932606214341,-0.007575681695988323,0.0023991580206701446,-0.0017612898517755937,-0.008855551213511115,0.004888516505708873,0.015024654141092109,0.001961636823556212,0.011864527925371293,0.002335888991117363,0.007711918940286777,-0.0009654360656768946,0.005319560255258704,0.002677173509552988,-0.002012437982244375,0.0018945101811951304,0.00046696801750223393,-0.0007178502711204793
2025-06-04,-0.00026834647256068767,0.0027879935957388913,-0.002822574037138814,0.004490300437414607,0.012402168027515481,0.016233276372295213,0.006441974072654677,-0.007869552962670001,0.0014803231196351962,-0.00567734972599554,-0.019502451564128,0.001954240497061166,0.0005566001345487237,-0.0070047118768183925,-0.002645849505938158,-0.017475933039107328,0.002800739207048153,0.0018910317763418671,0.007281543287906089,0.00595178575453903
2025-06-05,-0.004832886576524031,-0.007526844350019712,0.00043182750933845604,-0.0006705790205383533,0.005157866343295403,0.0006944101855830276,-0.00504987891618125,0.008508854895378004,-0.0028294706405881387,-0.0027565341341337923,-0.0009760838999897103,-0.001350333071976073,-0.0006954982296408785,-0.009608628290144527,-0.025224353519160414,-0.0016055729820415587,-0.0007820528255401138,-0.0021390273325578857,-0.0030584467995442566,-0.002550213824294656
2025-06-06,0.010269106845499198,0.009774956865717499,0.01616071172394351,0.0035785819393285845,0.003207239997726097,-0.0127238935714159,-0.013416073696802311,0.02073497700435256,0.009443977694772565,0.012438383211197834,0.018810360769125234,0.009540990626411672,0.008419168444476988,0.0031932226116582196,0.012986360855516077,0.0044537459353271025,0.004807721379233909,-0.00012605203265658727,-0.006042594096611342,-0.005113468085591433
2025-06-09,0.000901188259490926,0.0014721787445133305,0.006889907269704398,-0.00011136483011009446,0.00852515782384966,0.0010543073667661496,0.004718534884218695,0.009386464333434263,0.004908486898461684,-0.005460312755979468,0.0019180925782644742,-0.001711688857405469,-0.0008969549649884279,-0.0013466299134530235,0.00801235052363003,-0.006404783576101303,0.0013352659030338998,0.0005041676786599059,0.002993000827426817,0.0012334473671085089
2025-06-10,0.005669725381956647,0.006613849754383727,0.005390009423235753,0.0013373319400293848,0.005705881928228518,0.005149721632055071,0.000293510988597534,-0.006245726003834551,0.005594316676700739,0.0011765511264700823,0.01782932415312688,0.011405183722361878,-0.004350964880217245,0.0022063350942778115,0.01196986015786261,0.0023553381501770776,0.008556426316682186,0.002394811280346021,0.0024245659289405808,0.002258644540652055
2025-06-11,-0.0028521635422879,-0.0033695302515637238,-0.004102288703083712,-0.0016694993449580808,0.00420252631839535,0.0030278300347001963,0.005412290790508978,0.04497208504643968,-0.0022004613452375477,-0.001175168480670341,0.014460486535295747,0.0005158921916890158,0.0004855052478340838,-0.00342458596907258,-0.007900812587524841,0.0006184884465039175,-0.00539888494966656,-0.0002513030055653065,0.003162650477389839,0.0033805791239573946
2025-06-12,0.003974342743545911,0.0023479557523646832,-0.003978934769529596,0.007692342799746843,0.0016739591661116826,0.011956995825492145,0.0124202002480438,0.0030740892524956376,0.009278677914960953,0.0,0.003476540494101288,0.007808564493242631,-0.0026342285694395118,0.005890976269221859,-0.004703824758036879,0.012112108155894585,0.0048743999216662726,0.001131822107027336,0.00556383111813985,0.003675195461941172
2025-06-13,-0.011180074561920939,-0.012554867295774819,-0.01828170664519735,-0.012833238325263618,-0.015876241332453467,-0.009636054216584755,0.013100564311248064,0.06888738119543913,-0.014016608128586405,-0.02039215056366528,0.017438482414188217,-0.00497026130040823,-0.008411081960290834,-0.012201039955453519,-0.009218113110247117,-0.0057396171911282545,-0.009701065858059077,-0.00301526367132654,-0.005994039850141908,-0.0035599183348480334
2025-06-16,0.009514273488879121,0.013910004680561805,0.011789903499646925,0.0037509201876693155,0.012259301843742687,-0.010077726803757514,-0.01425909653729851,-0.020319182971937244,0.01618101122734128,0.01140912745812872,-0.0029511427754326247,-0.0030852353640833385,0.006870043430983408,0.003211465239113309,0.0107679699447083,-0.004912802518137416,0.0007790870393884486,0.0020160820925927414,-0.0017628211520775983,-0.00204169439606805
2025-06-17,-0.008545079722505178,-0.009751158918571257,-0.010532790413905868,-0.01226711684573989,-0.013127197617905262,0.012169132684067607,0.0005131941200071655,0.04720711142314271,-0.007077060836849891,-0.005739068768542022,0.009335222781939878,-0.01650616585505671,-0.007519369844772861,-0.008495496982513062,-0.01724137308953666,-0.008269337805959398,-0.0035594608281523943,-0.0011315764387715976,0.0034386030255815214,0.0030688071604842992
2025-06-18,-0.0001506719699877479,-0.00017030172563503587,0.005274463398098339,0.0017249260985765513,-0.00021462208946954053,0.0017342865118126216,-0.005385627565021256,-0.00036459790496645716,0.0012017916090545366,-0.00039809050110406474,-0.006541798055448966,-0.0017228902601617024,-0.0023848893688739325,-0.0012416908942601834,0.0004753687540572926,0.0026135056834022397,0.0034604383462200072,0.0015108585755787551,0.0007410111262873276,0.0007136509436982408
2025-06-20,-0.0023485936531058016,-0.004083173914533722,-0.002098730505823876,-0.00895417043033131,-0.00579387032256895,-0.0018464847174332055,-0.00041901914110908933,0.010331908814867674,-0.0044286984139272345,0.002787743281848609,0.010217937559222179,-0.004803389626930166,0.0011249581228545136,0.007335607837782643,0.0011880039998899417,0.002730910656061347,-0.0006672150461931592,0.00314251932228915,0.0008329639280217904,0.0009171545789630198
2025-06-23,0.009877550026144766,0.010282393968390258,0.012236584206755774,0.007529257137425471,0.008201906250616453,0.0032373961884197833,0.0030631724583116693,-0.08072664656821826,0.011401668395839337,0.012592582207097358,-0.025288351278149546,0.001439552040692016,0.013541102449515341,0.01158225494104026,0.019820824037599216,0.012677143426599313,0.015028292451482184,0.0018796875904441013,0.002496962069492792,0.002036453984561648
2025-06-24,0.011047197962439359,0.015292076160373202,0.012749603798859477,0.01218664434061778,0.025904518606627347,0.0072606825579459855,-0.015719378751237634,-0.04462771232401275,0.017951255166500868,0.014954663712840377,-0.013018676603040014,0.012257989349656384,0.008341285956061428,-0.0008600369806205377,0.0055504085013537985,0.004308141409024024,0.002632074946366636,0.002751977913195258,0.004704154326075294,0.004064058237139401
2025-06-25,0.0005603485498484329,0.0025564690541224344,-0.011656542664487124,-0.0054520519314399385,0.000834776234111434,0.0012583733184066137,0.003037305817845004,0.004246541898544454,0.008534235078520469,-0.003295873724977194,-0.00435771616341285,0.0008968958828412532,-0.008823855562086536,-0.013402214924538858,-0.011781545804803506,-0.013359489833985716,-0.02406470704476016,-0.00024970833921933444,-0.0011932866694512878,-0.00010121260517903519
2025-06-26,0.00782377492146935,0.009350308950453412,0.016228627750308755,0.01119232369830514,0.006672234228144003,0.005028000514049502,-0.0011070472235482631,0.0038193805568345063,0.006897888378515793,0.0073915956150574225,0.01431276924319791,0.0023900835103443097,0.010849932387994032,-0.0008724703155991165,0.009199635541687678,0.008323069297282437,-0.0009281777353150611,0.002869738863540139,0.0036767548926268656,0.002732691218351846
2025-06-27,0.00496832451725937,0.0034235866914866797,0.0003249950934998136,0.009035468404289482,-0.003935398909566401,-0.00636740117593837,-0.018123728993798327,-0.0042124959100471315,-0.0011949248722180617,0.0028963009558753416,-0.005247713856037395,-0.002160866715395504,0.00997643252411895,0.004740065753300549,0.01665035901794587,0.001971206794327607,0.0024923521050015385,-0.0004977014913701838,-0.0016486086720575166,-0.0028262721737217777
2025-06-30,0.004781180241128613,0.006477132278666975,0.0014385094422402211,0.000559687585339752,0.0031192031041438195,0.009841082232555198,0.01198454729743359,-0.002319844047177333,0.009809726613784875,0.008278791569476418,-0.005744478557546451,0.006421350586332419,0.004973307061276744,0.005214185288325401,-0.005764169886706916,0.004057627755440496,0.006441403481069585,0.0038589532366037904,0.005504039989762566,0.0040485912391257095
2025-07-01,-0.00032361685086557124,-0.008429464418171384,0.010287906808058356,-0.0016780352599254922,0.0018656862326948964,0.002479469276422952,0.008923010663382636,0.011215971658850021,-0.008924609021893404,0.005537594354455333,0.00766417952995746,0.014244308323711596,0.0033215761366724994,0.012473793813605027,0.004279300536779385,0.0034286702695340843,0.00729844786252376,-0.0012583951391419435,0.0012086450763033607,-0.0009201590843443963
2025-07-02,0.004533304513562708,0.006965372918898538,0.013852580702020889,0.0029134244320037084,0.00434513434362227,-0.006353506178716772,0.005527596405484614,0.022453618637394035,0.010559069643184094,-0.0007596557674151017,0.01720098667057579,-0.009874881085446874,0.0010134128791070562,0.002927410107079087,0.008017910500876413,-0.008664827039929213,0.0023408753221698664,0.0018708214625586805,-0.00018274120230843405,-0.001214666704663081
2025-07-03,0.00788132829242616,0.009840271145815871,0.00927473283068414,0.00022349245084818392,0.004532264066340552,-0.006965126439239522,-0.006822911403597365,-0.0052916247633666424,0.01316932599528342,0.0108324007731182,0.0011503492651911973,0.0010342605871533905,0.00850430110158662,-0.00048639757083435153,0.005454340023526294,0.007509443940730831,0.001112099248679721,0.0006225789589775488,-0.0023784358501440783,-0.0020269878112482154
2025-07-07,-0.007451977060185855,-0.007533012185005128,-0.01501705297463729,-0.010835595670415699,-0.014150921949654949,-0.009543237405317595,0.000748780548875283,0.01715654839262193,-0.007939070167438667,-0.009588260845191598,-0.009651703545089818,-0.00841333200681127,-0.0034802341452081498,-0.0008517780398387131,-0.012702944864150245,0.0020773697396698765,-0.008553651705198173,-0.003359385159070527,-0.005959821049728586,-0.0035543520102774284
2025-07-08,-0.0005477000385931685,0.0005616266219470312,0.006917588165235911,0.00734049480907073,0.006240920756092061,-0.0012770949257873143,-0.010443411868664265,0.006276094488371298,0.005374205836101709,-0.008921718224810138,0.026917216395027532,0.004540052470252132,-0.00026851717323439495,-0.009255951957558795,-0.003388137925545043,-0.010608542935459875,-0.0014564925470518242,-0.0013733124164292398,-0.0028596942516753154,-0.00040757187786744087
2025-07-09,0.005996687665528189,0.0070788589128854,0.01084745459570624,0.007511248694673789,-0.0016538592018070508,0.010461398610138728,0.004471282664348264,-0.00038979703292285617,0.006008786954375234,0.003639055873789321,-0.0050841638248447785,0.0038528212357686886,0.006986340672830771,-0.006515073869908461,0.005926511344295671,0.009366645876995427,0.0007853677626266098,0.0027502993594676894,0.0057352677053950085,0.004180091997024293
2025-07-10,0.002820322180916879,-0.0014382246583953817,0.005141938428609993,-0.0006677169270060679,0.00269197334782878,0.0006901317657659334,0.0022257895319868215,-0.020018210183521012,-0.0032966155906068995,0.005916062263734201,0.007608419597317617,0.006125993153261122,0.0056038275367154,0.0035882735408185873,0.011052784614887567,0.008180600370471414,0.006278728548506418,-0.0009975332903450207,0.0001840807201392014,-0.0003044084252238344
2025-07-11,-0.0035155373444906157,-0.0022503590792759542,-0.013790009189947217,-0.009575773997289705,-0.0033043831976006244,-0.013794693770362798,0.009601575193336043,0.0252023019135319,-0.004397277111163889,-0.01043436316929569,0.004508140830948193,-0.008289554674088317,-0.0035824809515888623,-0.0036988289895868443,0.0002710206709477525,-0.0014533861620530386,0.00011150963832484706,-0.0012478031022234992,-0.006069531796284555,-0.004164284951461927
2025-07-14,0.001908260069777068,0.003626862935266484,0.006720787343029722,0.0,0.0014505058596874232,-0.0020981897080026846,-0.0036553174266280575,-0.021606910973781757,-0.0008208082299064889,0.007476934479223152,-0.010995265342885308,-0.0011833503698128744,0.005392887133802704,0.0008662186824686113,0.003703200789581862,0.004002509544932309,0.006461583646815372,0.0007495762027251995,-0.0002776065380527548,-0.0001019248166233
2025-07-15,-0.004273327826197049,0.0009167947504504781,-0.019579734175206753,-0.010455283221506795,0.007241783271526581,-0.007008294050012465,-0.004155705135267751,-0.004760653230309941,0.008879640227304586,-0.017126479417434504,-0.014407311478500495,-0.017996001504110293,-0.007482800518857857,-0.010014712680199156,-0.014308122578801541,-0.009543431138479996,-0.014722067031938457,-0.002996469062215512,-0.0036093634738759706,-0.0029577571833028227
2025-07-16,0.0033433222651619854,0.0010240257887761395,0.01005396999575936,0.004089968184056492,0.0047248057896767115,0.0014116273425359704,0.004988096125243757,-0.0009301048742665907,0.0031019586711165115,0.0069699175285511394,-0.008632493642839578,0.012443326168595226,0.003536139553023787,0.003496896400944749,0.0018257504039578265,0.00048782494725019276,0.00943704785096866,0.0026297905153578327,0.0015789653081104138,0.0014319007734036049
2025-07-17,0.006119670337795036,0.008092610486000629,0.01312100373989633,0.002602421290125667,0.005724757113322765,-0.00023516083009500477,-0.0021735334020257513,0.012900667498435325,0.009083588507765805,0.009613473528358396,0.006153498129215729,-0.011396636812113226,0.00924141571956616,0.009458697003439598,0.0034174734374792237,0.004144923633826902,-0.0011129656584704106,0.000999402368458524,0.002411151655112409,0.0004086114682579911
2025-07-18,-0.0007324784861533207,-0.00096121934542448,-0.0071008583655434165,-0.0028213144370656806,-0.0022361478386196953,0.0015275771011014072,0.002600924347578637,-0.003020001915362558,-0.0006511889580941288,0.0005714064030684085,-0.008077532329032744,-0.006630550485055564,-0.0022398133665814113,-0.00271242918248793,0.00885469276322537,0.016753708175431425,0.0021170799544592,0.0013724221114341795,0.0018506389033940973,0.0018382053336947202
2025-07-21,0.0018962189772129268,0.00518481514219804,-0.004047966276379933,0.005319163661195558,0.006519894935499648,0.008915868025304086,0.015370115792427752,-0.004477860739083628,0.001303108836959277,-0.0028551044481648358,-0.010353692468054954,-0.005688705890335544,-0.005282027895991193,-0.0001237207030497789,0.004726095661747642,0.003223784829223364,0.004113762975048951,0.0013708480567358183,0.0038782073602641187,0.002752003547364712
2025-07-22,0.00014305906725886608,-0.005175591526877299,0.008309639987967854,0.005516109163515193,0.0006072659811613423,0.006046510580126396,0.009484882235462067,-0.0031749950442745423,-0.00926379343123307,0.0055354805925369455,0.004702003198113758,0.01861321092868118,0.002389554711298647,0.009149536433961325,0.010124576609367608,0.012259006020389318,0.017163098784407804,0.0017422715179062909,0.002391856579315732,0.0019312167888678733
2025-07-23,0.008507550549488707,0.004561186271592854,0.015272895444744305,0.024854474700334084,0.010115350641621168,-0.005547684184029289,-0.01240118112003663,-0.0009289939779927314,0.0057184534791638875,0.007972693473196735,0.015678140889749503,0.020519819715408838,0.017944662798613287,0.00036755235082663873,0.004745502107285526,-0.007524841460313181,0.0019595029103638417,0.0004967658209613646,-0.0015601317177530438,-0.002231981206767042
2025-07-24,0.00033116885143824604,0.0021282461879403858,-0.013807930997236317,-0.00742836819839876,-0.005407535152795462,-0.001743551397660359,-0.006118276977772341,0.010759797711586971,0.004226193383982446,-0.0005649109888146153,0.007141913602919603,-0.003742756457901786,-0.001691230009196576,-0.0035517972854037794,-0.016552680625438687,-0.0013032213854464736,-0.0034766611824278426,-0.0012415527523328418,-0.0014707454488573912,-0.0006099281526003031
2025-07-25,0.004224198566099124,0.0024071072086846446,0.0037128516901199227,-0.0012107660392197683,-0.003020667701646884,0.006287428498228609,-0.0092499926477293,-0.01629646370678095,0.002295260183146075,0.006971832910130926,-0.0037744606985490314,0.005303465223725601,0.009904251363848982,0.0017208227703879864,0.00929071907548229,0.0026095628431688223,0.00010902742741381033,0.0006214460004352329,0.0032217758507651073,0.001627794119459125
2025-07-28,-0.00025120694888725037,0.0031252046000376232,-0.001158867572409461,-0.016088138489926407,-0.006665242150694417,-0.00647939389297858,-0.00647361832754334,0.030995320535996296,0.007977265490879626,-0.00692356298585084,0.01136619282694884,-0.008719129740504372,-0.0030970955193251326,-0.010306715552120926,0.0058256536555558736,-0.010648301805881943,-0.016025371776982933,-0.0004969296337642426,-0.0020186847742147407,-0.0013203722265116014
2025-07-29,-0.002637510143802868,-0.0015489271998813114,-0.006380407906077856,-0.002015897595371352,0.0004067340866178437,0.016885974292242256,0.002750389076383808,0.034080665352028694,3.8031379493430606e-05,-0.005087731931401995,0.009762764902703003,-0.006356684875140295,-0.011390895648298982,0.006570708033884598,-0.0068970930603350356,0.011480618384955399,0.01606469628119478,0.0006216749650205244,0.006619549496399868,0.005390361289705714
2025-07-30,-0.0012592832087132688,0.001339637501321711,-0.005074423372181114,-0.00718208478541893,-0.007317130243021053,-0.005153425004012058,-0.017273497289540862,0.015538819753744493,0.0022341131989453977,-0.0018939566855794565,-0.014277734943643705,-0.0017852344107033291,-0.004909929834955862,-0.008868073206102278,-0.006321807377841049,0.007448410229970781,-0.014175025113473683,-0.0021118921413401104,-0.003744605834170356,-0.002832502152836369
2025-07-31,-0.003751313061954642,-0.0052990691610236285,-0.009794147371834483,-0.010738191583579582,-0.00573296229544018,0.0005753830822876616,0.0066454015709211944,-0.017892455099403848,-0.007329681933694654,-0.006261850469946761,-0.0053603760539964185,-0.028020144107812506,6.565824840931711e-05,-0.008574712596328804,-0.007930145233402852,0.005398408559280643,-0.014047200886696531,0.0006223991966247677,0.0002749874566150279,0.0005072610588037207
2025-08-01,-0.016390403691366795,-0.019698770955159706,-0.02037472643347027,-0.002627903378841112,-0.007413486893060206,0.014216661320439528,0.020299689958884537,-0.02676212277200385,-0.02158036643721717,-0.018521993744790688,-0.018575807284858414,0.0053670674447436895,-0.014933212410470076,0.0047631380776815835,-0.02411597460515169,0.0015175356187935307,-0.002468026936126022,5.014908372724669e-05,0.008871185681292415,0.008648100272581782
2025-08-04,0.015199896036428573,0.018451824632404357,0.02238049283172039,0.013289029036977151,0.01037339928420522,0.0027327670805039617,0.005823229257701401,-0.01742833062325333,0.02030591671968396,0.009922170718576373,-0.0022198453135447993,0.01433691628477396,0.009216118183564381,0.0048653070837409995,0.011754427629922626,0.01771556667872498,0.010234004345240244,0.00337565050108779,0.0017332148778919088,0.0008067182821229757
2025-08-05,-0.005069969618996528,-0.006789690675423232,0.005097266492532171,-0.00011302816917113656,0.002874721482654996,0.0030662126415772484,0.0008040912066364925,-0.014321428965235139,-0.008273414486660524,-0.004045477584737944,0.0012879986952283318,-0.003834372001925379,-0.0020514626400504055,-0.0009931594866572357,0.0012808018030756596,-0.010650457387766377,0.004564085761743053,-0.0004983535806439843,0.0007284001358429659,0.00030236614195300326
2025-08-06,0.007659667282124971,0.012583339213995792,-0.0013131732795204076,0.006558070035066699,0.004709247469660394,-0.005773828273650694,-0.00212110700071233,-0.016395571615274718,0.011263951976744124,0.004835596341589143,-0.009238635346646373,-0.015019020999847199,0.000795760274751034,0.014291056886168496,0.020784751639539856,-0.008912919870318281,-0.007757000868453878,0.0009973059601888767,-0.0002729237650529459,-0.00040319407673594654
2025-08-07,-0.0008375655634337287,0.003384234098574357,-0.0032645429885107546,0.008986748873166306,0.008355353052782455,-0.001708025209510744,0.008437987494967825,-0.005014266729791772,0.0009124740633772443,-0.011164727739934044,-0.003895197069471168,-0.011493297561679827,-0.0014575969282448753,0.007596081917081943,-0.0003133139101237914,0.010861829917046428,0.0029036396062334102,-0.0009963123319619571,-0.0010012134721936183,-0.0008062299676308005
2025-08-08,0.007797640795601746,0.009328128019823856,0.002183560402287066,0.006123399178791233,-0.0008083789055237656,-0.0043342842776091794,-0.00022357985855403495,-0.0016343655704182947,0.009989218941347078,0.009344106831480348,0.0063989093298884026,0.00891419054960374,0.0007963910375623495,0.0029184434686655436,0.0017457392372641767,-0.004274936582416622,-0.0082405315870131,0.0001246505151915045,-0.0031886852828426626,-0.0019166435835622497
2025-08-11,-0.0019776540337530513,-0.0029587901123624416,-0.0002268957794859805,-0.004205039691174028,-0.002831693856408246,0.0011452899627846236,-0.014374701087597641,0.0068212821170954285,-0.006769172913052013,-0.00038576156681124907,-0.008006600215379134,0.0009985904189799832,-0.0032488885340773432,-0.0008487755623066695,0.0025918355836196394,-0.003132976127488196,-0.006624834738152563,0.0,0.0015537885423142495,0.0007075984095437082
2025-08-12,0.010646053664834954,0.012568716833862625,0.02969065416533856,0.012223576042432738,0.012170428602376937,-0.005034633637992836,-0.0009074665058316222,-0.011517697403338745,0.01548538013872025,0.012155166148131613,0.004866499102091026,0.006907861586790798,0.010376399072861364,0.0026696412136288927,0.010608018885809756,0.004306875128851306,0.00565181249774116,0.002243735106679967,0.0009124024585205337,0.0
2025-08-13,0.0034230656348601673,0.000500098326210674,0.019443542188568586,0.006038025597507213,0.012024012326356637,0.008280515383332077,0.0030492830145867345,-0.006716900401204762,0.0003728543696790432,0.005718546604187358,0.011575622094339488,0.01600715050838919,0.0038184394674098954,0.0,0.013716208877439406,0.002202114583023329,0.009328893262194438,0.002611983098562254,0.00528835800861871,0.003636089129235076
2025-08-14,9.305268643111653e-05,-0.0007755319100544167,-0.012888013720723346,0.00010917975266644397,-0.012277178797396093,-0.007414320079734749,-0.006338706734070332,0.017664901952381573,-0.0021615432798588463,0.0047385186271353685,-0.00093416005897895,0.005026770193750307,-0.008853644422012974,-0.008955758775160194,-0.001131250541420603,-0.0069388093689777275,-0.007126857221801286,-0.002605178416569487,-0.003446622579276637,-0.0028179843552395
2025-08-15,-0.0023412563361064898,-0.004397209433112059,-0.004863259637545636,0.005891963620249907,0.001202844345578935,-0.007124458268191858,0.0005858183101099534,-0.012747421199391762,-0.0075824207970512925,-0.01037538544217731,0.0,0.016796033226763374,-0.004565522695130886,0.0015875720633580226,-0.0023955542894302795,-0.0029113490265527675,0.005719961617085101,0.0007464405393107221,-0.001274315681709437,-0.0015137335175564592
2025-08-18,-0.00021758017007211805,-0.00039855372212804774,0.003654261844551865,-0.001084770343060093,0.005806996682561794,-0.0028936494028695137,-0.0015612675411803556,0.00508235029776638,0.0021452080931609885,0.0007624778209660565,-0.0059607578202111045,-0.002349320758771256,0.003921835244187655,-0.001341119531211521,0.004016711716961163,-0.004321554748474177,-0.008475518333893262,-0.0007458837814185992,-0.001822291714118407,-0.0011115710114755206
2025-08-19,-0.005425205036764469,-0.013567505729100482,-0.007676760334312971,0.00010864624465711792,-0.008162473605433873,0.005803720444673033,-0.005473279447945512,-0.011890052466295375,-0.017463357320582684,0.001904779253538047,0.00035293790330692687,0.0064021313295348214,0.002184947482867461,0.010255029640704905,-0.00047823276907765777,0.009736186929006685,0.017208496719979927,-0.00024861031709444426,0.0015519447702261324,0.0019222993437280067
2025-08-20,-0.0026570072365471598,-0.005937418982744691,-0.003536626732131176,0.003583051759085576,-0.0014050085192840456,0.00219269915725806,0.010122175284489776,0.016874046193818604,-0.0067656178882795626,0.005133045211906051,0.008344924798567188,0.005411005915150424,-0.0009251498863630525,0.005679878640533653,-0.009876047875123639,0.0010454773468588918,0.0028747444880254935,-0.0003733638907729153,0.00045580747666607024,0.0006061151594585201
2025-08-21,-0.004011786002919404,-0.004629699945539301,0.0024844800572301207,-0.006275058167602099,-0.0022110551506671072,-0.004951601227936364,-0.0034698951143765644,0.008297070704628373,-0.003617306383273955,-0.0032154560721008307,0.006877211626096447,-0.003345443697461037,-0.0035708027132526077,-0.009012333525478589,-0.005932076906803863,-0.00684690383531128,-0.0029767575657638767,-0.0018668050885916054,-0.003826613028320991,-0.0023214961556220493
2025-08-22,0.015356711639223919,0.015427382170107196,0.0392086660166342,0.01502462654275094,0.019943592739453564,0.007406756658789648,0.01070642694476942,0.006879834818919406,0.013556848977471114,0.016508608762666244,0.02037500348145005,0.008245775443153525,0.016325924444929862,0.0,0.03036743850570023,0.005375160444800686,0.019351976407604887,0.008104924014300297,0.007865431929885647,0.005563966284804822
2025-08-25,-0.004401019998962696,-0.002884657390180956,-0.010518274822043816,-0.013193309095439365,-0.005727856964744316,-0.002872319827126879,-0.0024148368614391735,0.014871390935535134,-0.002248447674581211,-0.0057869243174336615,0.002609589234815912,-0.014257810715567087,-0.009990866153015143,-0.01709710492187877,-0.002016283520787865,-0.011273946083123376,-0.005749617815134833,-0.001979226707335635,-0.002631665260594107,-0.0015090929181441615
2025-08-26,0.004187062906761296,0.004015111000881033,0.008263024569943322,-0.001086839151493546,-0.0025824252916972767,-0.0005756925983108063,0.007262047243691283,-0.02244220393719054,0.0045831590401113065,0.007698060663605677,-0.0015842099847498403,0.006240866720805149,0.010289683423527096,-0.0065382851545651155,0.004599580148363147,0.002233529576622928,-0.0026186567958260687,0.002230868633654959,0.0007280235223374731,0.0012092600615487559
2025-08-27,0.002278453022356741,0.0015368359770149276,0.007085541262617401,-0.002393956740320724,-0.00597492627105356,-0.0011528827026899835,0.0020187288833615202,0.008507727582099278,0.005398659991730392,0.0020495592777525218,0.011220710753546692,-0.0005838156388903171,-0.0001306169460260076,0.002980316425729379,0.00021392368885675417,0.0002344186205103238,0.006235551440457288,0.0012365341811502173,0.0003635273792763627,0.0010061241887233674
2025-08-28,0.003541412018451817,0.006260056829416216,0.001186733351026703,0.003708512261655361,0.0038067955781946328,0.006578283081386749,0.007419038046796889,0.0074986282311910735,0.007903290639451166,0.0013017484401500745,0.007621704588030909,-0.003942431780307953,0.0017630025867760857,-0.006314341418264813,0.0017111553430255722,-0.00762182187100402,-0.00260917507031988,0.0004942247632129249,0.0015451066671583469,0.0012065051788991976
2025-08-29,-0.005963766656904346,-0.01157550092204418,-0.004444942347670566,-0.005868273064544294,-0.004790327582947618,-0.007108488909512656,0.00964990177666114,-0.005316341536893088,-0.015344781096671478,0.002599823415303959,0.0054503686778495375,0.007329717575409678,-0.009190610702328628,0.006478960856691973,-0.010292504339360242,-0.0036630573451151838,0.005450095798618992,-0.0018519988065411885,-0.0036298075500728055,-0.0013054655292163986
2025-09-02,-0.007410239855265122,-0.008380082185272753,-0.0054003776537511206,-0.00983818828287819,-0.0008022958845380623,-0.00744167077487623,0.023642559312442524,0.025654808822695774,-0.010097372831709084,-0.007408846461644303,0.0014381400592222704,0.0009458788553833308,-0.009538681179585118,-0.0016092891086759709,-0.007465266751811583,-0.003320602001167905,-0.016587158170373262,-0.0010809144253182135,-0.0033450048648284714,-0.0026528422350937664
2025-09-03,0.005419476820332614,0.007867384485135354,-0.0009832950860028111,0.0015455325815376675,0.0038136726213826577,0.010977694996523013,0.007831992196408066,-0.0251433070800402,0.005966086723063091,-0.0016793823355093496,-0.022425969715485716,-0.004724925070199726,-0.005047839815436106,-0.0007440439055386161,0.0040432569870556545,-0.002498819351801629,0.0005512950719630538,0.0027365602630819996,0.005960593539145798,0.003641031757288138
2025-09-04,0.008357413288137217,0.009051451050515524,0.01249621615442753,0.007275199003590416,-0.003199324935205805,0.007623710160576058,-0.004418882618094533,-0.008686375918397382,0.004936024529463623,0.01046739932915175,0.0066674644049533605,0.0037978847771571456,0.011281758329703129,0.0006204166536087907,0.01827323690303917,-0.001192935192587119,0.0074922840518751865,0.0027294953519712006,0.006836783083470133,0.00403113719259407
2025-09-05,-0.002896238254552541,0.0014428529789487499,0.004987521070443979,0.004486774588385645,0.012036151053204103,0.01524694795168302,0.01334594055214322,-0.02089516103236877,0.000837652472805539,-0.01831302767370202,-0.01930844119644659,0.0034199513872019693,-0.003696707723579107,0.002852342835107269,-0.00021266107356032737,-0.003105203877127094,0.011264212049340472,0.0004947472705418843,0.006518799715788948,0.004717259145042618
2025-09-08,0.0024568476935080685,0.004877999392528087,0.0020187050720776867,0.010022878243627575,0.009117924280291456,0.013324570838259664,0.011388067271604019,0.005645100889633881,0.007494354696801153,0.0007537869001212893,-0.0022893738881289982,-0.00036255093004256,0.002252724472083134,-0.0037098059622745483,0.0038705337656679273,-0.010183161762131077,-0.005839815726172981,0.0,0.0035079100796240326,0.003396746159945563
2025-09-09,0.002311808923262104,0.0028333040440151613,-0.005876135958876816,-0.0033438072711466926,0.00549986003967784,-0.005683276425284878,-0.002269905468609168,0.0047918739010679445,0.0019258732477116514,0.0043304610235450625,0.004818608053313245,0.005368106829418462,-0.006742983332681085,0.001986022025507461,-0.0013981877037445578,0.0068989988405574465,-0.00228425903793128,-0.00111295760718233,-0.0017925494829656996,-0.0019913266274631525
2025-09-10,0.0028908489301462392,0.0003272122573245717,-0.0017731954456874366,-0.00021647807171065736,0.0068373352589623515,0.005715760673171255,0.0035922056391106683,0.01798609764003345,0.01812762958741021,-0.0033745069338828593,0.01746982638969219,-0.009091516331511063,0.007387804449886737,-0.00978577755357024,-0.011964890503178727,0.017189384829602306,-0.0016354985634263741,0.0007428319883320267,0.0029633889851801154,0.001995299921326188
2025-09-11,0.008310152614278588,0.005820654569905326,0.018483209058903105,0.010608441073355568,0.014551817645271248,0.006685866233219873,-0.0014913797811720864,-0.022888490234609704,0.003368654752793354,0.016365609950927285,0.00022451242260634885,0.0174032931608592,0.009513604187787905,0.008130996369165366,0.0194528573247561,0.005317952186975727,0.01823749492706983,0.0024739334405303737,0.004655676917195262,0.0018916928687850998
2025-09-12,-0.00033461472176832263,0.004417168937791871,-0.010215969679087222,-0.003963198341291774,-0.0005737775336417394,-0.0043168839902937295,0.0019715725978484144,0.004246541898544454,-0.0006638773017868527,-0.004256868429365013,-0.005946467937268496,-0.01152300904174619,-0.007984189835563704,-0.0033501519947349845,0.005181257343290113,0.005054786106948317,-0.004611838366356147,-0.0009872315973499246,-0.001782236952584948,-0.000894456507418484
2025-09-15,0.005323914685996245,0.008556783778664423,0.004237690181595921,0.006667393015813428,0.007271301849637979,0.0023343895724008412,0.01040483601055886,0.012549527062861054,0.009007358297748569,-0.002230460223278663,-0.0033859996755842836,-0.008544004228444813,0.0046181157400753126,-0.01145423572657156,0.008674335610732609,0.002338991848777505,-0.0016162045935006475,0.0028410077966043445,0.003124662279725854,0.0016910591320720147
2025-09-16,-0.0013768405847186527,-0.0008450256739842565,-0.0016466298820085878,-0.002777501253630743,0.007408848473152041,0.0021074398009528483,0.0020064107533963593,0.019399093990169147,-0.003475668299208201,-0.0022354462973261935,0.016761035792272283,0.0,-0.0029551923877159103,0.004534147055706983,0.006148798687300117,-0.018202945810949722,-0.00528814840184022,-0.0007391808930450328,-0.0008900715576980467,0.00039707096280738874
2025-09-17,-0.0012423553760646522,-0.00199585998469487,0.0025600210934093592,-0.003749348088303295,0.004337161002295975,-0.0025457229973899764,-0.007715171664187115,-0.009250653696057043,-0.0034512551648734346,0.00970878226020333,0.0023390829324603235,0.0019718487154416486,-0.00454457583312462,0.00601787898338757,-0.002518751273104969,0.002495849639494674,-0.001301854885199405,-0.0009859361553480328,-0.001781586066070484,-0.0017866241542063843
2025-09-18,0.004672464341558991,0.009016968820881655,0.024906777666282576,0.003871041748453541,-0.00244076990542319,-0.010319375548305976,-0.0040063094596702875,-0.0037348109208720226,0.01727892320337765,0.0009245286043513268,-0.003111557816520505,0.001967854588676987,0.010652352656433717,-0.008723916260554798,-0.004512103131161127,0.0007114048137830675,0.002172644427578252,0.0022206710480927594,-0.002052280207941126,-0.002784158586839225
2025-09-19,0.00495274300916293,0.00676940154600425,-0.007596738646505008,-0.0038561145679740783,-0.0022586773392233583,-0.0019061675505288589,0.010607227252210416,-0.015664824743548578,0.010140515634069036,0.002216862229629024,-0.01326482336313961,-0.001309288705585221,0.002422195528753779,-0.0020114423294746997,0.0037840392585981597,0.006397155804725774,-0.006503976134786038,0.00036960869718383194,-0.0008049110405087267,0.0
2025-09-22,0.004731178557790816,0.005919993329585038,0.005802923639244284,0.003225882264503044,0.004904708242570388,-0.003594906170852119,0.01730643093326134,-0.0009521177641514944,0.014711266697565284,-0.0013316038201307556,-0.0011507854343034696,-0.00025609383568747646,0.0033445218854861736,-0.01114921175806649,-0.0032576846012761784,0.00969412972530126,0.00021822139965221865,0.0007381439012434932,-0.002237274264238698,-0.0011965194875931395
2025-09-23,-0.005443572672652719,-0.00664235988597095,-0.0022504842874166986,-0.0019293394746087156,0.0005631488614981084,0.0069898705447399845,0.004086375052867464,0.021783610210945215,-0.008632289075877542,-0.00444445433089613,0.017223669621174498,0.0022689867111616024,0.0002614568695522568,0.005002394062483706,-0.009409600642982463,0.005164188232086753,0.005454257536805729,-0.0007375994467104796,0.0019732649047514705,0.0015972439686959827
2025-09-24,-0.0031816581403536492,-0.0035105829529757937,-0.009186342083085441,-0.005798952856689299,-0.0033770643919686094,-0.003806339228873412,-0.009063049726670935,0.017854713969385205,-0.006173791576080334,-0.002790094709696489,0.013007344325947745,-0.004016427782129295,-0.005161919200893372,0.0021697438637728883,0.007061208672993313,0.00712286201666501,-0.009835851458279588,-0.0013537307031346035,-0.004028447811390001,-0.001893687617938511
2025-09-25,-0.0046134455757694814,-0.00431136068744753,-0.009561224245016375,-0.007128949489069503,-0.005835856647215976,0.0,0.004165188877066628,0.007854411296178032,-0.0017594466169202905,-0.0026114225632257737,0.008966200379542988,-0.016570011300630294,-0.006765273004209038,-0.00955178041537097,-0.014106864759131033,-0.009623100390229955,-0.002986758674015766,-0.0028342555107740974,-0.0017975268522292254,-0.0013978579491803478
2025-09-26,0.005729010168833648,0.004110996279646617,0.008566974932272764,0.0077241146531557,-0.0018935874692543875,-0.000899063024354052,0.00577227044053652,0.00038964515039929815,0.0030216207251956284,0.007293734488730275,0.009215550457996935,0.010213895214003399,0.008993456650745024,0.002443354365405659,0.01477443231732134,0.0162724551558302,0.009874673184714133,0.001977190177664845,0.0013506270025289702,0.0006996284822173848
2025-09-29,0.002810434431135711,0.004631170662687811,0.0011602196536073528,0.003886418846984707,0.009106404707125426,0.008211490301143654,0.016496514338703028,-0.03155025202658901,0.005343438056974792,0.0050130616150962926,-0.01837155911260757,0.0029518522466398522,0.003080473540244544,0.0019238971677264516,0.0043802035413860185,0.002879822916968866,0.0003296111944974811,0.001726627534455183,0.0033271107046044524,0.001898846854008207
2025-09-30,0.0037668930601342243,0.002739120486683344,0.0014071599164711124,0.004086477635998342,0.003948190474853286,-0.0029008986833248818,0.008540004081594166,-0.011261514668608696,0.005457941896334972,-0.004803369037128524,-0.010631234143762103,0.024061984764997213,0.007709751069938875,0.0033286928931819393,-0.00465183684008641,0.0017230762241979836,0.004063604347833927,-0.00036925378204855086,-0.0009857288235634032,-9.981263674074814e-05
2025-10-01,0.0034076065490575846,0.004797015707736829,0.0021903979741111357,0.008246764907832826,0.007865108634423024,0.0025826025401491925,0.0015753722020723782,-0.008271194716631403,0.009791969751185459,-0.008910359735382234,0.0,0.03089755907566616,-0.0027878458327258437,-0.0015312459084507735,0.006259298076810804,0.009631801302325771,0.0015313688979419204,0.0018685796051360892,0.00401553160618251,0.0025519139115908196
2025-10-02,0.001151731459675398,0.004110932665624789,0.006309564945002455,0.0015933670334791206,0.004645093723186777,0.002911768418967009,-0.003482825151325697,-0.021875833845680148,0.0054109175151659805,-0.0007491330936330032,-0.010073731567766808,-0.0019517912956595884,0.002600767707130913,-0.0039615596680248055,-0.007215728225603568,-0.0018170629599972843,-0.005242330216646107,-0.000370600209427141,0.0016142242681533858,0.0010981867591322025
2025-10-03,-1.48421705706836e-05,-0.004209714080001925,0.0074174180813264545,0.008378355308743535,0.002959166409627345,-0.0018982491052340622,0.008032937892485048,0.0023762673576988025,-0.005032243403394143,0.006935438734464228,0.005314328946634195,0.011383590117515219,0.0013617660802944798,0.0011545943501716227,-0.006432780706079,0.011605409989191573,0.0037328717701734515,-0.0011119128650648458,-0.0012535320665052474,-0.0010969820679501696
2025-10-06,0.0035862350745239358,0.007510254125414173,0.00398653756672096,0.0023138898370342886,0.004609974907885839,-0.007943542833501516,0.01884573861512795,0.016176316788721667,0.010115282176629492,-0.00037240979359132176,0.004948653451017471,-0.004833563900933813,0.004662948475083972,-0.007304734425075399,0.008576497402570604,0.009672694434432083,-0.009407079357058867,0.0002474335277635742,-0.0032272193572687735,-0.002195977146807304
2025-10-07,-0.0037075345781497626,-0.005265708175389294,-0.010737024767963677,-0.008709341770686718,-0.007709192840334778,0.005751713499051236,0.005159462258136571,0.004528532856074685,-0.006675991909116719,0.0013035230045292945,0.0015669256956494237,0.000763093939565751,-0.005672575055990503,0.009295105717141317,-0.017507324109940714,0.004567201116638664,-0.003643877828844788,-0.0011132755077186696,0.001888789435200433,0.0017006801369918723
2025-10-08,0.005963110863889121,0.011463714552300441,0.010484880589315848,0.0029638676263299413,0.007954131274642506,0.0007848115203563655,0.01649095687844504,0.004508221923670508,0.0175371140329017,-0.004835456826721041,-0.005810616363583709,0.001941399403801336,0.008687024102929986,-0.004988518076346926,0.0029699690654059197,0.006875213893271281,-0.005209032617003562,-0.0014855875764846482,-0.0012567951744575367,9.977685042228401e-05
2025-10-09,-0.002896927773588187,-0.0012100110891775095,-0.006444477861597631,-0.00823208361547123,-0.01027717948946727,-0.0007841960742430709,-0.018452848086064955,-0.013871843601248601,-0.0016857096457730814,-0.0035506556978418535,-0.013600126933694834,-0.002214397048358019,-0.014782520975795133,0.003213704496787928,-0.004991560233020609,-0.002533075557830111,-0.005458957695812505,-0.0028520890772423257,-0.0019773259441326907,-0.001198392341328458
2025-10-10,-0.027027782269135825,-0.03471431334207187,-0.029943287113890604,-0.018410273229880203,-0.036899678946029635,0.01614686816160127,0.010097700011942212,-0.043028584397504566,-0.04069594511891561,-0.021755413618182895,-0.02894268080424167,-0.014425363264719437,-0.022114839298297495,0.0007688102886784787,-0.027506183029444076,-0.004085254563378049,-0.012770319449128098,-0.005844051502753911,0.002791735857232469,0.004099241227090156
2025-10-13,0.015343956532730907,0.02122133928126546,0.027839703565188056,0.008022641738626879,0.02907202697928435,-0.0005516592990226776,0.02430104394061705,0.012826046944470981,0.024354288998396978,0.009585873077979867,0.013611861985117102,-0.0011259518026254245,0.010407177485911356,-0.003329018830716235,0.02233889088031904,0.0076496022652239315,0.0063543266175631885,0.006253990786564856,0.0034126076915208525,0.001891916192026999
2025-10-14,-0.0012216093756775015,-0.006661060183518641,0.014279206836441682,0.004517087546109355,-0.008980328952246652,0.0032019541387016126,0.007141189222626965,-0.01821284578157878,-0.012834464461562667,0.011014113110918267,-0.00011573258179220502,0.0027474509111320433,0.011752209799591462,0.016058604682638533,0.0020951314260964082,0.00891193882088892,0.010260425431620757,0.001118446276962004,0.003311582318712869,0.0015901550091343974
2025-10-15,0.004439561180749063,0.007056841635499023,0.009802417115443607,0.004817973448683066,0.016424397291767923,-0.002201247610877921,0.017332403569977117,-0.00014495849609375,0.009910818325708393,0.0,-0.0005788207392806166,0.001545600444682993,-0.004176455102176013,0.0017701409531722945,0.0014509020446151766,0.013086254820082965,0.014508984295984462,0.0032284173059402566,0.0,-0.0003968485059197002
2025-10-16,-0.006810164959101583,-0.0037029192628171836,-0.02105226991278164,0.005221054691890936,0.0065006573113992605,0.007500559164933307,0.02338727694573084,-0.01710393305861324,0.000738746549836744,-0.02779870630639969,-0.012048280390393518,-0.001683270114577251,-0.0065532504059310215,-0.006941808875273403,-0.009672454000502428,-0.01087201476349886,-0.0035204069055548848,-0.0035889616446372896,0.002854533104234891,0.0035736063498896797
2025-10-17,0.00567610580032607,0.006566665968266383,-0.006733056908599266,0.001802099287591119,-0.00018452937580626383,-0.0015325924331973662,-0.01881705572696646,0.0025070904654278525,0.001757365220060425,0.008114429081205854,0.008208352740543434,0.0066748871894575235,0.0008575819446832167,0.013345337904023369,0.008605142221975504,-0.0034824296565008073,0.0065135799671882655,0.0026082988769600135,-0.0019567810393796847,-0.0013848089389421059
2025-10-20,0.010400606174286287,0.012600884498830567,0.0195143327101146,0.008252987534566492,0.013658196561850966,0.0038377561075444433,0.03640197438905224,-0.0022065536697800647,0.011157343086712457,0.01169027184476823,0.010583762474261071,0.010609287124600186,0.011797210405199987,-0.0008780641178522952,0.007934527693965965,-0.00032769367154450446,0.010090925149982999,0.0019820099417264814,0.003030291373567806,0.0016838350030485838
2025-10-21,-1.4979984718554995e-05,-0.0002616164366117113,-0.004714643419726161,-0.007346031156664989,-0.011106955587970369,0.004915281654001458,-0.06426889260666147,0.00648672858814936,0.0005204775450660115,-0.0011366180383521884,-0.00230169789391077,0.0023482269739876216,0.008858819537817864,-0.00464471259875221,0.012231279173541498,-0.010159433569317589,-0.002823181401721775,-0.0014835670117284705,0.00017762200007198636,0.0009886875765319214
2025-10-22,-0.005198867790280337,-0.009633996208226914,-0.014777956524284264,-0.0014800122024678508,-0.0009207513594635675,0.0006520264711986634,0.00010605594835544352,0.03456863521892739,-0.009884141756669185,-0.00568941007542112,0.012804179135766702,0.005719132669831817,-0.012977832587663607,0.005675273627851807,-0.007818690061630273,-0.002317552596562189,0.004246977041318933,-0.0009908147495034658,0.0009772090591155802,-9.884955591832334e-05
2025-10-23,0.005929906487662118,0.008406459215177797,0.012657206346459393,0.004658564241912577,0.008846341401699265,-0.006843291113642125,0.004002358382396931,0.037661103858823264,0.012610027767761656,0.00209809559523344,0.013325827218080732,0.0005479136394570538,0.012494273243564225,-0.004890925182400863,0.0045089672376863454,-0.0007743699097613188,-0.0006506443422447106,0.0022313185740823194,-0.00124248708529906,-0.0017780556300269756
2025-10-24,0.008172460808244075,0.010678259227716147,0.012214959772824718,0.0015807732733732482,0.006576524113140136,0.0004373651842992654,-0.0033528327110016187,-0.0015008951968542572,0.015531441255612899,0.01084891908693053,-0.010115800537351505,-6.841186321193682e-05,0.0008400623909601279,-0.0032765767438920346,-0.0029785232795108696,0.011734788770066729,0.002929719886130888,0.002720595166592954,0.0016884468881104286,0.000989725389718199
2025-10-27,0.011797720618905938,0.01780929742311721,0.003487960932959,0.006944424841653252,0.011070812413692899,0.0033892547715370647,-0.027839530498784404,-0.0008198627814095527,0.018461724280496306,0.004142318434674053,0.0023844594755935145,0.0023282872236991548,0.005680530955994634,0.0016436739959355684,0.014390320317132277,0.002735500640235422,0.0028129673537478084,0.002466712061540255,0.001685529933631802,0.000692012830780131
2025-10-28,0.0026560392684344958,0.0076897219361322655,-0.005353576525969461,-0.0004179441763778602,-0.0003590590822888373,0.002614705640335835,-0.007166030388359279,-0.02365978243914202,0.009899736684793048,-0.006375375914310033,-0.010421349887602682,-0.006285424539080875,-0.007124997275733458,-0.009972218967886581,0.00024887133658202387,-0.01647757612458467,-0.019635366502153806,-0.0009843764092919427,8.862616281146707e-05,0.0005929006037761475
2025-10-29,0.00048030640477669806,0.004503033300666148,-0.008515490155798666,-0.0056449766957881176,0.005746100909982621,-0.010106298714605,-0.0037872684129753864,0.00574315262102143,0.0071864131850325474,-0.016984409556892954,0.00744047418550231,-0.010106615702857535,0.002586171545188698,-0.023587874341792547,-0.008252497918932566,-0.00033284215246054405,-0.025751066229898534,-0.003078709124518575,-0.0056677495748514994,-0.004739766879381047
2025-10-30,-0.010997945609357074,-0.015288478436288222,-0.008061781661053091,-0.004415462613612475,-0.010355274889796817,-0.0058184502251210635,0.01964188672951095,-0.0012535370955385483,-0.012297380219379428,0.00268762473409212,-0.005908417917410147,0.0022226563329166282,-0.0025148139659650903,-0.0010446917407015421,-0.022579953944901532,-0.00421760754259104,0.004744077572371719,-0.0018529301075402849,-0.0053438470516514736,-0.0018853158737340836
2025-10-31,0.0032801089636860237,0.004823867802044024,0.005636036640376041,-0.0022175226953624616,-0.002345287606119073,-0.002981480283230531,-0.005430550723012573,0.011853276878721175,0.0009653884647005118,0.0026804949571663794,0.00731506456647657,-0.0003466139291710135,0.0023918540081113715,-0.002875855489132606,0.02643850011724802,-0.006910289124013036,0.002585826813428005,0.0,-0.004029310530655805,-0.0005963378979680911
2025-11-03,0.001876606200154285,0.004784918003958305,-0.003208400220649943,0.00042329617028458166,0.006329171347602358,-0.002500823837721211,0.0017929035935666526,0.0024807099122410303,0.004090731629785127,-0.004200850617497531,0.0001133454318229532,0.0013865062569697884,-0.004256525798680855,-0.007865592408353494,0.00937772806416004,0.0005611790396282679,-0.0014576959206178408,-0.003109772474773176,-0.002688954548469291,-0.0012273533441903295
2025-11-04,-0.011853551302988707,-0.020298190582085818,-0.01727510656503406,-0.010261319237110489,-0.0183288904022485,0.002228586770888441,-0.017517195825319742,-0.011135518042092118,-0.0263986738331371,0.0051772913372301055,-0.010778258340784275,0.004500013585959861,-0.01159320478649628,0.004095985157711812,-0.016599151963664682,-0.003589373047548361,0.0016843369555958887,0.00012486733473537903,0.001357144606942473,0.0004995166567371978
2025-11-05,0.0034654938502332033,0.006507997746957317,0.014427895891802045,0.006413063315769962,0.008969398122010253,-0.010896341303246682,0.011564369498527016,-0.012512185764778083,0.00391237392740007,0.0034337746736259334,0.0026379306729391594,0.0038594104148377273,0.003866040371295121,-0.0006579245297226866,0.012176713794289862,0.00022499487202498614,0.0008968084431191237,0.000998010407593286,-0.002981585232266881,-0.0026960906566906306
2025-11-06,-0.010729420496934372,-0.018627391563059814,-0.017696533888066135,-0.0022303237719497604,-0.007438335692587228,0.008992867993635967,-0.0012005195756799036,-0.002111805271811873,-0.020095499411444506,-0.003612083466362548,0.009723111855371114,0.0019222330622381545,-0.003981709422149926,-0.004477307046646506,-0.02310630067464403,-0.0043892833975326395,-0.0048163256473620075,0.0003739811096894474,0.005256146953878327,0.0037046924201706855
2025-11-07,0.000984617038458202,-0.003155272110514473,0.005242300899632069,0.0037254873965177904,-0.0029244788197267946,-0.002116694985271783,0.006119021470095687,0.005361242911083419,-0.003458316157203045,0.007059681505130921,0.014387864372582992,0.001370450152267555,0.004849644729565172,0.014682662461656282,0.00157113696616773,0.013904508659813963,0.015531977976528832,0.0008720623190539012,-0.0019832914194970463,-0.00039903114322381583
2025-11-10,0.015604225734922705,0.02212413010178449,0.010016206167096309,0.010498295203710262,0.017598481487135276,-0.00022326392317872923,0.02734111859838051,0.005893883754625628,0.025575988523181437,0.003599984964578695,0.009046132700274656,0.007800514223961219,0.00567404440735908,-0.0036501224763240137,0.013143452446333193,-0.000334474992810474,-0.0005543372480055764,0.0033611390471093294,0.0005418744583414181,-0.0003991114319592537
2025-11-11,0.002289429810842236,-0.0026634204600163303,0.0008604778958938297,0.007346031156664878,0.0010809182234601256,0.004578554308863447,0.003937814406542062,0.014508941282080912,-0.008526953322369968,0.004530729753557505,0.013060372151733946,0.023085371771699448,0.0002594221431813093,0.01308386561866648,0.0024690103820628195,0.0005576740127586355,0.011200012502992962,0.0011166931340251818,0.00397224097269766,0.002995242181204061
2025-11-12,0.0005564170284204639,-0.0007883642138092339,-0.002456592944265701,0.005938101795067929,0.00017994685163702506,0.0017783678947296266,0.016110762091908537,-0.04029153267315433,0.00310572628425132,0.008644974490501944,-0.013984463041319173,0.01420238859336398,0.0009724806682069875,-0.0014205557823261383,-0.006720956734812322,0.0023408903920627555,-0.007456997943792398,-0.0019830621588619035,-0.0009891490782932832,-0.0003982360365633042
2025-11-13,-0.016594034139048364,-0.02041599350406942,-0.02811528629470339,-0.010666967384016512,-0.011694790870589444,-0.008211144885703181,-0.008083098515826892,0.0008596870297561399,-0.024938786406459967,-0.01285624698664789,0.0025484892000260384,-0.000523521144132788,-0.015480297984315494,0.0,-0.024964244013939374,-0.013790011208496544,-0.012263895430581817,-0.004097867771161168,-0.004950283910179487,-0.0029874872220460036
2025-11-14,-0.000163772180045485,0.0007561425240969477,0.0029139725520905824,-0.002826246819057854,0.0005461303095382064,-0.005705955084448822,-0.018047911171504505,0.021904063174227995,0.005443292763461338,-0.010003814877789341,0.0170202248184943,-0.005957778660757751,6.569270212963829e-05,-0.0007759693229540954,-0.004784514176161436,0.0009021212192537043,0.0021251883397792604,0.00024944750138922167,-0.0027137254167460823,-0.0011986863074856524
2025-11-17,-0.009316527530857655,-0.008540613513343676,-0.019875309559870824,-0.013017106763286157,-0.011826718476261266,0.00247542631869746,-0.011463979297139493,-0.0011206809293667908,-0.01565162128888753,-0.019065818833977843,-0.01825693071708956,-0.0008561539732482304,-0.009801783515849594,-0.006342443663025055,-0.009398419215937759,0.009013081300645487,-0.00825983125226093,-0.001620552800386088,0.0006347883672792598,0.00020003400657264692
2025-11-18,-0.008397369138827382,-0.01217580497095061,0.0030503146965608074,-0.012975870674678314,-0.004971570360528865,-0.00033670024651177854,0.007264932736103624,0.016830251008139285,-0.016252932744378223,-0.0015549111612209732,0.007970004148428966,0.005866596743929309,-0.004451352410762999,0.0042986121789825305,-0.018450534460817458,-0.0037964523278876117,0.004051847464032976,0.0002497900908824402,0.00045326668193190756,0.0005999028600567335
2025-11-19,0.003863049240512506,0.00597012438898914,-0.00017132332712677112,-0.0030172894272345596,-0.00351593383558213,-0.0020212391777066907,0.0016294519610446923,-0.022344865470096953,0.006952600731086722,0.0036987216762287556,-0.012958452758482952,-0.001703881482481573,0.003336808596296148,-0.007652308294508026,4.461039908831843e-05,-0.008406100392464144,-0.007846615817419855,0.0004994554227493175,9.0554540855603e-05,0.0
2025-11-20,-0.015242184552669569,-0.023671918733288666,-0.01850661810947607,-0.013834836011152207,-0.013741823593294011,0.003938077618129698,-0.0002933255655774847,-0.010299037187164406,-0.031391156243869345,-0.008727733697631468,-0.01134852872822234,-0.005973814695745094,-0.016761075987048235,0.0071884939017723415,-0.014921341533149168,-0.005086576822849631,-0.0041803978078363,-0.0006241582802721801,0.0013588444584125003,0.0011990863847617383
2025-11-21,0.00996119766575232,0.007512819422826,0.028327019169081424,0.015453791179625087,-0.0001882817978736684,0.003025904049342998,-0.0015473311468576778,-0.01211687035826392,0.003858186538489461,0.010956708412862115,0.006301999331695729,0.02106714894386097,0.012176195283488678,0.010900836183102225,0.01962367027492662,0.0014770395591274799,0.01622430565437316,0.0033709918213749024,0.0035286047982800994,0.002395300597189731
2025-11-24,0.014718553120582678,0.025573201129228895,0.018251242215646002,0.0008634053993241686,0.010546132490234505,0.005698215611420254,0.01584423909859023,0.016161544990856758,0.02382857349447054,0.004257836975021245,-0.002795740687877357,0.004204200588301177,0.002472635772179599,-0.011553380512194678,0.013348126608164979,0.01134427075915112,0.0026793997826246585,0.00273721658949988,0.00396679694034674,0.0019911038702238315
2025-11-25,0.009405944613086525,0.006163809093776784,0.02180081839085002,0.011970202556752962,0.003540759762240775,0.0025552492901348423,-0.00031569077041548876,-0.01661457255563059,0.0026813941012180376,0.01252654485888871,-0.006280178357558119,0.022607276423267875,0.012800002469314897,0.013766204494791712,0.021399493956678395,-0.0038138243894461077,0.009241753063355729,0.003474565604377755,0.002783736445679308,0.0015897807271414433
2025-11-26,0.006903451122352244,0.008835779721254156,0.008852396589781764,0.010976239267671106,0.007242445174991952,0.004432654434188166,0.007998338908444147,0.011407955458878627,0.011837630417746992,0.0078036136415111645,0.007561242486489039,-0.002204485283807567,0.005792637769814757,0.010889022648082669,0.006855208406798763,0.01328678916261139,0.004412978701658021,0.000989125000671942,0.0034029391775523,0.0015874929273518301
2025-11-28,0.005458464350335035,0.008107008640694247,0.005863358905852101,0.003373054785795526,0.0014748740068371013,-0.004743947421307904,0.012424331348639184,0.014705864732056817,0.008598220667919154,0.007176560452576641,0.01310483622887837,-0.004860563121806716,0.005824524128187347,0.00582945889830655,0.006212876093235176,0.0071119116323179465,0.003295301127937744,0.0004941732508365604,-0.001695805837196862,-0.0013867664827000858
2025-12-01,-0.0045654326011898005,-0.00335876852680006,-0.01258300379263555,-0.004937589632968309,-0.0007363509785004441,-0.012448819179530224,0.004821066034977672,-0.00014073640457878955,0.0004541852181894068,-0.008250606149336925,0.009618531959967092,-0.014969877798924225,-0.014639816275522466,-0.0010078701772350263,0.0005920455492520738,-0.023391803245190967,-0.01149536884211344,-0.0017986814705590604,-0.005356771504669622,-0.004318788220541658
2025-12-02,0.0018521605335179991,0.007825880979203337,-0.001832061796848805,0.003378396671502415,0.0003684467954085946,0.0004506452790375981,-0.006440050713598433,-0.012102457640002506,0.01030215314390115,-0.0009453787361288768,-0.012921645392957148,-0.005988720872719289,0.008716241493972987,-0.006558309269491636,-0.000676353172874733,-0.007117794557318535,-0.0035443659165593777,0.001864061249633009,0.0006315267335939012,0.0012993007022783498
2025-12-03,0.0034628390228845785,0.002443807366697026,0.018191473858247598,0.005366229492136387,0.0007366938127175704,0.0028151081217682172,-0.0009296182229129313,0.006552802476705866,0.0023849042231878226,0.013436875854865304,0.018748698563213706,0.00466438208093356,0.009492197010950498,0.0007617848514578363,0.010785055790705655,-0.0031861227131385617,0.002556511182899346,0.0008683231136064062,0.0022538349816247916,0.0018964532284593272
2025-12-04,0.0007310609522068745,-0.000930273544088478,0.008773088386818673,0.0027209429365027127,-0.0001840199798028852,-0.0053895996692798764,0.0006461951944911615,0.010331102316804897,0.003724389270501005,0.002054141401745202,0.0042470628085404805,-0.007609029798181899,0.005187605990141231,-0.004820500806250849,-0.0035567027364332704,-0.002054909253451642,-0.0024390350954195394,0.0007435319325961309,-0.0017989847576616036,-0.002390977201295885
2025-12-05,0.0018996042949284142,0.004077563282360641,-0.004169663134481749,0.0,0.007546422590215318,-0.0046287750009462725,-0.0017823532991587676,0.007423991929235374,0.007317863036455874,0.00037275403418512987,-0.004120697955766861,-0.004158375939079528,-0.0027740165194466426,0.00012749867680161842,0.005542958005292142,-0.00938004069809717,-0.0011114029680531212,0.0,-0.000991274864990288,-0.0010984450553307434
2025-12-08,-0.003004290995962333,-0.0019185406972982433,0.0003986681557817118,-0.003131106208894896,-0.0021922457566182496,-0.003289164366343189,-0.002639449868615862,-0.01988320830899648,0.0070258571672332515,-0.0037257904825921395,-0.010888460733342153,-0.011940722142304905,-0.0012290264293597364,-0.008284559151094939,-0.01453264037954849,-0.013394803277361977,-0.007676860576925182,-0.002476730659956683,-0.0020746246501794907,-0.0015994306825026783
2025-12-09,-0.0008630954932499213,0.0012333538728599436,0.0020727889554805756,-0.0013611652354300618,-0.0016476898802546547,0.0010241530556380773,0.005137202012788666,-0.008937399241173427,0.0026418841381607994,-0.003739796364552239,0.006164637500483794,-0.009707299606956488,-0.007319156780038805,0.002313248409452795,-8.474997811169782e-05,0.0007021333557428733,-0.0038121517630747004,-0.0011174850547690518,-0.001265565047970818,-0.0009012938639095802
2025-12-10,0.006632175045054867,0.004095781319732872,0.01360436980115498,0.011113547899590737,0.011186463719847994,0.0038650041694578974,0.004259147967166088,0.009733757504076346,0.004796533796643132,0.011449065668475589,0.010503373275662087,0.014537278771544537,0.01826952018366801,0.002949263679128844,0.014663445286025034,-0.00046779106617267363,0.003601632288448453,0.0033558072994759325,0.004615765874096178,0.003207034409669962
2025-12-11,0.002326892036534245,-0.003234494500313878,0.011734124980468774,0.005910393531507241,-0.004715244662215068,-0.0013588882104420552,0.010769830543307712,-0.01828750919740052,-0.0051098084976758384,0.018185123103631184,-0.004764057491198792,0.009464887175424597,0.010701095881063605,0.007414963573068256,0.003926146146552734,0.007254843609643569,0.004373756184226307,-0.00012387714008177397,-0.001441406280714319,0.0001998974185724034
2025-12-12,-0.01075200956203659,-0.019118427936246296,-0.015321862733181146,-0.0052571748716248035,-0.01166174951968968,-0.009638226328361421,0.005594579039939429,-0.006353825868682272,-0.028924915701652898,0.0014579948340966986,-0.009791154198620533,0.0031253810131386395,-0.006276513762401459,0.00786791711634316,0.004326819869961085,-0.004879120903162892,-0.001228364812502436,-0.0018583873129327522,-0.006044749168643837,-0.0030964510089531716
2025-12-15,-0.001510850004248554,-0.005019220942957925,-0.007563487959096893,0.006113835694151026,-0.002949891428105089,0.000686990015412281,0.0009103412637567754,-0.013370123551623592,-0.009673585082078717,0.000727936089989667,-0.007031367866579874,0.013241585320747706,0.001594916589840345,0.002770021585737359,0.008533638618700934,0.009105756804904441,0.003130366985162114,0.0004964926257120528,0.0011801052660234124,0.0010020749813910435
2025-12-16,-0.0027322728752857683,0.001981859138949993,-0.004731460132035181,-0.004634862176850829,-0.006320705730391563,0.005491875005044555,0.00022745542760316262,-0.025335119106885462,0.0018270820727595005,-0.006364789998078435,-0.030537711334280848,-0.01300433540789836,-0.0059239801754091825,-0.004520286168318011,0.0016429228507441884,-0.0041647897969459,-0.007355519666458421,0.0006203078038897747,0.0022665755883428673,0.0019016100229749533
2025-12-17,-0.01100356428531768,-0.018537114927365983,-0.01064424971320932,-0.008112076030269866,-0.007172545089687232,-0.0009101478189733614,0.008588228474273762,0.02735386486436009,-0.022236150656892106,-0.00018296332074740906,0.022141094163078412,-0.0018175082736903159,-0.01621170189147403,0.004667074688817108,-0.011563986496128331,-0.006505585696882088,0.003705012122762641,-0.001239747174630157,-0.00108547295694561,-0.0002997673039553117
2025-12-18,0.007551360600256851,0.014490078911355564,0.0059457154748041585,0.0071162864591349795,0.011406910630922251,0.004783554279772506,-0.0018032036998043566,-0.011621077912859046,0.01542419903248593,-0.0016474677250029046,-0.01451540563185827,0.0007803792324301284,0.006513454984975464,-0.005775200786691692,0.015101210430230827,0.009822324096138813,-0.005257305882932273,0.002730849216121767,0.0038031400118394565,0.002498363125087444
2025-12-19,0.009063394238406408,0.013035555165832768,0.008363068413167252,0.006749606036630329,0.00977443478957829,-0.0037323989787340084,0.0011289903434381632,0.012501805437842517,0.021619464995230153,0.005500455405111682,0.0,0.006692158395462444,0.008606766985401304,-0.005177508203536796,-0.004005279930103911,-0.012737373639167493,-0.0038232082272876555,-0.00048508358069454527,-0.0025720595766702825,-0.001460313864841356
2025-12-22,0.006229909040435855,0.0047934557612052675,0.011124882059919461,0.0025141227090303975,0.005398314493576528,-0.002170253770438335,0.02308160549906857,0.024989043188900828,0.0053953343531167874,0.012278417537277653,0.010352586092773786,0.006591799930651732,0.011086249456257802,-0.0034931186875282183,0.006011090298100763,0.0037104339261131436,0.0051374339554175474,0.0008710930207653789,-0.00018162936973464827,-0.00040052543265611806
2025-12-23,0.004570434077165064,0.004683254962587702,-0.0059152555628974035,0.006165197058094263,0.0055545592369175,0.0016026029192461877,0.013252341857567629,0.008174382150915926,0.005442338200998487,0.0019884724716130453,0.00655965542207948,-0.001996102492258345,-0.0003821385204149097,-0.004750902626566189,-0.0013895342543975842,0.0035318483926773947,-0.0006799784277800036,0.0007460863191328659,0.0009990353448499079,0.0
2025-12-24,0.0035176469336466454,0.002925560348468359,0.0024992382229265253,0.0012462658907150814,0.0020253578531121974,0.006057083085790005,-0.004134082564786756,-0.0014225618659219341,0.002398169601458555,0.005412167121802147,-0.0029213086896432428,0.005226141191329692,0.003248635380136644,0.007869988429231922,0.003437825163058017,0.004458094369789611,0.006577419463338563,0.0018635279625309753,0.0039012332896348756,0.0022043635287403163
2025-12-26,-0.00010139418790333643,-6.409644817340077e-05,-0.005104738538152853,0.0016595123442106896,0.006982753585108359,-0.0032942703965556097,0.011676735474757116,-0.024501334274654285,0.0015719962342430893,-0.001973843524676999,-0.0038314666707817135,0.001604686668666977,-0.001841270114081639,0.0014081503895855274,-0.004404828127476557,-0.0007009051637562047,0.0011265696193769603,-0.0004959966689596085,-9.049504216451787e-05,0.00019986298928209578
2025-12-29,-0.0035636809822511273,-0.004840524587962469,-0.006125123632556906,-0.0030030232472473273,-0.0025547173790545497,0.0037611261925507566,-0.0435283019531133,0.01650112730760478,-0.004504165553636752,-0.005393679525657169,0.009502187809210527,-0.0015380667816182747,-0.002162628276729195,0.0006389695056077116,-0.009832121908851632,0.0018701486533319045,0.002025790640691749,0.0003720584131707838,0.0013559055680560927,0.001199645789664583
2025-12-30,-0.0012212056239845337,-0.002319436312070655,-0.00740357386817847,0.001661833704901472,0.004024848227240696,-0.002384434876741781,0.0007275678386380324,0.0018675082930346143,-0.0031534706549178892,-0.002530751418255983,0.007619999870962735,-0.0008344152673405159,-0.002868641177089959,-0.0016605777491323082,-0.004054583274176959,0.0023331404344648643,0.0020215188656440564,0.000992314311997422,-0.0011734508772062169,-0.0003994027880152018
2025-12-31,-0.0074088956888227475,-0.008265628821942483,-0.007539437936626814,-0.004251398843861942,-0.0030976646847500344,-0.007967233138398644,-0.006467991163222386,-0.00831652164362151,-0.009903068241895463,-0.007430205541962054,-0.005560635710869066,-0.005652585627518358,-0.008311016051530395,-0.006014233317346074,-0.00789298266393601,-0.0062848520751360715,-0.008182067063981058,-0.000991330600454643,-0.004247097849797821,-0.0023969815171572817
2026-01-02,0.0018330346379591411,-0.001937054598321386,0.01064346112097736,0.010517590276501121,0.027965680334191667,-0.001491597647286902,0.004970859258759619,-0.002891911033057082,0.0022921281051666575,0.002921291374914814,0.021024498359304644,0.004586494947870001,0.01843731077362465,0.00012883890121950792,-0.008876983592257637,0.01147807804224632,0.000338984373378981,0.0004960582410951098,-0.00027233154533123916,-0.0003005295997641211
2026-01-05,0.006660178462529753,0.007942953851077572,0.0158774864167317,0.01143862349970104,0.011024122939343295,0.004940802184291604,0.026313174195160993,0.018271492937333544,0.002217480560034124,0.021846078056322993,0.027163151222448834,-0.0030223457893383543,0.011837017308801157,-0.004376455006383062,0.016476535251447544,-0.011116223773978584,0.002259336838678072,0.002603335832991771,0.002814022215881895,0.0019027974509129297
2026-01-06,0.005947257666825578,0.008786434985910807,0.013255174617998522,0.0015283105413315123,0.007386552577740346,-0.002058017552324931,0.010813149047262716,-0.0243520229955293,0.01403679533693758,0.004810218138023181,-0.02665821625169451,0.01967246959250457,0.013575284530316312,0.0015514563854464036,0.006400672446471356,0.004918063287197905,0.00732653537355854,0.0002471145237765704,0.0,-0.0001998230520494637
2026-01-07,-0.0032235029947706995,0.0009626262495279203,-0.002342979125313338,-0.0037640537049776768,-0.007506980201585689,0.00584339149917934,-0.009559953917111952,-0.01050943217417244,-0.0008181647400549164,-0.014007066828149783,-0.011174297700324853,0.009931015155129286,-0.01882487652235465,-0.010971857162287657,-0.0014041101036894599,-0.024236820498271694,-0.009734889323579687,-0.0002470534732751384,0.0007243530204019688,0.000999786692254201
2026-01-08,-0.00010151182144413351,-0.00568913706346974,0.010920535503826656,0.00010216902222581759,0.00035181853286414544,-0.005012158058264937,0.005522515913727544,0.04056645468152098,-0.01562819408231786,0.00521480863446544,0.03146461620685037,-0.009645460695587027,0.007548527978993302,0.02375348767486085,0.016707983307065577,0.0028660051001012654,0.00892661458204036,0.0007418366170672819,-0.0028042375399232045,-0.001797755774312515
2026-01-09,0.0066134796584182975,0.009960246859353816,0.007589133717647689,0.008882890731858328,0.004747677523108562,0.006640102400446546,0.007242001159325273,0.003402294593913169,0.013241726402700493,-0.003041145680106605,0.0025778770247524285,-0.005122787155740882,0.010988293429590179,0.010326310663518523,0.012121726513674824,0.012383832303951792,0.002015946903644039,0.0007413852394968501,0.003628245688366505,0.0022012755044029664
2026-01-12,0.0015703444104990805,0.0008298325333249146,0.004880303574127165,0.006072330849831387,0.014000647185167248,-0.0029570714612433546,0.018722729613168898,0.0122916468152936,0.004379137104723263,-0.007895166238185314,-0.007070892141428531,0.00044504656884014615,0.007657690174236231,0.011735028352644061,0.0008840597068269229,0.0016467733466032364,0.001341085295111899,0.000493792200032761,-0.0011748991035394063,-0.0004991945992137703
2026-01-13,-0.001999516689819014,-0.0014828122674713784,-0.0005736042189635748,-0.005733892294538467,-0.007421467676817728,0.0017111317767797285,-0.0014210408732292512,0.025540848458931453,-0.002111845719566352,-0.019171710266903563,0.014242491403395618,-0.004066556102356844,0.005147866001084855,0.011598914759086254,-0.0024894813555849105,0.006340939912572674,0.005581013902876242,0.0,0.002171843457350997,0.0008989676326092155
2026-01-14,-0.004915311552799784,-0.010682812199433789,0.007040265744579832,0.004654074567597588,0.004173238400327461,0.005807460413159937,0.010222226854541994,-0.011839993288458861,-0.01215184902873545,-0.0014751190697429584,0.02255322509140556,0.007145555520841285,0.0015854118849625287,0.013808520733681773,-0.01577967332980379,0.007467828219775097,0.008658109703240546,0.0,0.0025282191978674984,0.0014970644978551384
2026-01-15,0.0027232884465351326,0.0035994548970399443,0.008814981008274492,-0.0004028816417716019,0.005887440253616427,-0.0002267738483718862,-0.006127660830587689,-0.02038291343469012,0.005252315171506483,0.004062730660723934,-0.009363269049495249,-0.005701154185497992,0.009192087810350635,0.001702519858003182,0.0036809824426469184,0.010192353542764376,0.006932915273991869,0.0,-0.0012610284827583307,-0.0012956209141568031
2026-01-16,-0.0008377644449499844,-0.0008363319707028749,0.0009416070548899924,0.002720117705719227,-0.0037872619437471222,-0.005775059410880079,-0.004818883830700504,0.007310618480811826,0.0010999509928035778,0.0012875210032678996,0.0016802399516331334,-0.007772808339391868,0.00675600701986423,-0.0031565295979760766,-0.0032599913997041208,-0.005044758806092453,0.012240445461968452,0.0006169602156615994,-0.002885654145987071,-0.0016960731140513996
2026-01-20,-0.020356834003122604,-0.02124716684726291,-0.01196578489125577,-0.015171340621498941,-0.009676825784336707,-0.01309784413573567,0.03783617488689295,0.002930901325896018,-0.02595800023409267,-0.022777316111101453,-0.0018871501503912036,-0.0021830918647318676,-0.020191724994139015,0.003044637061419442,-0.026001649858207854,-0.009910102997147119,-0.018570482295102164,-0.0025897532284134828,-0.006059549077258364,-0.003798222821893349
2026-01-21,0.011541171372927428,0.013518365705840196,0.019841696557961974,0.010304062388120538,0.016576509716315968,0.007616786288600075,0.014568979615140476,0.02059554293026089,0.013888899385535947,0.004887154795200743,0.024159658542860507,0.01840407795009802,0.017305809071027856,0.0009713869513501283,0.019140311630621465,0.0013966438666919156,0.003960395526818594,0.0029674450774166417,0.0060055222730432956,0.0033110555406783426
2026-01-22,0.005223034841890906,0.007269404523167378,0.007468490905671921,0.00393821906130265,0.007552355978729608,0.004352439242417017,0.01846258414950319,-0.020725343863715384,0.007440320422231972,0.0065469694606936635,0.0032821359284198603,0.00018956141326142983,-0.005169620427304511,-0.0020620997554080533,0.010049558522480462,-0.0072059442816831965,-0.009861888677812014,0.0007396417707357106,0.001899297895975316,0.00019990294248173335
2026-01-23,0.00036283245729173963,0.003157455136937104,-0.01845890477650891,0.005532118003654274,0.006303253846087431,0.0027369158235188706,0.013745304981574558,0.029657438909338696,0.0014494653161014615,-0.013752051322659553,0.005724729082940971,-0.005117188136641415,-0.007734133604551219,0.0077793129314902565,0.004159083178595813,-0.0035120019614763853,0.00199198810920298,-0.0004926973218388753,0.000631994263678104,0.000899855197613153
2026-01-26,0.005078168996109245,0.004400072187147552,-0.0031340698993191918,0.005001493897347942,0.0016928516195238164,0.004776462386413716,0.014628847613605389,-0.0063555593063451266,0.0068235145855011226,0.006406561058926563,0.0006099204928460278,0.003937137251158962,0.0009742318394549976,-0.0015680323248391526,-0.006578389934200568,0.00728373611870059,-0.0013253231000445176,0.0004929401921514032,0.0008119897256346764,0.0014983317567620613
2026-01-27,0.0039842915730679,0.009065330559677509,0.0028409603421304386,0.01612414888047442,0.01977356535160002,-0.006225352747051605,0.024531942321975864,0.029667939651367492,0.013485560260871887,-0.00767644139321122,0.009142598436940652,-0.01676169798848881,0.004136782935480365,0.004590583493626843,0.003024789453729859,0.013062830397406078,-0.0003319223379828484,-0.00012329713637238005,-0.0010817745776704468,-0.0006982381370108648
2026-01-28,-0.00010064921396324422,0.0033113909811974818,-0.005401787465550423,-0.010578857513450779,0.006794811659930566,-0.0022778311989494204,0.038773348494905324,0.012688329870560455,0.007970328511381908,-0.0001886235724823937,0.007650504340851905,-0.0073335453352944,-0.005573651402791535,-0.010101067718953138,-0.0074985607125875875,-0.0023025189618417485,-0.010288755468228827,-0.0016014883160820892,-0.001443904334437529,-0.00039920473017573954
2026-01-29,-0.001984439728138443,-0.0059851276594469205,0.0002659376156328719,0.006732044141880111,-0.005102853644219141,0.0002283932874727057,0.0027094717415592218,0.03288953997301736,-0.015814609390641388,0.010567973369983719,0.009190822406942578,-0.003175391660670046,0.010478799099956637,-0.0023081648521301457,-0.00476301072763341,0.0,0.013972722191227138,-0.0001235101404777339,0.00027105657854309406,0.0
2026-01-30,-0.0029825340247910948,-0.012010902567618276,-0.014124777559572754,-0.009342220204772822,-0.022170775183136038,-0.005592375388502102,-0.10274245274560045,0.004801582718582553,-0.020357895485376032,-0.0020541257483764896,0.010690890499590378,0.00598114847571396,-0.002532234124690058,0.016802687884682754,-0.00016507801773357755,-0.0018464100338867473,0.0009923241924520987,0.0011108427345511984,-0.0009937476088148767,-0.0001996035568694321
2026-02-02,0.004971211279279464,0.00686646308459915,0.009743954506044927,0.0065516031159906785,0.0030456900877002813,-0.0028571765151508277,-0.04004945911975222,-0.052691083864338406,0.009591151273422138,0.011040340469807841,-0.0195885914928714,0.006139260870767549,0.012632884210600714,0.011854909885774534,0.006602310244718801,-0.014566475945424373,-0.010352473728008738,0.0006069132860229143,-0.0009259758931772222,-0.0011524655175311205
2026-02-03,-0.00845533075035465,-0.015364061652258676,0.0022885834735890676,0.0004930577906379074,0.005398090409023171,0.0024264256841248777,0.06358720612372104,0.028408327859169358,-0.021891733357622956,-0.009254103717742934,0.03236760118314841,-0.010212498351662602,0.008416468239687003,0.016212975331381996,-0.008034766191683751,0.01454723981002437,-0.0022257325947754314,-0.0006190239014953747,0.0004542953807102901,0.00010040864825899831
2026-02-04,-0.00484383887388995,-0.017469043474581114,-0.00860038665903562,0.003252837447508039,-0.013422768703556631,-0.0025357779401552483,-0.0007044119795716064,0.0052923199464889326,-0.027871641921993207,0.008032889256998965,0.022450197466388877,0.012524294735896557,0.0026636899762755295,0.013042896708499008,-0.007355957854427997,-0.003700326343097471,0.014387692780529981,-0.00123881465887421,-0.0012713779422828253,-0.0006017624390640686
2026-02-05,-0.012489370624430896,-0.014395220182709001,-0.018002410133599933,-0.014246357753057493,-0.004591843821618147,0.010862099569655115,-0.026631707613677613,-0.015279851746007767,-0.018027786860153938,-0.012416591034141278,-0.011735773050999043,-0.007626866680917055,-0.006021645344356896,-0.0008046353288277963,-0.021565421535979845,0.0004641909035034697,-0.0014293446668655063,-0.001116316101737569,0.0048193285232174254,0.004315489781775872
2026-02-06,0.019184951600759614,0.021137831921498096,0.03592219204299685,0.02272494655905022,0.026311275914818966,0.0006857530246140442,0.03073229479090611,0.003911793099661054,0.04055144234856756,0.01820228068511409,0.01991958458368459,0.018535288681496898,0.028568046024870286,0.011734984231173584,0.0040847033884712225,0.005800552505856427,0.015745469581307958,0.0034767661570977992,0.0005431262710149376,0.000599615807235665
2026-02-09,0.004821764563112119,0.007660174895975258,0.0070184774266548455,0.01344893440490158,0.0073247921364336666,-0.00022857744592919005,0.02540290594406658,0.013378345341941822,0.015730285628470897,-0.0058975694666831835,0.007323917567152227,-0.008813511242619088,0.0030025709424883473,-0.0057994800417381365,-0.00372897623977253,0.0029988525449775594,0.004227606207293455,0.0013613750536221048,0.0,0.0002996673832955654
2026-02-10,-0.0026371350560441265,-0.00463928455963436,-0.00269784286544672,0.002404111658458552,0.001487359786508602,0.011540228178557266,-0.009913720520981939,0.00012819964958765695,-0.00558070707686853,-0.007230198865545989,-0.001118569855169782,-0.006333258227988248,0.0012091034376258136,-0.00320252145865485,0.006635440832255313,0.01655937725957779,0.013385098239035553,-0.0009887003156269225,0.0023516523633928532,0.0028952908168426994
2026-02-11,-0.00023116280847257364,0.0026820051158211733,-0.00454623898951434,0.006715338409279292,0.015841587792086775,-0.005308836786896642,0.011310577541873812,0.01102141001929291,0.0029463137292353725,-0.015125985826409782,0.02612919061225316,0.005922805027094302,0.005347591218191505,0.0143430763423964,-0.004817007997638512,0.008823458408026008,-0.00553893914672321,-0.00012350123447235628,-0.001082902622392079,-0.0022895848431215837
2026-02-12,-0.015448908452140975,-0.02033892582622543,-0.020418786967804525,-0.007528123561252764,-0.011371024008201225,0.013286477746737413,-0.03472828959819363,-0.03181648061414255,-0.02629914480569695,-0.019909115382844123,-0.018188387138407536,-0.0015999664642758482,-0.01195387281393201,0.009162936597936211,-0.01384181778024518,0.014801568174261703,-0.0011782183160630177,-0.0004949496189201597,0.004697499176682163,0.004489956940775697
2026-02-13,0.0007046233276368774,0.002131025653470342,0.013177105165992131,0.000864085047637797,0.004272099570131305,0.005491260490038785,0.024878663914389865,-0.0020947373457477214,0.0025139492114716333,-0.0007736904894412033,0.006854291796931866,0.01070515697331964,0.008220018900033654,0.0033628212900811416,0.00043061086653195524,0.027624211442834667,0.014369863826317664,0.0007425464894614819,0.003326722837474483,0.003178839174766246
2026-02-17,0.0016134293041962788,-0.001030077782878669,0.00030413802982587335,-0.00019182007811979762,-0.004090306581330028,0.001671975164436068,-0.0311702543391007,-0.006428730725819509,-0.000573116459832268,0.010648518521758188,-0.011039503038048237,-0.0019027073801629601,0.005224896991368189,-0.014635254979956103,-0.0012049800113798081,-0.0025805538480092594,0.009514789137630153,-0.0004948272830939127,0.0009856758417052802,9.903849609260718e-05
2026-02-18,0.005037695790158558,0.007467209057409274,0.0036116360559486083,0.0011513643701248633,0.005257085477405221,-0.003783321109685489,0.022489929267582198,0.048461613710060636,0.010252293890234965,0.00747127894971733,0.01916270917686469,0.0019063345770318207,-0.00022858211096365988,-0.0018141366883576149,0.00844523464957625,-0.0166020034011084,-0.011728903093656373,0.0012377297504544416,-0.0009847052415375979,-0.0013862464207842207
2026-02-19,-0.002637440014283343,-0.0038297237800856143,0.0023108337308868077,-0.002779319657191026,-0.002451363913489213,0.0010054721581289616,0.0027930496262249527,0.022544091701861335,-0.004967566655259104,-0.008366637125841736,0.007302016919323195,-0.0026003994117871354,0.007426838758112897,-0.004202550590215459,-0.006665428962795428,0.010962589149535962,-0.002119363482560699,0.00037077162184639967,0.0008065197845723571,0.0001981768814931506
2026-02-20,0.007231834702975171,0.008848966575272899,3.762195784662303e-05,0.008169101556736225,0.021297508080049266,-0.002343306310418569,0.019714504323102178,-0.004187756584076108,0.004778512541479207,0.006519730304865634,-0.005436760112574768,-0.0027978476946096675,0.005047126340738339,0.0025094290971190425,0.010409481063425208,0.004771156445486868,0.007539511466119864,0.0007411703510287193,-0.0008058698346070647,0.00019837071827533137
2026-02-23,-0.010211295817177612,-0.012155050937099343,-0.015570027853134993,-0.0040991442797125854,-0.011068331681383325,0.003690799094291819,0.027015500392687075,0.0006184669474522675,-0.016751835882032662,-0.033530304870508454,0.004919867491644414,0.010967950899011258,-0.013541607726596294,0.012287994252431211,-0.0209450841326404,0.007554463348488083,0.00010543993136735708,-0.0016047940613899137,0.0010752185894413735,0.0019820707815390026
2026-02-24,0.007268586321031556,0.010741486606593798,0.010902403829482266,0.0018187239095353025,0.015733992801168828,0.0017830016130542248,-0.01385890426498504,-0.0017305239432369168,0.012994421486232755,0.004928118881952992,-0.0009066548309402123,-0.00422612599822636,0.012297566878895827,0.008654624474622175,0.015218726085028278,0.011139779965798624,0.0025292992878469533,-0.0007422044246688797,-0.0002684102052267212,-9.869816117491492e-05
2026-02-25,0.008438139639442843,0.014493219410373515,0.0047470117511438925,0.009554810591028806,0.011018840426623155,0.00011120098374806098,-0.0025072627221415233,-0.012753823081374072,0.01917044273902757,0.01745774966752811,-0.004174269871680125,-0.0002532424674309697,-0.007797510157081744,-0.008134613406557634,0.002998065077168155,0.003389709964620291,-0.0027331612457085486,0.0013613750536221048,-0.0002686232782023179,-0.0004946250716368894
2026-02-26,-0.005554395000458845,-0.012064483343630195,0.005329135767488058,-0.0008518829738417555,-0.00947717028156414,0.004003840075247789,0.008575889154321725,0.0005016089859393169,-0.013984938670796865,0.01214581348498256,0.0032804859052688595,-0.0025977630911706573,0.006264240792654752,-0.0016851014682172094,-0.00034158560892616485,-0.003800664320699365,0.006851505663051816,-0.0008651250356259688,0.0006269560641321004,0.001583443869005663
2026-02-27,-0.004801907270092998,-0.0032007731474020806,-0.01721866957229168,-0.0017997735086788813,-0.002073003830367126,0.006092990777738061,0.01313141674919538,0.027328574613463497,-0.015956419720291604,-0.02038096941644696,0.015803802274705125,0.017659690180667376,0.002490045519254247,0.012941734801902305,-0.0016232500298907215,0.011657460779851636,0.001779811660489461,-0.0016078696482996202,-0.00035803613514928667,0.0019762724921534858
2026-03-02,0.0005685897092166936,0.0013172559930003658,0.009180945597552448,-0.019738037204429904,-0.017257935959388626,-0.010042157419222542,0.012919896640826822,0.06394149711162944,0.0056212877676651285,-0.002527787606978471,0.020028641564078464,-0.010424497535458044,0.009935702854316775,-0.014442938969697172,-0.012322466853045055,-0.007542403685286914,0.002507989265156496,-0.0005726076645462541,-0.0033874029924492177,-0.003996696398257837
2026-03-03,-0.008814360718000014,-0.010705570377263718,-0.01732310554119021,-0.031074553058576204,-0.050081329341935654,-0.0020087889107713863,-0.04461221500318879,0.0345222436352004,-0.014619471015556829,-0.0017543200705671946,-0.009116422594263596,-0.011291169253625388,-0.019340445750161472,-0.010934536108636927,-0.009183789594064073,-0.00633310322551317,-0.0053163692857188805,-0.0019930765674892603,-0.00045078355477634613,-0.0010925545939681758
2026-03-04,0.007055426061514547,0.015243260269211634,0.009720846261177973,0.012888407402179336,0.010783994998970536,-0.0031308386555661816,0.007818116439543887,0.015077612598279222,0.017018173783104773,0.0056629444536351325,-0.005838615213121567,0.001977862487307025,0.003020964224030198,-0.006610368983805515,0.01775094543896194,0.004249005611728807,0.0012575430587002945,0.003494849495743191,0.0009019737044655418,-0.0003975787863707003
2026-03-05,-0.0055756895160732345,-0.0030128657973149675,-0.01910146266994872,-0.021897736562690007,-0.024047375379556257,-0.004038044018293885,-0.012017768242597593,0.05187855096828975,0.002431333074014441,-0.0052426712033221134,0.005160964160021209,-0.019993655555692214,-0.022219664189103816,-0.02007798509247083,0.0013746918452979262,-0.007827364634828027,-0.010048037549641453,-0.0039802034972354905,-0.003965065449071825,-0.0028848946094327532
2026-03-06,-0.013106994348447198,-0.0150432702215606,-0.022861863380823855,-0.008874659310248223,-0.0053791804922151965,-0.003716614152587727,0.01583250339069653,0.12937389056512183,-0.020616424753037488,-0.012883043366119007,0.001593590152803026,-0.007861700239844782,-0.012321235663432017,0.004331957663556318,-0.01810380384530208,-0.003411475794381502,-0.0108902800407501,-0.004870085042560701,-0.003347440799120416,-0.001197052768153295
2026-03-09,0.008759848345474275,0.01335562691981207,0.010881278351204893,0.0072243035374577325,0.01971388769738236,0.008704480314468022,-0.0020696732193965506,-0.04082003262886691,0.01799121236698009,-0.0047459469513772,-0.0044193441328277405,0.010216003686473796,0.005884408485125725,0.002215063501538994,0.0013107084795573876,0.0023533401265947163,0.0022447956161566474,0.006023399080440361,0.005991223443186922,0.003196174580500033
2026-03-10,-0.0016071064194473905,1.6526024154916996e-05,-0.0010251225904031047,0.0023234718809561627,0.003934964092247251,-0.010646709591808245,0.01127967872100144,0.014664993313950658,0.0,-0.00536454517674656,-0.012784040378433836,-0.007195740978560683,-0.005382018393661481,-0.0029080251235859,-0.0013089927716318783,-0.006189852568527776,-0.0014932064254321586,-0.0016215719406682538,-0.006857993932155582,-0.0032855732820467054
2026-03-11,-0.0012550721328115078,-0.00013160140775214657,-0.002012936808591048,-0.002116482623963578,0.002556284792043062,-0.012913555961436174,-0.003390104145245987,0.020687723680138603,0.004793898837569088,-0.008390001511837109,0.024820178617908306,-0.001958661529509076,-0.0031172682312562427,-0.01318256537169149,-0.002621484040770894,-0.008376388198967355,-0.010360965536084454,-0.0022488850297983642,-0.008177222102997428,-0.004495011020145379
2026-03-12,-0.015184929448649576,-0.01716334428476407,-0.021514755069270697,-0.015655003018721247,-0.03195652614584865,-0.0019508458808363827,-0.019653925633074443,0.09569640023922621,-0.0184434419397822,-0.016317416494880166,0.009301419590461713,-0.017598978017574374,-0.02507520346838421,-0.0040192844017180596,-0.02295427143945372,0.007147434799837482,-0.006907697306916094,-0.006386268681749407,-0.005404965158034236,-0.0037126540179829304
2026-03-13,-0.005660153274538393,-0.005927220208166384,-0.0033143725657029943,-0.01190231947121656,-0.002633871051145986,-0.00494411126152261,-0.012936961278600778,0.012669989084662214,-0.007544816617327754,0.0012287064997529296,0.003303811884577179,-0.0024642086374973005,-0.0035706413806815274,0.005815995922498596,-0.005918217996358277,0.009892499953938039,0.0016301649070931123,-0.001890334145149608,-0.0036842537776159423,-0.0008057231369088536
2026-03-16,0.01017678036768932,0.011217504869518224,0.00944894634071769,0.018691564716567077,0.027816914387340796,0.007742077383452228,-0.0008896876689686861,-0.0405371643597755,0.014473694079201849,0.008386146919323156,0.003466209413796051,0.008144767820746912,0.008563685657108522,0.002832222196425427,0.012087294487740596,0.006388396777365468,0.008355088405068267,0.0031563243604162405,0.004807132192290453,0.003931126716633759
2026-03-17,0.002630641382033616,0.004880223770939329,0.006326488267638375,0.002752361201052933,0.006337738242366164,0.002751733946555701,-0.002519392047785618,0.033121773441933344,0.005476254739639641,0.00527392244878544,0.010535319952585276,-0.009072175578984876,0.0026495906828361004,-0.003294942514430854,0.008734406962182417,-0.002750663831156186,0.004411891852459382,0.004531470394400161,0.005612365715605971,0.0020080382725269352
2026-03-18,-0.013953630828001051,-0.01393968844637461,-0.01611676867119527,-0.017078402085986766,-0.020255235138636474,-0.005603109715134669,-0.03163716142328721,0.023813546939267072,-0.011322948376135011,-0.01190483239723783,-0.0013672231991374018,-0.016706721587331108,-0.007927951462901595,-0.024321074466626902,-0.023060591027352917,-0.008487192654910491,-0.014784642640231827,-0.005137112535854804,-0.0053979707569952184,-0.004208547130074791
2026-03-19,-0.0024643625774001254,-0.0031602592610894265,0.006544218776832089,-0.001758266139261666,0.0010423032837416635,0.0060948927811277365,-0.041215062676522196,-0.035423667489573596,0.003406649749229995,0.00040845050987314835,0.015916537334023095,-0.003602150035270868,-0.006780454220318033,-0.008107424742277991,-0.007868311591470944,-0.004065828961006046,-0.00402361833330378,0.003274495330753302,0.004415410989804247,0.0011068464155261637
2026-03-20,-0.014335866992629342,-0.01848165384048972,-0.021847096396557797,-0.030356373310371,-0.034363056205808484,-0.018973527596249595,-0.0305574415876555,0.03467961548787879,-0.022682788871691617,0.0018371192192478958,-0.00084235198726057,-0.008730572926330837,-0.014567823850746398,-0.008295788278239513,-0.017866917587570752,-0.04061022867802333,-0.031007571303458548,-0.009289673395141529,-0.012272151043627999,-0.008342475514035552
2026-03-23,0.010500055284356824,0.011478937044348214,0.02159191608447042,0.024040958160334247,0.030014394631223684,0.006524402964108278,-0.02259421410703788,-0.08951661631609753,0.013528441171366978,0.009031464617263563,0.011964359060907537,0.00024192950901169574,0.01136982016367849,0.004267970581184333,0.024143450458471882,0.009923237815024688,0.007774594921042377,0.0065891242473967715,0.006583162557695532,0.003750284928513148
2026-03-24,-0.0033568197458091475,-0.0068368493321682156,0.005374787450826535,-0.005947397149499656,-0.013784686361133947,-0.004398721200259081,0.00022274115430986896,0.03599858397992728,-0.005841512903260404,0.00020295729756636405,0.02029178342934257,0.00013804500011960208,0.005826346120271886,-0.0008623497234394595,-0.003995675867623283,0.00692268065498558,-0.006599244259151371,-0.0033987064296860936,-0.0020265082545732893,-0.0027264352488396426
2026-03-25,0.005572814791767078,0.006575664604969944,0.012219691863308846,0.014590200381478402,0.015923523882504176,0.009650052084724248,0.030089336389747867,-0.01004017388411782,0.004480374615621674,0.0012174966855604819,-0.00443787846831345,0.010014584635406498,0.006707418748732152,0.004931638911897185,0.009573370284433613,0.0035484843744211236,-0.0007963858318915662,0.0031575198710378505,0.0035997281879287524,0.003543936072270215
2026-03-26,-0.017858712243157604,-0.02386793610202098,-0.017393454268208153,-0.020691055267872405,-0.03396019118935334,-0.008406197000872861,-0.0375939695290467,0.03413001823276596,-0.031149479611800812,-0.005877567304253706,0.015684289605220947,-0.0034190645355268723,-0.023198087641348786,-0.004539341465339852,-0.017158899786811066,0.001768011310759876,-0.0013661063335737023,-0.00629565984205116,-0.007817600343179687,-0.00565022620221145
2026-03-27,-0.01705191879256185,-0.019536759877538112,-0.01753958774296338,-0.009085151165924676,-0.004867503234149084,-0.005458151922962062,0.035093842463368,0.05918467239962144,-0.01947173911136335,-0.025280288594456968,0.016905179771458334,-0.017016741433358518,-0.012835727040534928,0.007887532965185517,-0.028944213100369764,0.005735746332094616,-0.00820793930038477,-0.0025339783460032184,-0.0024099549206337834,-0.00010157075485384137
2026-03-30,-0.003343469515220132,-0.007643182879722654,-0.014356256112167287,0.002878370127149976,-0.008152186182858956,0.013311547140104407,-0.0002894276132928697,0.04533015314934907,-0.01862677960247383,0.011503852576099094,-0.009590886498565543,0.0039091159798552155,-0.01626876825596424,0.0012228088842947127,-0.0001892159658837267,0.007238327422979918,0.0037930871706881586,0.0011430967749701537,0.006411374887776766,0.00507405783555237
2026-03-31,0.02906792539862124,0.03385378976432163,0.03501525790339932,0.03252894433593645,0.037260237131228946,-0.0010370585838730406,0.037893826237359374,-0.019872154314624413,0.0423529538780445,0.020884971161724275,-0.011297649982009661,0.019399190755464257,0.03269261656102862,0.0012214098902563197,0.03142152301707646,-0.0006532779909659281,0.015687603087435997,0.009516633540614272,0.006278230738255841,0.0023222816271024627
2026-04-01,0.00753442967227369,0.012353248936580297,0.006290265642790116,0.015237420127938828,0.007747847460037205,-0.000984419833446215,0.017499822514495555,-0.02483303467276521,0.015124140587516433,0.001417901319297199,-0.037381610871342064,0.007639271979972273,0.016694511399618195,-0.006343055087593141,0.007524276264085694,0.004794117885005944,0.0036076588902898,0.0024502629089218075,0.001068798282665373,0.0006773436918245945
2026-04-02,0.0009005422726844348,0.0011465661844940467,0.006932222217989059,-0.006186032090596538,-0.011182970768697342,0.006144158392324517,-0.019208815315471695,0.11145138398905519,0.008005429992705704,0.0018204125843750418,0.004748232578649869,-0.006227523782665334,-0.0040138709500193714,0.0052786761683534245,-0.015027296476577523,0.004988050083635898,0.013592567792780397,0.0023937722708009535,0.004233373963520304,0.002323277700789772
2026-04-06,0.004726703240241825,0.006017362300125839,0.004258033601941769,0.00500001739824163,0.009188969794051038,-0.0016130046554828636,-0.004098669687746526,0.007395622723337603,0.00580919377936806,0.007066449350416892,0.007257349637804333,-0.0036101374335831826,0.005129150776597813,0.009402942073831522,0.008229294150617239,-0.0036685789165912253,0.0014406545238350166,0.001759578475649004,-0.0015580308667005882,-0.0018140540808643246
2026-04-07,0.0004400691374961685,0.0001529927014582988,0.00217951055899257,-0.0014215252363811715,0.00350196671315417,-0.00011552305450890366,0.009727589667910319,-0.006189726466387824,0.004752148687305224,0.0,0.008042896831374602,0.0019826205445596656,-0.0020047409010283124,-0.016936881615925548,-0.011647150760079716,0.0021659975491283845,0.001438667940403926,0.00025116631598387507,0.0011014689145258938,0.0012115672357311258
2026-04-08,0.0254696046172882,0.029732056399946583,0.029891984836087904,0.03904432394471424,0.05461525347475815,0.0032317748536192514,0.00629906958171822,-0.0977694077417357,0.030997618358670653,0.026463504030222795,-0.03507317375284158,0.02115026240231166,0.037497001925956175,0.018705308996882275,0.02830109943045045,0.011022219205883754,0.01801315101324774,0.0058955532740136984,0.0038506846047632326,0.002621702523535996
2026-04-09,0.005769096571727417,0.006764589558553746,0.005720357518518071,-0.002348623986801357,-0.0026472434814341916,-0.0025310076509643675,0.007778530578574028,0.019104167751141432,0.002681908296763069,0.0025390628517096836,-0.012403036774534026,-0.0022716825417188335,0.01026755484165598,0.008093717217329877,0.01732533544699133,0.00790941461320882,0.0071645368320854,0.0011222147756384526,0.0,0.0006033118003574423
2026-04-10,-0.0006617946789001516,0.0014421636444248431,-0.002519425769022532,0.002256012619135772,0.004645004271538911,-0.0024221535867821054,-0.0017811851128632927,-0.01685569789760788,0.003871233341848912,-0.010909852658276042,-0.006802764198954203,-0.013527093336212492,-0.0038910550892843343,-0.01294180953301416,0.0013304555950761632,-0.004029767342062063,0.002155642906983557,-0.0039859070763018645,-0.002648588392604956,-0.001708652816995393
2026-04-13,0.009772337225445238,0.010342659981562141,0.014427950800690148,0.00616558995690486,0.008421392014905438,0.0030061768407292355,-0.004049183335572026,0.02924212093256595,0.02096489657073186,0.01753005243186223,0.0029856701409092246,0.004480383596030979,0.007054579096244407,-0.009955078647571614,0.009123955078433887,-0.012137969155278427,0.0037642189377209423,0.003751901703340277,0.0038462435772490533,0.0020136065260265568
2026-04-14,0.012184915010662545,0.018156875523408278,0.013769874581073926,0.008073142010785572,0.019158372290253745,0.005302534374170609,0.022349346089928224,-0.03596172415881871,0.01600172769080377,0.0023228121405232116,-0.02031176052064354,0.005811931474542398,0.0035894211525626663,-0.0009810439289775763,0.022120845410247947,0.0017245636654685814,0.009536089591878127,0.002990223703711603,0.0032839958084052157,0.0026126393588938868
2026-04-15,0.00789104262604634,0.013999461125057566,0.00249336796762889,-0.003184102281321821,-0.0006427018713517363,-0.004357300620615678,-0.010402401583740839,-0.010173614467130943,0.015952340238294616,0.007531941624466132,-0.003395852442688474,-0.00712227740867355,-0.012518041510980793,-0.005032479042648252,0.014943283740395774,-0.009683689124293626,0.0007428864053682371,-0.0004968522763185712,-0.00036359931057539097,-0.0016034744000570367
2026-04-16,0.0024573146961406334,0.0048164068171479,0.0020787866871581073,-0.00290387788364177,0.004019285071910295,-0.006334302242976042,-0.0008627455164704756,0.02651113546852657,0.01144383629280643,-0.0026836030264538735,0.014705890507735075,-0.007849996855795127,-0.004965539140445618,0.004564445860131494,-0.004653974539247541,0.007170694289259982,0.009226903779115503,-0.0013671450697599896,-0.004639016859956713,-0.0014053032236609475
2026-04-17,0.012085709684531931,0.013084099653997816,0.021596619217000956,0.01271724860825385,0.019055225819143873,0.009156228925270682,0.013293051904224695,-0.07787663467542938,0.015326905193404183,0.007687942370113721,-0.027571550145796486,0.014937605284098154,0.018669663139076142,0.01264891423774439,0.023633471436291353,-0.004099154670853644,0.015973125408830446,0.003733690840108217,0.0055743831325223425,0.003719270283726317
2026-04-20,-0.0019997769579219726,-0.0031748578483062895,0.005692941908638005,-0.003930187355869141,-0.0072281161075423705,-0.00022966261745438477,-0.008611208936292747,0.04550154031057363,0.0013605296572674064,0.0038146444186042405,0.000908658117436012,-0.009274268340873748,0.0022476232535439955,-0.0008488700051052511,-0.004484621074906658,-0.008882102710073059,0.0036200796944299007,-0.0008678986357542051,-9.083250727126568e-05,-0.00010014201604124917
2026-04-21,-0.006546877598048839,-0.003803257976491281,-0.010239824589689306,-0.02194215561783397,-0.014719890618322906,-0.005514065963025394,-0.028320000717914517,0.05712166438021704,0.0008410364846951346,-0.006270222639546019,0.014527015740641636,-0.010174884280493623,-0.014145990224607496,-0.006675654387952701,-0.007508166997914345,-0.01748637870743619,-0.017726430401205806,-0.0026061526856295814,-0.0038171585053335955,-0.0037060156825311497
2026-04-22,0.010126679110719516,0.01673046242606646,0.007176417393270684,0.0033455257567964747,0.018152611391724527,0.001963722721125105,0.013245809401008168,0.008966814007675517,0.021979383396314445,-0.0017208641929060686,0.011992089211381174,0.003152332107924316,-0.002333269964103213,0.003299220194625363,-0.00033622214334183553,-0.0017798110390785382,-0.008288773167898889,0.0016174550586591785,0.0019158212211047854,0.0014075008568861236
2026-04-23,-0.0038807172806204493,-0.0056326671539821405,-0.0034722333923002946,-0.007158966728954441,-0.01625117507202889,-0.002190500443924215,-0.00969535708776803,0.041112886979535634,-0.014232331777375484,-0.007852891934182482,0.007782114200839185,-0.0009563174494670035,0.01771526626119524,0.016684925977510368,-0.010005924679333256,0.027189671980684782,0.010262431800281968,-0.001614843122481724,-0.002731786253327595,-0.001606211005699909
2026-04-24,0.0077492429694283604,0.019127514037256654,0.004101250334229034,0.005235009317145378,0.02229350482485959,0.0018487004831864162,0.005127114447075254,-0.017220956823018607,0.02810578702131572,-0.0073359143798962245,-0.0019304881808472896,-0.014086545886370927,-0.009191715015246293,-0.002994675648439582,0.00806871267010889,0.0019527729829456053,-0.0019896694586103436,0.0013686759976416774,0.000730538425657512,0.0014076271686138675
2026-04-27,0.0017229416659827468,0.0005271905772745722,0.0017713574231883467,-0.0038321126332389044,-0.0015688826660573696,-0.004959101884865702,-0.007755303754327758,0.017522714736925238,0.002184536642251489,0.00758467358171111,-0.0017584023297658735,-0.004993584889876113,0.00023183573260054935,-0.010693324007698846,-0.0071615591085858465,0.0002164774603417019,-0.005456533143905484,0.00037285385642515934,-0.002828538137990666,-0.0015060520066501049
2026-04-28,-0.004865980739709008,-0.01005674119631117,-0.011654815602922475,-0.004142854281581343,-0.010213671142709546,0.0010432613174125027,-0.0185629131043068,0.036223313825672454,-0.016939643364298207,0.0007720290007666719,0.016558015998309417,0.0026486285106017693,-0.008868973201306751,0.008987168566698012,-0.007043396329949325,0.0012990022758285757,0.009179119795933666,-0.0013663934758298968,0.0004574937664865164,-0.00040229794591539747
2026-04-29,-0.0001546344034137892,0.006113613321933942,-0.006681100507184956,-0.010202055211203653,-0.004762688311918395,-0.007757452611275251,-0.010665781709228828,0.07901144911926394,0.007982176046999356,0.0013500085056241673,0.022872957045746434,-0.0069521186319218,-0.006141165995373288,-0.0019258610062803383,-0.0014529289646725285,-0.01232438662573565,-0.007840987506982144,-0.00335833946413977,-0.005578828768302069,-0.004426588329713987
2026-04-30,0.009949685183250345,0.009326281061176722,0.021648152064276394,0.02391673512236414,0.020737019101672693,-0.0009334271042631404,0.014973287523456946,-0.02350135052890645,0.0024511495573242836,0.00404471330111722,0.010503196569530582,0.022052716751799428,0.02736433362679036,0.016763102001990937,0.012923654239283211,0.025612970506199373,0.015068427481725433,0.003119837440462181,0.0011035537175292376,0.0014147545092446645
2026-05-01,0.00276905737155686,0.009599640629495587,0.004712662942538914,-0.00215006916184568,0.0021877585712628544,0.003575415774545343,-0.0011330099187530918,-0.029165771928350348,0.01485898135787811,-0.004028419499186309,-0.01341161309986938,-0.0056852610642289525,-0.009279424047381801,-0.001660486770999836,0.002365819865079777,-0.006403347937387838,-0.002802897076481403,0.0012382652513964754,0.00161409050322181,0.0013161779399650797
2026-05-04,-0.0036633809509297732,-0.0018839258859709718,-0.005012874544817025,-0.013712105225603843,-0.0004678204523759222,-0.007592703589502814,-0.02001512681908002,0.033683455572829146,0.0011120320564570463,-0.00654849183210604,0.009175955037524774,-0.0029623780844857395,-0.011447746776862888,-0.007484894195286418,-0.007670863782687221,-0.0038668687236076416,-0.006246032837718518,-0.003247402922399001,-0.0032228354687372507,-0.0031344587039382477
2026-05-05,0.008022242913074518,0.012974028218234235,0.016841815276437577,0.013306897219705682,0.02028093012782972,0.005532140613449865,0.008584306218673232,-0.02330467059943231,0.022091916666737488,0.00019386789083730704,0.0010102875043691562,0.003938399812742688,0.0083635610456263,0.00622451461837592,0.002973133760300506,0.0,0.0031426048226890213,0.0015035336862676552,0.0036952110321026854,0.0018257334975451123
2026-05-06,0.013899418730159985,0.020774385215872604,0.015005593245469573,0.027146174936226952,0.0319570711453292,0.007608610330859911,0.030339261182306565,-0.07088854373658826,0.026565118652291053,0.004845906762481311,-0.04121114222868627,0.0006881309013657688,0.025868510065590433,0.0021413004391610535,0.015245261940988408,-0.014233307751599034,0.013888903526774854,0.0030031399041750007,0.004970090259045712,0.0042523336835229575
2026-05-07,-0.0030660889376450395,-0.0011929535040877681,-0.015829829572705734,-0.018318795715742686,-0.01333533023336575,-0.0049953637847421906,0.001670691560653026,0.0076148137043636765,-0.0019995788371894863,-0.005594193539829151,-0.01842108118224306,-0.004676686076058423,-0.016226626812037237,-0.003086350056463405,8.334453967995259e-05,-0.01290747351193744,-0.007209825455168906,-0.0037426363055228506,-0.004121306381904444,-0.002419560054950143
2026-05-08,0.008256054754597786,0.023440885181338134,0.006766838535991582,0.010399434645328443,0.0202734047130515,0.005020442722501572,0.004841540894531038,-0.010224530416621302,0.0343567670505287,-0.006013477002776435,-0.0044681869043804445,-0.00849913317324924,-0.00459761867698516,0.002381550460803794,0.002669359374201097,-0.008865269198812142,0.0023862027272798514,0.003506164988005933,0.0042302077148530515,0.0023243199783506974
2026-05-11,0.0022775635209937306,0.002896399723285814,0.0040819643680483075,-0.002116225644059555,-0.000735975961128732,-0.006040997518314439,0.0020287362083613036,0.03795199837714747,0.013445875215355674,-0.0011710756314680104,0.02639132458870752,-0.00313613226436793,0.010623480258402207,-0.009622252989523461,-0.006905106824107277,0.009391828026915405,0.0007244334297422661,-0.001996466963710697,-0.002472457871482092,-0.0026214740340797515
2026-05-12,-0.0015148976832113359,-0.008481881888388387,-0.009672894730024972,-0.0057836827352162334,-0.030490490501798084,-0.006662080468323173,-0.003957209812161522,0.04067502697744141,-0.01506652270674802,0.00781562381662071,0.006996700276860945,0.019644905499044185,-0.003941873337472646,0.012834390166351461,-0.009047513727618584,0.0011075819501837891,0.0,-0.001375316812131211,-0.003396729129646392,-0.0029317034095999173
2026-05-13,0.005594852718878274,0.010562283683906104,0.00035383922066811735,0.006689950106592457,0.02111820159721778,-0.0022355261285068595,-0.005612899814961714,-0.015661883006436117,0.009417920631794585,-0.011438503473944261,0.0010422264169083206,0.005896410762080917,-0.004187072969711214,0.003315952111603737,0.0036351170245370046,-0.011506946991588163,-0.008273807822392398,0.0005009018582802227,0.0005527060583268018,0.0004055890070742141
2026-05-14,0.007894249484761584,0.0071077082416364235,0.006297195329585614,-0.0035635052752059915,0.0025293830973036613,0.0014151615858395417,-0.007642296271595517,0.006758707119432827,0.014984417627475155,0.005883408593388317,0.007634857443315379,-0.0005452978390581009,0.005126143881498235,0.0030689545893662906,-0.0004212110990382545,0.005148933735073857,-0.005944351793057301,-0.0007510255422065182,-0.0006443480904406718,-0.0003039504353122835
2026-05-15,-0.012029288059682064,-0.01508774216760933,-0.024081564526991284,-0.01681813220773487,-0.034283204438351866,-0.014837465330542088,-0.02322039069444226,0.03657339669607729,-0.01805017822928856,-0.0037044668489576438,0.0235921567583397,-0.010434301243967936,-0.017821350218728438,-0.00400101151365706,-0.018033133397024725,-0.022939885264829263,-0.014792230253210303,-0.004884062150109392,-0.006356632763812486,-0.006285519369158332
2026-05-18,-0.0007035134425675826,-0.004302225286858863,-0.005871833022379258,0.009241103279037821,-0.0015367565797141935,-0.0011954640434153063,0.00273187497307803,0.007151032781125721,-0.010779432339112716,0.012524545697849554,0.019179122402976923,0.004272737152657191,-0.003792213983989323,0.014886571671175908,-0.0018021760235046314,0.001595574282445611,0.011713374613545602,0.001006776059432113,-0.0018542139776787092,-0.00010206785192068413
2026-05-19,-0.006660884222331576,-0.006162428965955091,-0.010762022353781875,-0.007208311311355797,-0.010928071934439676,-0.006462357255435092,-0.016561892782745447,0.024583117374118668,-0.006423539762691832,-0.012369621804296571,0.01171999585805894,0.010980050831300714,-0.011771609646267,0.00221192114862534,-0.011090045239480761,0.009103344505683841,0.0028416749024877674,-0.0023887865628741123,-0.005015721262727646,-0.0038771528794347976
2026-05-20,0.010249029332388027,0.016563696127924077,0.025164829029097557,0.01667980406294567,0.018674064725897388,0.010720302286961525,0.014337773746013083,-0.05681225196114237,0.02251208359845136,0.010958958691056564,-0.024310629387669258,-0.0012896154159848239,0.011793305389510067,-0.0066211180548232385,0.025297785557100827,0.003833966687628365,0.012699440119768868,0.006427193680126564,0.007748232407003952,0.006043276973616951
2026-05-21,0.0019831294549137457,0.0019070655685766713,0.009361448912296622,0.005500853919931492,0.008707640827418706,0.003694563697522968,-0.0009822799906678004,-0.011991480800547571,0.008242137060130661,0.001355048111941759,-0.011203979937437936,0.006932490562431282,-0.0011714416538959327,-0.01005597008346193,0.00644388051566902,0.011008858175357572,0.0018654996177438488,0.0005009646285880631,0.002037992530485422,0.0012216880124906737
2026-05-22,0.003931565762728351,0.004240633637315083,0.009310018929246322,-0.0020155236080550143,-0.0022717949456511066,0.005461867243649721,-0.0076020599640161945,-0.011365197091987689,0.010022383005187097,0.004059420535782898,0.006088248024956888,0.011744844476530458,0.00727145634099724,0.001653713264479384,0.0040438432853884265,0.007777709885457007,0.0010344499707195531,0.00012525183692102537,0.0018489719577743369,0.001016962636863683
2026-05-26,0.006638589859918387,0.01775510896470789,0.018904483752038237,0.011059767420210642,0.03825142845967555,0.00495980835450438,0.00043495402009452455,-0.0278171886168046,0.02633185000486682,-0.0017326438654303722,-0.027567738033950073,-0.009206723631295488,0.014729015175914517,-0.013797311993568595,0.0022654523055465337,-0.0004409642201580466,0.004650254566639811,0.0033787343732434305,0.003783278596745543,0.002844365991017783
2026-05-27,-0.000173263723814987,-0.0011365795004276702,-0.00048204681766228497,-0.0034243422068699347,-0.00014620528881936767,0.002350196350956457,-0.013309202332427494,-0.04357665124600818,-0.003835020589835758,-0.008293205754899335,-0.014865963733772358,0.0018854101575125348,0.0,0.011359616232804903,0.017580635074874618,-0.004191477403218902,-0.0030858730990984684,-0.0006236821350757982,0.001378970605241392,0.0008104383962250772
2026-05-28,0.005516626676954184,0.008431075515342279,0.005717005985607981,-0.0007635468162494607,0.00321687455747921,0.0051581447715165485,0.010477609933210896,-0.0019079600269331642,0.013121544040442634,-0.002917141918139965,-0.0007019341439282734,0.014046756207456434,-0.0028686206079416854,-0.0017734006001055569,0.004195730321554514,-0.011298141219097446,-0.003817536203674532,0.0012480451423324546,0.0030294861986261967,0.0020241410598340615
2026-05-29,0.002491413132097442,0.0036840064561787234,-0.00547897642734696,0.0010507716516408028,-0.00014575778342651446,0.00023327444461673785,0.010538571648365469,-0.012922483997406031,0.02231740994867537,0.006046468099403457,-0.011589030815379542,-0.009345249299437697,-0.003855010176277318,-0.01800309314249615,-0.0097492163757108,-0.0047054698888661095,-0.008803793264236526,0.0009972110638682974,0.0009152274656585302,0.0006059529368451777
2026-06-01,0.0027230637662387647,0.0060001918709355895,-0.004992555045144953,-0.0034351247215538283,0.021574402364661127,0.0005386466742696161,-0.014048680044494555,0.04965530903983684,0.024814153473204037,-0.00290809284119542,0.01794269830744777,-0.010905285919201813,-0.004216489578415694,-0.01061390727772682,-0.022172584147734375,-0.029716363157682113,-0.016823365010470437,-0.0007636402860944358,-0.0001560286605857275,-0.0004961276267164694
2026-06-02,0.0013579961566574372,0.004604530661185269,0.009273926121255993,0.005553316580971801,0.010273987968302478,0.002105919366896858,0.001677776649860796,0.013062762158383201,0.012515399505840685,0.0005832252670994187,0.011518377722007811,-0.009740234738002562,0.010382842634563128,-0.002438164016492439,-0.005076615636248394,0.01856152988697568,0.004570080494573414,0.0007516556884989978,-9.190895759225715e-05,0.0003040015715893851
2026-06-03,-0.00701716271996522,-0.0026132570557489965,-0.013680170068070097,-0.008569712060892298,-0.012429493215544762,-0.003969568690746161,-0.009904155768766576,0.026152809981450975,-0.009989507147686538,-0.011465177940149895,0.01293990240024967,0.007855254818686541,-0.0008037209957582059,0.004032746563589651,-0.007313513072228606,-0.004328010898870471,-0.0011636877830935033,-0.002753578927313316,-0.002754247032691115,-0.002127442646545852
2026-06-04,0.003778634283035931,-0.004837399690344579,0.015086607393498541,0.007971493948359276,-0.011727658762345494,0.00222713447118017,0.008335974543818736,-0.029248864825609844,-0.015593879924154952,0.02594848907063585,0.0006813699499130799,0.03070139082001866,0.01212296706208571,-0.0014606402214142333,0.004540415360909433,0.005261930872846321,0.01790053860238694,0.0018826685061530402,0.002117440331776521,0.0016243307675560814
2026-06-05,-0.025809369612244448,-0.04800103929422472,-0.035478251480724365,-0.025631170054900676,-0.06526772532857605,-0.005146309050617748,-0.036545333189379026,-0.027204922270455012,-0.06662526186137618,0.002107695170482371,-0.01838301469125414,0.006115252015149952,-0.011239881803496998,0.017064975416791084,-0.020467384055475435,0.009330857708050422,0.007180129975863148,-0.005010755429065372,-0.0062471359753414335,-0.004966548734362419
2026-06-08,0.002264222440912178,0.015615844872174156,0.008734293511420299,0.006062923349470006,0.01795939855837525,-0.0051726572499647405,0.002599431669397134,0.016012551162309707,0.02151953562138509,-0.00630971295180216,0.011444477775749196,-0.0023529068721048763,-0.003157568840178371,-0.004434437121935475,0.004614269864849696,-0.01871460529935709,-0.013637793537526366,0.0013849362960640654,-0.001016954790713842,0.0
2026-06-09,-0.002935437064612745,-0.011507289561625167,0.0032029152033867803,0.00019443113375050558,0.001064685847108171,0.005908699223546865,-0.01633647245916592,-0.02848679998961301,-0.018514380221675952,0.009428460823543983,-0.016115247682993328,0.012577995799103903,0.011345978588003236,0.012399194524314261,0.004159842264348068,0.01056971703424825,0.02304386996433494,0.0010057266962151257,0.0032390526958578914,0.0020373372888118357
2026-06-10,-0.015765592933211114,-0.01997658546297376,-0.010420412723151973,-0.012925161050474143,-0.017623785194817998,-0.002819559652731285,-0.04145558180468856,0.022848438158964868,-0.02290202733030544,-0.004384310508570799,0.014985253693580614,-0.011127633505425005,-0.03382691768013002,0.016527993217889003,-0.02054027426969407,0.0004547884288528259,0.00010237791790967954,-0.0018838917727965754,-0.002306026951694462,-0.0006099978146397733
2026-06-11,0.016996857394830034,0.033775932065986725,0.029640284515414228,0.031111600130448114,0.04392197542203502,0.012959521886715786,0.03134182597256352,-0.0407297177692173,0.03725299200466625,0.007466974524907188,-0.019399213269057913,0.00811239182496215,0.0323587829451919,-0.0025734881424256395,0.024759887378466905,0.0011363663330752338,-0.0007166515420367059,0.005914191465659746,0.008505853998983959,0.005797926173618961
2026-06-12,0.005408207317551872,0.005884675943221618,0.008746259312642835,0.002768895601602317,0.005629651208170827,-0.002442482779554611,0.0005694792310315666,-0.026391379939104564,0.00867858038504088,0.013683046723944825,0.007528043745936186,-0.0018171345605115796,0.005880768485098553,0.006450093461740858,0.0025795252611591213,0.010896698998509535,0.009220392505942643,0.0,-0.0006416959770155772,-0.0012134686176252796
2026-06-15,0.017634009390668393,0.03141368315380433,0.008160776157874139,0.0067322487830374644,0.032889583637671915,-0.0005830018242635182,0.025896360083728753,-0.033644273383047985,0.037824614366744,0.004124507285299561,-0.03475237277231802,-0.005981354067173705,0.01418987486901413,-0.0039616701854381375,0.016895368590562843,0.004715950441789296,-0.007004313486964064,0.0012509651532837118,-0.00018346959573023458,0.0009112659304111315
2026-06-16,-0.005961575485861181,-0.019005412853389303,-0.00868871794861148,0.002209797497048527,-0.01591398724518367,0.005483034314480051,0.002723533282284807,-0.0473558114604824,-0.027895029054480935,0.014749738166720983,-0.0034203744495614474,0.0003270351396742477,0.006548198910533376,0.0012867588855929313,-0.0009276816668469801,0.007152487690643472,0.002453381544361255,-0.00012497909321351752,0.0011927356330605487,0.0012139932976427126
2026-06-17,-0.01248789492983049,-0.010070341710618935,-0.00753209870788063,-0.0050809969485346995,-0.0011655278520698031,0.0016244144785064751,-0.02270955075927472,-0.010738701400023976,-0.0034327187051749197,-0.005519758660759488,-0.012463866425790115,-0.014580898137213305,-0.001390048802652033,-0.02231569391437971,-0.025071826754056725,-0.013315609855068633,-0.024984575736360592,-0.0037486750900403987,-0.00320751695916055,-0.0036375639147157024
2026-06-18,0.010396979807429707,0.02506539581068923,0.019697818587289584,0.006070580942598491,0.03252630449742577,0.00486498106741462,-0.003808571701190089,0.005602725823693033,0.03035517793964737,-0.008880618592048029,-0.01646239611230227,-0.008692260397051066,0.0072939947345440626,-0.004541020552322639,0.014460203526555304,0.006747567072937333,-0.0005230810529600616,0.003511948008691146,0.0027581164983920825,0.0029408989067079006
2026-06-22,-0.0031469282666526377,-0.0025101621760993398,0.00876213245013635,0.001628178938633651,0.005933015447287415,-0.007608098046948397,-0.0065354381359996605,-0.018977977305225102,0.0049055407180012,0.005938178148356288,0.012644027238619682,0.008847461533257217,0.0073919153860950715,-0.006600127587489846,-0.016993526624333954,0.005486169749420622,0.01077857436427454,-0.0008748900432671292,-0.0026588814254493442,-0.0027300845556557096
2026-06-23,-0.014522012225013592,-0.03292899719133657,-0.009591485545354606,-0.02027158834828502,-0.056733618416915044,0.0012776924882662577,-0.018903219228002643,-0.012689682085323506,-0.041425930095442376,0.0033519902745231533,0.00739911442317287,0.014127619544183512,-0.02007707294814587,0.018739350411798084,-0.0102662212615654,0.007826502404723934,0.013148420037964126,-0.0008756561461107371,0.0011951809221606435,0.0008112126322974422
2026-06-24,-0.0004635003677893046,-0.004245791899862628,0.004639012797355235,-0.0019519514935512072,0.0011910351829020893,0.013689058147528188,-0.030213064971899906,-0.044670152123650775,-0.006189264565348962,-0.002969553391816815,-0.01634223045596661,0.007688386918328405,0.011563436887315648,0.00860016602991287,0.011515405011552904,0.01042819209911916,5.156556220109465e-05,-0.0002505876099279103,0.004590880188095392,0.0048627036585320305
2026-06-25,0.0014456368287247834,0.008105545686541538,0.007482509614439525,0.008703299149776855,0.010557607204054298,-0.00034328499172386895,0.009674185334065832,0.028412800988368625,0.008303774658494412,-0.0050261132701932,0.009706896273838028,0.014867908622272274,0.021696830018745006,-0.0059213820753867275,-0.014947397252591421,0.006807162899624686,0.0018554712444793786,0.00037573209064767354,0.0008226302564060539,0.0006048770277047311
2026-06-26,-0.007231332133985857,-0.013763553147168484,0.0030778465474234906,-0.005913723716218455,-0.011330144988809021,0.00011452676670620221,0.011286779419095394,-0.035037913157093925,-0.018746335938915504,0.002245136182868812,-0.0046218730632232585,0.030264115422870663,-0.01585920728061696,0.009173125929411885,0.008998701529192354,0.00763361401726681,0.015227859671660182,-0.0006257577306787443,0.0,0.000906845000119727
2026-06-29,0.01647481275894025,0.024854164910073306,-0.002868284833633994,0.008874546758240287,0.0035719281894479593,0.0010302680604039605,-0.013516094115971211,0.015168737421318301,0.02374244963683192,0.0028000799512404306,-0.004829144297440191,0.0024947506586752155,0.00860926095470238,-0.004013575734982844,0.024044775150505515,-0.003896062523980781,-0.005270062324174596,0.002254761991066001,0.0018264859585792603,0.00030198183561358505
2026-06-30,0.007786815227913024,0.017014713891123634,0.004950400306863223,0.004156600462645876,0.01453364010823499,-0.011778247608853265,-0.0005425733809176769,-0.005976833943822646,0.027560574533821214,-0.002047644104717583,-0.008771954325963671,-0.01294022971966613,0.013514989843247394,-0.015408384868014102,0.0013660919461813137,-0.014776203029273183,-0.01752424847886158,-0.0005000066110149026,-0.00574297671393631,-0.0039247344054941236
2026-07-01,-0.0013525036475483532,-0.015249963514154086,-0.0037610876317530906,-0.008278789305833034,-0.02821225262183058,-0.0067594067603751196,0.006026389031102086,-0.029782090620346313,-0.02571915744587705,0.02182422737310774,-0.005648617386409316,0.005546373975109153,-0.01009557108690684,0.002768787308137899,0.006906548308806881,-0.01257164573539482,0.004044421520992714,-0.00013821987776929667,-0.002097754775282401,-0.0015103990576534887
2026-07-02,-0.0013140507435593918,-0.01733382526666305,-0.005813197516234991,0.013104311274567237,-0.011732947793391735,-0.00011690812934894712,0.020318398961908235,0.0068752467991375354,-0.027098305830191904,0.01533403719627735,0.007763684161841589,0.026325804670811026,0.002999631773484168,0.020288080715702872,-0.008214045888972343,0.02211291476896915,0.012394056817148558,0.0015077874952573733,0.001659558632358893,0.0011167059904970689
2026-07-06,0.008727392224116226,0.014341917254311332,0.0044357732605364575,0.010443578702754364,0.02846275241162033,-0.0007017113649523399,0.01057837238078907,0.0035583295368573076,0.016501498009829918,0.00934921455172355,-0.0016911258864908962,-0.010870861639896812,0.008971733100840096,-0.010471830548122063,0.0075990619044974395,-0.010052359942758549,-0.007957554267203792,0.0020073242809306446,0.0002761348434301425,0.0005071056161203291
2026-07-07,-0.004751890339538711,-0.018524717261255708,-0.009066582207653884,-0.012326905306740965,-0.027378991896943927,-0.010532429189826109,-0.012142502784779907,0.04379491865500684,-0.023914691404370747,-0.001603151696678018,0.028420820671799296,0.015312362395003998,-0.01713732484715047,0.00903687399622255,-0.005253853308465839,0.008830003349042492,0.011929314122803625,-0.0013772526373995175,-0.0072696857276771665,-0.004561168443072305
2026-07-08,-0.0030894091522385425,0.002833298395807704,-0.009149433936301965,-0.007680520580173877,0.007760227126560215,-0.002247194294372812,-0.008053135463158334,0.030205664440282387,0.012389833381248438,-0.019268506127814833,0.0175695318272584,-0.013013833438916156,-0.0107467707927692,-0.00553850391888,-0.017803871728855003,-0.007439792488330488,-0.016260166416599886,-0.0012538275668687593,-0.0019466328194914784,-0.0017309145067655463
2026-07-09,0.008465256756416295,0.016642333885830585,0.012811699112420305,0.005417933003936781,0.008304324241072303,0.0015409784215432154,0.009961224054354512,-0.028517930437136907,0.021775128674162314,0.010369284271112944,-0.014028701059183746,-0.0008010614630640234,0.0038243560719899428,-0.01410123583854428,0.013443183046529139,-0.005070544383973696,0.0029958645081242796,0.0011298225826690267,0.00037149672701053404,0.0014280092706182579
2026-07-10,0.004310118179872147,0.003083152100227471,-0.0042054279605063805,0.003945377880423262,0.0017969863548310538,-0.00023666666605748343,-0.003093719744077794,-0.002843823336512452,0.002319883088508057,0.0030608353343377637,0.004742815235164288,-0.008201217044363718,0.00447243104699413,0.011057752038086344,0.0033375637714829764,0.006204251373336911,0.002368908869652353,-0.0005015551023717091,-0.0023209923027716073,-0.0010185745563043858
2026-07-13,-0.007656140611366324,-0.01897984931090735,-0.008479869303828269,-0.010447655977714243,-0.03587446145200035,-0.005919255444073457,-0.02620621369961662,0.0836246938591303,-0.02422217884159361,0.006462034320061649,0.030137999079532296,0.003543884967587063,-0.008520269206496178,0.005587134326851206,-0.010235366471642138,0.006826735123574235,0.005240528333946504,-0.0023837279387387555,-0.004652855593846983,-0.003772434868488661
2026-07-14,0.0035506379166867497,0.011169877197279243,0.0035095961071351933,0.006974053037595018,0.01813950649527607,0.0013100032373114523,0.013673600487310367,0.0202054269031271,0.012908167332658094,0.001961891846811614,0.003701028028774367,-0.019329680211383038,0.00044354745334285184,-0.01383140003433514,-0.001206496764335152,-0.0006562590327020557,-0.002657695560997042,0.002012120629090175,0.002337266805255478,0.002968003868859981
2026-07-15,0.003963630921285599,-0.0027095386610569427,0.004278175425035835,0.006637191684136123,-0.0015227421487638004,0.00190293297211519,0.0005374505181017231,0.010069061353995767,-0.011109851141788751,0.006763944780185938,-0.007901684575974732,0.0,-0.0021612185983161947,0.0005993969207145344,0.009490983555726196,-0.01028660127857739,0.0029722217467977874,0.0016315347387658719,0.0034511608374732106,0.0014285134365856766
2026-07-16,-0.005418616825605738,-0.016440498089291156,-0.0006084904801550994,-0.008026793645840802,-0.021046168367252593,-0.0003561451675564431,-0.01984695723728025,-0.01713621888882999,-0.02235928924372188,0.003359284446422306,0.009203580261318844,0.02217455283906955,0.0004997968353903648,0.02803397817076969,0.0029059472583576884,0.005528472777771798,0.022583251647575242,-0.00012524600507934913,-0.0007436868507286754,-0.00010189112120617683
2026-07-17,-0.009897199757215702,-0.015029581322824392,-0.0052437400252695054,-0.004623790952968054,-0.014020898763798084,0.0036811722689056303,0.009453124418586922,0.039061156022712984,-0.010872010319791348,-0.008634391033530475,0.011574905337648378,-0.004388212847919237,-0.00410763313500917,-0.007225205391182987,-0.01619222857218816,-0.006597827390457445,-0.0004997080422310951,-0.001879798645951225,0.0005582701074104968,0.0007133890955333122
2026-07-20,-0.0016143534967409945,0.0010498726409937653,-0.005883556343993179,-0.007355096513721904,0.004266083960466904,-0.0074537245649641815,-0.0021986307389650905,0.012504058270455198,0.0006833968835884274,-0.003910396211703304,0.0045075813041488555,-0.01142213935911418,-0.007190248789515685,-0.0038736807413134455,-0.007189903097822858,-0.0050918732926383825,-0.005398821813643706,0.00037668723071115906,-0.0038118790007181103,-0.0025458000227210897
2026-07-21,0.008341327043244195,0.01854722842715173,0.01447098293048299,0.014526643932950334,0.02800495478509535,-0.00274159261038176,0.019613686984128575,0.026611456540809098,0.028854343122897586,0.0012490828275464327,0.009665157172305872,0.006279421261389695,0.0030317000119308712,-0.009427338911806693,0.0022685744200687807,-0.00044498561749017895,0.00040202906708053376,-0.00037654539087061956,-0.002799746912110712,-0.0021440213415092613
2026-07-22,-0.001162766737217713,-0.005106055642898566,-0.009273697905354372,0.0018258931949259871,-0.005356573213000426,-0.0026298991422881723,0.011499153135369422,0.021963418224381526,-0.002821074705749327,-0.0010693165175527097,0.011965844371408352,-0.00511703955533227,0.001063432762326899,0.003806805511056499,-0.007399711631772665,0.02248442969091391,-0.00502415573993531,-0.0016321493170684542,-0.0016847091490034272,-0.001636929740754245
2026-07-23,-0.012349253784127878,-0.01898336374339682,-0.005786499306955295,-0.01294962565104163,-0.00600091402473879,-0.0032358533887866248,-0.020046439653404247,0.05931055021101339,-0.010096010272190648,-0.003925047090934886,0.0030405338614041266,0.012607496765405513,0.017277095999759018,-0.013865822465923383,-0.046132218740012276,0.005660793001298625,-0.003332595019098994,-0.0036467434755053096,-0.0038436112776357723,-0.002459657539441773
2026-07-24,0.0010159657563921787,-0.011171210722356162,-0.0031496064641778343,0.004956288908335882,-0.01965939122390492,0.0009618770135992882,0.0010228383237773642,-0.020073144608880433,-0.014401776793561916,0.008597503340159296,0.0040417775937287015,0.006999472001115725,0.003957311258478535,0.01105633100881942,0.005976492089496466,0.002164966216027908,0.021481380342224465,0.0,-0.00028231967576142214,0.001232821583668331
2026-07-27,0.00021661654234961247,-0.0030837356474000543,0.005975806532120709,0.004835122157366367,0.0045791424671628445,0.006006093452788797,0.007340712640850455,-0.08727778251587726,-0.008983381968057813,0.010122528174409728,-0.021133865514983086,0.005105446160989402,0.0029562635656303904,0.014620305287850188,0.013070029064775834,-0.013177822613047674,-0.0026782949784087684,0.0005048468621411395,0.002635800504099617,0.002360005170446655
2026-07-28,0.0023947666975516757,-0.009719710851298968,0.001570446769856071,-0.00019251536672049152,-0.01980506668794868,0.0058507645734675595,-0.01404054586409964,-0.03422574702907066,-0.018416580408970984,0.012658225292288883,-0.013536664951597221,0.023623058459816493,-0.0038754759995667243,0.019915603888151834,0.014796124721330184,-0.003502552423247929,0.004077945499873836,0.0018920739380807738,0.0030044140050429213,0.002354369738488238
2026-07-29,-0.015387445003102407,-0.02037047288151972,-0.016361521243090094,-0.00500526177804772,-0.020686351874621534,-0.016500537379616542,0.004629481218515252,0.07320109429163102,-0.026418717148040005,-0.015972226422237057,0.018759796313336796,-0.0060983025267954405,-0.03194697545392167,0.0034459276483098655,-0.00773470575155466,-0.01340073334658709,-0.002872630040195334,-0.002266278898931273,-0.005709943410543761,-0.0037785202892524072
2026-07-30,0.01676574369337569,0.03297419933967949,0.01393073862051919,0.02776429371123723,0.041264130839307134,-0.000603471789231369,0.016384653740035837,-0.01415199316534621,0.054991797210611315,0.0056457818463302445,0.005285562622833417,-0.01636185858359518,0.009792789313732175,-0.02163457248760181,0.006988587975841565,-0.005566719951152321,-0.011623315467481854,0.0029026498380853027,0.0017886977958478933,0.0007176306113398923
2026-07-31,0.007199869193782904,0.006495569881900698,-0.004750688462380692,-0.006212312179835977,0.007862811512863166,-0.006642571029308542,-0.014900824749758845,0.013256940441708887,-0.002162351627375214,-0.001052687287535048,0.01000678048527126,-0.00593203747989568,0.00812830252761021,-0.0049140448723431485,0.03292110489503641,-0.006941380304900324,-0.005427736599571853,0.00012578183739497817,-0.0015036549964011492,-0.002561004417292345
2026-08-03,0.014242990614400597,0.017558420982753953,0.01723902603553462,0.004167406747309865,0.003588755969355706,0.003295998891634344,0.00045750903333918735,-0.05457920199969646,0.015340628869515482,0.0077274607939121776,-0.012762371046097232,-0.0019070392344252562,0.018460826976920863,-0.002233983217992286,0.018261694932043993,0.0002255393362089464,0.0012127807209396657,0.0027054793653131792,0.0030059474542143416,0.0023496757803733725
2026-08-04,0.01802895214665101,0.03396794626081601,0.018533450012456987,0.012261866562158774,0.02611940785365041,0.007665149447960484,0.00659119276681408,-0.05191617937023507,0.049764175470473626,0.008713854200893767,-0.004592640352743205,-0.0008629134526130233,0.017689411237567176,0.006009902538403278,0.0006767800534683843,-0.005635652717248751,-0.0015141007428508546,0.0030262708170882835,0.00612570841828064,0.004112780102372371
2026-08-05,-0.0019965624761277834,-0.009048794851582387,-0.006429983168501852,0.0010249777363433576,-0.004242405746922362,0.0021733303362765355,0.04137270374924307,-0.007773376536257537,-0.005296949151821995,0.002073232476056397,-0.020676628620814874,0.012708161593758316,-0.0002681568978046833,-0.0004684925281378538,0.002958805163449263,-0.010201789913030779,0.0,-0.0003772757013622563,-0.00018738899454340263,0.0005119131319524239
2026-08-06,-0.0015978064697251826,-0.0036943750473806825,-0.005070491539739375,-0.0006515842374138492,-0.010651317173381303,-0.005783133646316552,7.699101265035146e-05,0.034731942797338045,-0.0031197420193734837,-0.003275815536557314,0.014831565760841103,0.0017665709684639985,-0.008532418864885538,-0.0025782766333870555,-0.0045515631138741686,-0.006413232003123492,-0.008896033314050311,-0.0007544485916830546,-0.0035599769064654785,-0.002865624209759554
2026-08-07,0.0061153280785064545,0.011726019049234537,0.011098016147157441,0.011084225359919708,0.00953557026441576,0.0029084330020485716,0.022583179330530445,-0.007487165551310904,0.014244829425229755,-0.003632649277204969,-0.011348024696945958,0.007479388161999001,0.0022732740006501384,0.00011748092739560789,0.014902640463277939,0.005301980254590388,0.003977925878771327,0.0018877394777943035,0.0017863839820542182,0.0017447870091831241
2026-08-10,-0.0002974431285415191,-0.0029874614166396363,-0.005239363674725994,-0.004974674346806429,-0.00716028679270897,-0.008458236192859014,0.01021408716277361,0.06729949640694843,-0.008777967438265977,0.0036458935297003503,0.046608720791675884,0.016658735960361604,-0.0031320881267760114,-0.00199721182480761,-0.0015852495875001704,-0.01100659161870654,-0.013410517804526956,-0.001632919565523916,-0.005537353831053138,-0.0036884816815748733
2026-08-11,-0.003195199981383512,-0.0033570539834080204,0.0033668433301485834,0.0007406184619760392,0.00398959864256021,0.0015842792124614036,-0.003925118140567174,0.013421239405823293,-0.0012345410769621923,-0.0001730337525081005,0.012462595507073848,-0.0025529249514267827,0.00595879928238463,-0.003060528493741721,-0.0035932084481961057,0.011592833906404199,-0.007517262125329549,0.0003774140978174412,0.00028313306818494866,0.0008227409940557706
2026-08-12,0.0025046088948632583,0.007307443460370822,0.005714461142599436,0.0037931693588710846,0.01574199563644818,-0.0009733701312898413,0.009876351898066904,-0.00242925755905532,0.014885343842051313,0.002076102062412044,0.0016411960810813753,0.0025594590583188914,0.0009693992476487168,0.00460502214371461,-0.011321682948503331,0.0048131652859173535,0.009649319200363937,0.0012577015808876713,0.0012265868804424152,0.0011302698129382893
2026-08-13,0.006977515074108265,0.011565537129121894,0.0026097296348803756,0.0017511745751728203,0.0033102802247031438,0.005845723726013441,-0.014719010607066263,-0.017831926300410195,0.01011332312305191,0.0058701903715658865,0.0004916338308209589,-0.0003561945940990796,-0.0004843125215034938,0.010813319632622553,0.004750190036139301,0.004562121932343954,0.013051065069875856,0.002260980442809535,0.004052000822233337,0.0026685951901728178
2026-08-14,-0.0019797506799419384,-0.0013659941160515388,0.005238940593986552,-0.0004600519885420429,-0.0010497854604656354,-0.006659370401525755,0.006316471789712619,0.012556984005059224,-0.003983910606651486,-0.0017164468223458407,0.013920685432793345,-0.005998427527779127,0.0038753893506342507,0.0010464755144017346,-0.00211059597805463,0.006130768198465697,0.0025359924590016014,-0.0010026884178816475,-0.0040356483717128855,-0.0021495794942133495
2026-08-17,-0.004727362317670902,-0.0016414852746460262,-0.0033760408907821393,-0.001748917916731485,0.010659046358908464,-0.008410433503990844,0.009987992274373525,0.02914687880320943,0.0016315350241760118,-0.009972469357630187,0.010822244509957724,-0.0019118800037448702,-0.0010186741059899918,-0.016378209213862238,-0.012267296337335254,-0.0029338773595901646,-0.008600610116705876,-0.0012544493463272355,-0.003957813772843877,-0.002359526890307162
2026-08-18,-0.00675574496080833,-0.01693448594486635,-0.012596146066750857,-0.010880593253856263,-0.02941181470453602,0.003810708682167707,-0.017115101749848094,0.002839898649499295,-0.024695316919126742,0.004515452044838275,0.017577468091346526,0.01604302199238039,-0.014759559459080807,0.010628243900213885,-0.0033404879040426216,-0.0036215578587291963,-0.0036742044145746666,-0.0010049554767846969,0.0013244406396681896,0.0010283007062219518
2026-08-19,0.0020977847370853286,-0.0019930264086855942,0.0049627457754595206,0.0036357512002231918,0.011784577833139798,0.016654312282668338,0.0383640923679176,0.0019133628730525487,-0.010666870113209104,-0.006224065016887992,-0.0015703214961941825,0.03505572052237804,-0.008824992621808136,0.011217576401550966,0.01916464696690845,0.0,0.010141323435416405,0.002263254913229984,0.0068972616691993505,0.004827875005761317
2026-08-20,-0.008399827926766523,-0.0071919537489711916,-0.013422971246544235,-0.0028794833498355654,0.007714447610375874,-0.008190837539605145,0.003431310265562093,0.027728894068269838,-0.002940520021499027,-0.009220576071883757,0.0026737270765624377,-0.018727196524965573,-0.011981268908748066,-0.014097524345412782,-0.01610588852669903,-0.0056792682614907886,-0.00010137450246305857,-0.0018818190201858043,-0.00478563901082063,-0.0033735562421040033
2026-08-21,0.004091229991858514,0.003530669955839505,0.0076930572632849525,0.008290632531894992,0.007505253368150777,-0.0035218991752351547,0.019505792504578512,0.0007433187788477014,0.0011468709886943707,0.009306386314854365,-0.0017254630308485286,0.012935776572195135,0.002670081638641797,0.007852748808617749,0.011484368938350142,-0.0228466507133136,-0.0010142380445958832,0.0006285524959006583,-0.0013199451592313949,-0.0014359666902382662
2026-08-24,-0.0029384361156037375,-0.009979845564302758,-0.006634273424195536,-0.001940124617675676,-0.015047707015803158,0.006215682029683922,0.007865686897826407,-0.018048074025526772,-0.01778405438738151,0.012874080987701708,-0.008328073830456306,0.00045814720463543956,-0.006934861734385178,0.016978739133816756,0.002372511211767625,0.010521415830515135,0.0060913722240396595,0.0011303934328583676,0.002454722283889099,0.00205448878018033
2026-08-25,0.003195939766817757,0.006229422572993526,0.004228703429684844,0.007220205388416279,0.01724397790233767,0.011022325742025885,0.0032342095547504,-0.04583620664284149,0.009386303397343365,0.0015458108125878667,-0.016637630492530975,0.003377145863715292,-0.0033519381170135087,-0.010634691781778227,-0.0029586196564033163,0.0020823025180123356,0.0015136424284565297,0.002760386252982583,0.006404216151842501,0.0047154311975972085
2026-08-26,0.00022200767959623668,0.0009146072815255923,-0.0010025944752289906,-0.004962787681679348,-0.0011896183056459009,-0.0020366467442302083,-0.015768448815633995,0.009512460830180869,0.006052554378844999,-0.0008574874953296563,0.005961962530654619,-0.009983478688889269,0.010874434962304447,-0.0028894256147097286,-0.006697732466301787,0.004617861450847416,-0.006448379852800334,-0.00025009564181832644,-0.0007487104941445999,-0.0015304904601074476
2026-08-27,0.006552844629756693,0.013691886096947492,0.00294375885251541,-0.0023090422808839106,0.006550579922595112,-0.002040895449917368,0.0030380678748822554,0.020887287511474728,0.03155765047559722,-0.006522458499598649,-0.0022424930144526733,-0.01129415320153404,-0.00853943252965983,-0.013793852426181918,-0.010925265659042727,-0.00758445629818727,-0.0097353079744118,-0.00037552661966833156,-0.0004681685723920692,-0.0003065044820391716
2026-08-28,-0.0022694869107554583,-0.006489968792703249,-0.013541857383037703,-0.0027772211783579914,-0.006951652365924765,-0.0030073404748419685,-0.03244200486764748,-0.0023844132889141445,-0.015481676873067673,0.003800948252855596,0.006261033445076558,-0.002447821760010682,-0.009284102892688884,0.004348778164745104,0.011477413362661837,-0.010421514040307889,-0.004198713134379806,-0.0016277003889038077,-0.003560454223035192,-0.0034754631313393958
2026-08-31,-0.002989548034258882,0.00046060937059055895,-0.006153907591136765,-0.002506537963249178,-0.0017873510228320066,-0.004343607089347223,-0.0011494563424524484,0.03084040165086699,0.004362085511585789,-0.0067125905482513515,0.020421148498208863,-0.0036223946643642035,-0.011346933346461752,-0.005500262741101047,-0.005289647781059781,-0.011701356454442702,-0.008226990384816224,0.0008778904191764081,-0.001316418161838917,-0.0008205523944218029
2026-09-01,-0.006870413937474118,-0.01272396313002655,-0.011431223824763692,-0.008934379820737304,-0.0037302299689963014,-0.004075086250339144,-0.028573559189207676,0.05459987448304715,-0.015335081281730112,-0.00883722741334858,0.012664107498732369,0.006626071120823918,-0.013704122008401431,0.003177198921136881,-0.01715413611176897,0.007814342661965012,-0.0014516561863399113,-0.0034646497306318746,-0.005162350930759785,-0.003121401170365745
2026-09-02,0.004436916429827686,0.0022610270072151994,0.01183876958004415,0.005352612510645338,0.005691252088028342,0.0009770935513508938,0.015198484635909004,0.0010637864998892521,-0.0002177854876169727,0.00804189280028389,0.005095049167775478,0.00745614254235849,0.0002894676213902603,0.003284424297893551,0.0023562487734820614,0.002584553965125691,-0.0053998413419019675,0.00012643056670635922,0.0012354954357816084,0.0007233943501658846
2026-09-03,0.010468417941536634,0.01188593267524074,0.004013519376527608,0.010741654699268244,0.004765445831016013,0.0014643498668895916,0.01847162834290339,0.006659599589466714,0.012908473143438126,0.015608771155011025,-0.007373294815787301,0.0017923632466165795,0.010302082917329258,-0.003156768133144916,0.013929979972500117,0.008436841483867585,0.00918775628952595,0.0012640489709756508,0.001423801353236831,0.001135895638333162
2026-09-04,-0.0038542322600894074,0.0017975381542669755,0.0027778961147701953,0.0012937749822836686,0.0182302609350129,0.001705816792327175,-0.008410151130527455,-0.0009148400828606906,0.007044139396283233,-0.007855193176916742,-0.008666094604104058,-0.010446647281044497,0.004067383625638632,-0.007975549310937247,-0.013309216885794006,0.0011620222688191184,-0.006621243246974329,-0.0006311782106136477,-0.00018948795763717996,0.0005157734595977459
2026-09-08,-0.005492178930014524,-0.0008345245704174387,-0.004526900871982709,-0.005445282383013117,0.0018923564568780193,-0.00012168981118043654,-0.017331632085403892,0.028669990651896127,0.0031502676014472097,-0.013769389477515492,0.011083332195180429,-0.025196838575616942,-0.004849635631361315,-0.006621065014315031,-0.008006316047932005,0.00858864523743863,-0.0009372208684320649,-0.0005052421168821875,0.0,-0.0010309362165343838
2026-09-09,-0.004647717444469568,-0.002853702094152255,-0.013676311139271369,-0.0111358997201918,-0.005084969705219211,-0.005717601106859704,0.009081369137713402,0.02698077432268553,0.0,-0.0041884363427091564,0.008337234691361495,-0.0032909084027133995,-0.015078573527541272,-0.011544767553561819,-0.013422266863240329,-0.011737666972641891,-0.01031998325634964,-0.0017694834472082865,-0.0016117882830226637,-0.002270384511511736
2026-09-10,-0.005994275703456675,-0.010637841445189311,-0.01011561043545861,-0.008445888861713824,-0.021612197493908858,-0.011623739496270935,-0.017329913589140267,0.05607790620560715,-0.014105420959812931,-0.003329847969012145,-0.005818398468576569,-0.005522849118167583,-0.0072181315488821784,0.0004815798482136202,-0.004446026958321858,-0.009781016240929308,-0.008637043632086172,-0.0045581243081236344,-0.009020955351207727,-0.006516292671924662
2026-09-11,0.008524301461116268,0.008734391341528314,0.004136322855456953,0.009842828412713445,0.01253725877448697,0.0011142167994686591,0.006080340476276369,-0.02197253996110826,0.013227509518180192,0.006681878486785475,0.003234314202579025,-0.0018109526668788067,0.01067137457326739,0.0034902354187495988,0.008931764783657092,-0.003057387331932948,0.007224771739255731,-0.0002544049089034939,-0.00038326258516485634,-0.0007288169005169598
2026-09-14,-0.004461653484890693,-0.007973401255785939,-0.003392401507823495,-0.007966246470779259,-0.02727002614957119,0.0007418581728579898,-0.01487070952969316,0.011362232633793212,-0.01806361598739259,-0.0038427754644390077,-0.009364506726298849,0.014453325745138246,-0.01415566491549336,0.012472994167928464,-0.0009737801602953677,-0.013446620771879858,-0.00495779493802273,-0.000890643765308452,-0.0001917047658466231,-0.0009377109450769971
2026-09-15,-0.004586752409134642,-0.006542800059618603,-0.007034367557846699,-0.004251270238347815,-0.0034853119409682387,-0.0027183825699429454,0.0033346847846598138,0.033192881569553245,-0.0029303077030334856,-0.0031562664710523824,0.021695394130753387,-0.0005364439473143356,-0.006355453983057591,-0.008173349085460524,-0.017456842683252427,-0.01195597730408815,-0.0024383022961305123,-0.0019101260981834178,-0.00019174152361045582,-0.00041719594659606063
2026-09-16,-0.0044098804847823025,0.00025548151370968775,-0.004278604047233903,-0.003605359367278571,-0.0006082864085751316,0.002106225037693088,-0.006114432828691951,-0.035153851599839636,0.0010339596205344304,-0.01618287488330228,-0.0288184701382862,0.000656046227460072,-0.0008290977613182315,-0.004777329591350132,-0.0063130787230186725,0.0,-0.006588663671147965,0.0005103678490938623,0.001630188989794945,-0.00041729019225866804
2026-09-17,0.011338753705953053,0.01731186438003518,0.005318326206797064,0.009712476719339946,0.018107157932178763,0.011127634800822683,0.01689895155515475,-0.005506823464396904,0.02245426385497984,-0.0008939762999429224,0.007028030074975211,0.006198909235924699,0.0017780993336049544,0.0019200310832334644,0.010981988894206207,0.008954473498162141,0.0035300976615624258,0.003825610856182271,0.006797562525625134,0.005427436712669209
2026-09-18,0.0012869590529585029,0.006318759752816483,-0.004659589413843923,-0.010090528909713958,0.0017933808193086875,-0.006480755558927576,0.007053991815196836,-0.009593653066750418,0.008188892356616906,-0.0003579515879554851,-0.0026365861485168063,-0.002487988107743533,0.0043784711063634685,-0.008264392873239657,-0.003231872764624777,-0.01415207340097635,-0.009593739594559114,-0.0024136791376018207,-0.004374353747251369,-0.0038409389488218704
2026-09-21,0.015504992215651825,0.02882053954743813,0.005209364438418129,0.011050738489331913,0.026853693637747256,0.006769284957566679,-0.006954678693661731,-0.0367962774190963,0.02888920294361319,0.004257825379199609,-0.02299386026440331,0.007523150201122819,0.00404617718185718,-0.004121184375374454,0.013034209488613113,-0.0034313576535871526,0.00968667099360987,0.0019101260981835289,0.0037248949413939414,0.00260523341381802
2026-09-22,-0.00015513266604716414,0.008078616135797079,0.005707699977078207,0.0034863163682039566,0.0039226592457330955,-0.0006113113959194116,0.004242186908711476,-0.02753780865421318,0.0072876475466514545,-0.019678036829911538,-0.010886972704820752,0.005206821557389718,0.0017061333816406066,0.009887758863443619,0.0008910137318900446,-0.0031972717315076338,-0.0020253258843604405,-0.00012710545808369833,0.0,0.00041572874367945545
2026-09-23,-0.007202161019229769,-0.008361651213807164,-0.018418502784472768,-0.015962412659551006,-0.020115765851558054,-0.015779851002899692,-0.01797186069881873,0.03296779525009841,-0.004738410935576698,-0.004744494984543213,0.009550018845024821,-0.006415894648340581,-0.0009984035043147932,-0.0036262908205559885,-0.014955935883474103,-0.01924497416208426,-0.014706733364854285,-0.0072454450522903,-0.011418737900264597,-0.008727232519642247
2026-09-24,-0.000820521854125067,-0.00014846856283168286,-0.0009222820418588462,-0.0028626244563146885,-0.006793665495383849,-0.01292567063436112,-0.00302892085781048,0.028623224178090823,-0.0032250928423982472,-0.00018339083356377905,0.0036876630780051656,0.006338815438893031,-0.007466221204531109,-0.00885603972135074,-0.002982393371025016,-0.009811305399960668,-0.0030617691486128917,-0.0026888409616754316,-0.007122877153822871,-0.004821368772478962
2026-09-25,0.005435468794763754,0.004587808023302609,0.00110060908387144,0.010143517307117156,0.010855068504588727,-0.0012590686653457528,0.004391230845776972,-0.031092786078131263,0.008011902340932187,0.005684969378886295,-0.00894564811890941,0.004886100282054606,0.009476934356297928,0.004406372384317514,0.0021754701272065358,0.003810917399787561,-0.0019743370493682244,-0.00038518387044761404,0.0005816376330691764,0.0017904548532663433
2026-09-28,-0.007441486246259066,-0.010705131904801934,-0.0069156725842793865,-0.004926076687125414,-0.011474056636860297,-0.008824977713507764,-0.03939909980863776,0.011326047697988617,-0.008865366359031568,-0.011852690081515904,0.000967078621991746,0.003280595012333576,-0.00968135872436049,0.002680980102955033,-0.014109963757614863,-0.006580570300644739,-0.004396104355093966,-0.004109915864686675,-0.007169806278034874,-0.004941110902367263
2026-09-29,-0.0018416336927525867,0.0019007553300205426,-0.003606811255169262,-0.0047600913522658495,0.0029762587309454247,-0.004960566743751782,0.013177769675503992,-0.04439696451703301,-0.00015421158425499293,-0.0033216517759250275,-0.00901767427300526,-0.003094702769453339,0.002073741592884426,-0.005226061151619499,0.0013761607878799431,0.011719721897392565,-0.0006622978366173093,-0.002321436248462594,-0.0005854974305411487,-0.0005283067586377976
2026-09-30,-0.002054445562863161,0.00249349785715669,-0.004014175398683095,-0.0062177302485785235,-0.009050453954624116,-0.005752385868794674,-0.005354065742427805,0.01611438758450867,0.006426735218509005,-0.01129414579913246,-0.000649998617683667,-0.01353012134013154,-0.012712168705742877,-0.015271839014086463,-0.002840175754965757,-0.006799306572365271,-0.00994147285998559,-0.0019389159742980722,-0.0022459461412867032,-0.0006342060951284312
2026-10-01,0.0017832832997064507,0.0030550167024301356,0.004066264729461144,-0.010299352210130341,0.00029939575972903754,0.0031239274425503005,0.005041522545417898,0.02993272347064857,0.010523614603288545,0.0011235497542949613,0.019512207527470737,-0.01318133977460445,0.009941332522357849,-0.003349834344638314,-0.0002756227518029286,0.0060852354671296904,-0.005132200140228305,0.0004162678756234328,0.002840560565280592,0.0022715844457408263
2026-10-02,0.0073954168068735004,0.010174773924072733,0.008959931540523103,0.011087331190741345,0.012872334108339434,-0.0029596670988124574,-0.006845007446811935,-0.017664371949094093,0.010110712424469703,0.0005612157595951128,0.0019138585394673502,-0.00012036265239623312,0.007768012116549761,0.0024896918172965243,0.011304139183269779,0.003780280361019628,0.003700816842335808,0.00013006678845250974,-0.00196017789507974,-0.0018004466452237189
2026-10-05,0.00674341554834168,0.00883160565417529,0.0066070472496726484,0.0006733329688406453,0.015664330082318934,-0.004775461158378014,-0.0015521303539024478,-0.0229353989008122,0.00560530069001719,0.00729107080595659,0.010028670346637014,0.007160924863728768,0.0008826664193417599,0.006333070209378677,0.0034532647242495607,0.0035149230030735445,-0.003910597476213362,0.0009101507150064414,0.0,-0.0012732386905255355
2026-10-06,0.005497992684414754,0.004575457394402571,-0.007198844342477528,0.0018264197215780431,-0.006692953461361673,0.002204618954736448,0.007166384687612659,0.006389319632250423,0.005325274290659543,0.0024127180928157355,0.004728120306592309,-0.0016729329477533916,0.008700738826772358,0.009378111150599056,0.011773257320370378,0.029772293979630993,0.00874928509194084,0.003767124882915418,0.0030442654720566065,0.0024434650339399955
2026-10-07,-0.0024003081645026514,-0.0025406007213888415,-0.01293802579881942,-0.010746524020952997,-0.013182861296885395,-0.0016821591028906013,-0.016715892731591908,-0.0069008348266399455,-0.003019805001740372,-0.004813892420165944,-0.006117637484681415,0.010293861143098715,-0.021797444068374805,-0.0012225684570249529,-0.0032223469962230356,-0.00024291354641081675,-0.013788478367192547,-0.0011646996479933724,-0.00039162831179140323,-0.0005299178829416551
2026-10-08,-0.004233007580038639,-0.013395224737745237,-0.0004681486391709955,-0.0038797432764202666,-0.018851183326178078,0.009332484853699086,0.007289534422639132,0.025502036519728044,-0.0179254214275405,0.008930224041606039,0.029671673537055243,-0.0038504466908647617,0.0033364964895874483,0.021052647306618155,0.003142946050671558,-0.001944151350866341,0.007441605756532521,-0.0005182808417877327,0.0036239250941401124,0.0033930622744997585
2026-10-09,0.005491452767331095,0.004106593614111809,0.00553014958967224,0.004868549317016857,0.0080938528662573,-0.0005779606620319733,0.015424426636747146,0.005759525912593544,0.00419659134481476,0.008759031768908798,0.0013795826215858842,0.01671026104542661,0.00516633258615995,-0.0002997066222450995,0.009041286764909229,0.006695922277144772,0.013134854652560257,0.0006482117209418714,-0.0010734908660208209,-0.0008453366161041975
