depth,portfolio,probability,daily_variance,rank_by_probability,is_exact_optimum,scaled_cost
2,SPY|QQQ|IWM|EFA,0.00014640705938781824,0.0001066233920942775,1573,False,4.45490573387235
2,SPY|QQQ|IWM|EEM,7.399682682584941e-08,0.00011760693118808679,4826,False,4.980191026831443
2,SPY|QQQ|IWM|TLT,2.936277985510021e-05,8.017684378622866e-05,3039,False,3.190105494432198
2,SPY|QQQ|IWM|GLD,1.0948866640789527e-05,9.307930784316414e-05,3764,False,3.8071629432340646
2,SPY|QQQ|IWM|USO,1.3275048501672006e-05,0.00010003080801366425,3641,False,4.1396168792904735
2,SPY|QQQ|IWM|XLK,1.4514320180141144e-05,0.0001444477472251272,3584,False,6.2638470319550255
2,SPY|QQQ|IWM|XLF,2.539975499956524e-05,0.00010593962289862418,3162,False,4.422204625496671
2,SPY|QQQ|IWM|XLE,1.919524995988774e-05,9.891601754691586e-05,3408,False,4.086302275326076
2,SPY|QQQ|IWM|XLV,4.5668475719735926e-05,9.152859913096242e-05,2641,False,3.7330006469809183
2,SPY|QQQ|IWM|XLI,7.225533374860893e-07,0.000113450682403374,4693,False,4.781419361174126
2,SPY|QQQ|IWM|XLP,2.2030296739247023e-05,8.034548934683557e-05,3283,False,3.1981709305318957
2,SPY|QQQ|IWM|XLY,1.1505725541519751e-05,0.0001271864823265749,3737,False,5.438330910817795
2,SPY|QQQ|IWM|XLU,3.381309800550558e-05,8.944306749067229e-05,2913,False,3.6332605641816755
2,SPY|QQQ|IWM|VNQ,1.973004935117943e-07,0.00010000942195449139,4790,False,4.138594095808583
2,SPY|QQQ|IWM|HYG,2.315711126196787e-05,8.063696414266896e-05,3245,False,3.2121106472490535
2,SPY|QQQ|IWM|LQD,8.546957062297095e-06,7.835619868915811e-05,3927,False,3.103033551134042
2,SPY|QQQ|IWM|AGG,5.206150203463582e-05,7.386245501278719e-05,2485,False,2.8881212680015462
2,SPY|QQQ|EFA|EEM,5.7165732737443575e-05,0.00010263655768905742,2405,False,4.264236272905456
2,SPY|QQQ|EFA|TLT,0.00022763506220783598,6.588323540415794e-05,1198,False,2.5065168803897095
2,SPY|QQQ|EFA|GLD,2.2517989327024086e-05,8.048513269588842e-05,3267,False,3.2048493423707862
2,SPY|QQQ|EFA|USO,0.00010966889833872834,8.430709610943103e-05,1811,False,3.387633885150193
2,SPY|QQQ|EFA|XLK,5.250288588146507e-05,0.00012520198393476553,2479,False,5.343422720459919
2,SPY|QQQ|EFA|XLF,0.00022184779837493824,8.709932223861712e-05,1228,False,3.5211714733310595
2,SPY|QQQ|EFA|XLE,0.00019683601025405684,8.069396832513052e-05,1319,False,3.2148368594861543
2,SPY|QQQ|EFA|XLV,0.00026937627572826313,7.591960108151201e-05,1055,False,2.9865038172090985
2,SPY|QQQ|EFA|XLI,4.945854794709482e-06,9.432802216467474e-05,4213,False,3.8668824255060965
2,SPY|QQQ|EFA|XLP,0.0001661919363746299,6.630772286704678e-05,1468,False,2.5268178980668536
2,SPY|QQQ|EFA|XLY,2.915548909845022e-05,0.00010739346017020257,3049,False,4.491734066835515
2,SPY|QQQ|EFA|XLU,0.00024829484275034437,7.396881021488506e-05,1128,False,2.8932076816806482
2,SPY|QQQ|EFA|VNQ,6.172166060227544e-06,8.213467351700994e-05,4090,False,3.2837382620596305
2,SPY|QQQ|EFA|HYG,0.00014144000832240128,6.553211249615398e-05,1608,False,2.489724506090294
2,SPY|QQQ|EFA|LQD,4.725630909776193e-05,6.383883031406751e-05,2603,False,2.408743665626856
2,SPY|QQQ|EFA|AGG,0.00043236740433576123,5.978413044940967e-05,737,False,2.2148285542882475
2,SPY|QQQ|EEM|TLT,1.272694678053082e-05,7.495997038863041e-05,3672,False,2.9406096946191433
2,SPY|QQQ|EEM|GLD,3.975524965280044e-06,9.221420424862089e-05,4294,False,3.765789557914596
2,SPY|QQQ|EEM|USO,1.7404268019286825e-06,9.338346026456886e-05,4540,False,3.8217089645498943
2,SPY|QQQ|EEM|XLK,3.0099753641594184e-06,0.00014012044313132513,4408,False,6.056894684517477
2,SPY|QQQ|EEM|XLF,3.537983269001396e-06,9.506340303606338e-05,4346,False,3.9020518506945243
2,SPY|QQQ|EEM|XLE,1.0758514604666138e-06,8.944319572436226e-05,4634,False,3.6332666969291285
2,SPY|QQQ|EEM|XLV,2.098385569475102e-06,8.340372292738736e-05,4494,False,3.3444302653944566
2,SPY|QQQ|EEM|XLI,8.6121210146188e-07,0.00010458720741465631,4666,False,4.357525658395905
2,SPY|QQQ|EEM|XLP,1.413375054353241e-07,7.35838757646875e-05,4806,False,2.874798277961583
2,SPY|QQQ|EEM|XLY,2.3368981234712977e-06,0.00011756838419975222,4465,False,4.978347525762519
2,SPY|QQQ|EEM|XLU,7.900000304808659e-07,8.255290580547847e-05,4677,False,3.3037401274234974
2,SPY|QQQ|EEM|VNQ,7.717537036337236e-07,9.001931883764244e-05,4684,False,3.6608196555661543
2,SPY|QQQ|EEM|HYG,7.756362938719874e-07,7.508515872533256e-05,4682,False,2.9465967987354036
2,SPY|QQQ|EEM|LQD,3.342639972423649e-07,7.320365660918568e-05,4756,False,2.8566143821534453
2,SPY|QQQ|EEM|AGG,1.992206105644233e-06,6.914343913155128e-05,4510,False,2.662435392212132
2,SPY|QQQ|TLT|GLD,9.087799712460759e-05,5.8334635796446945e-05,1991,False,2.145506797710414
2,SPY|QQQ|TLT|USO,0.00013347353003064877,6.505797105132089e-05,1654,False,2.467048797866742
2,SPY|QQQ|TLT|XLK,8.934434084795128e-06,9.604816613124055e-05,3893,False,3.9491479247857066
2,SPY|QQQ|TLT|XLF,0.00011679647630997021,6.311564067176204e-05,1767,False,2.3741572832341786
2,SPY|QQQ|TLT|XLE,0.00012357658401926892,5.7769212947316094e-05,1721,False,2.118465576805681
2,SPY|QQQ|TLT|XLV,0.00019385214401386529,5.4784014896161645e-05,1332,False,1.9756991497507255
2,SPY|QQQ|TLT|XLI,1.1572672821952585e-05,6.880973549807408e-05,3734,False,2.6464760908088723
2,SPY|QQQ|TLT|XLP,0.0002179625285592819,4.717385966364407e-05,1241,False,1.611745183125313
2,SPY|QQQ|TLT|XLY,1.2749713831882108e-05,8.157593508929182e-05,3670,False,3.257016722109284
2,SPY|QQQ|TLT|XLU,0.0002199935904832215,5.4641155366999425e-05,1234,False,1.968866924819667
2,SPY|QQQ|TLT|VNQ,4.747708145058654e-06,6.188296096628054e-05,4232,False,2.315204652876306
2,SPY|QQQ|TLT|HYG,0.00014555939241910984,4.650991596851712e-05,1577,False,1.5799922248643756
2,SPY|QQQ|TLT|LQD,5.2928233529967315e-05,4.7630613921046286e-05,2470,False,1.633589353010871
2,SPY|QQQ|TLT|AGG,0.0005275961436284006,4.358311689078188e-05,583,False,1.4400187156111424
2,SPY|QQQ|GLD|USO,9.58113546142725e-06,8.301828130310886e-05,3842,False,3.325996606188757
2,SPY|QQQ|GLD|XLK,3.826311728626639e-06,0.00011094180303025447,4311,False,4.661432768032129
2,SPY|QQQ|GLD|XLF,4.2522350615645536e-05,7.410915748099113e-05,2700,False,2.8999197581946827
2,SPY|QQQ|GLD|XLE,5.736744222019634e-06,7.1547611579459e-05,4132,False,2.777414400147306
2,SPY|QQQ|GLD|XLV,3.2020776835935106e-05,6.552314972762426e-05,2955,False,2.4892958636961944
2,SPY|QQQ|GLD|XLI,5.272557089408906e-06,8.169371092959443e-05,4173,False,3.2626493252482605
2,SPY|QQQ|GLD|XLP,3.0595874079679066e-05,5.7241369051706346e-05,2999,False,2.0932215609221023
2,SPY|QQQ|GLD|XLY,3.2270368078921205e-06,9.263175392312403e-05,4380,False,3.785758777418716
2,SPY|QQQ|GLD|XLU,3.215729772054455e-05,6.574083036061014e-05,2950,False,2.499706391131195
2,SPY|QQQ|GLD|VNQ,2.312072049689779e-06,7.115307902240518e-05,4470,False,2.7585459691212146
2,SPY|QQQ|GLD|HYG,2.3963004459315063e-05,5.715287713851115e-05,3216,False,2.088989455027068
2,SPY|QQQ|GLD|LQD,1.254235469868758e-05,5.608091678179931e-05,3683,False,2.0377231914660547
2,SPY|QQQ|GLD|AGG,0.00019024457746360027,5.273802675253008e-05,1358,False,1.8778502258074312
2,SPY|QQQ|USO|XLK,4.781606470472256e-06,0.00011938410831279243,4228,False,5.0651841241034665
2,SPY|QQQ|USO|XLF,9.745586657770529e-05,8.543351167752673e-05,1915,False,3.4415044569783872
2,SPY|QQQ|USO|XLE,6.590803872452255e-06,0.0001093523334836279,4060,False,4.585416743568767
2,SPY|QQQ|USO|XLV,7.267014713354747e-05,7.390011186107758e-05,2197,False,2.889922198322565
2,SPY|QQQ|USO|XLI,4.3696405623383685e-06,8.98812680472045e-05,4261,False,3.6542174074857248
2,SPY|QQQ|USO|XLP,6.981884595331144e-05,6.82552391722073e-05,2231,False,2.619957428427833
2,SPY|QQQ|USO|XLY,6.6312746742683745e-06,9.965425562067722e-05,4055,False,4.121608345576953
2,SPY|QQQ|USO|XLU,7.77920246238761e-05,7.590770784103941e-05,2135,False,2.985935025651794
2,SPY|QQQ|USO|VNQ,8.078252390674508e-06,7.97271414113858e-05,3958,False,3.1685985792479223
2,SPY|QQQ|USO|HYG,4.124304121533321e-05,6.93759182387547e-05,2725,False,2.6735536533564885
2,SPY|QQQ|USO|LQD,2.8945299846444903e-05,6.589840011641596e-05,3060,False,2.5072421293511837
2,SPY|QQQ|USO|AGG,0.0001558635048579486,6.330828825312162e-05,1523,False,2.3833706105914203
2,SPY|QQQ|XLK|XLF,3.781978212707794e-05,0.00012080408425541345,2792,False,5.133094154981853
2,SPY|QQQ|XLK|XLE,4.1806262351822815e-05,0.00011343635917366205,2713,False,4.7807343559266275
2,SPY|QQQ|XLK|XLV,8.962125433080158e-06,0.00010570017218529369,3889,False,4.410752948853396
2,SPY|QQQ|XLK|XLI,3.656844934031468e-06,0.00013060757469103557,4331,False,5.601943885611933
2,SPY|QQQ|XLK|XLP,1.4832713678267768e-06,9.409784515761943e-05,4568,False,3.855874261784838
2,SPY|QQQ|XLK|XLY,1.9777244950135032e-05,0.00014611066627737485,3384,False,6.343375762546015
2,SPY|QQQ|XLK|XLU,5.90345035661791e-06,0.00010375456598275384,4115,False,4.317704768721711
2,SPY|QQQ|XLK|VNQ,7.650390088752599e-07,0.00011207926641271742,4685,False,4.715831699103814
2,SPY|QQQ|XLK|HYG,4.097281864340146e-06,9.816072947602145e-05,4281,False,4.050180792787547
2,SPY|QQQ|XLK|LQD,1.1569704348483298e-06,9.530033391178448e-05,4619,False,3.913383016669466
2,SPY|QQQ|XLK|AGG,1.5721134352902804e-05,9.084724450750037e-05,3542,False,3.700415014978568
2,SPY|QQQ|XLF|XLE,7.68107816061239e-05,8.237005220645898e-05,2147,False,3.29499519507435
2,SPY|QQQ|XLF|XLV,0.00016520757304525158,7.54124389964901e-05,1478,False,2.9622489042768327
2,SPY|QQQ|XLF|XLI,1.1068864434407197e-06,9.364478500300128e-05,4628,False,3.834206761536141
2,SPY|QQQ|XLF|XLP,9.942589480967985e-05,6.593440757709052e-05,1904,False,2.508964178079522
2,SPY|QQQ|XLF|XLY,1.2203604243554138e-05,0.00010670563076805042,3704,False,4.458838779994954
2,SPY|QQQ|XLF|XLU,0.00014236807983864029,7.290207445059861e-05,1600,False,2.842191283080221
2,SPY|QQQ|XLF|VNQ,2.2763666185229426e-06,8.160686589713705e-05,4476,False,3.258495981055028
2,SPY|QQQ|XLF|HYG,7.501471888607081e-05,6.398393406587888e-05,2166,False,2.4156832200026095
2,SPY|QQQ|XLF|LQD,2.5027985172048384e-05,6.163883935239542e-05,3179,False,2.303529591461942
2,SPY|QQQ|XLF|AGG,0.0002747550301649342,5.771688486018368e-05,1040,False,2.1159629977785963
2,SPY|QQQ|XLE|XLV,0.00014091216594505504,6.964126499559145e-05,1613,False,2.6862438024705653
2,SPY|QQQ|XLE|XLI,6.6181169768623346e-06,8.69436280499838e-05,4057,False,3.5137254336903045
2,SPY|QQQ|XLE|XLP,7.758769445008259e-05,6.195536217444319e-05,2138,False,2.3186672244131747
2,SPY|QQQ|XLE|XLY,4.012346802505032e-06,9.751635567681486e-05,4288,False,4.019363760408413
2,SPY|QQQ|XLE|XLU,8.606639296417045e-05,6.966866975719363e-05,2044,False,2.6875544290458184
2,SPY|QQQ|XLE|VNQ,6.433217615957681e-06,7.574171671240041e-05,4075,False,2.9779965371654287
2,SPY|QQQ|XLE|HYG,5.3155066124411483e-05,6.008376300472426e-05,2461,False,2.229158414022367
2,SPY|QQQ|XLE|LQD,2.2746164907706447e-05,5.7200122252144525e-05,3256,False,2.0912489419869478
2,SPY|QQQ|XLE|AGG,0.00025859696266771544,5.367654409759179e-05,1099,False,1.922734607274767
2,SPY|QQQ|XLV|XLI,1.906773187807345e-05,8.026371112704518e-05,3414,False,3.194259905517701
2,SPY|QQQ|XLV|XLP,0.00018627721720761354,5.780243690210027e-05,1378,False,2.120054504989303
2,SPY|QQQ|XLV|XLY,5.625000157662962e-06,9.24996096041287e-05,4143,False,3.779439005009888
2,SPY|QQQ|XLV|XLU,0.00016493436435266278,6.295782617522578e-05,1480,False,2.3666098403436657
2,SPY|QQQ|XLV|VNQ,2.6443144993390097e-06,7.130660689572267e-05,4434,False,2.765888405218011
2,SPY|QQQ|XLV|HYG,0.0001020426486858229,5.377586443035144e-05,1879,False,1.927484579906071
2,SPY|QQQ|XLV|LQD,3.7929855419528115e-05,5.23642820525441e-05,2790,False,1.859975969381768
2,SPY|QQQ|XLV|AGG,0.0004547538953927518,4.86847081089706e-05,697,False,1.6840011710579688
2,SPY|QQQ|XLI|XLP,8.995934427433377e-06,7.032596476546474e-05,3886,False,2.7189894153495358
2,SPY|QQQ|XLI|XLY,1.0457932345932708e-06,0.0001129957604413234,4639,False,4.759662820402676
2,SPY|QQQ|XLI|XLU,8.253434855704731e-06,7.893774004732371e-05,3941,False,3.1308456361171073
2,SPY|QQQ|XLI|VNQ,4.07092621089732e-07,8.691928085468234e-05,4745,False,3.512561034537406
2,SPY|QQQ|XLI|HYG,5.78359996281973e-06,6.950640714894407e-05,4127,False,2.679794256210569
2,SPY|QQQ|XLI|LQD,3.8072441120876214e-06,6.725740032570973e-05,4313,False,2.572236009463351
2,SPY|QQQ|XLI|AGG,1.300292452112997e-05,6.3190768394363e-05,3655,False,2.3777502497123546
2,SPY|QQQ|XLP|XLY,9.457112377945523e-06,8.301237491530695e-05,3855,False,3.3257141345172534
2,SPY|QQQ|XLP|XLU,0.00017118653136400378,5.6235864700833e-05,1446,False,2.0451335409306357
2,SPY|QQQ|XLP|VNQ,1.8559390321082358e-06,6.300765726976853e-05,4525,False,2.3689930012603613
2,SPY|QQQ|XLP|HYG,7.819674116242952e-05,4.58343482792795e-05,2131,False,1.5476833516929862
2,SPY|QQQ|XLP|LQD,3.607857216304067e-05,4.4634825440527026e-05,2841,False,1.4903164410475496
2,SPY|QQQ|XLP|AGG,0.00042747132753014175,4.120691542512837e-05,753,False,1.3263774136268713
2,SPY|QQQ|XLY|XLU,3.116112217774374e-05,8.930264588607758e-05,2981,False,3.6265449324461
2,SPY|QQQ|XLY|VNQ,1.393435031159409e-06,9.980489577574372e-05,4582,False,4.128812677196268
2,SPY|QQQ|XLY|HYG,7.610266694075696e-06,8.212486384761517e-05,3992,False,3.2832691168216654
2,SPY|QQQ|XLY|LQD,1.47211301969249e-06,7.98687709597093e-05,4569,False,3.1753719806213194
2,SPY|QQQ|XLY|AGG,4.355188307796919e-05,7.541700794461475e-05,2680,False,2.962467413195832
2,SPY|QQQ|XLU|VNQ,7.012815528868761e-06,7.125446896675091e-05,4032,False,2.7633949204622965
2,SPY|QQQ|XLU|HYG,0.0001056202670133652,5.2635154408674635e-05,1846,False,1.8729303790423797
2,SPY|QQQ|XLU|LQD,3.765986655634152e-05,5.1575826260002455e-05,2794,False,1.8222682479967758
2,SPY|QQQ|XLU|AGG,0.0004410260160065178,4.789126605238345e-05,722,False,1.6460549827136897
2,SPY|QQQ|VNQ|HYG,1.261989909994091e-05,5.940411048385029e-05,3676,False,2.1966541846944176
2,SPY|QQQ|VNQ|LQD,3.0472419856042863e-07,5.8428870876130674e-05,4766,False,2.1500135692542592
2,SPY|QQQ|VNQ|AGG,3.266666108334791e-05,5.430563689367085e-05,2939,False,1.9528208291076823
2,SPY|QQQ|HYG|LQD,1.7472469290535758e-05,4.419926360166922e-05,3475,False,1.4694857938242716
2,SPY|QQQ|HYG|AGG,0.000362844517196698,4.070902657888802e-05,866,False,1.3025659912588445
2,SPY|QQQ|LQD|AGG,0.00026200460839667547,4.020833338668147e-05,1088,False,1.2786204516741504
2,SPY|IWM|EFA|EEM,4.7556114262797334e-05,0.00010057420695836519,2596,False,4.1656048119069995
2,SPY|IWM|EFA|TLT,0.0002617634919231064,6.697966296386261e-05,1091,False,2.5589532824445365
2,SPY|IWM|EFA|GLD,1.856044615579363e-05,8.07213918295896e-05,3430,False,3.216148382434333
2,SPY|IWM|EFA|USO,0.00016043041217322815,8.28074108133241e-05,1507,False,3.3159117723244655
2,SPY|IWM|EFA|XLK,3.067384759667631e-05,0.00011781582279040876,2997,False,4.990181220846798
2,SPY|IWM|EFA|XLF,0.00014406025844129747,8.98043692674551e-05,1594,False,3.650539740596768
2,SPY|IWM|EFA|XLE,0.00010706813789854765,8.392628657459871e-05,1834,False,3.369421754583028
2,SPY|IWM|EFA|XLV,0.00017778167989028436,7.82963525673882e-05,1408,False,3.1001714237871205
2,SPY|IWM|EFA|XLI,7.536512849454437e-06,9.616291765913187e-05,3998,False,3.9546358908621304
2,SPY|IWM|EFA|XLP,0.00014095705728513216,6.809678455876082e-05,1612,False,2.612379372089702
2,SPY|IWM|EFA|XLY,8.157499280243068e-06,0.00010636185176771015,3948,False,4.4423976264319185
2,SPY|IWM|EFA|XLU,0.00017059052361128858,7.659750492703863e-05,1450,False,3.018924416530883
2,SPY|IWM|EFA|VNQ,4.4597625058690455e-07,8.68826675083306e-05,4737,False,3.5108100094624897
2,SPY|IWM|EFA|HYG,0.00013954202416800645,6.558831167659108e-05,1623,False,2.49241221928618
2,SPY|IWM|EFA|LQD,6.494778063294922e-05,6.421030131947417e-05,2292,False,2.426509183119376
2,SPY|IWM|EFA|AGG,0.0004437726722145941,5.9980193692039626e-05,718,False,2.224205234879427
2,SPY|IWM|EEM|TLT,4.276135814875366e-06,7.387785439949764e-05,4270,False,2.8888577402160576
2,SPY|IWM|EEM|GLD,8.007897492886907e-06,9.027191983348461e-05,3965,False,3.6729002415202303
2,SPY|IWM|EEM|USO,2.727924986569458e-06,8.970523141962448e-05,4423,False,3.6457984952662543
2,SPY|IWM|EEM|XLK,6.8935770202394855e-06,0.00013055573843813093,4039,False,5.599464828446446
2,SPY|IWM|EEM|XLF,8.640458308053254e-07,9.558990651606391e-05,4665,False,3.9272317615023202
2,SPY|IWM|EEM|XLE,2.8891189822902576e-07,9.0496970424993e-05,4770,False,3.6836632355680896
2,SPY|IWM|EEM|XLV,3.9610601250095604e-07,8.360193086442612e-05,4747,False,3.353909515514567
2,SPY|IWM|EEM|XLI,2.3094950154700735e-06,0.000104243559360276,4471,False,4.341090767294026
2,SPY|IWM|EEM|XLP,6.567167709052948e-07,7.31943939075641e-05,4702,False,2.8561713955265184
2,SPY|IWM|EEM|XLY,3.503311586100896e-06,0.00011435823224842239,4352,False,4.824822728901012
2,SPY|IWM|EEM|XLU,9.583852274445124e-07,8.30030569687946e-05,4646,False,3.3252685058158193
2,SPY|IWM|EEM|VNQ,8.738851712048964e-08,9.258876928012566e-05,4818,False,3.7837030465111012
2,SPY|IWM|EEM|HYG,3.62117435073685e-06,7.296281435693223e-05,4338,False,2.8450961554733776
2,SPY|IWM|EEM|LQD,2.5200068725642315e-06,7.13965840657549e-05,4447,False,2.7701915431880533
2,SPY|IWM|EEM|AGG,5.43794106314028e-07,6.71609588253438e-05,4721,False,2.5676237163453997
2,SPY|IWM|TLT|GLD,8.054237850762072e-05,5.9551129671707575e-05,2096,False,2.203685344369331
2,SPY|IWM|TLT|USO,0.00011173574484535317,6.453852049677342e-05,1798,False,2.4422061916363855
2,SPY|IWM|TLT|XLK,1.310215791437402e-06,8.964223972844323e-05,4597,False,3.642785931767957
2,SPY|IWM|TLT|XLF,3.029866373648784e-05,6.680092244215947e-05,3008,False,2.5504050570952574
2,SPY|IWM|TLT|XLE,2.834591955508641e-05,6.198176593834374e-05,3073,False,2.3199299784979255
2,SPY|IWM|TLT|XLV,8.554379307169628e-05,5.814100112359731e-05,2049,False,2.136246262924118
2,SPY|IWM|TLT|XLI,1.25915730621767e-05,7.162486573409065e-05,3680,False,2.7811090627602755
2,SPY|IWM|TLT|XLP,0.00014842182978787893,4.994315609691756e-05,1566,False,1.7441861637435312
2,SPY|IWM|TLT|XLY,5.241312010113978e-06,8.152456142835887e-05,4180,False,3.2545597883010586
2,SPY|IWM|TLT|XLU,9.727623787757847e-05,5.825008482071245e-05,1916,False,2.1414631662652726
2,SPY|IWM|TLT|VNQ,4.0800879316623955e-06,6.761118969916065e-05,4282,False,2.5891559068745353
2,SPY|IWM|TLT|HYG,0.00010031597120915882,4.754634989051367e-05,1896,False,1.629559444655632
2,SPY|IWM|TLT|LQD,4.359669291209633e-05,4.898231966801241e-05,2679,False,1.6982343770987618
2,SPY|IWM|TLT|AGG,0.0003219386334689939,4.475941487497129e-05,940,False,1.4962749027976923
2,SPY|IWM|GLD|USO,1.3439649857390473e-05,8.163866232255786e-05,3637,False,3.260016637967119
2,SPY|IWM|GLD|XLK,2.1615822302483665e-06,0.00010367570820145363,4487,False,4.313933413023098
2,SPY|IWM|GLD|XLF,1.3955615650022449e-05,7.693427082538505e-05,3609,False,3.035030170064481
2,SPY|IWM|GLD|XLE,3.4252285085370857e-06,7.489999614448316e-05,4362,False,2.93774143984827
2,SPY|IWM|GLD|XLV,2.222175593181771e-05,6.80199675290564e-05,3279,False,2.6087056148783057
2,SPY|IWM|GLD|XLI,5.966484404831172e-06,8.364867273960751e-05,4107,False,3.3561449352083836
2,SPY|IWM|GLD|XLP,3.630538626632863e-05,5.915049705897632e-05,2832,False,2.184525179549039
2,SPY|IWM|GLD|XLY,3.232509151871497e-06,9.172021183618756e-05,4378,False,3.7421644816192092
2,SPY|IWM|GLD|XLU,2.3994880753547034e-05,6.848959138831965e-05,3212,False,2.6311652705855195
2,SPY|IWM|GLD|VNQ,5.023564772288645e-07,7.602113932928179e-05,4724,False,2.991359861128163
2,SPY|IWM|GLD|HYG,2.7719355531475974e-05,5.7329142634504196e-05,3093,False,2.0974193128270437
2,SPY|IWM|GLD|LQD,1.988609879385532e-05,5.657245410276193e-05,3380,False,2.061230853562665
2,SPY|IWM|GLD|AGG,0.00016651118216629834,5.305415631071598e-05,1465,False,1.8929690510027009
2,SPY|IWM|USO|XLK,6.370988668311378e-06,0.0001103820690541835,4077,False,4.634663616205163
2,SPY|IWM|USO|XLF,3.5194870148314306e-05,8.652268059211254e-05,2872,False,3.4935937159589114
2,SPY|IWM|USO|XLE,3.2534464635252254e-06,0.00011096877361884395,4377,False,4.662722630380458
2,SPY|IWM|USO|XLV,4.1951557372933423e-05,7.466098523270162e-05,2710,False,2.926310796615403
2,SPY|IWM|USO|XLI,3.7958179324323874e-06,9.010028542740949e-05,4317,False,3.6646918645565747
2,SPY|IWM|USO|XLP,5.585506328716972e-05,6.842842274966919e-05,2417,False,2.628239894165498
2,SPY|IWM|USO|XLY,4.115325534561859e-06,9.700676910393265e-05,4280,False,3.9949928968881725
2,SPY|IWM|USO|XLU,4.3226572690770236e-05,7.692052443894083e-05,2685,False,3.0343727522168447
2,SPY|IWM|USO|VNQ,2.3863198303995057e-06,8.285925728845432e-05,4456,False,3.318391318365598
2,SPY|IWM|USO|HYG,3.309887453245616e-05,6.781623930493966e-05,2928,False,2.5989623582671912
2,SPY|IWM|USO|LQD,2.8393687532629452e-05,6.465399300757048e-05,3072,False,2.4477286385585204
2,SPY|IWM|USO|AGG,0.00012691040761536487,6.188847338149943e-05,1695,False,2.3154682828974167
2,SPY|IWM|XLK|XLF,1.415977967704824e-05,0.00011600677732174941,3598,False,4.903664027174984
2,SPY|IWM|XLK|XLE,2.0089222418772707e-05,0.00010916632346062824,3369,False,4.576520855950925
2,SPY|IWM|XLK|XLV,8.791582373237538e-06,0.00010057456970866786,3902,False,4.16562216035884
2,SPY|IWM|XLK|XLI,5.712828011748836e-06,0.0001249401162229907,4135,False,5.33089895589539
2,SPY|IWM|XLK|XLP,1.412631340734158e-06,8.838455288683145e-05,4578,False,3.582637340735108
2,SPY|IWM|XLK|XLY,2.0069045984667954e-05,0.0001375767039123804,3371,False,5.935240927069841
2,SPY|IWM|XLK|XLU,3.6525045802724887e-06,9.888090673240542e-05,4332,False,4.084623108499369
2,SPY|IWM|XLK|VNQ,3.144140671958725e-07,0.00010932490644153606,4762,False,4.584105051434095
2,SPY|IWM|XLK|HYG,1.7596630278061379e-06,9.071457469395655e-05,4536,False,3.6940701109108556
2,SPY|IWM|XLK|LQD,4.227203835126944e-07,8.816945095468915e-05,4742,False,3.572350139089409
2,SPY|IWM|XLK|AGG,1.5765121756854223e-06,8.354095378762831e-05,4555,False,3.35099330049717
2,SPY|IWM|XLF|XLE,5.984111029598919e-06,8.819122466661991e-05,4106,False,3.573391461977476
2,SPY|IWM|XLF|XLV,2.5282657097707402e-05,8.037804469305904e-05,3168,False,3.1997278826611066
2,SPY|IWM|XLF|XLI,4.982882268947429e-08,9.806853470815115e-05,4832,False,4.045771598698426
2,SPY|IWM|XLF|XLP,2.0484926383571808e-05,7.03123234794973e-05,3352,False,2.7183370239086218
2,SPY|IWM|XLF|XLY,7.308610329425279e-06,0.00010826287657625074,4010,False,4.533313711397609
2,SPY|IWM|XLF|XLU,2.1731441419849084e-05,7.811962337344493e-05,3290,False,3.0917193897367077
2,SPY|IWM|XLF|VNQ,1.0474275022182172e-06,8.894371409915046e-05,4638,False,3.609379100264139
2,SPY|IWM|XLF|HYG,1.57538229708388e-05,6.662898745700874e-05,3536,False,2.5421823050047476
2,SPY|IWM|XLF|LQD,5.946494201576179e-06,6.459916456849483e-05,4109,False,2.445106480760714
2,SPY|IWM|XLF|AGG,7.629074498317268e-05,6.050180231350637e-05,2153,False,2.249151050176027
2,SPY|IWM|XLE|XLV,1.83919458677281e-05,7.513414191279062e-05,3434,False,2.948939408686005
2,SPY|IWM|XLE|XLI,1.7574818724152088e-06,9.18946489757639e-05,4537,False,3.7505068986837555
2,SPY|IWM|XLE|XLP,1.8788619316765725e-05,6.686054929748019e-05,3424,False,2.55325669807344
2,SPY|IWM|XLE|XLY,1.1380422302920487e-06,9.960087270564543e-05,4623,False,4.119055319642235
2,SPY|IWM|XLE|XLU,1.043842444396312e-05,7.541348990067019e-05,3793,False,2.962299163533471
2,SPY|IWM|XLE|VNQ,5.540838571893692e-07,8.360583613504404e-05,4718,False,3.354096284205705
2,SPY|IWM|XLE|HYG,9.88198598608818e-06,6.325608761648435e-05,3827,False,2.380874126855671
2,SPY|IWM|XLE|LQD,5.965907819342657e-06,6.068771868887418e-05,4108,False,2.258042459116886
2,SPY|IWM|XLE|AGG,6.272639518197873e-05,5.698873277154473e-05,2325,False,2.0811392875033645
2,SPY|IWM|XLV|XLI,1.2972985427431645e-06,8.435916528923328e-05,4600,False,3.3901240819922998
2,SPY|IWM|XLV|XLP,7.084436087925096e-05,6.185205726154528e-05,2221,False,2.313726690130716
2,SPY|IWM|XLV|XLY,4.851572678250502e-07,9.372855986936726e-05,4728,False,3.8382132757248573
2,SPY|IWM|XLV|XLU,4.204590861357862e-05,6.784707955511033e-05,2709,False,2.600437286312466
2,SPY|IWM|XLV|VNQ,2.141391199729948e-06,7.831515955477431e-05,4488,False,3.101070863739436
2,SPY|IWM|XLV|HYG,4.132905047668681e-05,5.6092622278519516e-05,2723,False,2.038283004220522
2,SPY|IWM|XLV|LQD,2.1127347223871955e-05,5.499631172568175e-05,3319,False,1.9858521979928543
2,SPY|IWM|XLV|AGG,0.00018483958599980593,5.114133001933153e-05,1387,False,1.8014885627677137
2,SPY|IWM|XLI|XLP,1.455784750077174e-06,7.383372913349068e-05,4572,False,2.8867474592689604
2,SPY|IWM|XLI|XLY,1.9829526633625003e-06,0.0001136828547151429,4511,False,4.792522949895657
2,SPY|IWM|XLI|XLU,5.785442822947685e-06,8.32851374357892e-05,4126,False,3.3387589408639196
2,SPY|IWM|XLI|VNQ,2.917927521996346e-07,9.338597752231491e-05,4769,False,3.821829351836842
2,SPY|IWM|XLI|HYG,5.499346997979446e-06,7.128130900569307e-05,4156,False,2.764678539303032
2,SPY|IWM|XLI|LQD,4.7793651351019385e-06,6.93475740074283e-05,4229,False,2.672198096852448
2,SPY|IWM|XLI|AGG,1.5726284370712015e-05,6.510553431330486e-05,3541,False,2.4693235002001113
2,SPY|IWM|XLP|XLY,1.4234003118925673e-06,8.365363538638337e-05,4575,False,3.356382272677049
2,SPY|IWM|XLP|XLU,7.453729901791974e-05,6.0537428286555384e-05,2180,False,2.2508548543442615
2,SPY|IWM|XLP|VNQ,3.529988945899813e-06,6.942852013465801e-05,4348,False,2.6760693272266116
2,SPY|IWM|XLP|HYG,6.063719907115533e-05,4.7563416333285425e-05,2356,False,1.630375643452264
2,SPY|IWM|XLP|LQD,3.388532921824952e-05,4.6679165319502504e-05,2911,False,1.588086537103461
2,SPY|IWM|XLP|AGG,0.00023739274877334157,4.307584754132715e-05,1161,False,1.4157586727814426
2,SPY|IWM|XLY|XLU,5.11888325978062e-06,9.078353937759352e-05,4197,False,3.697368331433282
2,SPY|IWM|XLY|VNQ,1.678247422948713e-07,0.00010340508854642676,4800,False,4.300991088736074
2,SPY|IWM|XLY|HYG,2.6416090935307073e-06,8.103326180741464e-05,4435,False,3.231063494154499
2,SPY|IWM|XLY|LQD,1.6820631693741824e-06,7.909244074447833e-05,4548,False,3.138244162250787
2,SPY|IWM|XLY|AGG,1.709367887482624e-05,7.446526996660707e-05,3491,False,2.9169507579239586
2,SPY|IWM|XLU|VNQ,1.6139224271068417e-07,7.851496485207993e-05,4802,False,3.110626507255934
2,SPY|IWM|XLU|HYG,5.092036267228967e-05,5.520385548312009e-05,2513,False,1.9957779316290438
2,SPY|IWM|XLU|LQD,2.2716731466834478e-05,5.4459799159417476e-05,3259,False,1.960193604880074
2,SPY|IWM|XLU|AGG,0.00017581827021186886,5.059983118902175e-05,1418,False,1.7755915026956468
2,SPY|IWM|VNQ|HYG,9.511853690687533e-07,6.409211083746283e-05,4650,False,2.4208567498337064
2,SPY|IWM|VNQ|LQD,7.914974912985524e-07,6.343214305471278e-05,4675,False,2.3892939386901815
2,SPY|IWM|VNQ|AGG,7.828744820444363e-06,5.9133501309476235e-05,3978,False,2.183712361642264
2,SPY|IWM|HYG|LQD,1.6516812782553605e-05,4.451074096936777e-05,3511,False,1.4843821290532218
2,SPY|IWM|HYG|AGG,0.00021476643332243357,4.084509618380985e-05,1254,False,1.3090734895864533
2,SPY|IWM|LQD|AGG,0.00016878434648075476,4.065967481657287e-05,1457,False,1.300205754298394
2,SPY|EFA|EEM|TLT,0.0002077774951735016,6.307934842660145e-05,1278,False,2.3724216147516883
2,SPY|EFA|EEM|GLD,3.8347109893822595e-05,8.117284709538344e-05,2783,False,3.237739129235071
2,SPY|EFA|EEM|USO,2.8857653734371973e-05,7.747662192456578e-05,3063,False,3.0609679897040913
2,SPY|EFA|EEM|XLK,5.52496644800634e-05,0.00011480507755694377,2427,False,4.846193005529457
2,SPY|EFA|EEM|XLF,5.719709382233868e-05,8.024470826523139e-05,2403,False,3.193351097914827
2,SPY|EFA|EEM|XLE,2.4345584912227805e-05,7.577002361238218e-05,3199,False,2.979350308306287
2,SPY|EFA|EEM|XLV,2.915922791461749e-05,7.148803522415022e-05,3048,False,2.7745651743208644
2,SPY|EFA|EEM|XLI,1.789072991341311e-07,8.861600153075128e-05,4795,False,3.5937063202041153
2,SPY|EFA|EEM|XLP,1.1464472234115468e-05,6.265172983694982e-05,3738,False,2.351970851639595
2,SPY|EFA|EEM|XLY,9.254228207256726e-06,9.80603125012246e-05,3869,False,4.04537837349685
2,SPY|EFA|EEM|XLU,2.0338529345836472e-05,7.102390210218188e-05,3356,False,2.7523681118929106
2,SPY|EFA|EEM|VNQ,8.045387493919303e-07,7.820912325181874e-05,4673,False,3.095999701340268
2,SPY|EFA|EEM|HYG,1.4046820346266322e-05,6.135306511959176e-05,3601,False,2.2898625028927357
2,SPY|EFA|EEM|LQD,3.8708242277627e-06,6.0374318099838816e-05,4303,False,2.2430541462589857
2,SPY|EFA|EEM|AGG,6.20883618406337e-05,5.657773667114078e-05,2332,False,2.061483491210218
2,SPY|EFA|TLT|GLD,0.00043336922429702124,5.1128822050565046e-05,736,False,1.8008903719676712
2,SPY|EFA|TLT|USO,0.0010162286122005356,5.2986676118673375e-05,212,False,1.8897418259577228
2,SPY|EFA|TLT|XLK,5.384392988956415e-05,7.456834396421473e-05,2447,False,2.9218802487344684
2,SPY|EFA|TLT|XLF,0.0004766306244321082,5.21324893082856e-05,656,False,1.8488905333912644
2,SPY|EFA|TLT|XLE,0.0006329659137046006,4.793158424269158e-05,471,False,1.647983191119623
2,SPY|EFA|TLT|XLV,0.0008222894771704553,4.6703870600280076e-05,307,False,1.5892680616139165
2,SPY|EFA|TLT|XLI,4.27745703444441e-05,5.66740730215246e-05,2693,False,2.0660907555538657
2,SPY|EFA|TLT|XLP,0.0010953985454931743,4.0077257143261954e-05,179,False,1.2723517597401086
2,SPY|EFA|TLT|XLY,8.715435692041354e-05,6.590340679811975e-05,2027,False,2.5074815727803976
2,SPY|EFA|TLT|XLU,0.0010146151256360213,4.6947695071058405e-05,214,False,1.6009289122258636
2,SPY|EFA|TLT|VNQ,2.9864254617506435e-05,5.39083087878124e-05,3023,False,1.933818701587203
2,SPY|EFA|TLT|HYG,0.0010337196541670792,3.661336577013188e-05,205,False,1.1066919319584911
2,SPY|EFA|TLT|LQD,0.00042421839574994586,3.863681881905498e-05,760,False,1.2034631200531942
2,SPY|EFA|TLT|AGG,0.0018363062597206016,3.485295783772694e-05,44,False,1.0225008175460113
2,SPY|EFA|GLD|USO,3.712712686096437e-05,7.178625117925285e-05,2804,False,2.788827285467667
2,SPY|EFA|GLD|XLK,5.144733647055962e-06,9.030124567202014e-05,4194,False,3.674302743168819
2,SPY|EFA|GLD|XLF,8.98605991924347e-05,6.396527092630619e-05,2000,False,2.4147906595396975
2,SPY|EFA|GLD|XLE,1.5741461433705814e-05,6.2549247683626e-05,3540,False,2.3470696656491774
2,SPY|EFA|GLD|XLV,8.516379034521051e-05,5.8282270240534176e-05,2053,False,2.1430024267473144
2,SPY|EFA|GLD|XLI,2.3555874174851112e-05,7.039731326183646e-05,3228,False,2.7224016411811833
2,SPY|EFA|GLD|XLP,0.00011913656009507459,5.098403134011573e-05,1747,False,1.7939657887248266
2,SPY|EFA|GLD|XLY,2.858746343451839e-05,7.779849044074344e-05,3070,False,3.0763612792777577
2,SPY|EFA|GLD|XLU,9.493137751757305e-05,5.8886634873460605e-05,1948,False,2.1719060297253208
2,SPY|EFA|GLD|VNQ,8.638167020724299e-06,6.401769165272853e-05,3918,False,2.41729766902004
2,SPY|EFA|GLD|HYG,0.00012370920389966606,4.8095591748917404e-05,1720,False,1.6558268133091123
2,SPY|EFA|GLD|LQD,9.582740879207253e-05,4.79263864885995e-05,1939,False,1.6477346096963073
2,SPY|EFA|GLD|AGG,0.00043094780918993933,4.484713250826664e-05,742,False,1.5004699789302298
2,SPY|EFA|USO|XLK,3.444106637938894e-05,9.387806976779251e-05,2893,False,3.8453635530738812
2,SPY|EFA|USO|XLF,0.0004874083400168648,7.04241439360762e-05,637,False,2.7236848121571264
2,SPY|EFA|USO|XLE,4.908084484274409e-05,9.548848840102929e-05,2555,False,3.922381462904362
2,SPY|EFA|USO|XLV,0.0004050639994742231,6.179375118722189e-05,790,False,2.3109382152074085
2,SPY|EFA|USO|XLI,8.13909251949124e-06,7.371938919268092e-05,3954,False,2.881279177252371
2,SPY|EFA|USO|XLP,0.000463755139428159,5.7132420273851095e-05,683,False,2.088011110064283
2,SPY|EFA|USO|XLY,1.609092750618634e-05,7.995551095153103e-05,3525,False,3.1795203012697186
2,SPY|EFA|USO|XLU,0.00044467812215027725,6.418803116712429e-05,717,False,2.4254441180796436
2,SPY|EFA|USO|VNQ,5.823697213327859e-05,6.772627285494356e-05,2383,False,2.594659732980472
2,SPY|EFA|USO|HYG,0.00033612325668281175,5.545315166239537e-05,909,False,2.0077004654722574
2,SPY|EFA|USO|LQD,0.00025711645313776277,5.287838863645055e-05,1103,False,1.88456300141516
2,SPY|EFA|USO|AGG,0.0008236851168993618,5.055191282209258e-05,306,False,1.7732998175479426
2,SPY|EFA|XLK|XLF,6.859753293971652e-05,9.63861892795846e-05,2242,False,3.965313806018372
2,SPY|EFA|XLK|XLE,0.0002034949967420255,9.016398685668511e-05,1301,False,3.667738371120003
2,SPY|EFA|XLK|XLV,1.0959473769742021e-06,8.418528427705969e-05,4631,False,3.3818082615960208
2,SPY|EFA|XLK|XLI,4.7047138692473534e-05,0.00010503716860213368,2606,False,4.37904495123636
2,SPY|EFA|XLK|XLP,2.208483257627983e-06,7.35664990248849e-05,4481,False,2.8739672392790667
2,SPY|EFA|XLK|XLY,0.00014041426935905156,0.00011700339437385035,1615,False,4.951327014096562
2,SPY|EFA|XLK|XLU,3.559424916429602e-09,8.262636207446041e-05,4842,False,3.3072531570073416
2,SPY|EFA|XLK|VNQ,1.8411091511869225e-06,9.066987062189685e-05,4529,False,3.691932148694143
2,SPY|EFA|XLK|HYG,1.5748920203371115e-05,7.48294356652838e-05,3538,False,2.9343669007610953
2,SPY|EFA|XLK|LQD,2.547587949769326e-05,7.287179519744076e-05,3155,False,2.840743184591222
2,SPY|EFA|XLK|AGG,8.08095606544532e-06,6.868234184209301e-05,3957,False,2.6403835177928703
2,SPY|EFA|XLF|XLE,0.00020199136241471794,6.959435069303143e-05,1305,False,2.6840001364760497
2,SPY|EFA|XLF|XLV,0.00032069821655031496,6.439422189180549e-05,945,False,2.4353051432277817
2,SPY|EFA|XLF|XLI,5.026850887522347e-06,7.857104971764877e-05,4209,False,3.1133087533688926
2,SPY|EFA|XLF|XLP,0.0003317915583985256,5.589973224790537e-05,920,False,2.029058081782076
2,SPY|EFA|XLF|XLY,5.797261171330576e-06,8.809502966807529e-05,4125,False,3.568790957753824
2,SPY|EFA|XLF|XLU,0.00036007171261031684,6.227054134585456e-05,871,False,2.3337405975741756
2,SPY|EFA|XLF|VNQ,1.4229945575702893e-06,7.069414090986589e-05,4576,False,2.7365973568536828
2,SPY|EFA|XLF|HYG,0.00023921484666111764,5.114931105869061e-05,1155,False,1.8018702541844829
2,SPY|EFA|XLF|LQD,0.0001126291193374745,4.970697144160107e-05,1792,False,1.7328906855920228
2,SPY|EFA|XLF|AGG,0.0008722167388413272,4.6048652998325704e-05,278,False,1.5579324268012225
2,SPY|EFA|XLE|XLV,0.00033174502422707596,5.976857054975876e-05,921,False,2.2140844055783706
2,SPY|EFA|XLE|XLI,2.2735105492634022e-05,7.301541542348322e-05,3258,False,2.8476117896799122
2,SPY|EFA|XLE|XLP,0.0002885419350593658,5.3066209504109966e-05,1008,False,1.8935454922725843
2,SPY|EFA|XLE|XLY,8.172402784542304e-06,8.005127723569166e-05,3947,False,3.18410030232414
2,SPY|EFA|XLE|XLU,0.00024080000116229224,6.018265931130152e-05,1148,False,2.2338881076966297
2,SPY|EFA|XLE|VNQ,8.606205303470786e-06,6.597451438398116e-05,3921,False,2.510882277120939
2,SPY|EFA|XLE|HYG,0.00022939590029426437,4.839466265638791e-05,1187,False,1.6701298123610966
2,SPY|EFA|XLE|LQD,0.00015074370788474434,4.641377700020211e-05,1554,False,1.5753944002738847
2,SPY|EFA|XLE|AGG,0.0007638167615989203,4.315383489458575e-05,346,False,1.4194884004542505
2,SPY|EFA|XLV|XLI,1.823328528877695e-05,6.809298290928753e-05,3439,False,2.6121975590565576
2,SPY|EFA|XLV|XLP,0.0005599604920544796,5.067076864050998e-05,534,False,1.7789840703979611
2,SPY|EFA|XLV|XLY,5.58855767054487e-05,7.679201557174846e-05,2416,False,3.0282268444748643
2,SPY|EFA|XLV|XLU,0.00045501695353599965,5.5229300138076586e-05,696,False,1.9969948165437255
2,SPY|EFA|XLV|VNQ,5.423455695953814e-06,6.329688897604635e-05,4161,False,2.3828254427227704
2,SPY|EFA|XLV|HYG,0.00043913193383386456,4.384424849075803e-05,728,False,1.4525072757940496
2,SPY|EFA|XLV|LQD,0.00023333309205970248,4.333542120934463e-05,1173,False,1.4281727252179546
2,SPY|EFA|XLV|AGG,0.0011202171643607138,3.991948331470749e-05,171,False,1.264806261786701
2,SPY|EFA|XLI|XLP,5.4111740239556105e-05,5.913877832320656e-05,2443,False,2.1839647336399968
2,SPY|EFA|XLI|XLY,4.884599135512568e-06,9.323264822827525e-05,4218,False,3.814496412749455
2,SPY|EFA|XLI|XLU,4.083837664270613e-05,6.715369582950662e-05,2731,False,2.5672763651989694
2,SPY|EFA|XLI|VNQ,2.289146575643929e-06,7.485404475433812e-05,4474,False,2.935543824923968
2,SPY|EFA|XLI|HYG,3.048413984415282e-05,5.551927302868276e-05,3004,False,2.0108627049803505
2,SPY|EFA|XLI|LQD,1.9552200146998813e-05,5.417302130184235e-05,3395,False,1.9464785181813402
2,SPY|EFA|XLI|AGG,1.0006237470947015e-06,5.037002541943199e-05,4642,False,1.7646010933228893
2,SPY|EFA|XLP|XLY,5.582437953911599e-06,6.828832265842616e-05,4146,False,2.6215396387338337
2,SPY|EFA|XLP|XLU,0.0007087000600952756,4.949088043918326e-05,397,False,1.7225561818822992
2,SPY|EFA|XLP|VNQ,1.2917067399553795e-05,5.5981481125591676e-05,3659,False,2.032967703516725
2,SPY|EFA|XLP|HYG,0.00047247708229848526,3.688627411518555e-05,666,False,1.1197437123325693
2,SPY|EFA|XLP|LQD,0.00025464725264528234,3.658950637282701e-05,1108,False,1.10555086163534
2,SPY|EFA|XLP|AGG,0.001232795698120665,3.342523240636473e-05,143,False,0.9542201691072079
2,SPY|EFA|XLY|XLU,2.3191164263337577e-05,7.398173585363788e-05,3244,False,2.8938258474540817
2,SPY|EFA|XLY|VNQ,6.738208727696587e-06,8.42027938607769e-05,4047,False,3.382645653508949
2,SPY|EFA|XLY|HYG,8.312872874957531e-05,6.460086391273125e-05,2072,False,2.445187751517566
2,SPY|EFA|XLY|LQD,4.585953806959669e-05,6.32475261212193e-05,2635,False,2.380464675265427
2,SPY|EFA|XLY|AGG,6.0404467568224454e-05,5.905939915506113e-05,2359,False,2.180168442732486
2,SPY|EFA|XLU|VNQ,1.403369876019568e-05,6.363143504701515e-05,3602,False,2.3988250335100614
2,SPY|EFA|XLU|HYG,0.0005168731405244763,4.309022246902178e-05,594,False,1.4164461504733639
2,SPY|EFA|XLU|LQD,0.0002413854869370175,4.293364941674353e-05,1146,False,1.4089580793759673
2,SPY|EFA|XLU|AGG,0.0011766872876216496,3.95127252580609e-05,153,False,1.245353148985427
2,SPY|EFA|VNQ|HYG,6.74812248541077e-05,4.957798666167032e-05,2255,False,1.7267220174301026
2,SPY|EFA|VNQ|LQD,2.48067357932005e-06,4.950550215034463e-05,4452,False,1.7232554619381504
2,SPY|EFA|VNQ|AGG,6.278603453214149e-05,4.564590421682117e-05,2323,False,1.5386710566841197
2,SPY|EFA|HYG|LQD,0.00020522597615598627,3.335399685596608e-05,1290,False,0.9508133448913821
2,SPY|EFA|HYG|AGG,0.0012598651546153312,3.012739588212125e-05,137,False,0.7965018772185011
2,SPY|EFA|LQD|AGG,0.0007890337593666163,3.052945778630863e-05,328,False,0.8157303975820146
2,SPY|EEM|TLT|GLD,3.6880021897481725e-05,5.877254594512324e-05,2814,False,2.166449752323908
2,SPY|EEM|TLT|USO,0.00013159580367528165,5.7977692615636926e-05,1667,False,2.1284360701698506
2,SPY|EEM|TLT|XLK,4.050404413913607e-06,8.540145550260007e-05,4286,False,3.4399713776044547
2,SPY|EEM|TLT|XLF,4.554551764487331e-05,5.601122244755759e-05,2644,False,2.0343900755671567
2,SPY|EEM|TLT|XLE,5.776292384778663e-05,5.259546398374904e-05,2392,False,1.8710321933750238
2,SPY|EEM|TLT|XLV,9.708343467041684e-05,5.010264478798116e-05,1919,False,1.751813674611702
2,SPY|EEM|TLT|XLI,1.861090967197971e-05,6.284791061333191e-05,3427,False,2.3613531532561014
2,SPY|EEM|TLT|XLP,0.00014320595816955217,4.32680623827284e-05,1598,False,1.4249513044472641
2,SPY|EEM|TLT|XLY,2.005110645336072e-05,7.199298316949514e-05,3373,False,2.7987141965198292
2,SPY|EEM|TLT|XLU,0.0001036389685694902,5.1446443003477545e-05,1859,False,1.8160805227811398
2,SPY|EEM|TLT|VNQ,4.56617081066601e-06,5.7707606450270625e-05,4245,False,2.1155192599061534
2,SPY|EEM|TLT|HYG,8.711811458975158e-05,4.2081064341136185e-05,2028,False,1.3681833894160271
2,SPY|EEM|TLT|LQD,4.065626651721983e-05,4.391629745599888e-05,2735,False,1.4559530013922106
2,SPY|EEM|TLT|AGG,0.0002519836490203177,4.0126918861694274e-05,1116,False,1.2747268202823228
2,SPY|EEM|GLD|USO,3.087376546155005e-05,7.94296042444764e-05,2991,False,3.1543689309941714
2,SPY|EEM|GLD|XLK,1.7142746628148365e-05,0.00010378669377866548,3489,False,4.319241273353182
2,SPY|EEM|GLD|XLF,2.3404052144134237e-05,7.049634063383816e-05,3237,False,2.7271376030299654
2,SPY|EEM|GLD|XLE,3.204937318212077e-05,6.986546399294344e-05,2952,False,2.696966069218954
2,SPY|EEM|GLD|XLV,4.674740658855773e-05,6.433338099649525e-05,2619,False,2.4323954410594757
2,SPY|EEM|GLD|XLI,2.816045780859482e-07,7.922348742190375e-05,4772,False,3.1445114401977947
2,SPY|EEM|GLD|XLP,7.492179775740947e-05,5.682717314784216e-05,2168,False,2.0734127347463582
2,SPY|EEM|GLD|XLY,5.421946093745986e-06,8.654040338037883e-05,4162,False,3.494441304331566
2,SPY|EEM|GLD|XLU,5.843305980012086e-05,6.603771937413973e-05,2380,False,2.513905041594972
2,SPY|EEM|GLD|VNQ,6.713729546923203e-06,7.046932588344675e-05,4050,False,2.7258456286533668
2,SPY|EEM|GLD|HYG,7.781839700548914e-05,5.621562688818171e-05,2134,False,2.0441656720810246
2,SPY|EEM|GLD|LQD,2.744547064950203e-05,5.58582016938034e-05,3100,False,2.0270718923496998
2,SPY|EEM|GLD|AGG,2.471219996336014e-05,5.2773430100493975e-05,3187,False,1.8795433829809174
2,SPY|EEM|USO|XLK,2.1729402910438846e-07,0.0001047108104768432,4785,False,4.363436947114136
2,SPY|EEM|USO|XLF,4.2974817081031695e-06,7.430250624601353e-05,4268,False,2.9091666195032855
2,SPY|EEM|USO|XLE,1.5038773077281941e-05,0.00010015199731275209,3566,False,4.14541273033003
2,SPY|EEM|USO|XLV,1.4712530298602586e-05,6.519215454558833e-05,3576,False,2.4734660933754613
2,SPY|EEM|USO|XLI,2.0620451766492057e-05,7.989285595515357e-05,3344,False,3.1765238401248737
2,SPY|EEM|USO|XLP,5.837378285016226e-05,6.032285468398288e-05,2381,False,2.2405929199417054
2,SPY|EEM|USO|XLY,1.615434702794775e-05,8.604471649357178e-05,3522,False,3.470735190179418
2,SPY|EEM|USO|XLU,2.7479836861209747e-05,6.868640827020878e-05,3098,False,2.640577993805187
2,SPY|EEM|USO|VNQ,2.619567837701173e-06,7.152519968806715e-05,4439,False,2.776342556469691
2,SPY|EEM|USO|HYG,2.1584384733820627e-05,6.092047940406502e-05,3296,False,2.2691741881000604
2,SPY|EEM|USO|LQD,2.0925327521555734e-05,5.8157496444059803e-05,3328,False,2.137035147924444
2,SPY|EEM|USO|AGG,6.175235713602252e-05,5.5825503016725266e-05,2341,False,2.025508085454521
2,SPY|EEM|XLK|XLF,4.14311694495083e-06,0.00010610664663094371,4278,False,4.4301924980223895
2,SPY|EEM|XLK|XLE,3.57846793855706e-06,0.00010066959080982971,4344,False,4.170166523203529
2,SPY|EEM|XLK|XLV,1.0085204789620812e-05,9.342578267684791e-05,3816,False,3.8237330244219323
2,SPY|EEM|XLK|XLI,2.2485673746285385e-05,0.00011705273040602814,3270,False,4.953686498766722
2,SPY|EEM|XLK|XLP,1.3977000473958562e-06,8.259902847643848e-05,4581,False,3.3059459338143484
2,SPY|EEM|XLK|XLY,1.817094519285965e-05,0.00012893469495731287,3445,False,5.521938787664118
2,SPY|EEM|XLK|XLU,3.1690878028272538e-06,9.296683421896668e-05,4386,False,3.8017839173907433
2,SPY|EEM|XLK|VNQ,9.518933068136619e-07,0.00010031089249644222,4649,False,4.15301185684122
2,SPY|EEM|XLK|HYG,7.477306134113703e-06,8.613885844837526e-05,4001,False,3.4752375080467584
2,SPY|EEM|XLK|LQD,3.472422697389589e-06,8.39929980464718e-05,4356,False,3.3726122157583642
2,SPY|EEM|XLK|AGG,3.533385220454581e-05,7.979802707814749e-05,2868,False,3.1719886703573077
2,SPY|EEM|XLF|XLE,3.786436473015038e-08,7.314557624706267e-05,4836,False,2.8538367018654816
2,SPY|EEM|XLF|XLV,8.848155695939274e-06,6.668034189248036e-05,3899,False,2.5446383193595983
2,SPY|EEM|XLF|XLI,1.192481446939937e-06,8.363223312242985e-05,4612,False,3.3553587142051584
2,SPY|EEM|XLF|XLP,2.2671363867689987e-05,5.797788330034559e-05,3262,False,2.1284451896232617
2,SPY|EEM|XLF|XLY,8.546585831195465e-06,9.307195185242448e-05,3928,False,3.8068111446272876
2,SPY|EEM|XLF|XLU,1.0710148081124922e-05,6.565663509124748e-05,3779,False,2.4956797712634824
2,SPY|EEM|XLF|VNQ,3.610632692972899e-07,7.338078438529789e-05,4751,False,2.865085478306664
2,SPY|EEM|XLF|HYG,3.798111930076604e-06,5.550435544266871e-05,4316,False,2.01014927477605
2,SPY|EEM|XLF|LQD,3.979889815728358e-06,5.3873795891518764e-05,4292,False,1.9321681300650704
2,SPY|EEM|XLF|AGG,5.716778933288212e-05,5.020995983526683e-05,2404,False,1.7569459926715651
2,SPY|EEM|XLE|XLV,1.2893974849807484e-06,6.28398371522191e-05,4601,False,2.3609670417896957
2,SPY|EEM|XLE|XLI,1.8629355493072175e-06,7.886174543004977e-05,4522,False,3.1272112105956875
2,SPY|EEM|XLE|XLP,2.2113162763647212e-05,5.592950715833566e-05,3280,False,2.03048206019328
2,SPY|EEM|XLE|XLY,9.495309033213725e-07,8.581334602182633e-05,4651,False,3.4596699492771124
2,SPY|EEM|XLE|XLU,6.117694276962838e-06,6.435389965847991e-05,4094,False,2.433376741465446
2,SPY|EEM|XLE|VNQ,3.762074810794092e-07,6.944630446119864e-05,4749,False,2.67691985865343
2,SPY|EEM|XLE|HYG,6.692049599681767e-06,5.3534853642151486e-05,4051,False,1.9159582930321735
2,SPY|EEM|XLE|LQD,3.036774109267659e-06,5.136574805190528e-05,4406,False,1.8122213048264417
2,SPY|EEM|XLE|AGG,2.351793173166804e-05,4.810028833331234e-05,3231,False,1.6560514264041022
2,SPY|EEM|XLV|XLI,6.080683826772545e-06,7.267420736249773e-05,4100,False,2.831293590714718
2,SPY|EEM|XLV|XLP,3.913713864906064e-05,5.22689607413793e-05,2770,False,1.8554172490610417
2,SPY|EEM|XLV|XLY,7.90090010135872e-07,8.128897880452673e-05,4676,False,3.2432931021702207
2,SPY|EEM|XLV|XLU,1.740969155107651e-05,5.8135434931898614e-05,3479,False,2.135980061054926
2,SPY|EEM|XLV|VNQ,3.491264680326383e-07,6.550357349990746e-05,4753,False,2.488359634997646
2,SPY|EEM|XLV|HYG,5.2117306619269155e-06,4.771933392316522e-05,4184,False,1.6378323672075104
2,SPY|EEM|XLV|LQD,3.5824054217703895e-06,4.702228670769141e-05,4343,False,1.6044962405128955
2,SPY|EEM|XLV|AGG,8.271576238301674e-05,4.360083120007771e-05,2077,False,1.4408658984789373
2,SPY|EEM|XLI|XLP,7.341641243974934e-06,6.351203382818209e-05,4009,False,2.3931146970075265
2,SPY|EEM|XLI|XLY,1.6027478204941602e-05,0.00010050467486515975,3529,False,4.162279455149262
2,SPY|EEM|XLI|XLU,1.380059417695006e-05,7.283489402743486e-05,3617,False,2.83897839441462
2,SPY|EEM|XLI|VNQ,5.249921609780239e-07,7.983579268230545e-05,4723,False,3.173794801903293
2,SPY|EEM|XLI|HYG,1.2608415248904584e-05,6.216942186519617e-05,3677,False,2.328904581098261
2,SPY|EEM|XLI|LQD,1.3800174515316349e-05,6.0634950204295356e-05,3618,False,2.2555188181807315
2,SPY|EEM|XLI|AGG,4.5798916658481174e-05,5.682643670890843e-05,2637,False,2.073377514719575
2,SPY|EEM|XLP|XLY,2.703961322656713e-06,7.257731694296979e-05,4427,False,2.82665982813856
2,SPY|EEM|XLP|XLU,7.170884203878941e-05,5.218904628477064e-05,2211,False,1.8515953581028701
2,SPY|EEM|XLP|VNQ,1.221566640063102e-06,5.798019670121814e-05,4606,False,2.128555827500971
2,SPY|EEM|XLP|HYG,6.114626784106186e-05,4.0553390599358104e-05,2349,False,1.2951227354554007
2,SPY|EEM|XLP|LQD,3.3965864117032206e-05,4.006840292293915e-05,2909,False,1.2719283086396513
2,SPY|EEM|XLP|AGG,0.0001437359185657554,3.68986113435003e-05,1596,False,1.1203337375088143
2,SPY|EEM|XLY|XLU,2.453402661634011e-06,7.957867283113422e-05,4454,False,3.161498102706929
2,SPY|EEM|XLY|VNQ,9.15949904454233e-08,8.910028056831233e-05,4817,False,3.6168668565254714
2,SPY|EEM|XLY|HYG,6.957001090959543e-07,7.116675152881276e-05,4697,False,2.7591998536726736
2,SPY|EEM|XLY|LQD,3.078930951030969e-06,6.962519380324041e-05,4398,False,2.6854752013020153
2,SPY|EEM|XLY|AGG,2.3905402503868708e-05,6.543154922410567e-05,3219,False,2.4849150901663686
2,SPY|EEM|XLU|VNQ,7.019495070151763e-07,6.693809331559432e-05,4696,False,2.5569652233424276
2,SPY|EEM|XLU|HYG,2.5246423643575768e-05,4.8065281646147026e-05,3171,False,1.6543772394443157
2,SPY|EEM|XLU|LQD,1.1651658834323352e-05,4.7720488659808375e-05,3731,False,1.637887592228399
2,SPY|EEM|XLU|AGG,9.058152468871117e-05,4.429404688814917e-05,1996,False,1.4740187832351537
2,SPY|EEM|VNQ|HYG,1.1732421992623309e-06,5.385359556883465e-05,4616,False,1.9312020541647283
2,SPY|EEM|VNQ|LQD,7.356730083866216e-08,5.3592891123448556e-05,4827,False,1.9187339225542572
2,SPY|EEM|VNQ|AGG,1.0473717877569147e-05,4.972777557694853e-05,3792,False,1.7338856386975214
2,SPY|EEM|HYG|LQD,6.55562682964812e-06,3.9109786737616095e-05,4062,False,1.2260827046460745
2,SPY|EEM|HYG|AGG,7.064834541358512e-05,3.58776681507947e-05,2223,False,1.0715073583704882
2,SPY|EEM|LQD|AGG,7.37054149071792e-05,3.6091510120921664e-05,2190,False,1.0817343026154818
2,SPY|TLT|GLD|USO,0.0003604666946562544,5.7813412271309516e-05,869,False,2.120579399559366
2,SPY|TLT|GLD|XLK,1.1055444775848686e-05,6.642371401866196e-05,3759,False,2.532365148869756
2,SPY|TLT|GLD|XLF,0.00045471904932281273,4.5257875509617926e-05,698,False,1.5201136708179672
2,SPY|TLT|GLD|XLE,0.00022344748770010037,4.490077845597838e-05,1217,False,1.5030355843438536
2,SPY|TLT|GLD|XLV,0.0004683948752292338,4.242297020535064e-05,673,False,1.3845349606640913
2,SPY|TLT|GLD|XLI,5.202726194180153e-05,5.01553127454026e-05,2486,False,1.7543325078591083
2,SPY|TLT|GLD|XLP,0.0007993199617378115,3.7126454286879826e-05,319,False,1.1312302751584349
2,SPY|TLT|GLD|XLY,7.490384958564403e-05,5.725725150999952e-05,2169,False,2.093981135926678
2,SPY|TLT|GLD|XLU,0.0005780947022698915,4.4835266175741794e-05,520,False,1.4999024742394893
2,SPY|TLT|GLD|VNQ,7.888658273606988e-05,4.904226525216594e-05,2121,False,1.7011012612118652
2,SPY|TLT|GLD|HYG,0.000760996714025582,3.4349681371447355e-05,351,False,0.998431733458343
2,SPY|TLT|GLD|LQD,0.0003076101861047477,3.6994456245745094e-05,971,False,1.124917498455472
2,SPY|TLT|GLD|AGG,0.0008373913951995566,3.392240509980566e-05,294,False,0.9779973416282745
2,SPY|TLT|USO|XLK,3.3372641872757385e-06,7.290190995576566e-05,4370,False,2.84218341615174
2,SPY|TLT|USO|XLF,0.0005262135183393078,5.461812036071926e-05,585,False,1.967765280812317
2,SPY|TLT|USO|XLE,0.0003104999474123831,8.074139101471302e-05,969,False,3.217104838975961
2,SPY|TLT|USO|XLV,0.00048735493809309735,4.883582299336969e-05,638,False,1.6912282065011073
2,SPY|TLT|USO|XLI,6.50830417625887e-05,5.63787605175784e-05,2286,False,2.0519675013072183
2,SPY|TLT|USO|XLP,0.0006012669088916431,4.617621506194652e-05,494,False,1.5640330538748124
2,SPY|TLT|USO|XLY,7.475489456891621e-05,6.231564386211845e-05,2175,False,2.3358976152955604
2,SPY|TLT|USO|XLU,0.0004972152117419977,5.3038034310736804e-05,624,False,1.8921980199707338
2,SPY|TLT|USO|VNQ,0.00014500853770251377,5.56522182957123e-05,1584,False,2.0172207825492188
2,SPY|TLT|USO|HYG,0.0005060038655078221,4.4608613126256645e-05,611,False,1.4890628429984096
2,SPY|TLT|USO|LQD,0.00031771748200774423,4.484783023492748e-05,951,False,1.5005033475512461
2,SPY|TLT|USO|AGG,0.0007228251770938646,4.252855725496293e-05,380,False,1.3895846376229086
2,SPY|TLT|XLK|XLF,1.3424128240950498e-05,7.067547295881282e-05,3638,False,2.7357045662828017
2,SPY|TLT|XLK|XLE,0.00010068211693630715,6.551219672495399e-05,1892,False,2.48877203880084
2,SPY|TLT|XLK|XLV,1.964864989502958e-05,6.132266333779262e-05,3390,False,2.2884085444989575
2,SPY|TLT|XLK|XLI,8.579946539045804e-06,7.779184718161632e-05,3923,False,3.076043566900446
2,SPY|TLT|XLK|XLP,0.0001187769992843463,5.270560106756548e-05,1753,False,1.8762994746988362
2,SPY|TLT|XLK|XLY,2.266633848424628e-05,8.94588345390229e-05,3263,False,3.6340146197316407
2,SPY|TLT|XLK|XLU,4.253184849499792e-05,6.157167247265808e-05,2699,False,2.3003173505076706
2,SPY|TLT|XLK|VNQ,8.240326468916902e-06,6.869112331725074e-05,3942,False,2.640803489872128
2,SPY|TLT|XLK|HYG,2.2024653945076053e-05,5.4080204383730234e-05,3284,False,1.9420395698964867
2,SPY|TLT|XLK|LQD,2.132145889334928e-05,5.4936544050502834e-05,3309,False,1.9829938223365473
2,SPY|TLT|XLK|AGG,2.5378283533933172e-05,5.075429352954851e-05,3163,False,1.782978629477075
2,SPY|TLT|XLF|XLE,0.0002605366946677832,5.011269679797022e-05,1094,False,1.7522944097342186
2,SPY|TLT|XLF|XLV,0.0004293852817114639,4.670173718920834e-05,748,False,1.5891660317080505
2,SPY|TLT|XLF|XLI,5.3401731024683874e-05,5.649586453380131e-05,2457,False,2.0575679746103095
2,SPY|TLT|XLF|XLP,0.0006418350341554674,4.020897052725587e-05,460,False,1.2786509227791762
2,SPY|TLT|XLF|XLY,4.989169184288903e-05,6.572060606991778e-05,2539,False,2.4987391689662366
2,SPY|TLT|XLF|XLU,0.0005752673363312952,4.638598798072215e-05,525,False,1.5740653966518365
2,SPY|TLT|XLF|VNQ,9.584903449486499e-06,5.388552984188968e-05,3840,False,1.9327293036089996
2,SPY|TLT|XLF|HYG,0.0005119887494653956,3.557021601380695e-05,605,False,1.0568035288972055
2,SPY|TLT|XLF|LQD,0.00021315480295015595,3.694185653133306e-05,1258,False,1.1224019289146794
2,SPY|TLT|XLF|AGG,0.0010981726516767517,3.329074092245112e-05,177,False,0.9477881440627591
2,SPY|TLT|XLE|XLV,0.00045321906021502636,4.313501203620226e-05,702,False,1.4185882014750462
2,SPY|TLT|XLE|XLI,2.0271146057027563e-05,5.199915642867641e-05,3361,False,1.8425139183377368
2,SPY|TLT|XLE|XLP,0.0005464276995684523,3.843437397250111e-05,558,False,1.1937812406860924
2,SPY|TLT|XLE|XLY,2.936511020954708e-05,5.87357798265748e-05,3038,False,2.1646914209529595
2,SPY|TLT|XLE|XLU,0.0003712238742563072,4.535703213520975e-05,851,False,1.5248558141906978
2,SPY|TLT|XLE|VNQ,2.9321720772307835e-05,5.022482950504561e-05,3043,False,1.7576571312926634
2,SPY|TLT|XLE|HYG,0.00044635257359667576,3.3874493800544916e-05,715,False,0.975705994490227
2,SPY|TLT|XLE|LQD,0.00021516892347000807,3.470758827897476e-05,1252,False,1.0155485510129492
2,SPY|TLT|XLE|AGG,0.0007589694905042854,3.145484900775182e-05,353,False,0.8599870251321946
2,SPY|TLT|XLV|XLI,3.996927142608209e-05,4.88658931069448e-05,2749,False,1.692666302936483
2,SPY|TLT|XLV|XLP,0.0007963143167590596,3.782810230136519e-05,321,False,1.1647864340335692
2,SPY|TLT|XLV|XLY,7.465600236186785e-05,5.7265687355095647e-05,2178,False,2.0943845783257835
2,SPY|TLT|XLV|XLU,0.0006964023737050188,4.2192842154448884e-05,409,False,1.373529138259893
2,SPY|TLT|XLV|VNQ,2.4631262542646174e-05,4.933637328957487e-05,3188,False,1.7151669121165949
2,SPY|TLT|XLV|HYG,0.0007487806276476141,3.111324882737909e-05,363,False,0.8436500731452795
2,SPY|TLT|XLV|LQD,0.0002876082626784879,3.341840168058133e-05,1009,False,0.9538934911791185
2,SPY|TLT|XLV|AGG,0.0010073289496958255,3.000966662033763e-05,215,False,0.7908715016867452
2,SPY|TLT|XLI|XLP,0.00019200411152253116,4.1913411502811464e-05,1342,False,1.3601654300367538
2,SPY|TLT|XLI|XLY,5.7685532624247435e-05,6.932361953037214e-05,2394,False,2.6710524793615233
2,SPY|TLT|XLI|XLU,6.163498446977473e-05,4.973453736462861e-05,2343,False,1.7342090196762865
2,SPY|TLT|XLI|VNQ,1.7928670969508263e-06,5.6510828586616324e-05,4533,False,2.0582836270789406
2,SPY|TLT|XLI|HYG,4.552032135005609e-05,3.840557288405352e-05,2645,False,1.1924038350927293
2,SPY|TLT|XLI|LQD,1.5059371653499213e-05,3.987330129182875e-05,3565,False,1.2625976169036528
2,SPY|TLT|XLI|AGG,7.407061240598366e-05,3.607750824381181e-05,2186,False,1.081064665984082
2,SPY|TLT|XLP|XLY,4.5875253726252645e-05,5.0763717423721e-05,2634,False,1.7834293251015851
2,SPY|TLT|XLP|XLU,0.0011690490963514742,3.84561454375032e-05,155,False,1.1948224561152991
2,SPY|TLT|XLP|VNQ,4.24103507242418e-05,4.402268842106784e-05,2703,False,1.461041125427381
2,SPY|TLT|XLP|HYG,0.001047065036376142,2.615699743375426e-05,194,False,0.6066184622006315
2,SPY|TLT|XLP|LQD,0.00039160626984410097,2.867420982601136e-05,808,False,0.7270035801133361
2,SPY|TLT|XLP|AGG,0.0013390865643268942,2.5517138693942507e-05,121,False,0.5760173615240839
2,SPY|TLT|XLY|XLU,3.0565901254180317e-06,5.62633389744498e-05,4402,False,2.0464474919023927
2,SPY|TLT|XLY|VNQ,1.4694191636422594e-05,6.556033927874503e-05,3577,False,2.4910744456349163
2,SPY|TLT|XLY|HYG,0.00011807703068803984,4.718792535379193e-05,1759,False,1.612417871600939
2,SPY|TLT|XLY|LQD,3.292239068425008e-05,4.864856769689563e-05,2935,False,1.6822727639587345
2,SPY|TLT|XLY|AGG,3.640753747159234e-06,4.446764356513088e-05,4335,False,1.4823210053646727
2,SPY|TLT|XLU|VNQ,3.5072173323100276e-05,5.147885069800841e-05,2877,False,1.8176304135012784
2,SPY|TLT|XLU|HYG,0.0009469108295555411,3.216715414310757e-05,240,False,0.894052858421986
2,SPY|TLT|XLU|LQD,0.00032167030964815583,3.482456122544497e-05,941,False,1.0211427559345236
2,SPY|TLT|XLU|AGG,0.0011277996567135833,3.141083990115576e-05,168,False,0.8578822994828628
2,SPY|TLT|VNQ|HYG,0.00017343248657522526,3.773086063291233e-05,1434,False,1.1601358730563807
2,SPY|TLT|VNQ|LQD,1.2594074935613099e-05,4.047235625620229e-05,3679,False,1.2912472861743631
2,SPY|TLT|VNQ|AGG,0.00010760334186880115,3.661996115707225e-05,1830,False,1.107007354859212
2,SPY|TLT|HYG|LQD,0.0003695015170435787,2.5550366984916283e-05,858,False,0.5776064970850006
2,SPY|TLT|HYG|AGG,0.0013071369668975227,2.2330968845464872e-05,129,False,0.423639503350999
2,SPY|TLT|LQD|AGG,0.0005508219246367477,2.5547010884267897e-05,549,False,0.5774459923244465
2,SPY|GLD|USO|XLK,8.421977988204223e-07,9.199322462362855e-05,4669,False,3.7552212569270287
2,SPY|GLD|USO|XLF,5.9987178732160996e-05,6.980931493879733e-05,2365,False,2.694280753301688
2,SPY|GLD|USO|XLE,1.3619928147480884e-05,9.87174674157049e-05,3631,False,4.0768066598464525
2,SPY|GLD|USO|XLV,4.804781605983774e-05,6.377263559368128e-05,2582,False,2.4055779179754433
2,SPY|GLD|USO|XLI,5.173962137034059e-06,7.346041371794772e-05,4190,False,2.868893733275473
2,SPY|GLD|USO|XLP,8.10601380176266e-05,6.0441402218857775e-05,2087,False,2.2462624292004683
2,SPY|GLD|USO|XLY,3.956141257451674e-06,7.756914046479961e-05,4297,False,3.065392668133858
2,SPY|GLD|USO|XLU,4.8889059291620915e-05,6.833538707319648e-05,2559,False,2.6237904838111286
2,SPY|GLD|USO|VNQ,2.1351870205167435e-05,6.912001412068592e-05,3308,False,2.6613150963229937
2,SPY|GLD|USO|HYG,5.745316730976758e-05,5.9449252065099655e-05,2396,False,2.198813070689969
2,SPY|GLD|USO|LQD,6.358342942329082e-05,5.7495810864529483e-05,2308,False,2.1053901835352975
2,SPY|GLD|USO|AGG,0.00013920422726174336,5.588114488556012e-05,1626,False,2.0281691453480652
2,SPY|GLD|XLK|XLF,4.0983948169100665e-05,8.279999418411683e-05,2728,False,3.3155570736965796
2,SPY|GLD|XLK|XLE,1.9584549691263313e-05,8.042159977317184e-05,3393,False,3.2018108945957393
2,SPY|GLD|XLK|XLV,9.123349113762888e-06,7.319280258533016e-05,3881,False,2.8560952908977004
2,SPY|GLD|XLK|XLI,4.424808843777604e-06,9.18068270292116e-05,4256,False,3.746306833793108
2,SPY|GLD|XLK|XLP,1.3445903235965153e-06,6.390411487170269e-05,4591,False,2.4118658849488983
2,SPY|GLD|XLK|XLY,8.931922030623118e-06,0.00010164565778893002,3894,False,4.216846707494346
2,SPY|GLD|XLK|XLU,4.265034112075066e-06,7.380235188234371e-05,4272,False,2.8852468492724723
2,SPY|GLD|XLK|VNQ,3.3804563742885464e-06,7.909224578945032e-05,4368,False,3.1382348385703116
2,SPY|GLD|XLK|HYG,2.197907499483182e-05,6.585416996979919e-05,3286,False,2.5051268325124525
2,SPY|GLD|XLK|LQD,1.3489956929516481e-05,6.451785132733078e-05,3635,False,2.4412176932450045
2,SPY|GLD|XLK|AGG,8.156870987467526e-06,6.104020780737165e-05,3949,False,2.2749001721266384
2,SPY|GLD|XLF|XLE,2.01405673725556e-05,6.112197975640322e-05,3367,False,2.278810897243199
2,SPY|GLD|XLF|XLV,0.0001662219967353619,5.467175634696103e-05,1467,False,1.9703304098208747
2,SPY|GLD|XLF|XLI,2.6858615230577898e-05,6.661072429161175e-05,3122,False,2.5413088732170532
2,SPY|GLD|XLF|XLP,0.00022072924680093434,4.7507364241608234e-05,1233,False,1.6276949647433205
2,SPY|GLD|XLF|XLY,3.058932229234938e-05,7.400730923004006e-05,3000,False,2.8950488884430237
2,SPY|GLD|XLF|XLU,0.0001735050600159717,5.4716547300622936e-05,1432,False,1.97247252713072
2,SPY|GLD|XLF|VNQ,7.904555388272303e-06,6.038653222430442e-05,3972,False,2.243638284021264
2,SPY|GLD|XLF|HYG,0.00016486906916630164,4.344406151009108e-05,1481,False,1.4333684232272539
2,SPY|GLD|XLF|LQD,0.00012880923814605498,4.262304371837618e-05,1684,False,1.3941034315372192
2,SPY|GLD|XLF|AGG,0.0006704050343408436,3.9676535110489425e-05,433,False,1.2531873184264046
2,SPY|GLD|XLE|XLV,5.111848240532331e-05,5.38899130168688e-05,2506,False,1.9329389279689924
2,SPY|GLD|XLE|XLI,1.7421589320183044e-05,6.489889800940069e-05,3477,False,2.459441165325602
2,SPY|GLD|XLE|XLP,8.317861770636611e-05,4.8517649509767316e-05,2071,False,1.6760116310313586
2,SPY|GLD|XLE|XLY,2.793958585145947e-05,6.980736480961092e-05,3086,False,2.6941874888108677
2,SPY|GLD|XLE|XLU,5.3814037333121976e-05,5.647247327802438e-05,2448,False,2.0564492930507026
2,SPY|GLD|XLE|VNQ,4.967778125231209e-06,5.9510713710374185e-05,4212,False,2.201752460086049
2,SPY|GLD|XLE|HYG,8.064454674608948e-05,4.453322111974287e-05,2094,False,1.4854572372013963
2,SPY|GLD|XLE|LQD,5.970869882518325e-05,4.317365728893171e-05,2368,False,1.4204364020166103
2,SPY|GLD|XLE|AGG,0.00026224149009318356,4.062552501870395e-05,1087,False,1.298572547876961
2,SPY|GLD|XLV|XLI,1.363648805184078e-06,5.8726370886988764e-05,4586,False,2.164241440528192
2,SPY|GLD|XLV|XLP,0.00029136505831015653,4.487211403795109e-05,999,False,1.5016647149826792
2,SPY|GLD|XLV|XLY,4.69085445695715e-05,6.529800853745146e-05,2615,False,2.4785285367875356
2,SPY|GLD|XLV|XLU,0.00019600945267798377,5.0269019496583204e-05,1326,False,1.7597705077237422
2,SPY|GLD|XLV|VNQ,1.7920286411641194e-05,5.5582993694223135e-05,3456,False,2.0139101315138244
2,SPY|GLD|XLV|HYG,0.0002502231807730951,3.873271234589674e-05,1121,False,1.2080492064602928
2,SPY|GLD|XLV|LQD,0.00017168315140934104,3.884520688985797e-05,1443,False,1.2134292327866234
2,SPY|GLD|XLV|AGG,0.0005333169813768086,3.614107883060945e-05,575,False,1.0841049150353554
2,SPY|GLD|XLI|XLP,3.603356657172515e-05,5.1102263839455105e-05,2845,False,1.799620231479783
2,SPY|GLD|XLI|XLY,1.430306260652119e-05,7.950078131278569e-05,3589,False,3.1577729583171945
2,SPY|GLD|XLI|XLU,3.191682157656445e-05,5.9955555306820686e-05,2958,False,2.2230269096340547
2,SPY|GLD|XLI|VNQ,3.313010817136017e-06,6.490228959132234e-05,4372,False,2.4596033669700894
2,SPY|GLD|XLI|HYG,2.8251550752924675e-05,4.816987700262892e-05,3077,False,1.6593794889016618
2,SPY|GLD|XLI|LQD,1.4671752153981484e-05,4.7444947101163136e-05,3579,False,1.6247098790050767
2,SPY|GLD|XLI|AGG,1.295834158457814e-05,4.4353761054141386e-05,3657,False,1.476874599826612
2,SPY|GLD|XLP|XLY,1.110510706898418e-05,5.8124413162676477e-05,3755,False,2.135452947414657
2,SPY|GLD|XLP|XLU,0.00039975023639328563,4.5860697336237194e-05,795,False,1.5489434894304683
2,SPY|GLD|XLP|VNQ,3.6233012322013984e-05,4.9597683382315776e-05,2834,False,1.7276640086759307
2,SPY|GLD|XLP|HYG,0.00039224572514064024,3.310483550887158e-05,805,False,0.9388972593669647
2,SPY|GLD|XLP|LQD,0.0002696661803687991,3.342938959188767e-05,1054,False,0.9544189855721608
2,SPY|GLD|XLP|AGG,0.0007766506056291218,3.0976925460814e-05,339,False,0.8371304387240139
2,SPY|GLD|XLY|XLU,2.7632078235128265e-06,6.465620031895371e-05,4422,False,2.447834202730204
2,SPY|GLD|XLY|VNQ,1.142880006133862e-05,7.21236436857629e-05,3739,False,2.8049630063961084
2,SPY|GLD|XLY|HYG,7.36912412897412e-05,5.5124072874679174e-05,2191,False,1.9919623462799148
2,SPY|GLD|XLY|LQD,3.9273057349714626e-05,5.439205690854186e-05,2766,False,1.9569538469302015
2,SPY|GLD|XLY|AGG,3.0461153106316217e-06,5.0915739777772294e-05,4404,False,1.7906997600772454
2,SPY|GLD|XLU|VNQ,1.720161589940484e-05,5.808601126480476e-05,3486,False,2.1336163852645664
2,SPY|GLD|XLU|HYG,0.00029039996024518035,4.014715782377332e-05,1002,False,1.2756947441030584
2,SPY|GLD|XLU|LQD,0.00019188652746325772,4.0611906596869714e-05,1344,False,1.2979212499080879
2,SPY|GLD|XLU|AGG,0.0005661669420403892,3.790279227357568e-05,528,False,1.1683584651975323
2,SPY|GLD|VNQ|HYG,8.931833217932781e-05,4.388130737609201e-05,2007,False,1.4542796086708332
2,SPY|GLD|VNQ|LQD,2.3680462842641743e-05,4.4430144690140965e-05,3224,False,1.4805276300813073
2,SPY|GLD|VNQ|AGG,0.00012229597515445837,4.1282356592006115e-05,1729,False,1.3299853705072622
2,SPY|GLD|HYG|LQD,0.00022347742854605663,3.088099853272435e-05,1216,False,0.8325427549097288
2,SPY|GLD|HYG|AGG,0.0007144917267228305,2.836620739426812e-05,391,False,0.7122734329168325
2,SPY|GLD|LQD|AGG,0.0004710562617557633,2.9389591123830145e-05,668,False,0.7612165301827721
2,SPY|USO|XLK|XLF,0.0001089214072077326,9.38792090628822e-05,1816,False,3.8454180396059403
2,SPY|USO|XLK|XLE,1.4071440822125013e-05,0.0001179811823595705,3600,False,4.998089505142857
2,SPY|USO|XLK|XLV,5.266758894785588e-06,8.132462540101325e-05,4176,False,3.2449978926497276
2,SPY|USO|XLK|XLI,6.106626774666527e-06,9.974924482905145e-05,4096,False,4.126151183156229
2,SPY|USO|XLK|XLP,3.5292342513143584e-06,7.467284567443341e-05,4349,False,2.9268780195802866
2,SPY|USO|XLK|XLY,1.1065233828680479e-06,0.000108423020168713,4629,False,4.54097254277824
2,SPY|USO|XLK|XLU,5.4161231438733396e-06,8.372409004500276e-05,4164,False,3.359751750918728
2,SPY|USO|XLK|VNQ,5.481738696802467e-06,8.742116886066071e-05,4159,False,3.536563715822676
2,SPY|USO|XLK|HYG,2.8388045307743227e-06,7.783207175227251e-05,4418,False,3.07796729796753
2,SPY|USO|XLK|LQD,2.104258298734748e-06,7.409019534417721e-05,4492,False,2.8990128982557906
2,SPY|USO|XLK|AGG,1.5675602652556193e-05,7.136532999019296e-05,3545,False,2.768696824036284
2,SPY|USO|XLF|XLE,3.947675391154726e-06,0.00010156361125679952,4299,False,4.212922850502683
2,SPY|USO|XLF|XLV,0.00035141743157007544,6.568562807664177e-05,888,False,2.4970663542852685
2,SPY|USO|XLF|XLI,5.801197978368881e-06,7.743519100544923e-05,4124,False,3.0589865652925403
2,SPY|USO|XLF|XLP,0.000264955098554987,6.11581439583366e-05,1077,False,2.2805404420870747
2,SPY|USO|XLF|XLY,5.1368693383686265e-06,8.366672052382068e-05,4196,False,3.357008066439284
2,SPY|USO|XLF|XLU,0.0002668586139777705,6.752033437727963e-05,1069,False,2.584810771489342
2,SPY|USO|XLF|VNQ,3.0496438827667147e-05,7.159750420951245e-05,3003,False,2.7798005039859945
2,SPY|USO|XLF|HYG,0.00018168997130352273,5.8304012206562044e-05,1398,False,2.1440422313946974
2,SPY|USO|XLF|LQD,0.00015134694668972413,5.507743664922024e-05,1551,False,1.989731979260371
2,SPY|USO|XLF|AGG,0.0004467408317062741,5.2883706207308366e-05,714,False,1.8848173130484163
2,SPY|USO|XLE|XLV,1.1324850592798455e-05,9.138415245418283e-05,3741,False,3.7260925170711428
2,SPY|USO|XLE|XLI,1.4012006468143106e-05,0.00010220373243087146,3604,False,4.243536502038846
2,SPY|USO|XLE|XLP,0.0001300148302454124,8.864879693412897e-05,1678,False,3.5952747530128693
2,SPY|USO|XLE|XLY,2.247677695710914e-05,0.00010594714381102482,3272,False,4.4225643114448845
2,SPY|USO|XLE|XLU,7.900278704609607e-05,9.575662806231435e-05,2119,False,3.9352051820470804
2,SPY|USO|XLE|VNQ,1.030688504732646e-05,9.72020534032155e-05,3801,False,4.004332324688536
2,SPY|USO|XLE|HYG,5.444772066180343e-05,8.587353952384713e-05,2437,False,3.4625486900065963
2,SPY|USO|XLE|LQD,5.2002658708801407e-05,8.210841792740906e-05,2487,False,3.282482594377518
2,SPY|USO|XLE|AGG,0.00016112610387951086,8.03130638231562e-05,1505,False,3.1966201871367295
2,SPY|USO|XLV|XLI,1.393913765230049e-05,6.660344553774397e-05,3611,False,2.5409607684463453
2,SPY|USO|XLV|XLP,0.0002893147508767786,5.557550169159717e-05,1005,False,2.013551828169099
2,SPY|USO|XLV|XLY,7.940184854863132e-06,7.201002776814978e-05,3970,False,2.7995293506264614
2,SPY|USO|XLV|XLU,0.00023272154074501866,6.012541451015761e-05,1175,False,2.23115038792503
2,SPY|USO|XLV|VNQ,3.117702489671339e-05,6.384657361634889e-05,2979,False,2.4091139873212213
2,SPY|USO|XLV|HYG,0.00018498859430007042,5.0645270979285425e-05,1385,False,1.7777646504704023
2,SPY|USO|XLV|LQD,0.00014528192202234262,4.8352207757619756e-05,1582,False,1.6680994163524412
2,SPY|USO|XLV|AGG,0.00040256555908880625,4.640085786434612e-05,792,False,1.574776545500033
2,SPY|USO|XLI|XLP,4.015315735107512e-05,6.161624647725792e-05,2745,False,2.3024490922772958
2,SPY|USO|XLI|XLY,2.9556621884517748e-05,8.602339552764076e-05,3033,False,3.469715519767214
2,SPY|USO|XLI|XLU,1.4142895907838215e-05,6.962254530455182e-05,3599,False,2.6853485374464348
2,SPY|USO|XLI|VNQ,1.996913217552962e-06,7.297646449760484e-05,4509,False,2.8457489703885797
2,SPY|USO|XLI|HYG,1.3241239841880725e-05,5.989303062017434e-05,3644,False,2.2200366805228646
2,SPY|USO|XLI|LQD,1.1769627668190067e-05,5.676254295308166e-05,3722,False,2.070321810181988
2,SPY|USO|XLI|AGG,1.9787423538088694e-05,5.4424135072034794e-05,3383,False,1.9584879779023827
2,SPY|USO|XLP|XLY,3.486579341377006e-05,6.747334038042244e-05,2881,False,2.582563294132944
2,SPY|USO|XLP|XLU,0.00029652817366918255,5.8354000336859234e-05,989,False,2.146432902511117
2,SPY|USO|XLP|VNQ,5.3602741821689044e-05,6.049817129148916e-05,2451,False,2.2489773973626885
2,SPY|USO|XLP|HYG,0.0002256387214067097,4.7654302129307895e-05,1207,False,1.6347222362564353
2,SPY|USO|XLP|LQD,0.00018012317227089042,4.557329844669709e-05,1402,False,1.5351987020173399
2,SPY|USO|XLP|AGG,0.00036451068092479313,4.3873612481598294e-05,865,False,1.4539116020680527
2,SPY|USO|XLY|XLU,1.6930080488489367e-05,7.315813489662799e-05,3495,False,2.854437316463358
2,SPY|USO|XLY|VNQ,9.317919091588983e-06,7.903276317198852e-05,3863,False,3.1353900957353718
2,SPY|USO|XLY|HYG,2.3652722460587445e-05,6.568217107216772e-05,3226,False,2.49690102382189
2,SPY|USO|XLY|LQD,1.8936501097508573e-05,6.254459734040352e-05,3418,False,2.3468472640278857
2,SPY|USO|XLY|AGG,2.11194168192045e-05,5.9821058375608826e-05,3320,False,2.2165946240737893
2,SPY|USO|XLU|VNQ,3.4472728187808234e-05,6.813950653390647e-05,2892,False,2.6144225409661916
2,SPY|USO|XLU|HYG,0.00020136837005914945,5.3849631804137944e-05,1307,False,1.9310124880073953
2,SPY|USO|XLU|LQD,0.00014296057581465423,5.190882281160744e-05,1599,False,1.8381937333681333
2,SPY|USO|XLU|AGG,0.0003093855632600148,4.995248665428829e-05,970,False,1.7446323955564376
2,SPY|USO|VNQ|HYG,6.592288650672459e-05,5.5990966265008e-05,2272,False,2.03342132818128
2,SPY|USO|VNQ|LQD,3.647450133332898e-05,5.413424581343005e-05,2826,False,1.9446240891474629
2,SPY|USO|VNQ|AGG,0.00011301075025649849,5.173923588127008e-05,1790,False,1.830083276472277
2,SPY|USO|HYG|LQD,0.00011100287620074635,4.4234078367276356e-05,1804,False,1.4711508021785964
2,SPY|USO|HYG|AGG,0.00026870523719375747,4.2472065394795017e-05,1062,False,1.3868829270845604
2,SPY|USO|LQD|AGG,0.0002483755100272009,4.108989135873013e-05,1126,False,1.320780763906208
2,SPY|XLK|XLF|XLE,0.00017000608980868422,9.071479446500755e-05,1453,False,3.6940806214120627
2,SPY|XLK|XLF|XLV,4.69358794056601e-05,8.255284591903175e-05,2613,False,3.303737263367619
2,SPY|XLK|XLF|XLI,4.000932290175547e-06,0.0001032286551674542,4290,False,4.292553201970269
2,SPY|XLK|XLF|XLP,3.298886524561179e-05,7.206790746192262e-05,2932,False,2.8022974339955993
2,SPY|XLK|XLF|XLY,1.6911342070348072e-05,0.00011519028869869219,3497,False,4.864615641959865
2,SPY|XLK|XLF|XLU,4.566601809503808e-05,8.043435003716795e-05,2642,False,3.2024206731107787
2,SPY|XLK|XLF|VNQ,6.4818371959057e-07,8.901678672901794e-05,4703,False,3.6128737823934047
2,SPY|XLK|XLF|HYG,2.5677551858322344e-05,7.215598096200268e-05,3150,False,2.806509529377275
2,SPY|XLK|XLF|LQD,6.105353681044115e-06,6.954652796276265e-05,4097,False,2.6817130251301724
2,SPY|XLK|XLF|AGG,8.841899541815608e-05,6.548981997986098e-05,2016,False,2.4877018759870824
2,SPY|XLK|XLE|XLV,0.00016513695635385047,7.696482340872024e-05,1479,False,3.0364913405078884
2,SPY|XLK|XLE|XLI,1.5071108286992437e-05,9.671064970502386e-05,3563,False,3.980831053070969
2,SPY|XLK|XLE|XLP,5.3031456092660575e-05,6.82720135498624e-05,2466,False,2.620759659275788
2,SPY|XLK|XLE|XLY,1.744507820173772e-06,0.00010618416509804376,4539,False,4.4338998013198605
2,SPY|XLK|XLE|XLU,8.539564486978273e-05,7.738409683435011e-05,2050,False,3.056542998022913
2,SPY|XLK|XLE|VNQ,1.9396600601942294e-05,8.333478903486843e-05,3400,False,3.3411335174503423
2,SPY|XLK|XLE|HYG,9.085290137615278e-05,6.84389613914352e-05,1993,False,2.6287439023435692
2,SPY|XLK|XLE|LQD,5.3629402413350334e-05,6.52909623530989e-05,2450,False,2.4781915546017146
2,SPY|XLK|XLE|AGG,0.00011791139188265812,6.163263070785624e-05,1761,False,2.303232664429791
2,SPY|XLK|XLV|XLI,7.612706093320729e-06,8.882639744607832e-05,3991,False,3.603768457651439
2,SPY|XLK|XLV|XLP,1.6475695781827702e-05,6.291475294151258e-05,3512,False,2.36454987260499
2,SPY|XLK|XLV|XLY,2.7246685564601707e-05,9.996308368935069e-05,3106,False,4.1363779786744095
2,SPY|XLK|XLV|XLU,1.0823075947944141e-05,6.946891791637533e-05,3770,False,2.6780013420738333
2,SPY|XLK|XLV|VNQ,8.54368692410093e-07,7.769534388218378e-05,4668,False,3.071428318255998
2,SPY|XLK|XLV|HYG,3.407537857969142e-06,6.092672748105545e-05,4366,False,2.269473000980346
2,SPY|XLK|XLV|LQD,4.734186431284161e-06,5.925078681749155e-05,4233,False,2.1893215147496083
2,SPY|XLK|XLV|AGG,3.070297138229764e-05,5.543645938322813e-05,2995,False,2.006902160966066
2,SPY|XLK|XLI|XLP,9.51888475758572e-06,7.788174404678833e-05,3851,False,3.0803428643085646
2,SPY|XLK|XLI|XLY,3.906000915742564e-05,0.00012290269776845666,2772,False,5.2334598754105395
2,SPY|XLK|XLI|XLU,9.197276657702346e-06,8.789229503038454e-05,3876,False,3.559095219190617
2,SPY|XLK|XLI|VNQ,5.566658338167773e-07,9.57514810830547e-05,4717,False,3.9349590289187337
2,SPY|XLK|XLI|HYG,1.3012795142236859e-05,7.910073344155936e-05,3653,False,3.138640758628186
2,SPY|XLK|XLI|LQD,9.226573737886664e-06,7.658736833256844e-05,3873,False,3.018439636174533
2,SPY|XLK|XLI|AGG,7.09909753106188e-05,7.23859829105318e-05,2219,False,2.817509320963793
2,SPY|XLK|XLP|XLY,4.958430084817029e-07,8.946894196281937e-05,4726,False,3.6344980050070648
2,SPY|XLK|XLP|XLU,5.097339812277775e-05,6.174004940427298e-05,2511,False,2.3083699394860933
2,SPY|XLK|XLP|VNQ,2.06046190168246e-06,6.838948721852007e-05,4498,False,2.626377811123638
2,SPY|XLK|XLP|HYG,1.6607574369411535e-05,5.197830429227395e-05,3508,False,1.841516669592552
2,SPY|XLK|XLP|LQD,1.8739047035503196e-05,5.05144231677649e-05,3425,False,1.7715068832406802
2,SPY|XLK|XLP|AGG,0.0001374573008969774,4.6951759661676336e-05,1635,False,1.6011233003602587
2,SPY|XLK|XLY|XLU,3.4364538750306157e-06,9.715798863532723e-05,4360,False,4.002224937050392
2,SPY|XLK|XLY|VNQ,2.129718334098774e-06,0.00010753788377030493,4489,False,4.498641093108379
2,SPY|XLK|XLY|HYG,1.8670971316762908e-05,9.061997790641927e-05,3426,False,3.689546040770065
2,SPY|XLK|XLY|LQD,1.2988081788463189e-05,8.809952673275683e-05,3656,False,3.5690060288632837
2,SPY|XLK|XLY|AGG,1.421348049086886e-05,8.351301022697237e-05,3595,False,3.349656905978053
2,SPY|XLK|XLU|VNQ,2.9251195070250795e-07,7.80350746172397e-05,4767,False,3.0876758644400546
2,SPY|XLK|XLU|HYG,1.2180022022458735e-06,6.017788612340632e-05,4607,False,2.233659831056426
2,SPY|XLK|XLU|LQD,3.4809396522733835e-06,5.8854199688977575e-05,4355,False,2.1703548243043875
2,SPY|XLK|XLU|AGG,6.104302960607277e-05,5.503488599066866e-05,2352,False,1.9876970035615578
2,SPY|XLK|VNQ|HYG,4.046074037131401e-06,6.682448744389353e-05,4287,False,2.5515320480162833
2,SPY|XLK|VNQ|LQD,4.310190767518747e-06,6.558488955041734e-05,4267,False,2.492248556869689
2,SPY|XLK|VNQ|AGG,2.103427232453028e-06,6.13269020772676e-05,4493,False,2.288611261263369
2,SPY|XLK|HYG|LQD,8.15372937997736e-06,5.21174083401988e-05,3950,False,1.8481692894759907
2,SPY|XLK|HYG|AGG,2.7218070361665556e-05,4.849241782672769e-05,3107,False,1.6748049314508204
2,SPY|XLK|LQD|AGG,2.229299946408791e-05,4.772736634876457e-05,3276,False,1.6382165161596913
2,SPY|XLF|XLE|XLV,0.00019990626578540198,6.421011575241137e-05,1312,False,2.42650030841623
2,SPY|XLF|XLE|XLI,1.7520775567222533e-05,7.728088554948427e-05,3473,False,3.051606941480082
2,SPY|XLF|XLE|XLP,0.0001463290469847951,5.7641601501828224e-05,1574,False,2.1123625880553787
2,SPY|XLF|XLE|XLY,1.1631134936120863e-05,8.431215512121404e-05,3732,False,3.387875831253705
2,SPY|XLF|XLE|XLU,0.0001252805924419481,6.406463083468961e-05,1706,False,2.419542524866329
2,SPY|XLF|XLE|VNQ,5.861534190708567e-06,7.03954140517828e-05,4120,False,2.7223108118864627
2,SPY|XLF|XLE|HYG,0.00010261714848083773,5.179519151378735e-05,1872,False,1.832759342043538
2,SPY|XLF|XLE|LQD,7.18284268123441e-05,4.916249332620455e-05,2207,False,1.706851141879097
2,SPY|XLF|XLE|AGG,0.00042984301662339576,4.603529659303428e-05,743,False,1.557293659714725
2,SPY|XLF|XLV|XLI,5.010702588763486e-06,7.017520706893821e-05,4210,False,2.7117794623362657
2,SPY|XLF|XLV|XLP,0.0003808632768064473,5.306291467187787e-05,826,False,1.8933879176602937
2,SPY|XLF|XLV|XLY,2.19017202251487e-05,7.886964749092047e-05,3287,False,3.127589124883968
2,SPY|XLF|XLV|XLU,0.00029945202539313277,5.69280256951143e-05,985,False,2.0782359851929626
2,SPY|XLF|XLV|VNQ,1.2036713174248046e-06,6.553454267749762e-05,4610,False,2.489840728967833
2,SPY|XLF|XLV|HYG,0.00023221711829779311,4.506153138180708e-05,1176,False,1.5107235569560287
2,SPY|XLF|XLV|LQD,0.00011808997442900405,4.390089156899669e-05,1757,False,1.4552162183027049
2,SPY|XLF|XLV|AGG,0.0008042758026957458,4.061769904680565e-05,313,False,1.2981982725267138
2,SPY|XLF|XLI|XLP,2.492093404098739e-05,6.135484927792289e-05,3181,False,2.2899478298646385
2,SPY|XLF|XLI|XLY,2.245524480253922e-06,9.513420507079569e-05,4480,False,3.905437942120868
2,SPY|XLF|XLI|XLU,4.049695298333137e-05,6.867634630989278e-05,2739,False,2.640096782810517
2,SPY|XLF|XLI|VNQ,6.054608244352751e-07,7.691562337913782e-05,4707,False,3.034138360131339
2,SPY|XLF|XLI|HYG,2.5980378283473843e-05,5.6560480843080265e-05,3144,False,2.06065823510464
2,SPY|XLF|XLI|LQD,2.05826286239335e-05,5.456241658484285e-05,3346,False,1.9651012602284001
2,SPY|XLF|XLI|AGG,2.1810128440343715e-05,5.0892166074878594e-05,3289,False,1.7895723530252117
2,SPY|XLF|XLP|XLY,1.3031274375023485e-06,7.049980137266382e-05,4598,False,2.727303112087871
2,SPY|XLF|XLP|XLU,0.0004745500709372928,5.1323452791286625e-05,660,False,1.8101985434764707
2,SPY|XLF|XLP|VNQ,9.527042516393032e-06,5.8352981622108596e-05,3849,False,2.1463841827067207
2,SPY|XLF|XLP|HYG,0.0003203348489307104,3.823740380130026e-05,947,False,1.1843611864394827
2,SPY|XLF|XLP|LQD,0.00017796746490300461,3.7288823527544714e-05,1407,False,1.1389955476650238
2,SPY|XLF|XLP|AGG,0.000916618230252483,3.4257294933528535e-05,255,False,0.9940133727921542
2,SPY|XLF|XLY|XLU,5.17348680718143e-06,7.549979409354536e-05,4191,False,2.966426642195024
2,SPY|XLF|XLY|VNQ,1.4496170849329193e-06,8.625978024509793e-05,4574,False,3.4810205658457156
2,SPY|XLF|XLY|HYG,3.5625586493897866e-05,6.563747948665007e-05,2859,False,2.4947636587712507
2,SPY|XLF|XLY|LQD,2.2442186418851252e-05,6.363232916374112e-05,3273,False,2.398867794441882
2,SPY|XLF|XLY|AGG,6.277343186127511e-05,5.957694757002905e-05,2324,False,2.204920079564203
2,SPY|XLF|XLU|VNQ,8.008349559901873e-06,6.53095150692019e-05,3964,False,2.4790788340869625
2,SPY|XLF|XLU|HYG,0.00032473163797596836,4.374793168080631e-05,934,False,1.4479009459671823
2,SPY|XLF|XLU|LQD,0.0001491265999889531,4.293954609713107e-05,1559,False,1.4092400867925567
2,SPY|XLF|XLU|AGG,0.0008678220126567628,3.9651367310894533e-05,282,False,1.2519836740572787
2,SPY|XLF|VNQ|HYG,2.403915105565884e-05,5.0774624017868396e-05,3210,False,1.7839509305197447
2,SPY|XLF|VNQ|LQD,4.67797888222953e-07,5.005032697514571e-05,4730,False,1.7493115869505638
2,SPY|XLF|VNQ|AGG,2.7870638272306335e-05,4.6323474414068357e-05,3088,False,1.5710756993517956
2,SPY|XLF|HYG|LQD,0.00010375250832516949,3.287845087036496e-05,1858,False,0.9280704648207138
2,SPY|XLF|HYG|AGG,0.0008918698396301166,2.9784595268966224e-05,266,False,0.7801075148030947
2,SPY|XLF|LQD|AGG,0.0006239345079887141,2.9534844641756607e-05,477,False,0.7681632470893789
2,SPY|XLE|XLV|XLI,6.447285375553997e-06,6.525375268736063e-05,4073,False,2.4764120106859244
2,SPY|XLE|XLV|XLP,0.00030447640335781343,5.086357184067042e-05,980,False,1.7882048401894406
2,SPY|XLE|XLV|XLY,2.8920773677644974e-05,7.146007497112479e-05,3062,False,2.7732279814929215
2,SPY|XLE|XLV|XLU,0.0002040095549026334,5.5474323573149216e-05,1297,False,2.008713007354055
2,SPY|XLE|XLV|VNQ,6.7593313060542996e-06,6.144909606420085e-05,4044,False,2.294455161273727
2,SPY|XLE|XLV|HYG,0.00021142835382988151,4.294106289209235e-05,1265,False,1.409312627171281
2,SPY|XLE|XLV|LQD,0.0001376444985383131,4.1241877040185695e-05,1634,False,1.3280494450232052
2,SPY|XLE|XLV|AGG,0.0005958068374385836,3.835706085565366e-05,500,False,1.1900837582183799
2,SPY|XLE|XLI|XLP,2.3887946838696837e-05,5.8225523494596615e-05,3220,False,2.1402885263542175
2,SPY|XLE|XLI|XLY,9.789664268301239e-06,8.679464959888119e-05,3829,False,3.5066005726902527
2,SPY|XLE|XLI|XLU,2.0313427156381782e-05,6.629266123580887e-05,3357,False,2.52609757893204
2,SPY|XLE|XLI|VNQ,1.3264916826425967e-06,7.190019381372225e-05,4594,False,2.7942765663976656
2,SPY|XLE|XLI|HYG,1.4789322381486884e-05,5.35100294012467e-05,3575,False,1.9147710792803228
2,SPY|XLE|XLI|LQD,8.700524854672163e-06,5.0973419103913034e-05,3913,False,1.7934582609093312
2,SPY|XLE|XLI|AGG,1.226484340495593e-06,4.770154493160777e-05,4605,False,1.636981612677309
2,SPY|XLE|XLP|XLY,8.15028195955729e-06,6.488235745111945e-05,3952,False,2.4586501168367443
2,SPY|XLE|XLP|XLU,0.0002676473953999632,5.166187926757285e-05,1066,False,1.8263837137774828
2,SPY|XLE|XLP|VNQ,9.402245611437241e-06,5.605966360706314e-05,3859,False,2.036706763152535
2,SPY|XLE|XLP|HYG,0.00020975183336230448,3.790906390983684e-05,1271,False,1.1686584047946547
2,SPY|XLE|XLP|LQD,0.00014539951808872345,3.642193759698503e-05,1579,False,1.097536922525444
2,SPY|XLE|XLP|AGG,0.0006012836194957982,3.378878534062785e-05,493,False,0.9716070066237402
2,SPY|XLE|XLY|XLU,2.913017479188042e-06,7.062799088124338e-05,4414,False,2.733433746575843
2,SPY|XLE|XLY|VNQ,5.419127574935461e-06,7.875623254146426e-05,4163,False,3.1221650803713374
2,SPY|XLE|XLY|HYG,3.108181366518605e-05,6.0098909906598425e-05,2985,False,2.2298828112062288
2,SPY|XLE|XLY|LQD,2.053776615627858e-05,5.755521354459323e-05,3350,False,2.10823110338211
2,SPY|XLE|XLY|AGG,3.827590067499393e-06,5.3898208288540154e-05,4309,False,1.9333356474755967
2,SPY|XLE|XLU|VNQ,8.190833215496429e-06,6.376183776339882e-05,3944,False,2.4050615141647222
2,SPY|XLE|XLU|HYG,0.00015196640745719848,4.416523249858525e-05,1548,False,1.4678582639542992
2,SPY|XLE|XLU|LQD,9.678167080596497e-05,4.2818300875813754e-05,1927,False,1.403441561284922
2,SPY|XLE|XLU|AGG,0.000423216272249097,3.992849842723622e-05,762,False,1.2652374075208097
2,SPY|XLE|VNQ|HYG,3.938463778430435e-05,4.856018034431566e-05,2762,False,1.6780456586516646
2,SPY|XLE|VNQ|LQD,5.74634559040089e-06,4.729733726249672e-05,4131,False,1.6176504715877325
2,SPY|XLE|VNQ|AGG,5.4524672659801254e-05,4.3968861039078365e-05,2436,False,1.45846684296013
2,SPY|XLE|HYG|LQD,9.648015119770469e-05,3.2090439281297995e-05,1932,False,0.890383987367239
2,SPY|XLE|HYG|AGG,0.0005017690652815751,2.939496001755826e-05,619,False,0.7614732963207859
2,SPY|XLE|LQD|AGG,0.00037375817749157295,2.8606663351252383e-05,842,False,0.7237731851123185
2,SPY|XLV|XLI|XLP,9.503552821538883e-05,5.392453295167652e-05,1945,False,1.9345946185840461
2,SPY|XLV|XLI|XLY,4.0822893008158424e-05,8.162983825561787e-05,2732,False,3.25959462894543
2,SPY|XLV|XLI|XLU,4.85824581874176e-06,5.943375238326382e-05,4220,False,2.198071801883587
2,SPY|XLV|XLI|VNQ,1.0287317803536835e-07,6.731701872646732e-05,4814,False,2.575087246103949
2,SPY|XLV|XLI|HYG,6.457558168747896e-06,4.7054065556296706e-05,4070,False,1.606016056817728
2,SPY|XLV|XLI|LQD,5.245803379170317e-06,4.598951363373543e-05,4178,False,1.5551040999578534
2,SPY|XLV|XLI|AGG,0.00012474701230980045,4.25616436724094e-05,1711,False,1.391166988114212
2,SPY|XLV|XLP|XLY,6.565422978281924e-06,6.224453775845182e-05,4061,False,2.332496981840652
2,SPY|XLV|XLP|XLU,0.0006885023155995877,4.732996206562351e-05,416,False,1.6192107454777618
2,SPY|XLV|XLP|VNQ,1.3980014994343928e-05,5.400348017040393e-05,3607,False,1.9383702516075503
2,SPY|XLV|XLP|HYG,0.000496341421707109,3.3980091715482536e-05,625,False,0.9807561910807906
2,SPY|XLV|XLP|LQD,0.00026114555336698934,3.396502377740313e-05,1092,False,0.9800355703226973
2,SPY|XLV|XLP|AGG,0.0009506738199861624,3.117587573202519e-05,238,False,0.8466451908093747
2,SPY|XLV|XLY|XLU,2.2661207979705114e-06,6.543225287895078e-05,4477,False,2.4849487423014684
2,SPY|XLV|XLY|VNQ,6.992045598717648e-06,7.583622830446181e-05,4033,False,2.9825165328516996
2,SPY|XLV|XLY|HYG,0.0001015769076522678,5.5306116911900885e-05,1883,False,2.000668561517712
2,SPY|XLV|XLY|LQD,4.8576160525596495e-05,5.423447892466808e-05,2564,False,1.9494177152047092
2,SPY|XLV|XLY|AGG,1.7768811604703037e-05,5.042147787959424e-05,3464,False,1.767061795686577
2,SPY|XLV|XLU|VNQ,1.0437450504459123e-05,5.914773601711465e-05,3795,False,2.184393133341456
2,SPY|XLV|XLU|HYG,0.0004432892788550657,3.7678341994606e-05,720,False,1.157624180962154
2,SPY|XLV|XLU|LQD,0.00021320377855786935,3.7803468746606895e-05,1257,False,1.1636083398038934
2,SPY|XLV|XLU|AGG,0.0008827966456017968,3.47576705090086e-05,272,False,1.0179437224281624
2,SPY|XLV|VNQ|HYG,6.223102384793426e-05,4.4349023605626546e-05,2329,False,1.4766480324142555
2,SPY|XLV|VNQ|LQD,3.086265104353584e-06,4.455823889857999e-05,4396,False,1.4866537068614396
2,SPY|XLV|VNQ|AGG,4.69753907556299e-05,4.107376688614087e-05,2612,False,1.3200096146222184
2,SPY|XLV|HYG|LQD,0.00020037418072724783,2.747855215968618e-05,1309,False,0.6698215204720673
2,SPY|XLV|HYG|AGG,0.0009450247036634198,2.4627077106925682e-05,242,False,0.5334503658139955
2,SPY|XLV|LQD|AGG,0.0005530693945944473,2.5310838815392203e-05,546,False,0.566151116116645
2,SPY|XLI|XLP|XLY,1.326964233083183e-06,7.280027719518036e-05,4593,False,2.837322852178478
2,SPY|XLI|XLP|XLU,8.656333585660528e-05,5.336946453725528e-05,2035,False,1.9080485961962408
2,SPY|XLI|XLP|VNQ,2.105737053978518e-06,5.967574272889743e-05,4491,False,2.2096449358719816
2,SPY|XLI|XLP|HYG,7.86004536970188e-05,3.977022303360901e-05,2126,False,1.2576679223303264
2,SPY|XLI|XLP|LQD,4.6912163071559925e-05,3.891773065010259e-05,2614,False,1.216897665349317
2,SPY|XLI|XLP|AGG,0.00023660830506820702,3.574152461695142e-05,1164,False,1.0649963244087972
2,SPY|XLI|XLY|XLU,3.429601778182381e-05,7.944437832441278e-05,2900,False,3.1550754980525033
2,SPY|XLI|XLY|VNQ,4.0215019801684235e-08,8.948111383678554e-05,4834,False,3.635080122148687
2,SPY|XLI|XLY|HYG,1.5327121609922054e-05,6.906887120385757e-05,3553,False,2.658869197799803
2,SPY|XLI|XLY|LQD,1.6237161160179837e-05,6.715980877119776e-05,3519,False,2.567568715263884
2,SPY|XLI|XLY|AGG,9.137498022471322e-05,6.295974973835069e-05,1988,False,2.366701834318555
2,SPY|XLI|XLU|VNQ,1.6825679701034304e-06,6.827638458434161e-05,4547,False,2.6209687030190962
2,SPY|XLI|XLU|HYG,4.156515442601006e-05,4.6924859321465934e-05,2716,False,1.5998367976248986
2,SPY|XLI|XLU|LQD,1.783408248482169e-05,4.621256162803982e-05,3461,False,1.5657713202437225
2,SPY|XLI|XLU|AGG,1.9316212132212454e-05,4.277970540266829e-05,3401,False,1.401595741440794
2,SPY|XLI|VNQ|HYG,5.3094565245502334e-06,5.322830101934821e-05,4171,False,1.901297482622953
2,SPY|XLI|VNQ|LQD,1.3362373477393984e-06,5.260009186687464e-05,4592,False,1.871253520847221
2,SPY|XLI|VNQ|AGG,6.776729706758387e-07,4.872856186666229e-05,4699,False,1.6860984671808028
2,SPY|XLI|HYG|LQD,1.1248413499104394e-05,3.56382738876138e-05,3747,False,1.0600583814429532
2,SPY|XLI|HYG|AGG,3.309677430742557e-05,3.2399740847080066e-05,2929,False,0.9051762653576835
2,SPY|XLI|LQD|AGG,3.510672971145616e-05,3.2246078110119585e-05,2875,False,0.8978273794374177
2,SPY|XLP|XLY|XLU,9.208952472213139e-05,5.9818476705700924e-05,1979,False,2.216471156289652
2,SPY|XLP|XLY|VNQ,3.5217501145980844e-06,6.86454639796506e-05,4350,False,2.638619842295263
2,SPY|XLP|XLY|HYG,3.1679426216446083e-06,4.847278606197188e-05,4388,False,1.6738660467058413
2,SPY|XLP|XLY|LQD,4.479080385477575e-06,4.7613207613793934e-05,4251,False,1.6327569002717042
2,SPY|XLP|XLY|AGG,8.648707284566929e-05,4.405187049689495e-05,2036,False,1.4624367516566934
2,SPY|XLP|XLU|VNQ,2.750015695818954e-05,5.472224490673241e-05,3097,False,1.972745013864624
2,SPY|XLP|XLU|HYG,0.0007828279051482082,3.361028435910596e-05,333,False,0.9630702372298879
2,SPY|XLP|XLU|LQD,0.0003655451598210595,3.394747065016171e-05,864,False,0.9791960959504928
2,SPY|XLP|XLU|AGG,0.0012885838216541315,3.1153336340738265e-05,135,False,0.845567249477883
2,SPY|XLP|VNQ|HYG,8.857502079814952e-05,3.870397781856516e-05,2014,False,1.2066749841373696
2,SPY|XLP|VNQ|LQD,6.186780767773488e-06,3.9125252650573465e-05,4088,False,1.2268223584634195
2,SPY|XLP|VNQ|AGG,5.3013468950242986e-05,3.5892444566309196e-05,2468,False,1.0722140371273194
2,SPY|XLP|HYG|LQD,0.0002670565480439482,2.2402999386561852e-05,1068,False,0.4270843478186128
2,SPY|XLP|HYG|AGG,0.0011583260813439755,1.9803188261976206e-05,158,False,0.30274896406366203
2,SPY|XLP|LQD|AGG,0.0007169947177654536,2.0699009509497586e-05,388,False,0.34559141424517725
2,SPY|XLY|XLU|VNQ,5.638033811984597e-07,7.492460152400644e-05,4714,False,2.9389181866036527
2,SPY|XLY|XLU|HYG,2.650317678417431e-06,5.3305918038740465e-05,4432,False,1.9050094991616886
2,SPY|XLY|XLU|LQD,1.0777533653595843e-06,5.258653428064282e-05,4633,False,1.870605132327385
2,SPY|XLY|XLU|AGG,3.6431052075829696e-05,4.876854697152347e-05,2827,False,1.6880107458499651
2,SPY|XLY|VNQ|HYG,3.0087719337438995e-05,6.213006881893027e-05,3017,False,2.3270225304896126
2,SPY|XLY|VNQ|LQD,5.86336662654942e-06,6.149477360178516e-05,4119,False,2.2966396792607524
2,SPY|XLY|VNQ|AGG,1.0910947643960352e-05,5.7238112517825e-05,3765,False,2.0930658179198436
2,SPY|XLY|HYG|LQD,5.723570664094777e-05,4.4265797400134025e-05,2400,False,1.4726677578087184
2,SPY|XLY|HYG|AGG,3.699785420688246e-05,4.064213327585248e-05,2809,False,1.2993668340489584
2,SPY|XLY|LQD|AGG,3.6413615011606796e-06,4.048138447422047e-05,4334,False,1.2916790586755644
2,SPY|XLU|VNQ|HYG,9.152336848386725e-05,4.549365052154549e-05,1982,False,1.5313895578663055
2,SPY|XLU|VNQ|LQD,3.7211351025850295e-06,4.60551200436341e-05,4326,False,1.5582417117921885
2,SPY|XLU|VNQ|AGG,4.2290945413718086e-05,4.256566176714947e-05,2705,False,1.3913591525936797
2,SPY|XLU|HYG|LQD,0.00022193090038237067,2.7886861212035236e-05,1226,False,0.6893488092948397
2,SPY|XLU|HYG|AGG,0.0010260463988136501,2.503039989522923e-05,209,False,0.5527391876774802
2,SPY|XLU|LQD|AGG,0.0005779527928470087,2.6066415832830915e-05,521,False,0.6022864174588285
2,SPY|VNQ|HYG|LQD,6.295349136828573e-05,3.30618067186871e-05,2320,False,0.9368394171300785
2,SPY|VNQ|HYG|AGG,0.00028043793408317563,2.976667162704027e-05,1024,False,0.779250320649229
2,SPY|VNQ|LQD|AGG,6.58778806852949e-05,3.088677610559451e-05,2273,False,0.8328190660360217
2,SPY|HYG|LQD|AGG,0.0005002728210201177,1.7741221517289102e-05,621,False,0.20413586710975223
2,QQQ|IWM|EFA|EEM,2.5510772585044413e-05,0.00011393933853590129,3154,False,4.804789231080224
2,QQQ|IWM|EFA|TLT,0.00032992161575482793,7.592460315313006e-05,924,False,2.9867430401619965
2,QQQ|IWM|EFA|GLD,1.7726000130512916e-05,9.09137788998628e-05,3468,False,3.7035970073660356
2,QQQ|IWM|EFA|USO,0.00016225496474831338,9.134230016849133e-05,1497,False,3.72409094089768
2,QQQ|IWM|EFA|XLK,1.8863206564563037e-05,0.00013449457927320612,3420,False,5.787839007688716
2,QQQ|IWM|EFA|XLF,0.00011228137898272741,9.88041989244761e-05,1794,False,4.0809545747948635
2,QQQ|IWM|EFA|XLE,0.00015542104040736716,9.190746151666607e-05,1524,False,3.751119655577855
2,QQQ|IWM|EFA|XLV,0.00026910315677850476,8.634173185158829e-05,1060,False,3.484939883039936
2,QQQ|IWM|EFA|XLI,1.9901219908383676e-05,0.00010689074543257217,3379,False,4.467691847294468
2,QQQ|IWM|EFA|XLP,0.00022788192970570672,7.561866282053378e-05,1196,False,2.9721115123945556
2,QQQ|IWM|EFA|XLY,2.5641532360013122e-05,0.0001187604746028328,3151,False,5.035358981839445
2,QQQ|IWM|EFA|XLU,0.0002673952726314301,8.472898049665553e-05,1067,False,3.4078104113177003
2,QQQ|IWM|EFA|VNQ,5.876064149000985e-07,9.517719452919749e-05,4709,False,3.9074939033240716
2,QQQ|IWM|EFA|HYG,0.0001859763691547249,7.517296315105594e-05,1380,False,2.950796025696339
2,QQQ|IWM|EFA|LQD,0.0001062322704342137,7.351393331088638e-05,1842,False,2.8714532958004226
2,QQQ|IWM|EFA|AGG,0.0002699444725200647,6.910067089981145e-05,1053,False,2.660390011124404
2,QQQ|IWM|EEM|TLT,4.607554845421412e-06,8.510100205130223e-05,4241,False,3.4256022587041075
2,QQQ|IWM|EEM|GLD,7.564227411517091e-06,0.00010274251436629496,3995,False,4.2693036272225235
2,QQQ|IWM|EEM|USO,5.28414113454827e-06,0.00010051832823732884,4172,False,4.162932424610058
2,QQQ|IWM|EEM|XLK,1.1524487166563473e-06,0.00014951270238346544,4620,False,6.506077376058953
2,QQQ|IWM|EEM|XLF,1.727537623334416e-06,0.00010686794363562205,4543,False,4.466601356471005
2,QQQ|IWM|EEM|XLE,3.297947838244556e-06,0.00010075635282959748,4375,False,4.174315897333506
2,QQQ|IWM|EEM|XLV,3.035045481405834e-06,9.392551761116334e-05,4407,False,3.8476327355379722
2,QQQ|IWM|EEM|XLI,1.6627543026575362e-06,0.00011724959459625343,4550,False,4.963101484496953
2,QQQ|IWM|EEM|XLP,4.932821816054408e-06,8.299447963187417e-05,4214,False,3.324858296601961
2,QQQ|IWM|EEM|XLY,2.0246988200819943e-06,0.0001290350625460822,4504,False,5.526738845079128
2,QQQ|IWM|EEM|XLU,5.317216728253355e-06,9.341274000094863e-05,4170,False,3.8231092613732267
2,QQQ|IWM|EEM|VNQ,1.355096892886825e-09,0.00010316150376352967,4843,False,4.289341701143273
2,QQQ|IWM|EEM|HYG,5.91051428593383e-06,8.482567329393421e-05,4113,False,3.412434722654125
2,QQQ|IWM|EEM|LQD,2.5762071009141712e-06,8.297842351970426e-05,4441,False,3.32409041663969
2,QQQ|IWM|EEM|AGG,7.589723503009476e-06,7.855964349565275e-05,3993,False,3.1127632533609657
2,QQQ|IWM|TLT|GLD,9.657126550076326e-05,6.760153281624927e-05,1928,False,2.58869406861586
2,QQQ|IWM|TLT|USO,0.00013243842975416663,7.093142592620911e-05,1663,False,2.747945459524425
2,QQQ|IWM|TLT|XLK,8.731842040419826e-06,0.00010417901228550906,3908,False,4.338003817924699
2,QQQ|IWM|TLT|XLF,6.297158938473883e-05,7.365876817344897e-05,2319,False,2.8783799906081793
2,QQQ|IWM|TLT|XLE,8.350151340465902e-05,6.78209569546796e-05,2067,False,2.599187978807579
2,QQQ|IWM|TLT|XLV,0.00018905231555636597,6.404439648206587e-05,1366,False,2.4185748214917595
2,QQQ|IWM|TLT|XLI,2.0562243490864113e-05,8.021070958179944e-05,3347,False,3.1917251185074393
2,QQQ|IWM|TLT|XLP,0.00025922612187297996,5.5323050432958996e-05,1097,False,2.0014784033632105
2,QQQ|IWM|TLT|XLY,1.568147542012693e-05,9.178120033775e-05,3544,False,3.745081243023411
2,QQQ|IWM|TLT|XLU,0.00019818862270046925,6.423957646459784e-05,1315,False,2.4279092603669157
2,QQQ|IWM|TLT|VNQ,2.0371200534121478e-06,7.376373279429602e-05,4501,False,2.8833999000509434
2,QQQ|IWM|TLT|HYG,0.0001583329961267306,5.498901743924701e-05,1514,False,1.985503350380616
2,QQQ|IWM|TLT|LQD,7.044206940886719e-05,5.614396773369311e-05,2226,False,2.0407385890946346
2,QQQ|IWM|TLT|AGG,0.00025849105442840104,5.17379081570116e-05,1100,False,1.8300197783574952
2,QQQ|IWM|GLD|USO,1.6087731717245934e-05,8.927901463299934e-05,3526,False,3.625414773069403
2,QQQ|IWM|GLD|XLK,3.6945985434042156e-06,0.00011945992763952522,4330,False,5.068810166394083
2,QQQ|IWM|GLD|XLF,2.6020648819518814e-05,8.50395634376803e-05,3143,False,3.4226639707916453
2,QQQ|IWM|GLD|XLE,8.772798027482175e-06,8.198663404182475e-05,3904,False,3.2766583073721662
2,QQQ|IWM|GLD|XLV,4.816718055005773e-05,7.517080976853073e-05,2574,False,2.9506930406601906
2,QQQ|IWM|GLD|XLI,9.554638043213526e-06,9.348196346832205e-05,3846,False,3.82641985816979
2,QQQ|IWM|GLD|XLP,7.053303284665093e-05,6.577783827602354e-05,2225,False,2.5014762863829625
2,QQQ|IWM|GLD|XLY,7.20481345031726e-06,0.00010322429762658444,4016,False,4.292344803555805
2,QQQ|IWM|GLD|XLU,5.06646828407771e-05,7.572652991321078e-05,2517,False,2.9772702319014055
2,QQQ|IWM|GLD|VNQ,1.603153549913475e-06,8.342112930542291e-05,4554,False,3.345262721518814
2,QQQ|IWM|GLD|HYG,4.730367504681191e-05,6.60192570642433e-05,2600,False,2.513022085766271
2,QQQ|IWM|GLD|LQD,3.461014149856538e-05,6.498154904944838e-05,2888,False,2.4633939327727807
2,QQQ|IWM|GLD|AGG,8.049573880419606e-05,6.128009647376205e-05,2098,False,2.286372793776747
2,QQQ|IWM|USO|XLK,3.5957170545373416e-06,0.00012450879077714912,4340,False,5.31027091321766
2,QQQ|IWM|USO|XLF,4.4095687060248244e-05,9.297047548930182e-05,2671,False,3.8019580603275873
2,QQQ|IWM|USO|XLE,1.6538593775554434e-05,0.00011639791380107958,3509,False,4.922370041545865
2,QQQ|IWM|USO|XLV,8.018926849002766e-05,8.015432975706998e-05,2102,False,3.189028766038799
2,QQQ|IWM|USO|XLI,1.0228650273513463e-05,9.827607844101804e-05,3809,False,4.055697331159491
2,QQQ|IWM|USO|XLP,9.358845921061894e-05,7.339826625161042e-05,1963,False,2.865921544640932
2,QQQ|IWM|USO|XLY,8.626295898955429e-06,0.00010685335717922358,3919,False,4.46590376246628
2,QQQ|IWM|USO|XLU,7.678078231586821e-05,8.249996524872598e-05,2148,False,3.3012082571742423
2,QQQ|IWM|USO|VNQ,6.043106508226982e-06,8.860174954948947e-05,4102,False,3.59302472239776
2,QQQ|IWM|USO|HYG,4.850525271613666e-05,7.484885601957278e-05,2566,False,2.9352956748479295
2,QQQ|IWM|USO|LQD,4.287931666414686e-05,7.140559023915097e-05,2688,False,2.770622261410148
2,QQQ|IWM|USO|AGG,0.00010530897132847927,6.845691582943952e-05,1848,False,2.6296025693129734
2,QQQ|IWM|XLK|XLF,4.261545966352032e-06,0.00013059843934656884,4273,False,5.601506989812363
2,QQQ|IWM|XLK|XLE,4.441863812932013e-06,0.000122739330770494,4255,False,5.225646885385036
2,QQQ|IWM|XLK|XLV,4.443236188860318e-06,0.00011421178136066635,4254,False,4.81781874805094
2,QQQ|IWM|XLK|XLI,2.7999097831095464e-06,0.00014125977636422939,4421,False,6.111383040767009
2,QQQ|IWM|XLK|XLP,1.1258814294147291e-05,0.00010149826351640281,3746,False,4.209797609479246
2,QQQ|IWM|XLK|XLY,1.407388938638757e-06,0.00015556715911530148,4579,False,6.795630410916652
2,QQQ|IWM|XLK|XLU,5.0864166547133735e-06,0.0001126042146698207,4201,False,4.7409372317254705
2,QQQ|IWM|XLK|VNQ,3.6094725769711724e-07,0.00012321126583020135,4752,False,5.248217073734962
2,QQQ|IWM|XLK|HYG,4.1356458577116056e-06,0.00010589105853621981,4279,False,4.419882045760297
2,QQQ|IWM|XLK|LQD,4.007532503384252e-06,0.00010306491531389975,4289,False,4.284722380209739
2,QQQ|IWM|XLK|AGG,9.412826193547478e-06,9.825326336319853e-05,3858,False,4.054606205181431
2,QQQ|IWM|XLF|XLE,9.972428207351212e-06,9.408530515070933e-05,3823,False,3.8552745387677647
2,QQQ|IWM|XLF|XLV,5.137474761136031e-05,8.633632951928117e-05,2501,False,3.4846815177093835
2,QQQ|IWM|XLF|XLI,3.068406197011654e-06,0.00010670926802361349,4400,False,4.459012730926224
2,QQQ|IWM|XLF|XLP,6.208094955166922e-05,7.57471072832923e-05,2333,False,2.9782543400089363
2,QQQ|IWM|XLF|XLY,7.97566988690642e-06,0.00011857440495339544,3967,False,5.026460242600597
2,QQQ|IWM|XLF|XLU,5.435605843514328e-05,8.416400448508387e-05,2438,False,3.3807905603189865
2,QQQ|IWM|XLF|VNQ,6.94449674009014e-07,9.515114666203939e-05,4698,False,3.906248169921182
2,QQQ|IWM|XLF|HYG,3.400490108262819e-05,7.412654447349563e-05,2907,False,2.9007512872103667
2,QQQ|IWM|XLF|LQD,1.9955936556881542e-05,7.181570210192909e-05,3376,False,2.790235769237222
2,QQQ|IWM|XLF|AGG,6.299998188173234e-05,6.753518506330025e-05,2317,False,2.5855210022164656
2,QQQ|IWM|XLE|XLV,6.82401983828323e-05,8.00737720240591e-05,2245,False,3.185176110531014
2,QQQ|IWM|XLE|XLI,7.9939038289943e-06,9.951672757627259e-05,3966,False,4.115031097708286
2,QQQ|IWM|XLE|XLP,7.5220918036083e-05,7.127667838632154e-05,2165,False,2.7644570809704865
2,QQQ|IWM|XLE|XLY,2.6408745284625866e-06,0.00010889374636783647,4436,False,4.563484917641954
2,QQQ|IWM|XLE|XLU,4.322008522664929e-05,8.043921629735548e-05,2686,False,3.202653400912482
2,QQQ|IWM|XLE|VNQ,2.12211080825601e-07,8.879461398297932e-05,4787,False,3.6022484206594805
2,QQQ|IWM|XLE|HYG,3.141232425702763e-05,6.973498991801759e-05,2969,False,2.690726175858022
2,QQQ|IWM|XLE|LQD,2.438023144180077e-05,6.688560150735478e-05,3197,False,2.554454814390126
2,QQQ|IWM|XLE|AGG,6.951203964886661e-05,6.300346080638495e-05,2235,False,2.3687923063405347
2,QQQ|IWM|XLV|XLI,2.198028631922529e-06,9.20454482318747e-05,4484,False,3.757718839274819
2,QQQ|IWM|XLV|XLP,0.0002224158636013392,6.633239069251935e-05,1224,False,2.5279976312857513
2,QQQ|IWM|XLV|XLY,1.1672419644489142e-05,0.00010308563787369103,3729,False,4.285713431982566
2,QQQ|IWM|XLV|XLU,0.0001539747557669348,7.293701029392833e-05,1530,False,2.843862081949464
2,QQQ|IWM|XLV|VNQ,1.1912141835841103e-06,8.35681417448423e-05,4613,False,3.352293558451199
2,QQQ|IWM|XLV|HYG,0.00011282194590183822,6.26357289221855e-05,1791,False,2.351205611480862
2,QQQ|IWM|XLV|LQD,6.644630719294218e-05,6.125839888629508e-05,2267,False,2.2853351115240823
2,QQQ|IWM|XLV|AGG,0.00019670554256780037,5.722026239630448e-05,1320,False,2.092212139862873
2,QQQ|IWM|XLI|XLP,6.903208683375506e-06,8.099651105370496e-05,4038,False,3.229305897603517
2,QQQ|IWM|XLI|XLY,2.5465386924485622e-06,0.00012572238120870687,4446,False,5.368310603332886
2,QQQ|IWM|XLI|XLU,2.0898983247348926e-05,9.105751666384741e-05,3329,False,3.710471233680439
2,QQQ|IWM|XLI|VNQ,1.4260803283380916e-07,0.00010132140820162311,4805,False,4.2013395437281265
2,QQQ|IWM|XLI|HYG,1.2802679871684194e-05,8.050686413859926e-05,3667,False,3.2058886437428935
2,QQQ|IWM|XLI|LQD,8.555597419368304e-06,7.829210965728183e-05,3926,False,3.0999685075631978
2,QQQ|IWM|XLI|AGG,2.0102965373930926e-05,7.386691517951801e-05,3368,False,2.8883345744747912
2,QQQ|IWM|XLP|XLY,4.0253945877026486e-07,9.248721236828e-05,4746,False,3.7788461099867945
2,QQQ|IWM|XLP|XLU,0.00022826693672314436,6.510385800294626e-05,1194,False,2.469243331033298
2,QQQ|IWM|XLP|VNQ,3.0674221157363362e-06,7.415800130229888e-05,4401,False,2.902255702990413
2,QQQ|IWM|XLP|HYG,0.0001455062833656611,5.358302195452426e-05,1578,False,1.9182619317646414
2,QQQ|IWM|XLP|LQD,8.442417808698514e-05,5.241775145768871e-05,2061,False,1.8625331316867275
2,QQQ|IWM|XLP|AGG,0.0002532092312645461,4.8631278895872965e-05,1111,False,1.681445930928639
2,QQQ|IWM|XLY|XLU,8.864117099251918e-06,0.0001002267136673341,3897,False,4.148986023224992
2,QQQ|IWM|XLY|VNQ,9.198913618474487e-08,0.00011301131428741732,4816,False,4.760406679602548
2,QQQ|IWM|XLY|HYG,1.3475330159056928e-05,9.192961200200317e-05,3636,False,3.7521789975695494
2,QQQ|IWM|XLY|LQD,7.356390147381284e-06,8.970777145601422e-05,4008,False,3.645919971936726
2,QQQ|IWM|XLY|AGG,2.045413429226259e-05,8.489744589450258e-05,3353,False,3.4158672311738285
2,QQQ|IWM|XLU|VNQ,2.0360037659929272e-06,8.385404332756474e-05,4502,False,3.365966737501699
2,QQQ|IWM|XLU|HYG,0.0001331205137178868,6.183305841220287e-05,1656,False,2.3128180744233853
2,QQQ|IWM|XLU|LQD,6.543546003666897e-05,6.080798260544761e-05,2281,False,2.263794053945304
2,QQQ|IWM|XLU|AGG,0.00019928290354592691,5.676485985141151e-05,1313,False,2.0704326153248074
2,QQQ|IWM|VNQ|HYG,9.221648367423087e-06,7.08843652177956e-05,3874,False,2.7456947917028125
2,QQQ|IWM|VNQ|LQD,1.8966282179186223e-07,6.994337795199291e-05,4794,False,2.700692286830176
2,QQQ|IWM|VNQ|AGG,3.4223650134453484e-06,6.546158142311598e-05,4363,False,2.486351373346189
2,QQQ|IWM|HYG|LQD,3.82945667268241e-05,5.231210032024588e-05,2784,False,1.8574803897417929
2,QQQ|IWM|HYG|AGG,0.00015264639175262146,4.8463300751047574e-05,1542,False,1.673412413838955
2,QQQ|IWM|LQD|AGG,0.00011116231727863294,4.7996859900757946e-05,1801,False,1.6511049848217836
2,QQQ|EFA|EEM|TLT,0.00021644351552351998,7.382261082366148e-05,1247,False,2.8862157285958174
2,QQQ|EFA|EEM|GLD,4.057796124398933e-05,9.316355637344921e-05,2737,False,3.811192110293443
2,QQQ|EFA|EEM|USO,2.353116732952805e-05,8.78098334875256e-05,3229,False,3.555151514403976
2,QQQ|EFA|EEM|XLK,6.3616581267146785e-06,0.0001332821562475337,4078,False,5.729855148498044
2,QQQ|EFA|EEM|XLF,2.1412373386267893e-05,9.104286013004499e-05,3305,False,3.709770288239592
2,QQQ|EFA|EEM|XLE,3.0984957547295524e-05,8.554952076224212e-05,2989,False,3.4470525654277835
2,QQQ|EFA|EEM|XLV,3.2215435250172854e-05,8.13317367161429e-05,2948,False,3.24533798970035
2,QQQ|EFA|EEM|XLI,1.668308398864083e-06,0.00010114215151198415,4549,False,4.192766632763122
2,QQQ|EFA|EEM|XLP,7.126444793612182e-06,7.197193030651536e-05,4027,False,2.7977073480711177
2,QQQ|EFA|EEM|XLY,5.832207517290522e-07,0.00011225725754413982,4710,False,4.724344085031045
2,QQQ|EFA|EEM|XLU,2.2323800022265973e-05,8.095369987959136e-05,3275,False,3.227258462806397
2,QQQ|EFA|EEM|VNQ,2.2456997179196864e-06,8.830197248047822e-05,4479,False,3.57868795132852
2,QQQ|EFA|EEM|HYG,1.8088152217045294e-05,7.273603880184921e-05,3449,False,2.8342506654295643
2,QQQ|EFA|EEM|LQD,6.492272878485371e-06,7.147627229904362e-05,4065,False,2.774002615066702
2,QQQ|EFA|EEM|AGG,1.1986053911099955e-05,6.74965360867052e-05,3711,False,2.5836726235818643
2,QQQ|EFA|TLT|GLD,0.0004599128442761172,5.8699339940362184e-05,688,False,2.16294869157028
2,QQQ|EFA|TLT|USO,0.0012021303191587316,5.889969629336454e-05,151,False,2.172530689201843
2,QQQ|EFA|TLT|XLK,0.00014439245210509945,8.862523126653602e-05,1592,False,3.594147730247291
2,QQQ|EFA|TLT|XLF,0.0009105909080548208,5.8510449784830556e-05,257,False,2.1539150622602663
2,QQQ|EFA|TLT|XLE,0.0013834186221346708,5.329089000428288e-05,110,False,1.9042907867853562
2,QQQ|EFA|TLT|XLV,0.0015672467749224548,5.21273807040041e-05,80,False,1.848646215537638
2,QQQ|EFA|TLT|XLI,5.011493573924967e-05,6.478003161448882e-05,2533,False,2.4537564066571083
2,QQQ|EFA|TLT|XLP,0.0017657850032902582,4.4977266224558843e-05,50,False,1.506693594715868
2,QQQ|EFA|TLT|XLY,0.00014694754866852888,7.568016045276633e-05,1571,False,2.9750526228588297
2,QQQ|EFA|TLT|XLU,0.0017828720828971137,5.2457301460199234e-05,46,False,1.864424601683587
2,QQQ|EFA|TLT|VNQ,8.749979743614503e-05,5.958096662820321e-05,2024,False,2.2051122901196907
2,QQQ|EFA|TLT|HYG,0.0014612592963735356,4.3576148064120674e-05,99,False,1.4396854330395554
2,QQQ|EFA|TLT|LQD,0.0005944922833745897,4.531858162999112e-05,501,False,1.5230169274051462
2,QQQ|EFA|TLT|AGG,0.001760897283311804,4.1351565865022704e-05,52,False,1.3332952884618945
2,QQQ|EFA|GLD|USO,4.024457768142788e-05,7.894671823494977e-05,2743,False,3.1312750159260303
2,QQQ|EFA|GLD|XLK,1.2472109818397128e-05,0.00010560557985534719,3687,False,4.406229091895885
2,QQQ|EFA|GLD|XLF,0.00017546319477135545,7.15906782838569e-05,1419,False,2.779474055622942
2,QQQ|EFA|GLD|XLE,4.284917070894473e-05,6.915600032622306e-05,2689,False,2.663036128529154
2,QQQ|EFA|GLD|XLV,0.00016244891770610413,6.495322722526395e-05,1496,False,2.462039447885279
2,QQQ|EFA|GLD|XLI,2.5083146821377637e-05,7.975071873580643e-05,3175,False,3.1697261594986683
2,QQQ|EFA|GLD|XLP,0.00020558339617344018,5.713148730241838e-05,1288,False,2.087966490914829
2,QQQ|EFA|GLD|XLY,3.053117448941462e-05,8.882269097639578e-05,3002,False,3.6035911965704335
2,QQQ|EFA|GLD|XLU,0.00017371816392813347,6.56436881436072e-05,1431,False,2.4950605863972872
2,QQQ|EFA|GLD|VNQ,2.855148201462969e-05,7.093779637412511e-05,3071,False,2.7482501247667708
2,QQQ|EFA|GLD|HYG,0.00018014569173880932,5.630582092391196e-05,1401,False,2.04847918160442
2,QQQ|EFA|GLD|LQD,0.000125505300666291,5.585559618054141e-05,1705,False,2.026947284262503
2,QQQ|EFA|GLD|AGG,0.00022632835905341746,5.259318741656817e-05,1205,False,1.870923317060356
2,QQQ|EFA|USO|XLK,2.0884028899205032e-05,0.0001075249062360136,3330,False,4.498020445442459
2,QQQ|EFA|USO|XLF,0.0006993994391581595,7.639205357852092e-05,406,False,3.0090987518818815
2,QQQ|EFA|USO|XLE,0.00015164849611524396,0.00010043774332852037,1549,False,4.15907846942585
2,QQQ|EFA|USO|XLV,0.0007183706543212753,6.68072104568457e-05,386,False,2.5507057799868846
2,QQQ|EFA|USO|XLI,1.9877140392468934e-05,8.141529695154492e-05,3381,False,3.2493342392113678
2,QQQ|EFA|USO|XLP,0.0006890659251431019,6.162237852104776e-05,415,False,2.302742355895796
2,QQQ|EFA|USO|XLY,6.216323606051507e-05,8.93222137720774e-05,2330,False,3.6274807622039056
2,QQQ|EFA|USO|XLU,0.000714067883868906,6.928758672216489e-05,392,False,2.6693292183931208
2,QQQ|EFA|USO|VNQ,0.00015264914285714236,7.298887986123418e-05,1541,False,2.846342732368715
2,QQQ|EFA|USO|HYG,0.0004706968447754415,6.200588312228395e-05,669,False,2.3210833774090758
2,QQQ|EFA|USO|LQD,0.0003572271476855352,5.915010061328649e-05,879,False,2.1845062196228673
2,QQQ|EFA|USO|AGG,0.0007540419858211636,5.664047001528813e-05,359,False,2.06448369931958
2,QQQ|EFA|XLK|XLF,3.0228410367936473e-05,0.00011049796604965945,3015,False,4.6402063640118305
2,QQQ|EFA|XLK|XLE,8.053688556274988e-05,0.00010325710891180632,2097,False,4.293913995910193
2,QQQ|EFA|XLK|XLV,5.189587512366335e-05,9.734261067431362e-05,2491,False,4.0110544446442
2,QQQ|EFA|XLK|XLI,2.6526825997197228e-05,0.00012087694348862783,3130,False,5.136578631464061
2,QQQ|EFA|XLK|XLP,9.966612720702645e-05,8.620032439971169e-05,1899,False,3.4781771033792834
2,QQQ|EFA|XLK|XLY,4.161840357591316e-05,0.00013451396432202686,2714,False,5.788766093299452
2,QQQ|EFA|XLK|XLU,6.978783230233766e-05,9.586978475713114e-05,2232,False,3.940616875589522
2,QQQ|EFA|XLK|VNQ,8.504612856220056e-06,0.00010407634475581757,3931,False,4.333093766351088
2,QQQ|EFA|XLK|HYG,6.324214651914013e-05,8.95260342528025e-05,2311,False,3.637228430966617
2,QQQ|EFA|XLK|LQD,4.940610999271275e-05,8.728737430190682e-05,2551,False,3.5301650210676323
2,QQQ|EFA|XLK|AGG,7.482625181755507e-05,8.291476616291868e-05,2172,False,3.321046017833211
2,QQQ|EFA|XLF|XLE,0.00039439490539741574,7.500854592237629e-05,803,False,2.9429328086224182
2,QQQ|EFA|XLF|XLV,0.0007135617407506502,6.987262146328307e-05,393,False,2.6973083736321386
2,QQQ|EFA|XLF|XLI,3.471502164754889e-05,8.673189777836655e-05,2885,False,3.50359948095277
2,QQQ|EFA|XLF|XLP,0.000757322263576825,6.0854630796955825e-05,354,False,2.2660249932384704
2,QQQ|EFA|XLF|XLY,5.248000165228435e-05,9.792667279047544e-05,2480,False,4.038987084312892
2,QQQ|EFA|XLF|XLU,0.0008443217709101372,6.783503720274896e-05,289,False,2.5998613635125345
2,QQQ|EFA|XLF|VNQ,6.604929551678806e-06,7.642168821801027e-05,4058,False,3.010516021866806
2,QQQ|EFA|XLF|HYG,0.0005596973734978526,5.8166982820432967e-05,535,False,2.137488831746183
2,QQQ|EFA|XLF|LQD,0.0003170724592879512,5.6443623720290776e-05,954,False,2.05506956942461
2,QQQ|EFA|XLF|AGG,0.0008252737009873436,5.260215049337503e-05,304,False,1.8713519741977407
2,QQQ|EFA|XLE|XLV,0.0010044422267583885,6.422831540628268e-05,216,False,2.4273707027794584
2,QQQ|EFA|XLE|XLI,6.108847309564535e-05,8.015760876924735e-05,2351,False,3.189185584060522
2,QQQ|EFA|XLE|XLP,0.000890092401956437,5.700245333820676e-05,267,False,2.0817954705257105
2,QQQ|EFA|XLE|XLY,4.852970031261876e-05,8.886426564313816e-05,2565,False,3.60557949567994
2,QQQ|EFA|XLE|XLU,0.0007551546322189207,6.472850045324225e-05,356,False,2.45129194043172
2,QQQ|EFA|XLE|VNQ,6.165906658638364e-05,7.06834069771719e-05,2342,False,2.7360840089307947
2,QQQ|EFA|XLE|HYG,0.0006173932318384154,5.4393679703176615e-05,482,False,1.957031456719528
2,QQQ|EFA|XLE|LQD,0.00041564411109266123,5.2131774563938175e-05,773,False,1.848856350903205
2,QQQ|EFA|XLE|AGG,0.0009121233083302806,4.8688677674681425e-05,256,False,1.684191014647501
2,QQQ|EFA|XLV|XLI,2.968479850941231e-05,7.52993805971844e-05,3028,False,2.956841911695156
2,QQQ|EFA|XLV|XLP,0.0015073686119880664,5.467121681673951e-05,88,False,1.9703046069090762
2,QQQ|EFA|XLV|XLY,0.00014470625358230772,8.566920832132767e-05,1587,False,3.4527765960886523
2,QQQ|EFA|XLV|XLU,0.0013274150745673362,5.983934562215005e-05,123,False,2.2174692075368037
2,QQQ|EFA|XLV|VNQ,2.9446658879915585e-05,6.806998591136983e-05,3036,False,2.611097732790615
2,QQQ|EFA|XLV|HYG,0.0010324858054424086,4.990746987967946e-05,206,False,1.7424794784104694
2,QQQ|EFA|XLV|LQD,0.000555040996112366,4.911762311521341e-05,544,False,1.7047052341052626
2,QQQ|EFA|XLV|AGG,0.0013181902803285058,4.55185304369359e-05,125,False,1.5325794342379402
2,QQQ|EFA|XLI|XLP,0.00011693305734299583,6.582167498867627e-05,1766,False,2.503572767330632
2,QQQ|EFA|XLI|XLY,1.1718776597292788e-06,0.00010479228946709467,4617,False,4.367333661542764
2,QQQ|EFA|XLI|XLU,8.04624693075966e-05,7.444618980282028e-05,2099,False,2.9160382533715694
2,QQQ|EFA|XLI|VNQ,2.6583072973118827e-06,8.230959017890178e-05,4430,False,3.2921036121713323
2,QQQ|EFA|XLI|HYG,4.4610890493400754e-05,6.42649429068444e-05,2661,False,2.429122404776291
2,QQQ|EFA|XLI|LQD,2.153291431313535e-05,6.263767169695133e-05,3300,False,2.3512985242481688
2,QQQ|EFA|XLI|AGG,3.966718904295493e-05,5.865152103090059e-05,2755,False,2.1606617629536493
2,QQQ|EFA|XLP|XLY,3.592345091718625e-06,7.664201438557823e-05,4341,False,3.021053071399659
2,QQQ|EFA|XLP|XLU,0.0017163157590068497,5.357742490082959e-05,61,False,1.9179942539274157
2,QQQ|EFA|XLP|VNQ,3.824844704187093e-05,6.0231077038488e-05,2785,False,2.2362036746366063
2,QQQ|EFA|XLP|HYG,0.0010037573498786556,4.2425994481679855e-05,217,False,1.3846795960010272
2,QQQ|EFA|XLP|LQD,0.0005462377617484298,4.1848207256268655e-05,559,False,1.3570470515746857
2,QQQ|EFA|XLP|AGG,0.001397421983473555,3.8500778506166e-05,108,False,1.1969570226104844
2,QQQ|EFA|XLY|XLU,4.6032343737619364e-05,8.294502488863389e-05,2630,False,3.3224931346018707
2,QQQ|EFA|XLY|VNQ,2.0537793489402626e-05,9.332913434702291e-05,3349,False,3.8191108397315032
2,QQQ|EFA|XLY|HYG,0.00015304319228449925,7.501732885257523e-05,1535,False,2.9433528502886963
2,QQQ|EFA|XLY|LQD,6.653022635375471e-05,7.338297157801065e-05,2266,False,2.8651900803074466
2,QQQ|EFA|XLY|AGG,9.419465801335421e-05,6.901168982821208e-05,1960,False,2.656134511338435
2,QQQ|EFA|XLU|VNQ,6.309703403122078e-05,6.849062826775541e-05,2315,False,2.6312148591119064
2,QQQ|EFA|XLU|HYG,0.001144221142739093,4.9239540143360006e-05,159,False,1.710535888623785
2,QQQ|EFA|XLU|LQD,0.0005499907329455307,4.880194760802912e-05,554,False,1.689608123797277
2,QQQ|EFA|XLU|AGG,0.0014099467291075803,4.5197868665706106e-05,105,False,1.5172438569706672
2,QQQ|EFA|VNQ|HYG,0.00022786453337393572,5.589035578725854e-05,1197,False,2.028609654655289
2,QQQ|EFA|VNQ|LQD,2.90649116605541e-05,5.553685179288021e-05,3054,False,2.011703405434225
2,QQQ|EFA|VNQ|AGG,8.897539616137035e-05,5.149409907571637e-05,2010,False,1.818359663744125
2,QQQ|EFA|HYG|LQD,0.0003456283996345301,4.067547095209964e-05,897,False,1.3009612009360334
2,QQQ|EFA|HYG|AGG,0.001082561486615033,3.726571519461442e-05,184,False,1.1378903968270824
2,QQQ|EFA|LQD|AGG,0.0006296399324966501,3.738675761574916e-05,473,False,1.1436792234614845
2,QQQ|EEM|TLT|GLD,2.753448728520007e-05,6.862127129745751e-05,3095,False,2.6374628326971066
2,QQQ|EEM|TLT|USO,0.00010817997778607938,6.616892025286522e-05,1825,False,2.5201796941845602
2,QQQ|EEM|TLT|XLK,1.1724171280161292e-05,0.0001017365502674585,3726,False,4.221193619887868
2,QQQ|EEM|TLT|XLF,7.41756305886169e-05,6.466739038663968e-05,2183,False,2.4483693652067475
2,QQQ|EEM|TLT|XLE,0.00010381461175840077,6.0232977207877465e-05,1857,False,2.2362945498113467
2,QQQ|EEM|TLT|XLV,0.00015288713030216507,5.7804362354242305e-05,1538,False,2.1201465893060125
2,QQQ|EEM|TLT|XLI,1.733060741587675e-05,7.323207666883325e-05,3481,False,2.857973565129933
2,QQQ|EEM|TLT|XLP,0.00016912476552469478,5.0446278926562414e-05,1456,False,1.7682479001936127
2,QQQ|EEM|TLT|XLY,2.1226930448269413e-05,8.404794428667884e-05,3311,False,3.3752400073688507
2,QQQ|EEM|TLT|XLU,0.00014033272601297853,5.9234256855155494e-05,1616,False,2.188530973009452
2,QQQ|EEM|TLT|VNQ,1.4006968134063634e-05,6.565847175319856e-05,3605,False,2.49576760920923
2,QQQ|EEM|TLT|HYG,9.952898884928688e-05,5.1322054097662115e-05,1902,False,1.8101316512676815
2,QQQ|EEM|TLT|LQD,4.416427428402945e-05,5.287626772947216e-05,2669,False,1.8844615695147526
2,QQQ|EEM|TLT|AGG,0.00011628012249883722,4.890373435152717e-05,1770,False,1.6944760519687951
2,QQQ|EEM|GLD|USO,3.370401246682838e-05,8.886827876271044e-05,2916,False,3.605771422223124
2,QQQ|EEM|GLD|XLK,1.048639809887867e-05,0.00012136923542452967,3791,False,5.1601223828508385
2,QQQ|EEM|GLD|XLF,4.276096413648356e-05,8.0399955453926e-05,2694,False,3.2007757598837996
2,QQQ|EEM|GLD|XLE,4.683267047931314e-05,7.875042409807764e-05,2616,False,3.1218872928695203
2,QQQ|EEM|GLD|XLV,5.8601650585019604e-05,7.328254544376216e-05,2378,False,2.86038722296803
2,QQQ|EEM|GLD|XLI,1.157080441820249e-07,9.085510035841086e-05,4812,False,3.7007907192858696
2,QQQ|EEM|GLD|XLP,7.869744809202493e-05,6.525283657268194e-05,2125,False,2.4763681977069503
2,QQQ|EEM|GLD|XLY,5.80284124286993e-06,9.98428113785683e-05,4123,False,4.1306259823948315
2,QQQ|EEM|GLD|XLU,7.056319576244404e-05,7.507298010682345e-05,2224,False,2.9460143590375285
2,QQQ|EEM|GLD|VNQ,6.956106248896319e-06,7.966763806738046e-05,4035,False,3.1657528451706876
2,QQQ|EEM|GLD|HYG,7.213213311393946e-05,6.67040635257134e-05,2200,False,2.5457728011469216
2,QQQ|EEM|GLD|LQD,2.5300301830320504e-05,6.606561884828243e-05,3166,False,2.515239327686485
2,QQQ|EEM|GLD|AGG,6.888874099295964e-05,6.279769247133262e-05,2238,False,2.358951481881633
2,QQQ|EEM|USO|XLK,4.6605351673387364e-08,0.0001206358544076014,4833,False,5.125048600253303
2,QQQ|EEM|USO|XLF,2.3151282984790234e-06,8.254862335099538e-05,4469,False,3.3035353199986304
2,QQQ|EEM|USO|XLE,1.567135680019327e-05,0.00010737945970278032,3546,False,4.491064497622109
2,QQQ|EEM|USO|XLV,7.867107250100124e-06,7.248382127774928e-05,3973,False,2.8221884189255273
2,QQQ|EEM|USO|XLI,2.0599756978189062e-05,8.986697117655471e-05,3345,False,3.6535336628544606
2,QQQ|EEM|USO|XLP,3.761826111805463e-05,6.709102039371669e-05,2796,False,2.5642789265438086
2,QQQ|EEM|USO|XLY,9.257860304637165e-06,9.768962677665528e-05,3868,False,4.027650411884195
2,QQQ|EEM|USO|XLU,1.3930213245780714e-05,7.606417128778651e-05,3612,False,2.9934178548892536
2,QQQ|EEM|USO|VNQ,9.372037324214995e-07,7.906601415689489e-05,4652,False,3.136980316628523
2,QQQ|EEM|USO|HYG,8.327954451020748e-06,6.975141832649075e-05,3936,False,2.69151186080747
2,QQQ|EEM|USO|LQD,9.53652583599621e-06,6.670741588343287e-05,3847,False,2.5459331269027405
2,QQQ|EEM|USO|AGG,2.9105766324135316e-05,6.419226767245795e-05,3052,False,2.4256467279967486
2,QQQ|EEM|XLK|XLF,9.771541751487695e-07,0.00012249663086355572,4644,False,5.214039816786438
2,QQQ|EEM|XLK|XLE,2.3450537547368263e-06,0.00011604092032748807,4464,False,4.905296908764311
2,QQQ|EEM|XLK|XLV,5.662111065330187e-07,0.000108861316536639,4713,False,4.561933968240702
2,QQQ|EEM|XLK|XLI,4.268128152945808e-06,0.0001351707127550594,4271,False,5.820174939765011
2,QQQ|EEM|XLK|XLP,3.7982448793649185e-06,9.751106131380242e-05,4315,False,4.019110558685155
2,QQQ|EEM|XLK|XLY,5.739388542937137e-07,0.00014872347236802652,4712,False,6.468332627637599
2,QQQ|EEM|XLK|XLU,4.478820110545111e-07,0.00010848846436417456,4736,False,4.544102396743514
2,QQQ|EEM|XLK|VNQ,1.1750615814417951e-07,0.0001159955740929001,4810,False,4.903128235268756
2,QQQ|EEM|XLK|HYG,1.5374737372737018e-06,0.0001031136644984311,4559,False,4.28705379902287
2,QQQ|EEM|XLK|LQD,3.9428306661031213e-07,0.000100686784613475,4748,False,4.170988813005365
2,QQQ|EEM|XLK|AGG,3.757047091945922e-06,9.63086588615103e-05,4322,False,3.961605931168238
2,QQQ|EEM|XLF|XLE,3.799512128445537e-06,8.083797893894466e-05,4314,False,3.22172413478244
2,QQQ|EEM|XLF|XLV,9.918437910943705e-06,7.443694892649507e-05,3825,False,2.9155963105345446
2,QQQ|EEM|XLF|XLI,3.2980748211571173e-06,9.407128864568476e-05,4374,False,3.8546042025596257
2,QQQ|EEM|XLF|XLP,3.158565847207485e-05,6.521098931193318e-05,2964,False,2.474366861850246
2,QQQ|EEM|XLF|XLY,2.355148572937895e-06,0.00010518180243736175,4462,False,4.385962031956945
2,QQQ|EEM|XLF|XLU,1.2294803504817553e-05,7.3499338410679e-05,3697,False,2.870755297972431
2,QQQ|EEM|XLF|VNQ,8.062638309030596e-07,8.138653915597941e-05,4672,False,3.2479589040903774
2,QQQ|EEM|XLF|HYG,5.633746443872187e-06,6.480023466694819e-05,4142,False,2.4547226131083395
2,QQQ|EEM|XLF|LQD,3.826351306170088e-06,6.28886556327456e-05,4310,False,2.363301774668248
2,QQQ|EEM|XLF|AGG,2.4793032549445366e-05,5.904166479285329e-05,3183,False,2.1793203008386732
2,QQQ|EEM|XLE|XLV,3.6368077850775783e-06,6.957778947128018e-05,4336,False,2.6832080997613748
2,QQQ|EEM|XLE|XLI,7.178365854772082e-06,8.828214623835104e-05,4021,False,3.577739765746887
2,QQQ|EEM|XLE|XLP,3.263420782615741e-05,6.21439584549696e-05,2940,False,2.3276867992169965
2,QQQ|EEM|XLE|XLY,3.384293142110727e-08,9.690454189180995e-05,4837,False,3.9901039034035017
2,QQQ|EEM|XLE|XLU,9.379815918675958e-06,7.117794826295778e-05,3861,False,2.7597353349711256
2,QQQ|EEM|XLE|VNQ,4.149560005393104e-07,7.643340451692651e-05,4744,False,3.0110763512338754
2,QQQ|EEM|XLE|HYG,8.945234803048578e-06,6.181207815147732e-05,3892,False,2.3118146981611947
2,QQQ|EEM|XLE|LQD,3.767785222427668e-06,5.9361953078178475e-05,4321,False,2.1946380162263512
2,QQQ|EEM|XLE|AGG,2.208669529916326e-05,5.591333857594515e-05,3282,False,2.029708801367942
2,QQQ|EEM|XLV|XLI,1.0993028577949838e-05,8.215881251293171e-05,3762,False,3.284892704123906
2,QQQ|EEM|XLV|XLP,5.174353333774301e-05,5.8547616380145966e-05,2494,False,2.1556925463427468
2,QQQ|EEM|XLV|XLY,2.207936497830667e-06,9.244437901664309e-05,4482,False,3.7767976145545985
2,QQQ|EEM|XLV|XLU,2.376156451890048e-05,6.502368787850919e-05,3221,False,2.4654092128185936
2,QQQ|EEM|XLV|VNQ,1.5355682095401063e-06,7.255487789776806e-05,4562,False,2.8255866858360794
2,QQQ|EEM|XLV|HYG,7.276498869189582e-06,5.6060762774623787e-05,4012,False,2.0367593305945206
2,QQQ|EEM|XLV|LQD,8.520513998615976e-06,5.508269607609733e-05,3930,False,1.9899835101707934
2,QQQ|EEM|XLV|AGG,4.006637389227742e-05,5.147808578484324e-05,2747,False,1.8175938317007654
2,QQQ|EEM|XLI|XLP,1.2901063634081007e-05,7.247313795618895e-05,3661,False,2.821677491468752
2,QQQ|EEM|XLI|XLY,1.1143699628173556e-05,0.0001143425235665163,3750,False,4.82407146471316
2,QQQ|EEM|XLI|XLU,2.006614338948941e-05,8.240559546328565e-05,3372,False,3.296695043357809
2,QQQ|EEM|XLI|VNQ,1.1974250003194653e-06,8.956954556940623e-05,4611,False,3.639309349921247
2,QQQ|EEM|XLI|HYG,1.4003238055797085e-05,7.319329920589494e-05,3606,False,2.856119041664792
2,QQQ|EEM|XLI|LQD,1.1063220449627095e-05,7.137780806194146e-05,3756,False,2.7692935850181493
2,QQQ|EEM|XLI|AGG,2.2926288000445812e-05,6.738613978291416e-05,3252,False,2.5783929451209247
2,QQQ|EEM|XLP|XLY,3.8158044982168285e-06,8.320921613265901e-05,4312,False,3.3351280215749757
2,QQQ|EEM|XLP|XLU,7.943538010231158e-05,5.855379820895409e-05,2113,False,2.1559881909185763
2,QQQ|EEM|XLP|VNQ,1.3640675432488882e-06,6.45080000766516e-05,4585,False,2.440746559391442
2,QQQ|EEM|XLP|HYG,5.118200737331554e-05,4.8371318428389534e-05,2505,False,1.669013379894448
2,QQQ|EEM|XLP|LQD,3.1576099590405506e-05,4.760531126891793e-05,2965,False,1.6323792593495872
2,QQQ|EEM|XLP|AGG,0.00011313847287094512,4.4252364905838696e-05,1788,False,1.4720253517826798
2,QQQ|EEM|XLY|XLU,3.4485980379501023e-06,9.082016932866737e-05,4357,False,3.699120150625308
2,QQQ|EEM|XLY|VNQ,3.252966454016007e-07,0.00010050482851709548,4758,False,4.162286803518615
2,QQQ|EEM|XLY|HYG,7.45027016548995e-07,8.386142393119388e-05,4689,False,3.3663197132143936
2,QQQ|EEM|XLY|LQD,1.9048086422065322e-06,8.203884672256888e-05,4519,False,3.2791553671146234
2,QQQ|EEM|XLY|AGG,5.573100656919968e-06,7.766204735979376e-05,4148,False,3.069835919542908
2,QQQ|EEM|XLU|VNQ,1.7290913971212137e-06,7.407549399887171e-05,4541,False,2.898309809714863
2,QQQ|EEM|XLU|HYG,2.2242944128844943e-05,5.649280678302239e-05,3277,False,2.0574217383653264
2,QQQ|EEM|XLU|LQD,1.2949603246747481e-05,5.586699431363109e-05,3658,False,2.0274923974202985
2,QQQ|EEM|XLU|AGG,5.561053975892985e-05,5.2257397758331505e-05,2419,False,1.8548642519909835
2,QQQ|EEM|VNQ|HYG,1.1496152409240037e-06,6.244417215696001e-05,4621,False,2.3420444521605046
2,QQQ|EEM|VNQ|LQD,1.2673555699212468e-06,6.190244822852127e-05,4603,False,2.316136626820921
2,QQQ|EEM|VNQ|AGG,1.8576619452012912e-06,5.785417789838086e-05,4524,False,2.122529006528116
2,QQQ|EEM|HYG|LQD,6.026295791569335e-06,4.870946829628678e-05,4104,False,1.685185321461315
2,QQQ|EEM|HYG|AGG,3.4496581936346045e-05,4.5294194925824997e-05,2890,False,1.521850638749659
2,QQQ|EEM|LQD|AGG,2.1710785377133303e-05,4.522701741289932e-05,3291,False,1.518637889265541
2,QQQ|TLT|GLD|USO,0.0003762433434620356,6.283189540127492e-05,834,False,2.3605872293325545
2,QQQ|TLT|GLD|XLK,5.4086781009646784e-05,7.95860642762575e-05,2444,False,3.161851596911649
2,QQQ|TLT|GLD|XLF,0.0007346238734378197,5.074129894143711e-05,371,False,1.782357166216037
2,QQQ|TLT|GLD|XLE,0.00038917006249422127,4.936554717284392e-05,811,False,1.7165621465386562
2,QQQ|TLT|GLD|XLV,0.0007396155358062173,4.695194326434889e-05,367,False,1.6011320811168814
2,QQQ|TLT|GLD|XLI,2.524702856715783e-05,5.736673429364106e-05,3170,False,2.09921712549142
2,QQQ|TLT|GLD|XLP,0.0010621192274033358,4.113192632345096e-05,191,False,1.3227910766632636
2,QQQ|TLT|GLD|XLY,6.38037958126274e-05,6.613946811992033e-05,2304,False,2.5187711525341787
2,QQQ|TLT|GLD|XLU,0.0008170691249910704,4.945033552015686e-05,310,False,1.7206171302262816
2,QQQ|TLT|GLD|VNQ,0.00011744303205130964,5.3820386047831e-05,1763,False,1.929613816273422
2,QQQ|TLT|GLD|HYG,0.0008348993630049707,4.041792662071038e-05,297,False,1.288644201068476
2,QQQ|TLT|GLD|LQD,0.0003335462934804138,4.278168201195548e-05,915,False,1.4016902723364932
2,QQQ|TLT|GLD|AGG,0.000777826500322998,3.9526476082375665e-05,338,False,1.2460107790732264
2,QQQ|TLT|USO|XLK,4.848743569923041e-06,8.440676249825521e-05,4222,False,3.3924004078351437
2,QQQ|TLT|USO|XLF,0.0009231047652899252,5.844404607743246e-05,250,False,2.150739319851898
2,QQQ|TLT|USO|XLE,0.0004894614093281338,8.354866201647259e-05,635,False,3.351361944812275
2,QQQ|TLT|USO|XLV,0.0009248640277913379,5.170729833726198e-05,249,False,1.8285558705954095
2,QQQ|TLT|USO|XLI,3.72939404275281e-05,6.193268435071088e-05,2803,False,2.317582662581041
2,QQQ|TLT|USO|XLP,0.0010740195891704451,4.8524189383411675e-05,186,False,1.676324399021152
2,QQQ|TLT|USO|XLY,4.419579869481976e-05,6.954036275693329e-05,2667,False,2.6814181755445725
2,QQQ|TLT|USO|XLU,0.0009014598201841212,5.599560594004588e-05,260,False,2.033643219599037
2,QQQ|TLT|USO|VNQ,0.00027923788045578965,5.877284137627139e-05,1029,False,2.166463881252287
2,QQQ|TLT|USO|HYG,0.0006780432453348845,4.9019360660413704e-05,426,False,1.7000058542500542
2,QQQ|TLT|USO|LQD,0.00041599145850157866,4.8977558286031895e-05,772,False,1.6980066650737793
2,QQQ|TLT|USO|AGG,0.0008446650493950454,4.647513052242696e-05,288,False,1.5783286187093721
2,QQQ|TLT|XLK|XLF,3.2029248674570306e-06,8.264526580315616e-05,4383,False,3.308157223591086
2,QQQ|TLT|XLK|XLE,0.00010310621909506933,7.646333485434368e-05,1864,False,3.0125077629058565
2,QQQ|TLT|XLK|XLV,0.00010113116678226797,7.233800580931505e-05,1887,False,2.815214826861963
2,QQQ|TLT|XLK|XLI,4.5147532464898626e-07,9.148963814237894e-05,4735,False,3.731137346442972
2,QQQ|TLT|XLK|XLP,0.00017321088535863824,6.319744251666076e-05,1436,False,2.3780694381138785
2,QQQ|TLT|XLK|XLY,2.5416706788942913e-05,0.00010482742056146788,3161,False,4.369013798249357
2,QQQ|TLT|XLK|XLU,9.34624857778783e-05,7.26731112295973e-05,1966,False,2.831241168404677
2,QQQ|TLT|XLK|VNQ,1.634270041769764e-05,7.995561352543994e-05,3515,False,3.1795252068438993
2,QQQ|TLT|XLK|HYG,8.999018152117202e-05,6.663481904551743e-05,1998,False,2.542461199416835
2,QQQ|TLT|XLK|LQD,5.066151387459656e-05,6.721013922923738e-05,2518,False,2.5699757581277836
2,QQQ|TLT|XLK|AGG,9.354804853315688e-05,6.284473392464267e-05,1965,False,2.3612012288322415
2,QQQ|TLT|XLF|XLE,0.0007100091403946286,5.338490810158355e-05,395,False,1.908787181195413
2,QQQ|TLT|XLF|XLV,0.001086556169162551,5.00381528349544e-05,182,False,1.7487293614272332
2,QQQ|TLT|XLF|XLI,6.197845386397063e-05,6.251472866878756e-05,2337,False,2.3454188015090125
2,QQQ|TLT|XLF|XLP,0.0013349126107181281,4.302188515057479e-05,122,False,1.4131779335503962
2,QQQ|TLT|XLF|XLY,0.00011901167921713318,7.341026526658638e-05,1750,False,2.866495394840129
2,QQQ|TLT|XLF|XLU,0.001290398449088104,4.980849991188501e-05,134,False,1.7377462619050206
2,QQQ|TLT|XLF|VNQ,2.536662267184285e-05,5.747109322430254e-05,3164,False,2.1042080679369484
2,QQQ|TLT|XLF|HYG,0.0010296192894972424,4.044590384981779e-05,207,False,1.289982205773731
2,QQQ|TLT|XLF|LQD,0.0004406474046397649,4.153652488429125e-05,725,False,1.342140912062093
2,QQQ|TLT|XLF|AGG,0.0012365198155940174,3.7702254491768926e-05,142,False,1.1587677907741034
2,QQQ|TLT|XLE|XLV,0.0013660018332001058,4.545277296699469e-05,114,False,1.5294345979909614
2,QQQ|TLT|XLE|XLI,2.1132472930195138e-05,5.699936584870902e-05,3318,False,2.0816478120331725
2,QQQ|TLT|XLE|XLP,0.0014458713137932807,4.02286338808664e-05,100,False,1.279591318254045
2,QQQ|TLT|XLE|XLY,4.8339928194746526e-05,6.540678430828977e-05,2569,False,2.4837307136235847
2,QQQ|TLT|XLE|XLU,0.0010417004698546994,4.776088935141897e-05,200,False,1.6398197462406139
2,QQQ|TLT|XLE|VNQ,0.00011809282243475958,5.279173817250483e-05,1756,False,1.8804189624173449
2,QQQ|TLT|XLE|HYG,0.0010001465977099188,3.7731526921602096e-05,219,False,1.1601677381634843
2,QQQ|TLT|XLE|LQD,0.00047777991895792924,3.82836019169793e-05,651,False,1.1865706009570947
2,QQQ|TLT|XLE|AGG,0.0011372432179238244,3.4847707862115976e-05,162,False,1.022249738640271
2,QQQ|TLT|XLV|XLI,9.61074836598559e-05,5.393030686911014e-05,1937,False,1.934870754889907
2,QQQ|TLT|XLV|XLP,0.00197409073917122,3.96865665518632e-05,31,False,1.2536670698595103
2,QQQ|TLT|XLV|XLY,0.00014004474101732913,6.400089617894335e-05,1617,False,2.416494429254397
2,QQQ|TLT|XLV|XLU,0.0017366644759425737,4.4660903712790835e-05,55,False,1.491563628567798
2,QQQ|TLT|XLV|VNQ,7.211444047323168e-05,5.1967486299166814e-05,2201,False,1.8409993014992647
2,QQQ|TLT|XLV|HYG,0.0015126281384616718,3.5034486290569e-05,87,False,1.0311823750765254
2,QQQ|TLT|XLV|LQD,0.0005890543264515579,3.7058619660718594e-05,508,False,1.1279860993812525
2,QQQ|TLT|XLV|AGG,0.0014764611224209136,3.346672981683451e-05,96,False,0.9562047734528099
2,QQQ|TLT|XLI|XLP,0.0003353276396440236,4.6454324242549666e-05,910,False,1.5773335630422152
2,QQQ|TLT|XLI|XLY,7.635117303398642e-05,7.874127684346003e-05,2152,False,3.121449827469658
2,QQQ|TLT|XLI|XLU,5.023932723600906e-05,5.4885047412210755e-05,2529,False,1.9805310071637119
2,QQQ|TLT|XLI|VNQ,4.2835480553795296e-07,6.182439008544846e-05,4741,False,2.312403513641131
2,QQQ|TLT|XLI|HYG,2.41631741847027e-05,4.500925883648363e-05,3205,False,1.5082236342034963
2,QQQ|TLT|XLI|LQD,8.575191395765166e-06,4.619596776120621e-05,3925,False,1.5649777222853076
2,QQQ|TLT|XLI|AGG,4.700655954019933e-05,4.221701992954889e-05,2610,False,1.3746854349296673
2,QQQ|TLT|XLP|XLY,5.5263729727013884e-05,5.697542522514156e-05,2426,False,2.080502857082236
2,QQQ|TLT|XLP|XLU,0.002533454176768888,4.0400705973418016e-05,6,False,1.287820627475242
2,QQQ|TLT|XLP|VNQ,9.212640041513804e-05,4.613030040823264e-05,1978,False,1.5618371958620882
2,QQQ|TLT|XLP|HYG,0.0017708401318595301,2.955473387451704e-05,49,False,0.769114445183915
2,QQQ|TLT|XLP|LQD,0.00069842934020496,3.179092678372149e-05,408,False,0.8760598693675078
2,QQQ|TLT|XLP|AGG,0.0017781273885895115,2.8450700868012254e-05,48,False,0.7163143143421862
2,QQQ|TLT|XLY|XLU,5.650598244839702e-06,6.30846440837143e-05,4140,False,2.372674878365008
2,QQQ|TLT|XLY|VNQ,2.9992594992350308e-05,7.254469583925953e-05,3019,False,2.8250997311722963
2,QQQ|TLT|XLY|HYG,0.00016284285355475225,5.546240636790439e-05,1491,False,2.008143069686895
2,QQQ|TLT|XLY|LQD,4.085460191829627e-05,5.6642029227955455e-05,2730,False,2.064558268315579
2,QQQ|TLT|XLY|AGG,6.90831419909618e-05,5.227795031255032e-05,2237,False,1.8558471732854478
2,QQQ|TLT|XLU|VNQ,9.905883575888969e-05,5.419605999301715e-05,1908,False,1.9475803384179495
2,QQQ|TLT|XLU|HYG,0.0016778994082505129,3.617448789171428e-05,67,False,1.0857026958872333
2,QQQ|TLT|XLU|LQD,0.000593863596206718,3.855087549099904e-05,502,False,1.1993528996706593
2,QQQ|TLT|XLU|AGG,0.0015862366271916866,3.4953999383069446e-05,74,False,1.027333106782929
2,QQQ|TLT|VNQ|HYG,0.0003793682157350955,4.190124583276903e-05,831,False,1.3595836095963925
2,QQQ|TLT|VNQ|LQD,4.128693994331932e-05,4.436172197300634e-05,2724,False,1.477255328985263
2,QQQ|TLT|VNQ|AGG,0.00015465892180839685,4.032617209023592e-05,1527,False,1.2842560612340428
2,QQQ|TLT|HYG|LQD,0.0004802678655414097,3.072985715531832e-05,647,False,0.8253144524444773
2,QQQ|TLT|HYG|AGG,0.00141899209199702,2.7327304232226526e-05,104,False,0.6625881222744063
2,QQQ|TLT|LQD|AGG,0.0005408012814257008,3.0262326787976907e-05,565,False,0.8029549175187422
2,QQQ|GLD|USO|XLK,2.3628080213299513e-06,0.00010474552404712388,4460,False,4.3650971158246765
2,QQQ|GLD|USO|XLF,9.293380221218851e-05,7.488268753651629e-05,1972,False,2.9369136595555125
2,QQQ|GLD|USO|XLE,1.7570749337640602e-05,0.00010277218529847024,3472,False,4.27072263289701
2,QQQ|GLD|USO|XLV,7.592145700363865e-05,6.789155781857932e-05,2160,False,2.6025644492839883
2,QQQ|GLD|USO|XLI,2.3704730416378933e-06,8.026178443208597e-05,4458,False,3.194167761763539
2,QQQ|GLD|USO|XLP,0.00010914572822840358,6.403682342132869e-05,1813,False,2.418212641561051
2,QQQ|GLD|USO|XLY,1.4515317316582179e-06,8.604130624062024e-05,4573,False,3.470572095597115
2,QQQ|GLD|USO|XLU,6.774204876708323e-05,7.254040558351132e-05,2252,False,2.8248945506536747
2,QQQ|GLD|USO|VNQ,4.0523878046752105e-05,7.348808408225078e-05,2738,False,2.870217062240306
2,QQQ|GLD|USO|HYG,6.0066884558900774e-05,6.510744648026247e-05,2364,False,2.469414949155856
2,QQQ|GLD|USO|LQD,6.298104451368969e-05,6.287298579663966e-05,2318,False,2.3625523682720737
2,QQQ|GLD|USO|AGG,0.00010038679150202547,6.10751650340299e-05,1894,False,2.2765719936487714
2,QQQ|GLD|XLK|XLF,9.584460871291048e-06,9.601723390946593e-05,3841,False,3.9476685982191073
2,QQQ|GLD|XLK|XLE,1.304428962553174e-05,9.262018478356729e-05,3651,False,3.7852054859149993
2,QQQ|GLD|XLK|XLV,3.098742609203187e-05,8.545559193785834e-05,2987,False,3.442560440474949
2,QQQ|GLD|XLK|XLI,2.492343900756782e-06,0.00010675206487097999,4451,False,4.461059480549878
2,QQQ|GLD|XLK|XLP,2.408396993074371e-05,7.564340320180373e-05,3209,False,2.9732947155781844
2,QQQ|GLD|XLK|XLY,5.18364709334493e-06,0.00011826169069238077,4189,False,5.011504753226306
2,QQQ|GLD|XLK|XLU,1.9470085782604613e-05,8.61512375202887e-05,3396,False,3.4758295343837227
2,QQQ|GLD|XLK|VNQ,5.5419486937229136e-06,9.160418287864529e-05,4153,False,3.736615422756326
2,QQQ|GLD|XLK|HYG,3.2843675395696514e-05,7.965623151259214e-05,2937,False,3.1652073292470435
2,QQQ|GLD|XLK|LQD,2.1094125856037934e-05,7.80388933870711e-05,3322,False,3.0878584962504845
2,QQQ|GLD|XLK|AGG,2.942212257869173e-05,7.437809508347156e-05,3037,False,2.912781638696048
2,QQQ|GLD|XLF|XLE,8.846909534002508e-05,6.564163794102232e-05,2015,False,2.4949625359186367
2,QQQ|GLD|XLF|XLV,0.0005054632539781991,5.9255618873712843e-05,614,False,2.1895526067543
2,QQQ|GLD|XLF|XLI,4.2834512773456403e-05,7.387703530760378e-05,2690,False,2.8888185673300004
2,QQQ|GLD|XLF|XLP,0.000558856960284422,5.1567725745932924e-05,538,False,1.8218808427287845
2,QQQ|GLD|XLF|XLY,6.373268594890168e-05,8.294441530771444e-05,2307,False,3.32246398153116
2,QQQ|GLD|XLF|XLU,0.0004794712031038092,5.938650611279156e-05,648,False,2.1958122595981475
2,QQQ|GLD|XLF|VNQ,4.099328328610212e-05,6.521954248772304e-05,2727,False,2.474775915563456
2,QQQ|GLD|XLF|HYG,0.0004246903055308219,4.956719622710767e-05,759,False,1.7262059673180226
2,QQQ|GLD|XLF|LQD,0.0003027217505877893,4.8465158952340125e-05,982,False,1.6735012818988764
2,QQQ|GLD|XLF|AGG,0.0005878932075844939,4.533549556081298e-05,509,False,1.5238258323519913
2,QQQ|GLD|XLE|XLV,0.00019194033725642202,5.745512082866697e-05,1343,False,2.1034441916991504
2,QQQ|GLD|XLE|XLI,2.2912403353807704e-05,7.114655431043906e-05,3253,False,2.7582339262352806
2,QQQ|GLD|XLE|XLP,0.00020592742337843372,5.155935629913835e-05,1284,False,1.821480575813554
2,QQQ|GLD|XLE|XLY,3.5485692479999446e-05,7.772581617233166e-05,2863,False,3.0728856486957365
2,QQQ|GLD|XLE|XLU,0.0001490151042112743,6.012377737523936e-05,1560,False,2.2310720923148626
2,QQQ|GLD|XLE|VNQ,2.884640902790484e-05,6.332506925883915e-05,3064,False,2.3841731584249732
2,QQQ|GLD|XLE|HYG,0.00017622397184430795,4.963770112180582e-05,1414,False,1.729577848088897
2,QQQ|GLD|XLE|LQD,0.00012373417449753542,4.799711780794201e-05,1718,False,1.651117319174999
2,QQQ|GLD|XLE|AGG,0.00021552319286281374,4.5265830754073865e-05,1251,False,1.5204941285992806
2,QQQ|GLD|XLV|XLI,6.298494671968401e-06,6.503823153015985e-05,4082,False,2.4661047596958587
2,QQQ|GLD|XLV|XLP,0.0006958428399913898,4.797802516945485e-05,410,False,1.6502042180228629
2,QQQ|GLD|XLV|XLY,6.182887249566615e-05,7.328066424230491e-05,2339,False,2.860297254930392
2,QQQ|GLD|XLV|XLU,0.0004955601928202268,5.3984527935930903e-05,628,False,1.93746386524589
2,QQQ|GLD|XLV|VNQ,6.127639841924589e-05,5.9461553584820825e-05,2348,False,2.199401388110737
2,QQQ|GLD|XLV|HYG,0.0005109466572331572,4.390139669009241e-05,607,False,1.4552403756057817
2,QQQ|GLD|XLV|LQD,0.00032016143823620385,4.3732871751001e-05,948,False,1.4471807082030008
2,QQQ|GLD|XLV|AGG,0.0005799342701144351,4.084558890811209e-05,517,False,1.3090970540156632
2,QQQ|GLD|XLI|XLP,6.862584902616396e-05,5.6890623460199075e-05,2241,False,2.0764472316994884
2,QQQ|GLD|XLI|XLY,1.8180010711649292e-05,9.016588550687934e-05,3443,False,3.6678291736395723
2,QQQ|GLD|XLI|XLU,3.295596475929025e-05,6.635351223540858e-05,2933,False,2.529007764335723
2,QQQ|GLD|XLI|VNQ,2.1701846486698813e-06,7.146329797116024e-05,4486,False,2.7733821207465237
2,QQQ|GLD|XLI|HYG,2.002724145270188e-05,5.602100983606479e-05,3374,False,2.0348581552266722
2,QQQ|GLD|XLI|LQD,8.532419462095441e-06,5.501506045154636e-05,3929,False,1.986748851600975
2,QQQ|GLD|XLI|AGG,2.3194945707292362e-05,5.174071962088422e-05,3243,False,1.83015423598644
2,QQQ|GLD|XLP|XLY,2.01555292372626e-05,6.55835678451028e-05,3365,False,2.492185346609552
2,QQQ|GLD|XLP|XLU,0.0008252945163942609,4.905270475315776e-05,303,False,1.7016005280046536
2,QQQ|GLD|XLP|VNQ,8.60173753812184e-05,5.295274225048634e-05,2045,False,1.888118946324881
2,QQQ|GLD|XLP|HYG,0.0006419136195796012,3.7750018830640114e-05,459,False,1.1610521095644912
2,QQQ|GLD|XLP|LQD,0.0004213872276509481,3.779355343060356e-05,764,False,1.1631341420405759
2,QQQ|GLD|XLP|AGG,0.0007833239705507224,3.515793451588951e-05,332,False,1.0370862587563596
2,QQQ|GLD|XLY|XLU,1.7522649654067325e-06,7.272495230922397e-05,4538,False,2.8337204564070624
2,QQQ|GLD|XLY|VNQ,1.7843796402923594e-05,8.035544712728315e-05,3460,False,3.198647159147732
2,QQQ|GLD|XLY|HYG,7.404660586304746e-05,6.46460007697974e-05,2187,False,2.447346411580114
2,QQQ|GLD|XLY|LQD,3.202080151025815e-05,6.363296532060746e-05,2954,False,2.39889821850129
2,QQQ|GLD|XLY|AGG,4.815710464640349e-05,5.9973493406197494e-05,2575,False,2.223884795212264
2,QQQ|GLD|XLU|VNQ,5.014868642098705e-05,6.205066744081926e-05,2532,False,2.323225177395481
2,QQQ|GLD|XLU|HYG,0.0005137493490623205,4.540193845338578e-05,602,False,1.5270034487825486
2,QQQ|GLD|XLU|LQD,0.00032145957110413784,4.558566774342954e-05,942,False,1.5357902608584664
2,QQQ|GLD|XLU|AGG,0.0006036252946662759,4.2693398636495124e-05,490,False,1.3974681397118416
2,QQQ|GLD|VNQ|HYG,0.0002032468441719114,4.929913945695448e-05,1302,False,1.7133862124250887
2,QQQ|GLD|VNQ|LQD,6.085900843066765e-05,4.9566957287950786e-05,2355,False,1.7261945401064513
2,QQQ|GLD|VNQ|AGG,0.0001398893561337792,4.623601440617555e-05,1621,False,1.566892944096336
2,QQQ|GLD|HYG|LQD,0.0002720408983760523,3.730793558413214e-05,1046,False,1.1399095774834487
2,QQQ|GLD|HYG|AGG,0.0006003095588671921,3.460998966203553e-05,495,False,1.010880919054483
2,QQQ|GLD|LQD|AGG,0.00037396030014475996,3.535235390854491e-05,841,False,1.046384322591311
2,QQQ|USO|XLK|XLF,4.921722740787951e-05,0.00010543895107312533,2552,False,4.398260107769979
2,QQQ|USO|XLK|XLE,1.1316708894592924e-05,0.00012852226965486,3743,False,5.502214640103629
2,QQQ|USO|XLK|XLV,4.443707825841372e-06,9.192991703843546e-05,4253,False,3.752193585868487
2,QQQ|USO|XLK|XLI,2.0574416636745843e-06,0.00011303698495571384,4499,False,4.761634373554509
2,QQQ|USO|XLK|XLP,5.197094740524865e-06,8.475463628942848e-05,4187,False,3.409037393851084
2,QQQ|USO|XLK|XLY,2.2429846908464297e-08,0.00012338155535705775,4840,False,5.25636113215171
2,QQQ|USO|XLK|XLU,1.0980184154065685e-06,9.441547796784176e-05,4630,False,3.871064979671489
2,QQQ|USO|XLK|VNQ,2.178523755747106e-06,9.827560823474972e-05,4485,False,4.055674843650202
2,QQQ|USO|XLK|HYG,3.721659886835582e-06,8.997663557995948e-05,4325,False,3.658778338343632
2,QQQ|USO|XLK|LQD,3.048944222120313e-06,8.595373968881153e-05,4403,False,3.466384244902781
2,QQQ|USO|XLK|AGG,3.9311792040768065e-06,8.30457195511869e-05,4302,False,3.3273088342472055
2,QQQ|USO|XLF|XLE,3.7557115439006695e-05,0.00010442577172631266,2799,False,4.349805032819632
2,QQQ|USO|XLF|XLV,0.0008393853322952501,6.861199288828762e-05,291,False,2.6370190948602055
2,QQQ|USO|XLF|XLI,1.225241360940705e-05,8.304400430633526e-05,3700,False,3.327226803046998
2,QQQ|USO|XLF|XLP,0.0005776767613816102,6.356100774755532e-05,522,False,2.3954568637140503
2,QQQ|USO|XLF|XLY,2.6588610404682752e-05,9.094632888638908e-05,3126,False,3.7051537031689312
2,QQQ|USO|XLF|XLU,0.0005780996148308193,7.053279547434228e-05,519,False,2.7288810475982803
2,QQQ|USO|XLF|VNQ,0.00010277191299509977,7.477301675782509e-05,1869,False,2.9316686791696975
2,QQQ|USO|XLF|HYG,0.0003433927652954725,6.276964920847266e-05,900,False,2.357610319126977
2,QQQ|USO|XLF|LQD,0.00029464476357475247,5.92620541680782e-05,992,False,2.1898603732635387
2,QQQ|USO|XLF|AGG,0.0005481826759538114,5.688516894252595e-05,555,False,2.076186370615514
2,QQQ|USO|XLE|XLV,2.6981125216122537e-05,9.329186255087503e-05,3116,False,3.817328324442812
2,QQQ|USO|XLE|XLI,1.2598688684433278e-05,0.00010679389101680384,3678,False,4.463059806590035
2,QQQ|USO|XLE|XLP,0.0002446330872962096,9.003300600839403e-05,1137,False,3.6614742414365757
2,QQQ|USO|XLE|XLY,3.02322628149391e-05,0.00011220809745863957,3014,False,4.721993014971264
2,QQQ|USO|XLE|XLU,0.0001487320270969965,9.775043444442335e-05,1564,False,4.030558524952752
2,QQQ|USO|XLE|VNQ,3.0075567341866008e-05,9.93589112365745e-05,3018,False,4.1074835666689715
2,QQQ|USO|XLE|HYG,8.857582566107381e-05,8.932052181080408e-05,2013,False,3.6273998445356077
2,QQQ|USO|XLE|LQD,8.660323563764355e-05,8.527438073131338e-05,2033,False,3.433894055177418
2,QQQ|USO|XLE|AGG,0.00019157690589817505,8.329587184342013e-05,1350,False,3.33927231150056
2,QQQ|USO|XLV|XLI,3.958836740700233e-05,7.125780846580908e-05,2756,False,2.763554631255523
2,QQQ|USO|XLV|XLP,0.0007153539507726245,5.7023915107994955e-05,389,False,2.0828218748507945
2,QQQ|USO|XLV|XLY,1.7665718237409242e-05,7.833518575789725e-05,3469,False,3.102028612410829
2,QQQ|USO|XLV|XLU,0.0005853897912237795,6.218342523439934e-05,512,False,2.329574289088689
2,QQQ|USO|XLV|VNQ,0.00011114245354897721,6.606763579184062e-05,1803,False,2.515335787559646
2,QQQ|USO|XLV|HYG,0.00038660012195084316,5.415645760837511e-05,820,False,1.9456863632574024
2,QQQ|USO|XLV|LQD,0.0003045745862253104,5.158237490365679e-05,978,False,1.8225814354103291
2,QQQ|USO|XLV|AGG,0.0005505087035428881,4.944787022674278e-05,551,False,1.7204992281218523
2,QQQ|USO|XLI|XLP,7.874007944360655e-05,6.574710838289591e-05,2123,False,2.5000066361385125
2,QQQ|USO|XLI|XLY,5.1761023184330894e-05,9.503100200662843e-05,2493,False,3.9005022787311026
2,QQQ|USO|XLI|XLU,1.005241405765123e-05,7.436300451803375e-05,3818,False,2.9120599357896153
2,QQQ|USO|XLI|VNQ,7.39003969925896e-07,7.787997516233676e-05,4690,False,3.0802582678065247
2,QQQ|USO|XLI|HYG,5.89260867886489e-06,6.608666573850423e-05,4117,False,2.516245890489386
2,QQQ|USO|XLI|LQD,5.20435952721224e-06,6.267515858835891e-05,4186,False,2.3530913264193973
2,QQQ|USO|XLI|AGG,1.630000951154094e-05,6.0153595923671654e-05,3516,False,2.2324981577037226
2,QQQ|USO|XLP|XLY,4.981392934261675e-05,7.327499734774278e-05,2541,False,2.8600262369693494
2,QQQ|USO|XLP|XLU,0.0007035185405400828,5.988851003867382e-05,403,False,2.2198204847268133
2,QQQ|USO|XLP|VNQ,0.00014084973505177026,6.219573244455376e-05,1614,False,2.3301628786531507
2,QQQ|USO|XLP|HYG,0.00040242303865787573,5.064198773597045e-05,793,False,1.777607630095473
2,QQQ|USO|XLP|LQD,0.00032695245009262304,4.827996457030699e-05,928,False,1.664644402127266
2,QQQ|USO|XLP|AGG,0.0005560222123166227,4.639712382156783e-05,543,False,1.5745979657419098
2,QQQ|USO|XLY|XLU,1.4282461454369807e-05,7.956938917179227e-05,3590,False,3.1610541137817276
2,QQQ|USO|XLY|VNQ,1.239282616729843e-05,8.56070688984028e-05,3694,False,3.4498047921285058
2,QQQ|USO|XLY|HYG,1.8847382006738583e-05,7.354660125217998e-05,3421,False,2.8730156327636016
2,QQQ|USO|XLY|LQD,1.119646990131419e-05,7.012800803736312e-05,3748,False,2.709522179240485
2,QQQ|USO|XLY|AGG,3.055879108999361e-05,6.722131428892805e-05,3001,False,2.570510202850319
2,QQQ|USO|XLU|VNQ,9.214954804430434e-05,7.044666499481499e-05,1977,False,2.724761876738617
2,QQQ|USO|XLU|HYG,0.0003601332826127864,5.744691471864444e-05,870,False,2.1030517363283976
2,QQQ|USO|XLU|LQD,0.0002689912265086576,5.522508624306129e-05,1061,False,1.9967932879600232
2,QQQ|USO|XLU|AGG,0.00048341903893668126,5.308559530210176e-05,644,False,1.894472613712258
2,QQQ|USO|VNQ|HYG,0.00014384004236382415,5.975130063076449e-05,1595,False,2.2132584755770472
2,QQQ|USO|VNQ|LQD,8.770369461832828e-05,5.761356069613388e-05,2021,False,2.111021542814117
2,QQQ|USO|VNQ|AGG,0.00017846221233902028,5.503539598033354e-05,1405,False,1.9877213937028622
2,QQQ|USO|HYG|LQD,0.00015265697124156906,4.900351770357817e-05,1540,False,1.6992481683938274
2,QQQ|USO|HYG|AGG,0.0003207945740652216,4.705834994745645e-05,943,False,1.6062209568637218
2,QQQ|USO|LQD|AGG,0.00027206888118729906,4.539515642833892e-05,1045,False,1.5266790999562574
2,QQQ|XLK|XLF|XLE,0.00010558270666612378,0.00010172082206215082,1847,False,4.220441421997716
2,QQQ|XLK|XLF|XLV,4.811514696972559e-06,9.362307785830774e-05,4224,False,3.83316862221126
2,QQQ|XLK|XLF|XLI,6.720955735467789e-07,0.00011698133559597039,4700,False,4.9502720579934305
2,QQQ|XLK|XLF|XLP,7.1601988533927e-06,8.261463837877147e-05,4022,False,3.3066924738912773
2,QQQ|XLK|XLF|XLY,6.7586372530438055e-06,0.00013061376418889073,4045,False,5.602239896958217
2,QQQ|XLK|XLF|XLU,4.802198062824905e-06,9.159067826186075e-05,4226,False,3.7359695674884215
2,QQQ|XLK|XLF|VNQ,1.3246950894339626e-06,0.00010033616640496072,4595,False,4.1542205758458115
2,QQQ|XLK|XLF|HYG,4.7618700235068225e-06,8.476548509154344e-05,4231,False,3.4095562353782585
2,QQQ|XLK|XLF|LQD,1.9662974554616096e-06,8.187501260925075e-05,4514,False,3.2713200374020435
2,QQQ|XLK|XLF|AGG,1.7926375673754124e-06,7.763514984270871e-05,4534,False,3.0685495518228847
2,QQQ|XLK|XLE|XLV,5.807043569791719e-05,8.701640063304258e-05,2386,False,3.5172057661482614
2,QQQ|XLK|XLE|XLI,8.015343726856696e-06,0.0001094446754185864,3963,False,4.589832975890863
2,QQQ|XLK|XLE|XLP,1.809210646799417e-05,7.780008975175761e-05,3448,False,3.076437765968199
2,QQQ|XLK|XLE|XLY,2.3947536973676652e-06,0.00012058898587328866,4455,False,5.122807123114945
2,QQQ|XLK|XLE|XLU,4.807492030883235e-05,8.752177034408925e-05,2579,False,3.5413749591972876
2,QQQ|XLK|XLE|VNQ,1.926093183599019e-05,9.363551399585755e-05,3403,False,3.833763377699481
2,QQQ|XLK|XLE|HYG,5.312631952667426e-05,8.00298108060223e-05,2464,False,3.1830736751412845
2,QQQ|XLK|XLE|LQD,3.5383729112881476e-05,7.660079228463334e-05,2867,False,3.019081633670318
2,QQQ|XLK|XLE|AGG,5.3945308753979095e-05,7.275930585575033e-05,2445,False,2.8353634070623253
2,QQQ|XLK|XLV|XLI,1.1973322511044992e-05,0.00010162462750177358,3713,False,4.215840938729321
2,QQQ|XLK|XLV|XLP,7.385982230668794e-05,7.25070334855405e-05,2189,False,2.823298537555388
2,QQQ|XLK|XLV|XLY,2.1165751442862678e-05,0.0001144321088067283,3316,False,4.82835585872748
2,QQQ|XLK|XLV|XLU,4.144618559675813e-05,7.967079576824718e-05,2720,False,3.1659038615061954
2,QQQ|XLK|XLV|VNQ,3.7678702201511657e-06,8.806027318530563e-05,4320,False,3.5671287367631255
2,QQQ|XLK|XLV|HYG,4.336030541538321e-05,7.258178123777528e-05,2684,False,2.8268733320360497
2,QQQ|XLK|XLV|LQD,3.40998803552066e-05,7.062482109115872e-05,2904,False,2.7332821520762
2,QQQ|XLK|XLV|AGG,5.4778049496987485e-05,6.662733887325493e-05,2433,False,2.5421034618565885
2,QQQ|XLK|XLI|XLP,3.11536449944942e-05,9.015647308005645e-05,2982,False,3.667379026438484
2,QQQ|XLK|XLI|XLY,1.2778213394079427e-05,0.00014005417137507448,3669,False,6.053725252643132
2,QQQ|XLK|XLI|XLU,8.964955997989431e-07,0.00010077662137149659,4659,False,4.1752852358025
2,QQQ|XLK|XLI|VNQ,5.773422392751367e-07,0.00010879885887541676,4711,False,4.558946944605382
2,QQQ|XLK|XLI|HYG,2.6260896000773046e-06,9.343823568751938e-05,4438,False,3.8243285868634107
2,QQQ|XLK|XLI|LQD,1.1735667584401725e-06,9.064385109547581e-05,4615,False,3.6906877706806456
2,QQQ|XLK|XLI|AGG,4.6152147465854077e-07,8.625931088979878e-05,4731,False,3.4809981190338357
2,QQQ|XLK|XLP|XLY,4.86814659759767e-06,0.00010341446605776985,4219,False,4.301439566112174
2,QQQ|XLK|XLP|XLU,0.00013077606642541666,7.14184262337177e-05,1676,False,2.7712361399704935
2,QQQ|XLK|XLP|VNQ,4.377235385074872e-06,7.823091549921478e-05,4259,False,3.097041910682803
2,QQQ|XLK|XLP|HYG,5.540269936581337e-05,6.310985702656665e-05,2423,False,2.3738806817002938
2,QQQ|XLK|XLP|LQD,4.728538736243907e-05,6.136495641900495e-05,2601,False,2.2904312016193096
2,QQQ|XLK|XLP|AGG,0.00011416424896244854,5.761913812927601e-05,1780,False,2.111288282302819
2,QQQ|XLK|XLY|XLU,1.1175556969278563e-06,0.00011171311003812165,4624,False,4.698320352637465
2,QQQ|XLK|XLY|VNQ,2.279346916391854e-06,0.00012225605662434934,4475,False,5.202534407770217
2,QQQ|XLK|XLY|HYG,1.6445233972408904e-05,0.00010662827521406166,3513,False,4.4551392679804795
2,QQQ|XLK|XLY|LQD,7.380392690890943e-06,0.00010382680455734657,4004,False,4.321159562344587
2,QQQ|XLK|XLY|AGG,1.4244487546417534e-05,9.905713326792173e-05,3593,False,4.093051103023286
2,QQQ|XLK|XLU|VNQ,2.0076446801762632e-06,8.848610020577835e-05,4507,False,3.587493818481183
2,QQQ|XLK|XLU|HYG,3.110425294099618e-05,7.191903616554295e-05,2984,False,2.7951776976461313
2,QQQ|XLK|XLU|LQD,2.625530699565719e-05,7.031433024806157e-05,3136,False,2.718432997164981
2,QQQ|XLK|XLU|AGG,5.194105957010213e-05,6.631186176611226e-05,2490,False,2.527015839986081
2,QQQ|XLK|VNQ|HYG,1.3127323108796234e-05,7.872868893728016e-05,3649,False,3.120847813680754
2,QQQ|XLK|VNQ|LQD,5.241375968087953e-06,7.720807156075131e-05,4179,False,3.048124628805047
2,QQQ|XLK|VNQ|AGG,8.108507820505052e-06,7.276692930396119e-05,3956,False,2.835727996762658
2,QQQ|XLK|HYG|LQD,2.321239540815445e-05,6.503071480413075e-05,3242,False,2.4657452739599255
2,QQQ|XLK|HYG|AGG,4.160003235473771e-05,6.122256950701925e-05,2715,False,2.283621579498685
2,QQQ|XLK|LQD|AGG,3.025955061432767e-05,6.01764985460035e-05,3012,False,2.233593470478445
2,QQQ|XLF|XLE|XLV,0.0006526018659670829,6.658276615095735e-05,447,False,2.539971781412781
2,QQQ|XLF|XLE|XLI,5.070959079170635e-05,8.233598443727045e-05,2516,False,3.2933659116561533
2,QQQ|XLF|XLE|XLP,0.0005318500986940279,5.949075087794707e-05,576,False,2.2007977421039664
2,QQQ|XLF|XLE|XLY,4.76823601750463e-05,9.10380490706826e-05,2594,False,3.709540200404967
2,QQQ|XLF|XLE|XLU,0.00042957978154432934,6.652337751865238e-05,746,False,2.5371315333968805
2,QQQ|XLF|XLE|VNQ,2.876340270761787e-05,7.301721218699558e-05,3066,False,2.8476977194917796
2,QQQ|XLF|XLE|HYG,0.00033468772825390685,5.57071141025981e-05,913,False,2.019846162197431
2,QQQ|XLF|XLE|LQD,0.0002565383099790377,5.279339643196265e-05,1105,False,1.8804982683038778
2,QQQ|XLF|XLE|AGG,0.0005069990498444457,4.9483044915152e-05,610,False,1.7221814497034365
2,QQQ|XLF|XLV|XLI,5.223584743564613e-06,7.529451029885713e-05,4182,False,2.9566089907703264
2,QQQ|XLF|XLV|XLP,0.0012035942712729176,5.497626839012944e-05,150,False,1.98489362996687
2,QQQ|XLF|XLV|XLY,0.00011648466773168631,8.565974578252172e-05,1769,False,3.452324052293217
2,QQQ|XLF|XLV|XLU,0.0010446495271125838,5.9450976721209806e-05,196,False,2.198895551981503
2,QQQ|XLF|XLV|VNQ,5.1934036163518555e-06,6.822054515484311e-05,4188,False,2.618298194831137
2,QQQ|XLF|XLV|HYG,0.000772424761093077,4.9037658312750556e-05,341,False,1.7008809353679102
2,QQQ|XLF|XLV|LQD,0.0004401483688061802,4.7595999016887506e-05,726,False,1.631933902985474
2,QQQ|XLF|XLV|AGG,0.0010424741031156324,4.41296517110561e-05,198,False,1.4661566207734142
2,QQQ|XLF|XLI|XLP,9.228093603896931e-05,6.595065148541466e-05,1976,False,2.5097410393507364
2,QQQ|XLF|XLI|XLY,3.737406315619781e-06,0.00010460675185163716,4324,False,4.358460366709639
2,QQQ|XLF|XLI|XLU,8.535898078873268e-05,7.388174582522849e-05,2051,False,2.889043846778578
2,QQQ|XLF|XLI|VNQ,3.356675831399828e-07,8.228407434572352e-05,4755,False,3.2908833231741648
2,QQQ|XLF|XLI|HYG,4.14135847627439e-05,6.321905626326394e-05,2721,False,2.379103110696042
2,QQQ|XLF|XLI|LQD,2.3434562607738263e-05,6.0939972521973875e-05,3234,False,2.27010644209069
2,QQQ|XLF|XLI|AGG,5.5166872658727574e-05,5.708656722836923e-05,2429,False,2.0858181984514323
2,QQQ|XLF|XLP|XLY,4.358122199466031e-06,7.676639864183794e-05,4262,False,3.027001720549158
2,QQQ|XLF|XLP|XLU,0.0014639707771682924,5.332290279495499e-05,97,False,1.9058217913170483
2,QQQ|XLF|XLP|VNQ,2.157864552673759e-05,6.051548307702696e-05,3297,False,2.2498053296220633
2,QQQ|XLF|XLP|HYG,0.0008838416584925509,4.16900297098166e-05,270,False,1.3494822459034017
2,QQQ|XLF|XLP|LQD,0.0005127224728731255,4.046042995300841e-05,604,False,1.2906769133998315
2,QQQ|XLF|XLP|AGG,0.0012317678197151288,3.7245746575351846e-05,144,False,1.136935402090892
2,QQQ|XLF|XLY|XLU,1.396797553520413e-05,8.237598867056342e-05,3608,False,3.295279105138275
2,QQQ|XLF|XLY|VNQ,7.75410521568061e-06,9.3299026273366e-05,3984,False,3.8176709278637317
2,QQQ|XLF|XLY|HYG,0.00012372250031240416,7.39668499685161e-05,1719,False,2.8931139333378426
2,QQQ|XLF|XLY|LQD,6.012265344462102e-05,7.168068016255452e-05,2363,False,2.783778375279363
2,QQQ|XLF|XLY|AGG,9.808891780601902e-05,6.744214378520206e-05,1912,False,2.581071323965614
2,QQQ|XLF|XLU|VNQ,3.430876825349657e-05,6.808161383196421e-05,2897,False,2.6116538354842693
2,QQQ|XLF|XLU|HYG,0.000964507838564456,4.781015489716659e-05,228,False,1.6421758599130654
2,QQQ|XLF|XLU|LQD,0.0004839650390863429,4.672074983043869e-05,641,False,1.5900753070093274
2,QQQ|XLF|XLU|AGG,0.0011647820325991068,4.324941626056178e-05,156,False,1.4240595578379802
2,QQQ|XLF|VNQ|HYG,0.00013666910020058978,5.499989868547866e-05,1637,False,1.9860237435403922
2,QQQ|XLF|VNQ|LQD,9.120027660037222e-06,5.399458215970333e-05,3882,False,1.9379447062420998
2,QQQ|XLF|VNQ|AGG,3.6129077278107855e-05,5.008457481498559e-05,2838,False,1.7509494822072622
2,QQQ|XLF|HYG|LQD,0.0002875046723937692,3.8112830508520554e-05,1010,False,1.1784034966608257
2,QQQ|XLF|HYG|AGG,0.0008970980597163484,3.4835820123481436e-05,263,False,1.0216812102071373
2,QQQ|XLF|LQD|AGG,0.0005785780519513143,3.430505001321918e-05,518,False,0.9962972487643099
2,QQQ|XLE|XLV|XLI,3.0281901302063945e-05,6.935440120232588e-05,3010,False,2.6725246059167156
2,QQQ|XLE|XLV|XLP,0.001308853368930656,5.175827084396834e-05,128,False,1.830993619292749
2,QQQ|XLE|XLV|XLY,8.871242018589217e-05,7.72315185477724e-05,2011,False,3.049245975698902
2,QQQ|XLE|XLV|XLU,0.000919359734258713,5.697861988429107e-05,253,False,2.0806556409393266
2,QQQ|XLE|XLV|VNQ,5.2379916168445295e-05,6.311644382659272e-05,2482,False,2.3741956939337645
2,QQQ|XLE|XLV|HYG,0.0008053599960729555,4.589853510808218e-05,312,False,1.5507530723798941
2,QQQ|XLE|XLV|LQD,0.0005229314496933922,4.391832977312287e-05,590,False,1.4560501965027064
2,QQQ|XLE|XLV|AGG,0.0010269911766681444,4.085035880495045e-05,208,False,1.3093251732618116
2,QQQ|XLE|XLI|XLP,0.00010024525752503084,6.180267098713474e-05,1897,False,2.3113648026370464
2,QQQ|XLE|XLI|XLY,2.248376483046227e-05,9.524854166476901e-05,3271,False,3.910906064075755
2,QQQ|XLE|XLI|XLU,4.679242301201533e-05,7.047940603619092e-05,2617,False,2.726327709696833
2,QQQ|XLE|XLI|VNQ,1.239191931069687e-06,7.62499900653543e-05,4604,False,3.0023045962372232
2,QQQ|XLE|XLI|HYG,2.346887247555597e-05,5.914995010647673e-05,3232,False,2.184499021668457
2,QQQ|XLE|XLI|LQD,9.490906453501959e-06,5.633232032609041e-05,3853,False,2.049746509568354
2,QQQ|XLE|XLI|AGG,1.957434717855637e-05,5.287729137014476e-05,3394,False,1.884510524900262
2,QQQ|XLE|XLP|XLY,3.492050710316654e-05,7.013030000533994e-05,2879,False,2.709631792094764
2,QQQ|XLE|XLP|XLU,0.0010570779222292817,5.264267455628757e-05,192,False,1.8732900284147926
2,QQQ|XLE|XLP|VNQ,6.111075563084975e-05,5.720351034702786e-05,2350,False,2.09141097686461
2,QQQ|XLE|XLP|HYG,0.0007173170174282919,4.034303510339953e-05,387,False,1.2850625310553059
2,QQQ|XLE|XLP|LQD,0.0004980530297678746,3.857488930749508e-05,623,False,1.2005013550569836
2,QQQ|XLE|XLP|AGG,0.0010161228774974718,3.5758582267497515e-05,213,False,1.06581210271921
2,QQQ|XLE|XLY|XLU,1.0737849234932016e-05,7.648553074330778e-05,3777,False,3.0135692763158253
2,QQQ|XLE|XLY|VNQ,1.745667582120457e-05,8.477682385477867e-05,3476,False,3.410098509186085
2,QQQ|XLE|XLY|HYG,6.607614006445531e-05,6.740962567351082e-05,2270,False,2.5795161525695534
2,QQQ|XLE|XLY|LQD,3.0361888055230182e-05,6.458490982845296e-05,3007,False,2.4444247510163217
2,QQQ|XLE|XLY|AGG,2.971411461858144e-05,6.074474978875951e-05,3027,False,2.260769958673739
2,QQQ|XLE|XLU|VNQ,5.0086540907910484e-05,6.551528181120747e-05,2535,False,2.488919582358761
2,QQQ|XLE|XLU|HYG,0.0005369687694685186,4.720880099999188e-05,572,False,1.613416244696914
2,QQQ|XLE|XLU|LQD,0.00035129753545782763,4.558084989416773e-05,890,False,1.535559848298425
2,QQQ|XLE|XLU|AGG,0.000719864964787349,4.2507892661949816e-05,383,False,1.3885963580982434
2,QQQ|XLE|VNQ|HYG,0.0001915919606999382,5.1766800296972286e-05,1349,False,1.8314015384690447
2,QQQ|XLE|VNQ|LQD,4.820154658266597e-05,5.022293773210069e-05,2572,False,1.7575666576759998
2,QQQ|XLE|VNQ|AGG,0.00010675502188001404,4.671130672504195e-05,1838,False,1.589623692612328
2,QQQ|XLE|HYG|LQD,0.0002646979941522678,3.630616420449994e-05,1079,False,1.092000086004083
2,QQQ|XLE|HYG|AGG,0.0006646670118527184,3.342753015711983e-05,439,False,0.9543300585215606
2,QQQ|XLE|LQD|AGG,0.00046410022446201837,3.2358214007761305e-05,681,False,0.9031902535839815
2,QQQ|XLV|XLI|XLP,0.000385389055615474,5.756588478634736e-05,822,False,2.1087414531248636
2,QQQ|XLV|XLI|XLY,9.979477595412208e-05,9.014793466363841e-05,1898,False,3.6669706785889202
2,QQQ|XLV|XLI|XLU,3.3295939245231604e-05,6.36847015257786e-05,2926,False,2.4013724909063687
2,QQQ|XLV|XLI|VNQ,1.184602172710582e-06,7.173101932023211e-05,4614,False,2.7861858342014956
2,QQQ|XLV|XLI|HYG,4.137487765714918e-05,5.275819060365944e-05,2722,False,1.8788145574638497
2,QQQ|XLV|XLI|LQD,3.123773414360186e-05,5.1412619198045534e-05,2977,False,1.8144629068748643
2,QQQ|XLV|XLI|AGG,6.960236629482488e-05,4.780159445307912e-05,2234,False,1.6417664585951535
2,QQQ|XLV|XLP|XLY,2.07011730396055e-05,6.755668465480503e-05,3341,False,2.5865492153566594
2,QQQ|XLV|XLP|XLU,0.002393616399731999,4.837496169647096e-05,9,False,1.6691876183730598
2,QQQ|XLV|XLP|VNQ,4.2743213018210846e-05,5.521153125250138e-05,2696,False,1.9961450235776135
2,QQQ|XLV|XLP|HYG,0.0014791667800004885,3.647826725117796e-05,93,False,1.1002308755994303
2,QQQ|XLV|XLP|LQD,0.0007922070498378061,3.618217983004591e-05,324,False,1.0860705611122252
2,QQQ|XLV|XLP|AGG,0.001741272703212869,3.320987700102757e-05,54,False,0.9439208451628326
2,QQQ|XLV|XLY|XLU,1.2377075502459474e-05,7.135399708314792e-05,3695,False,2.7681548302994394
2,QQQ|XLV|XLY|VNQ,2.3742247229401316e-05,8.192102395990894e-05,3222,False,3.2735205199244355
2,QQQ|XLV|XLY|HYG,0.00021030075099022337,6.268103702094599e-05,1267,False,2.353372461139024
2,QQQ|XLV|XLY|LQD,8.172884840326516e-05,6.132837955066055e-05,2084,False,2.28868192109691
2,QQQ|XLV|XLY|AGG,0.00010627609650308429,5.733222372194632e-05,1841,False,2.0975666651427085
2,QQQ|XLV|XLU|VNQ,5.719751090909754e-05,6.096538440705603e-05,2402,False,2.2713217597934827
2,QQQ|XLV|XLU|HYG,0.0013846418067198273,4.078611483814535e-05,109,False,1.3062527199627572
2,QQQ|XLV|XLU|LQD,0.000674028967845453,4.0630222107093604e-05,429,False,1.298797185075385
2,QQQ|XLV|XLU|AGG,0.0014948874738501003,3.740126908585492e-05,91,False,1.1443732312635844
2,QQQ|XLV|VNQ|HYG,0.00027134050063420755,4.761984790041588e-05,1049,False,1.6330744704896232
2,QQQ|XLV|VNQ|LQD,2.8991996772556507e-05,4.75480437103167e-05,3057,False,1.6296404512076959
2,QQQ|XLV|VNQ|AGG,8.096436853810863e-05,4.388041691423718e-05,2090,False,1.4542370225324048
2,QQQ|XLV|HYG|LQD,0.0004624737679653698,3.175848142502085e-05,685,False,0.8745081773668999
2,QQQ|XLV|HYG|AGG,0.0012590071600599606,2.872385158861997e-05,138,False,0.7293776862727585
2,QQQ|XLV|LQD|AGG,0.0006917327101261154,2.9126593814033845e-05,413,False,0.7486387428462963
2,QQQ|XLI|XLP|XLY,2.487282624139103e-07,8.079487258077378e-05,4778,False,3.2196625828740064
2,QQQ|XLI|XLP|XLU,0.00025911063078974737,5.7096912657342926e-05,1098,False,2.0863129662710596
2,QQQ|XLI|XLP|VNQ,6.353053926455243e-06,6.356624230023509e-05,4079,False,2.3957072050215666
2,QQQ|XLI|XLP|HYG,0.00019644915003835494,4.4950847058544625e-05,1323,False,1.5054301040284865
2,QQQ|XLI|XLP|LQD,0.0001139783708044924,4.381733519198556e-05,1782,False,1.451220153318366
2,QQQ|XLI|XLP|AGG,0.00026819760502870717,4.045797437519401e-05,1064,False,1.2905594759417767
2,QQQ|XLI|XLY|XLU,8.389866068870791e-05,8.804857101785012e-05,2063,False,3.566569083229995
2,QQQ|XLI|XLY|VNQ,8.126178299104498e-08,9.824835798147286e-05,4820,False,4.054371606400943
2,QQQ|XLI|XLY|HYG,2.9744990957232964e-05,7.912623980214288e-05,3025,False,3.139860594600636
2,QQQ|XLI|XLY|LQD,2.546508995806244e-05,7.693615788643043e-05,3157,False,3.0351204183356066
2,QQQ|XLI|XLY|AGG,5.4128643101312885e-05,7.255294406994297e-05,2442,False,2.825494200954207
2,QQQ|XLI|XLU|VNQ,4.338165445565589e-06,7.277648146352319e-05,4266,False,2.836184826650644
2,QQQ|XLI|XLU|HYG,4.7850263097915786e-05,5.271508065424548e-05,2589,False,1.8767528338050226
2,QQQ|XLI|XLU|LQD,1.5455835631483863e-05,5.172176347776673e-05,3552,False,1.8292476626947347
2,QQQ|XLI|XLU|AGG,5.063137490217534e-05,4.8105752468754814e-05,2519,False,1.6563127474557366
2,QQQ|XLI|VNQ|HYG,3.439536372021838e-06,5.9181573803377745e-05,4359,False,2.186011417877842
2,QQQ|XLI|VNQ|LQD,2.6380429208590685e-07,5.8272345167851536e-05,4775,False,2.142527762372998
2,QQQ|XLI|VNQ|AGG,6.628999465687278e-07,5.42176603839988e-05,4701,False,1.94861337227051
2,QQQ|XLI|HYG|LQD,5.8476837393057115e-06,4.2600651642188674e-05,4121,False,1.3930325355173065
2,QQQ|XLI|HYG|AGG,2.5291661772233335e-05,3.917896381801456e-05,3167,False,1.2293910829959676
2,QQQ|XLI|LQD|AGG,1.3338495526389007e-05,3.874428159800143e-05,3639,False,1.20860250334659
2,QQQ|XLP|XLY|XLU,0.000281094197385342,6.521671988747093e-05,1022,False,2.474640925339661
2,QQQ|XLP|XLY|VNQ,5.164962075776623e-06,7.420675861267061e-05,4192,False,2.9045875104200367
2,QQQ|XLP|XLY|HYG,3.1563676647339447e-06,5.5324205148589855e-05,4390,False,2.0015336273791915
2,QQQ|XLP|XLY|LQD,9.58051102592835e-06,5.4183607217359266e-05,3843,False,1.946984787215943
2,QQQ|XLP|XLY|AGG,4.445329894249392e-05,5.043911531681989e-05,2665,False,1.767905302164862
2,QQQ|XLP|XLU|VNQ,0.00012037394395044249,5.601639227424666e-05,1740,False,2.0346373213686895
2,QQQ|XLP|XLU|HYG,0.0019835695503806136,3.6194556180218186e-05,30,False,1.0866624572825292
2,QQQ|XLP|XLU|LQD,0.000950559686388322,3.625072298822129e-05,239,False,1.0893486222740225
2,QQQ|XLP|XLU|AGG,0.0020839111887996265,3.327343389515746e-05,21,False,0.9469604393653428
2,QQQ|XLP|VNQ|HYG,0.0003028412319479042,4.145130109092737e-05,981,False,1.3380651032647755
2,QQQ|XLP|VNQ|LQD,3.142867685619408e-05,4.1591556439883023e-05,2967,False,1.344772783861713
2,QQQ|XLP|VNQ|AGG,0.0001007455088927866,3.817559357197837e-05,1890,False,1.1814051260895435
2,QQQ|XLP|HYG|LQD,0.0005048705692214496,2.615942762946939e-05,616,False,0.6067346857654831
2,QQQ|XLP|HYG|AGG,0.0014064231209409178,2.3376461721243366e-05,106,False,0.47363996557446303
2,QQQ|XLP|LQD|AGG,0.0007944265169880131,2.3991263485712094e-05,322,False,0.5030427220268662
2,QQQ|XLY|XLU|VNQ,1.9571058663079034e-06,8.109549346487039e-05,4515,False,3.234039709210391
2,QQQ|XLY|XLU|HYG,1.5592163949132284e-05,6.076693443320237e-05,3548,False,2.2618309343170027
2,QQQ|XLY|XLU|LQD,3.418817058251785e-06,5.9766531192052086e-05,4364,False,2.213986873753587
2,QQQ|XLY|XLU|AGG,5.405836067348943e-06,5.5765389099292356e-05,4165,False,2.0226331508400976
2,QQQ|XLY|VNQ|HYG,5.770748475627204e-05,6.975413666464216e-05,2393,False,2.691641864719691
2,QQQ|XLY|VNQ|LQD,1.2443608841202795e-05,6.883782196444443e-05,3689,False,2.64781931976172
2,QQQ|XLY|VNQ|AGG,2.6949170432186327e-05,6.439800609684388e-05,3118,False,2.435486121984741
2,QQQ|XLY|HYG|LQD,6.794569185930276e-05,5.289897021639126e-05,2250,False,1.8855473108582617
2,QQQ|XLY|HYG|AGG,0.00012637773153664297,4.909215130846933e-05,1697,False,1.703487050662432
2,QQQ|XLY|LQD|AGG,3.664179611289888e-05,4.865038302378466e-05,2819,False,1.682359581559926
2,QQQ|XLU|VNQ|HYG,0.0003207929396469137,4.885057110175164e-05,944,False,1.6919335314756754
2,QQQ|XLU|VNQ|LQD,3.10218740100659e-05,4.913102114078761e-05,2986,False,1.7053459916724463
2,QQQ|XLU|VNQ|AGG,9.645225324042949e-05,4.5458408080662595e-05,1933,False,1.5297040960378683
2,QQQ|XLU|HYG|LQD,0.00044938997793271686,3.225288676278671e-05,707,False,0.8981530017236737
2,QQQ|XLU|HYG|AGG,0.0013420113092309288,2.9213270662340325e-05,120,False,0.752784043670245
2,QQQ|XLU|LQD|AGG,0.0006739478370497674,2.9968267116889363e-05,430,False,0.7888915797224815
2,QQQ|VNQ|HYG|LQD,0.00013996243456949152,3.759088372068857e-05,1620,False,1.1534415086336776
2,QQQ|VNQ|HYG|AGG,0.0003231551011378783,3.411259384540136e-05,938,False,0.9870930757167586
2,QQQ|VNQ|LQD|AGG,7.535297191076402e-05,3.495167884090295e-05,2163,False,1.0272221273744395
2,QQQ|HYG|LQD|AGG,0.0004678197895429164,2.3096248706195518e-05,676,False,0.4602388409967463
2,IWM|EFA|EEM|TLT,0.00024007701888947803,7.51176721667851e-05,1152,False,2.9481517467783465
2,IWM|EFA|EEM|GLD,2.144894097501857e-05,9.359844929056933e-05,3303,False,3.831990766484691
2,IWM|EFA|EEM|USO,4.2492534160315866e-05,8.650878197483762e-05,2701,False,3.49292901770595
2,IWM|EFA|EEM|XLK,1.22485784370496e-05,0.0001260946288865959,3701,False,5.386113265012626
2,IWM|EFA|EEM|XLF,3.9382907622716056e-05,9.394654094230188e-05,2763,False,3.848638171633002
2,IWM|EFA|EEM|XLE,2.6554511244468702e-05,8.898047279512925e-05,3127,False,3.611137076652359
2,IWM|EFA|EEM|XLV,4.979608160524848e-05,8.390712198543804e-05,2542,False,3.3685052124060735
2,IWM|EFA|EEM|XLI,4.074635429750907e-06,0.00010317568078986022,4283,False,4.290019714246857
2,IWM|EFA|EEM|XLP,3.908754148466784e-05,7.395962578164833e-05,2771,False,2.892768438221667
2,IWM|EFA|EEM|XLY,2.0840976766247305e-06,0.00011142428292506636,4497,False,4.684507260755151
2,IWM|EFA|EEM|XLU,4.474472606284454e-05,8.378102837516388e-05,2659,False,3.362474813784334
2,IWM|EFA|EEM|VNQ,4.80123007356819e-07,9.32486002552178e-05,4729,False,3.81525931485908
2,IWM|EFA|EEM|HYG,3.0919342589559206e-05,7.299087176570524e-05,2990,False,2.8464379947531517
2,IWM|EFA|EEM|LQD,1.9245296323832384e-05,7.204637708786921e-05,3405,False,2.8012677486869233
2,IWM|EFA|EEM|AGG,5.29159895222333e-05,6.789123311275408e-05,2471,False,2.602548920300745
2,IWM|EFA|TLT|GLD,0.0002581453678395879,6.229301114787919e-05,1101,False,2.334815210814811
2,IWM|EFA|TLT|USO,0.0009330992326189854,6.0757423071073455e-05,245,False,2.2613760555571005
2,IWM|EFA|TLT|XLK,2.4969153361212423e-05,8.459648219599509e-05,3180,False,3.4014737098151557
2,IWM|EFA|TLT|XLF,0.00041965180024277997,6.457290888748435e-05,765,False,2.443850808706958
2,IWM|EFA|TLT|XLE,0.00046077775637494537,5.988062032756692e-05,687,False,2.2194431610632153
2,IWM|EFA|TLT|XLV,0.0006386274816484315,5.786154426369613e-05,464,False,2.1228813012966445
2,IWM|EFA|TLT|XLI,1.1700912209456663e-05,6.997233918276179e-05,3728,False,2.7020773511941263
2,IWM|EFA|TLT|XLP,0.0007860500907529209,5.012373999008872e-05,329,False,1.7528225479197
2,IWM|EFA|TLT|XLY,4.1020624317144535e-05,7.800596412408976e-05,2726,False,3.0862836616362186
2,IWM|EFA|TLT|XLU,0.0006906479260935543,5.844340824616864e-05,414,False,2.1507088157148058
2,IWM|EFA|TLT|VNQ,1.0256232971234657e-05,6.76863726933397e-05,3806,False,2.5927515167035335
2,IWM|EFA|TLT|HYG,0.0008022216488122214,4.6989759318373606e-05,316,False,1.6029406254164256
2,IWM|EFA|TLT|LQD,0.0003345629006810407,4.9047464709213635e-05,914,False,1.7013499240786514
2,IWM|EFA|TLT|AGG,0.0011006908617146396,4.490504118146849e-05,176,False,1.503239448234058
2,IWM|EFA|GLD|USO,3.93481170188899e-05,7.994427658665517e-05,2764,False,3.1789830202900067
2,IWM|EFA|GLD|XLK,3.5014548707426826e-06,0.00010071666235880275,4353,False,4.172417709472469
2,IWM|EFA|GLD|XLF,8.216157294814589e-05,7.679296896050719e-05,2080,False,3.028272440078354
2,IWM|EFA|GLD|XLE,2.1181975577297802e-05,7.488556222350358e-05,3314,False,2.9370511408157314
2,IWM|EFA|GLD|XLV,7.477226953242643e-05,6.982722235895248e-05,2173,False,2.6951371716530046
2,IWM|EFA|GLD|XLI,8.750405247998757e-06,8.40828578780759e-05,3905,False,3.3769097420444063
2,IWM|EFA|GLD|XLP,0.00011366840175775705,6.141779264194474e-05,1784,False,2.2929580821273805
2,IWM|EFA|GLD|XLY,1.1260833259485397e-05,9.028832622171571e-05,3745,False,3.6736848733565415
2,IWM|EFA|GLD|XLU,8.325348547794506e-05,7.076962650357309e-05,2070,False,2.740207438437225
2,IWM|EFA|GLD|VNQ,4.4673543453002305e-06,7.818303401325809e-05,4252,False,3.094751989359333
2,IWM|EFA|GLD|HYG,0.00012795886837221914,5.885926375216138e-05,1688,False,2.1705970119900093
2,IWM|EFA|GLD|LQD,8.271754930260326e-05,5.87243108337604e-05,2076,False,2.1641429189447265
2,IWM|EFA|GLD|AGG,0.00016610622266598926,5.528649430701044e-05,1470,False,1.9997301148412387
2,IWM|EFA|USO|XLK,4.151225042979957e-05,0.00010090004430966104,2719,False,4.181187910129769
2,IWM|EFA|USO|XLF,0.000447158581723117,7.985839982536312e-05,713,False,3.1748759834480205
2,IWM|EFA|USO|XLE,7.410147219557005e-05,0.00010443136079599279,2185,False,4.350072328823154
2,IWM|EFA|USO|XLV,0.000405365464253902,6.994526116072614e-05,789,False,2.7007823508653375
2,IWM|EFA|USO|XLI,3.6035543650347182e-06,8.40114916640063e-05,4339,False,3.3734966688678325
2,IWM|EFA|USO|XLP,0.0005057239369839182,6.417273943076603e-05,613,False,2.424712794219074
2,IWM|EFA|USO|XLY,6.17575507817722e-06,8.905190458758923e-05,4089,False,3.61455328610074
2,IWM|EFA|USO|XLU,0.0004387365617835631,7.267758065232269e-05,729,False,2.8314549175437853
2,IWM|EFA|USO|VNQ,2.5272569409663332e-05,7.849817307055906e-05,3169,False,3.1098234440720036
2,IWM|EFA|USO|HYG,0.0003718020350466756,6.282338152072527e-05,849,False,2.360180054905392
2,IWM|EFA|USO|LQD,0.00028382742719452005,6.028287083669738e-05,1019,False,2.2386807014158174
2,IWM|EFA|USO|AGG,0.0006505456718270977,5.759783247592232e-05,451,False,2.1102693442111904
2,IWM|EFA|XLK|XLF,2.7890731425178683e-05,0.0001080778364482518,3087,False,4.524464208790576
2,IWM|EFA|XLK|XLE,0.00013500565813862956,0.00010136425053102889,1645,False,4.203388468520105
2,IWM|EFA|XLK|XLV,1.321781604283147e-05,9.45941855299442e-05,3645,False,3.8796116287352587
2,IWM|EFA|XLK|XLI,5.2465046813949876e-06,0.00011758666235283933,4177,False,4.979221674333131
2,IWM|EFA|XLK|XLP,4.502906834060882e-06,8.286420946118012e-05,4247,False,3.3186281549151686
2,IWM|EFA|XLK|XLY,2.0930654808223365e-05,0.00012835717928928882,3327,False,5.494319230408893
2,IWM|EFA|XLK|XLU,5.558834430289719e-06,9.33733028390391e-05,4152,False,3.8212231879527936
2,IWM|EFA|XLK|VNQ,1.344729397295249e-06,0.00010369916211689262,4590,False,4.315055091266984
2,IWM|EFA|XLK|HYG,8.948855005360326e-06,8.445705680299398e-05,3891,False,3.3948057216755405
2,IWM|EFA|XLK|LQD,6.689465993570201e-06,8.253366867706788e-05,4052,False,3.3028201160731903
2,IWM|EFA|XLK|AGG,1.3584667584525558e-06,7.798565277530303e-05,4587,False,3.085312275937428
2,IWM|EFA|XLF|XLE,0.00013296863181803416,8.32068957147936e-05,1657,False,3.335017048111158
2,IWM|EFA|XLF|XLV,0.0002485379182872975,7.72154044921084e-05,1125,False,3.0484753246020264
2,IWM|EFA|XLF|XLI,6.213470495268914e-06,9.35328248157728e-05,4086,False,3.828852290700669
2,IWM|EFA|XLF|XLP,0.00026407799917720645,6.760972403161898e-05,1080,False,2.5890858116531836
2,IWM|EFA|XLF|XLY,1.0332124923098591e-05,0.00010186109593093216,3800,False,4.227149988301162
2,IWM|EFA|XLF|XLU,0.00026510298941161836,7.542976345785164e-05,1075,False,2.963077442754634
2,IWM|EFA|XLF|VNQ,5.877893108060725e-06,8.613571375228005e-05,4118,False,3.4750871136615302
2,IWM|EFA|XLF|HYG,0.00023768106078381326,6.318921354381919e-05,1159,False,2.377675889333934
2,IWM|EFA|XLF|LQD,0.00013087768496579898,6.178112626864656e-05,1675,False,2.310334431308996
2,IWM|EFA|XLF|AGG,0.0003794358391760412,5.7764245278954114e-05,830,False,2.118227999180786
2,IWM|EFA|XLE|XLV,0.0002375787986714186,7.209836965573824e-05,1160,False,2.8037542815805123
2,IWM|EFA|XLE|XLI,1.2544010856409456e-05,8.748580702728383e-05,3682,False,3.5396550216395872
2,IWM|EFA|XLE|XLP,0.00021766233205242029,6.428481779350015e-05,1242,False,2.43007291677159
2,IWM|EFA|XLE|XLY,1.0883241820384557e-05,9.332596000422511e-05,3767,False,3.818959027499375
2,IWM|EFA|XLE|XLU,0.00016373815184024976,7.285049792897519e-05,1487,False,2.8397246475049864
2,IWM|EFA|XLE|VNQ,1.5278140251738727e-06,8.092470373207191e-05,4563,False,3.2258717285566854
2,IWM|EFA|XLE|HYG,0.00019419089449037235,5.9943181647193074e-05,1330,False,2.222435142138446
2,IWM|EFA|XLE|LQD,0.00013369789586456933,5.7996548332924203e-05,1652,False,2.129337840618757
2,IWM|EFA|XLE|AGG,0.00031164438102703547,5.437804368089074e-05,966,False,1.9562836674617123
2,IWM|EFA|XLV|XLI,1.3821020837965646e-05,8.177201209162888e-05,3616,False,3.2663940607553688
2,IWM|EFA|XLV|XLP,0.00045366411282611504,6.10980145084409e-05,701,False,2.277664764636104
2,IWM|EFA|XLV|XLY,3.606613670228579e-05,8.927533591882263e-05,2842,False,3.625238839389236
2,IWM|EFA|XLV|XLU,0.00035041257676466514,6.710577633429098e-05,892,False,2.564984626091218
2,IWM|EFA|XLV|VNQ,7.127379233549185e-06,7.745571590267783e-05,4026,False,3.059968163897653
2,IWM|EFA|XLV|HYG,0.00040341666119918365,5.4601405060103915e-05,791,False,1.966965875310535
2,IWM|EFA|XLV|LQD,0.00021715204420496258,5.4126830120607436e-05,1244,False,1.9442694353019627
2,IWM|EFA|XLV|AGG,0.0005628703640473421,5.0352329679553204e-05,529,False,1.763754798533299
2,IWM|EFA|XLI|XLP,4.518839638462882e-05,7.17066166889586e-05,2650,False,2.7850187838356715
2,IWM|EFA|XLI|XLY,6.7166040807949774e-06,0.00010785656107317054,4049,False,4.513881763621359
2,IWM|EFA|XLI|XLU,1.513464917600131e-05,8.117076452354214e-05,3560,False,3.2376395307039947
2,IWM|EFA|XLI|VNQ,8.607483697688251e-07,9.115346417879073e-05,4667,False,3.715059902056382
2,IWM|EFA|XLI|HYG,1.2220139398998992e-05,6.841702209584979e-05,3703,False,2.6276946604543685
2,IWM|EFA|XLI|LQD,5.764548185251288e-06,6.71050227109263e-05,4128,False,2.5649485842228805
2,IWM|EFA|XLI|AGG,1.000307336311401e-05,6.294346428209883e-05,3821,False,2.3659229860270194
2,IWM|EFA|XLP|XLY,1.7306710145007133e-05,7.966045218891102e-05,3483,False,3.1654091821450683
2,IWM|EFA|XLP|XLU,0.0005408960450619419,6.025616581880835e-05,564,False,2.2374035399266554
2,IWM|EFA|XLP|VNQ,1.2079519856074858e-05,6.902911723563387e-05,3707,False,2.656967973188471
2,IWM|EFA|XLP|HYG,0.0004310304322842653,4.653223986794215e-05,741,False,1.5810598603459187
2,IWM|EFA|XLP|LQD,0.0002388811120223655,4.6269724467500524e-05,1157,False,1.5685051202162117
2,IWM|EFA|XLP|AGG,0.0006748040286810622,4.274688795462115e-05,427,False,1.4000262543506694
2,IWM|EFA|XLY|XLU,2.3424652384921568e-05,8.680309571240622e-05,3235,False,3.507004506174667
2,IWM|EFA|XLY|VNQ,1.794514864365782e-06,9.930650444996234e-05,4532,False,4.104977223856924
2,IWM|EFA|XLY|HYG,5.393461050056896e-05,7.630290414463109e-05,2446,False,3.004835200207144
2,IWM|EFA|XLY|LQD,2.2499067112475465e-05,7.498381869503606e-05,3269,False,2.9417502345225275
2,IWM|EFA|XLY|AGG,2.6040718587993954e-05,7.043712918246079e-05,3141,False,2.724305828652176
2,IWM|EFA|XLU|VNQ,1.07039137785692e-06,7.812830148534081e-05,4636,False,3.092134418491158
2,IWM|EFA|XLU|HYG,0.00043576622763864863,5.418541855006184e-05,734,False,1.9470714137960636
2,IWM|EFA|XLU|LQD,0.00020961786036618763,5.406309783970053e-05,1272,False,1.94122145326619
2,IWM|EFA|XLU|AGG,0.0005905583772567887,5.028361113460079e-05,506,False,1.7604683495382387
2,IWM|EFA|VNQ|HYG,4.57320517114543e-05,6.295553347312746e-05,2639,False,2.3665001923801907
2,IWM|EFA|VNQ|LQD,2.0431616786120587e-06,6.29173013037187e-05,4500,False,2.364671747455762
2,IWM|EFA|VNQ|AGG,1.0807358075843406e-05,5.8699140823778143e-05,3771,False,2.162939168864321
2,IWM|EFA|HYG|LQD,0.00018617744556486359,4.336412565205457e-05,1379,False,1.4295455087505975
2,IWM|EFA|HYG|AGG,0.0006492532588750885,3.977896213179264e-05,452,False,1.2580858677403057
2,IWM|EFA|LQD|AGG,0.00038843802883748227,4.021527637789694e-05,815,False,1.2789524986713419
2,IWM|EEM|TLT|GLD,2.806845489846984e-05,7.003639895613708e-05,3080,False,2.705140995483725
2,IWM|EEM|TLT|USO,9.456458509517807e-05,6.584810348173669e-05,1953,False,2.504836704081905
2,IWM|EEM|TLT|XLK,5.927535951304014e-06,9.552925764808012e-05,4111,False,3.924331242997819
2,IWM|EEM|TLT|XLF,2.4480786914987964e-05,6.855130594045604e-05,3194,False,2.6341167551955276
2,IWM|EEM|TLT|XLE,2.5343562216649498e-05,6.464416398232407e-05,3165,False,2.4472585676312932
2,IWM|EEM|TLT|XLV,7.096095123960535e-05,6.135998236509691e-05,2220,False,2.290193318607107
2,IWM|EEM|TLT|XLI,1.5472846963912592e-05,7.62458406882688e-05,3551,False,3.002106153209039
2,IWM|EEM|TLT|XLP,0.00010843880937089201,5.3414209143254846e-05,1820,False,1.910188496939533
2,IWM|EEM|TLT|XLY,1.0399232744147488e-05,8.419520440916485e-05,3796,False,3.3822826896883273
2,IWM|EEM|TLT|XLU,6.280093248235215e-05,6.304182009228746e-05,2321,False,2.3706268305827587
2,IWM|EEM|TLT|VNQ,1.7089126832220707e-06,7.158533426949762e-05,4544,False,2.7792184793351615
2,IWM|EEM|TLT|HYG,7.042033102750607e-05,5.255712180307761e-05,2227,False,1.8691984871866392
2,IWM|EEM|TLT|LQD,3.3701427334890464e-05,5.4426607259857224e-05,2917,False,1.9586062097303447
2,IWM|EEM|TLT|AGG,0.00011417354656774978,5.027866611913552e-05,1779,False,1.7602318552830472
2,IWM|EEM|GLD|USO,1.4265794313764926e-05,8.768729356557841e-05,3591,False,3.5492910701291884
2,IWM|EEM|GLD|XLK,2.9195236914672626e-06,0.00011430177437914778,4413,False,4.822122643969509
2,IWM|EEM|GLD|XLF,3.988514554369996e-06,8.342370258173886e-05,4291,False,3.345385787881299
2,IWM|EEM|GLD|XLE,9.49982076715103e-06,8.230144244652073e-05,3852,False,3.2917139486981863
2,IWM|EEM|GLD|XLV,1.039622837763904e-05,7.597799702861324e-05,3797,False,2.989296590277843
2,IWM|EEM|GLD|XLI,1.1790777765830323e-07,9.300869595184288e-05,4809,False,3.803785945373695
2,IWM|EEM|GLD|XLP,1.18096664438445e-05,6.736059836337086e-05,3720,False,2.577171432461589
2,IWM|EEM|GLD|XLY,4.5597492989768627e-07,9.912990307505078e-05,4733,False,4.096531302723027
2,IWM|EEM|GLD|XLU,1.0806913524745719e-05,7.802037491795191e-05,3772,False,3.0869728546195545
2,IWM|EEM|GLD|VNQ,1.8160183617717352e-06,8.473433215767602e-05,4530,False,3.408066353305338
2,IWM|EEM|GLD|HYG,1.848452647611991e-05,6.707896280512538e-05,3432,False,2.5637022750745992
2,IWM|EEM|GLD|LQD,4.777767227880689e-06,6.675578995266399e-05,4230,False,2.5482466059107964
2,IWM|EEM|GLD|AGG,1.4891337038536325e-05,6.331245581293746e-05,3572,False,2.383569923204604
2,IWM|EEM|USO|XLK,4.404393276154707e-06,0.00011183244893241142,4257,False,4.7040277084827
2,IWM|EEM|USO|XLF,3.0951618750723378e-06,8.383642604900014e-05,4394,False,3.3651241951068567
2,IWM|EEM|USO|XLE,2.1252926903075434e-06,0.0001091945336214153,4490,False,4.5778700005615
2,IWM|EEM|USO|XLV,9.576295282870839e-06,7.344332843279227e-05,3844,False,2.8680766333460674
2,IWM|EEM|USO|XLI,1.1056945517332246e-05,9.028462234017862e-05,3758,False,3.6735077360530113
2,IWM|EEM|USO|XLP,1.8329580901231492e-05,6.74628377545975e-05,3435,False,2.5820610084091737
2,IWM|EEM|USO|XLY,8.587801084771022e-06,9.524077404332967e-05,3922,False,3.9105345793231168
2,IWM|EEM|USO|XLU,6.723502580577787e-06,7.727562166910687e-05,4048,False,3.051355197582006
2,IWM|EEM|USO|VNQ,9.485680462378919e-08,8.239676381738232e-05,4815,False,3.296272671873899
2,IWM|EEM|USO|HYG,5.571948359634778e-06,6.839037317609461e-05,4149,False,2.6264201818458726
2,IWM|EEM|USO|LQD,8.478633479487912e-06,6.566164255800632e-05,3932,False,2.4959192522377784
2,IWM|EEM|USO|AGG,2.0703978936594078e-05,6.297108658425469e-05,3340,False,2.367244016430446
2,IWM|EEM|XLK|XLF,9.853478989441275e-07,0.00011789795771331062,4643,False,4.994109305107271
2,IWM|EEM|XLK|XLE,5.228954771119253e-06,0.0001119695183978732,4181,False,4.710583024916309
2,IWM|EEM|XLK|XLV,5.039899150207237e-06,0.00010393434784343212,4206,False,4.326302795873847
2,IWM|EEM|XLK|XLI,1.0693545533787807e-05,0.00012970188807043349,3780,False,5.55862962617617
2,IWM|EEM|XLK|XLP,1.4031876452663456e-05,9.199640282643339e-05,3603,False,3.7553732537631275
2,IWM|EEM|XLK|XLY,5.37564604134973e-06,0.00014038814378645103,4167,False,6.069697408289127
2,IWM|EEM|XLK|XLU,7.571879573820538e-06,0.00010381343889724506,3994,False,4.320520352648873
2,IWM|EEM|XLK|VNQ,1.6993145574414505e-08,0.00011343984790513769,4841,False,4.780901203726739
2,IWM|EEM|XLK|HYG,7.269572319234965e-06,9.586614349978513e-05,4014,False,3.94044273327388
2,IWM|EEM|XLK|LQD,5.0918368216778235e-06,9.37545354397986e-05,4200,False,3.8394555515530095
2,IWM|EEM|XLK|AGG,1.052665121204137e-05,8.920100192505719e-05,3789,False,3.621683832814542
2,IWM|EEM|XLF|XLE,1.7379763029568963e-07,8.685778518252455e-05,4797,False,3.5096200178132673
2,IWM|EEM|XLF|XLV,3.6283115648354676e-06,7.960118840648296e-05,4337,False,3.16257490504652
2,IWM|EEM|XLF|XLI,3.1420825026606915e-07,9.86936721342536e-05,4763,False,4.075668655849613
2,IWM|EEM|XLF|XLP,5.268656859012348e-06,6.97875389977589e-05,4175,False,2.6932393238070476
2,IWM|EEM|XLF|XLY,6.244905674843751e-07,0.00010693768202898104,4706,False,4.469936579487302
2,IWM|EEM|XLF|XLU,2.5783295993530385e-06,7.891552111694426e-05,4440,False,3.129783020756619
2,IWM|EEM|XLF|VNQ,1.788236169521868e-07,8.892202114141174e-05,4796,False,3.608341639427189
2,IWM|EEM|XLF|HYG,9.053352351873793e-07,6.764392184149698e-05,4656,False,2.590721314238179
2,IWM|EEM|XLF|LQD,1.519159025660763e-06,6.604761463226395e-05,4565,False,2.514378280094721
2,IWM|EEM|XLF|AGG,7.064436093768354e-06,6.202521602959493e-05,4029,False,2.3220079693638063
2,IWM|EEM|XLE|XLV,2.32858657237813e-06,7.526930017189828e-05,4467,False,2.9554033221045155
2,IWM|EEM|XLE|XLI,1.7038946498824686e-06,9.34318009475501e-05,4545,False,3.82402084686804
2,IWM|EEM|XLE|XLP,3.972693537243661e-06,6.724777936142555e-05,4295,False,2.5717758890049636
2,IWM|EEM|XLE|XLY,6.363194101293972e-08,9.918769270405946e-05,4830,False,4.099295078765024
2,IWM|EEM|XLE|XLU,1.1639027501245282e-07,7.712140218985326e-05,4811,False,3.0439796855864794
2,IWM|EEM|XLE|VNQ,2.0810473535553677e-07,8.449615772298909e-05,4788,False,3.3966757144018533
2,IWM|EEM|XLE|HYG,7.855259158523079e-08,6.518303654665634e-05,4822,False,2.4730300271221997
2,IWM|EEM|XLE|LQD,2.207452994436903e-07,6.304818329832705e-05,4783,False,2.37093114948399
2,IWM|EEM|XLE|AGG,2.6576924083341943e-06,5.9424161033317024e-05,4431,False,2.197613097724241
2,IWM|EEM|XLV|XLI,3.7180114827786102e-06,8.645290045853877e-05,4327,False,3.490256496726207
2,IWM|EEM|XLV|XLP,3.1344234651326984e-05,6.279587052300992e-05,2973,False,2.358864347611861
2,IWM|EEM|XLV|XLY,3.5349030429713283e-06,9.387196306530059e-05,4347,False,3.8450715013972694
2,IWM|EEM|XLV|XLU,1.0792999683394707e-05,7.011157504181269e-05,3773,False,2.708736274915096
2,IWM|EEM|XLV|VNQ,1.2973462349047032e-07,7.976206434023864e-05,4807,False,3.1702687604852056
2,IWM|EEM|XLV|HYG,7.064105922098083e-06,5.85761544062108e-05,4030,False,2.157057371036673
2,IWM|EEM|XLV|LQD,8.619264321357204e-06,5.791335953265391e-05,3920,False,2.1253593549095813
2,IWM|EEM|XLV|AGG,2.6948871387344914e-05,5.413334147862312e-05,3119,False,1.9445808395382125
2,IWM|EEM|XLI|XLP,1.694616832810389e-06,7.617953610763384e-05,4546,False,2.998935151515879
2,IWM|EEM|XLI|XLY,4.058207114546517e-06,0.00011522825162375474,4285,False,4.866431210333842
2,IWM|EEM|XLI|XLU,8.109698183822583e-06,8.695162663517008e-05,3955,False,3.5141079642323225
2,IWM|EEM|XLI|VNQ,2.3208304806795514e-07,9.623487602045775e-05,4781,False,3.958077283348385
2,IWM|EEM|XLI|HYG,8.712033680639487e-06,7.516683484606289e-05,3911,False,2.950502940884957
2,IWM|EEM|XLI|LQD,7.190785789724624e-06,7.3666615527079e-05,4018,False,2.8787552885349488
2,IWM|EEM|XLI|AGG,1.6748290769641234e-05,6.949953948527497e-05,3506,False,2.679465811736383
2,IWM|EEM|XLP|XLY,1.02834822666875e-06,8.404911038715435e-05,4640,False,3.3752957758624724
2,IWM|EEM|XLP|XLU,2.7167262321842873e-05,6.305399557809542e-05,3108,False,2.3712091204599037
2,IWM|EEM|XLP|VNQ,5.637062901856714e-07,7.112749672496002e-05,4715,False,2.7573225014853935
2,IWM|EEM|XLP|HYG,2.157513695181029e-05,5.029902026581439e-05,3298,False,1.761205287781427
2,IWM|EEM|XLP|LQD,1.8512527083539566e-05,4.984828493131236e-05,3431,False,1.7396489715332004
2,IWM|EEM|XLP|AGG,6.30654225114424e-05,4.631993080545641e-05,2316,False,1.5709062270649525
2,IWM|EEM|XLY|XLU,2.574541586791133e-06,9.249969660360226e-05,4442,False,3.779443165740192
2,IWM|EEM|XLY|VNQ,7.057732983666762e-10,0.00010430365507119745,4844,False,4.343964831186123
2,IWM|EEM|XLY|HYG,2.955464399601779e-06,8.296845567441229e-05,4411,False,3.3236137066749287
2,IWM|EEM|XLY|LQD,3.072097179067373e-06,8.146115029075686e-05,4399,False,3.251527164871793
2,IWM|EEM|XLY|AGG,7.460717500241311e-06,7.690894316520502e-05,4002,False,3.0338188803987363
2,IWM|EEM|XLU|VNQ,4.01464365137036e-08,8.153462366761966e-05,4835,False,3.255041012636201
2,IWM|EEM|XLU|HYG,7.198153481004214e-06,5.9260141640886776e-05,4017,False,2.189768907079692
2,IWM|EEM|XLU|LQD,7.183279523225331e-06,5.8949600996465045e-05,4020,False,2.1749173704312983
2,IWM|EEM|XLU|AGG,2.4165197426720073e-05,5.516459667838875e-05,3204,False,1.9939003881006425
2,IWM|EEM|VNQ|HYG,4.36120007550329e-07,6.733080629399149e-05,4739,False,2.5757466334274945
2,IWM|EEM|VNQ|LQD,2.6014299483742137e-08,6.710435419052232e-05,4839,False,2.5649166123845455
2,IWM|EEM|VNQ|AGG,7.442677862884357e-08,6.28806760976052e-05,4825,False,2.3629201551903996
2,IWM|EEM|HYG|LQD,3.1162647849758225e-06,4.9219579447404275e-05,4392,False,1.7095812728179667
2,IWM|EEM|HYG|AGG,1.7121425673465658e-05,4.5628898314165774e-05,3490,False,1.53785775320497
2,IWM|EEM|LQD|AGG,2.4738916266623154e-05,4.587699262620967e-05,3186,False,1.549722808017486
2,IWM|TLT|GLD|USO,0.00021954272151836925,6.480968849453978e-05,1235,False,2.455174740291902
2,IWM|TLT|GLD|XLK,4.672292317894499e-06,7.567738152127252e-05,4236,False,2.974919721083603
2,IWM|TLT|GLD|XLF,0.00015968059166184372,5.692382435964687e-05,1511,False,2.0780350572668196
2,IWM|TLT|GLD|XLE,8.355757805173963e-05,5.6075343811683903e-05,2066,False,2.0374566654206046
2,IWM|TLT|GLD|XLV,0.00018951031776676382,5.280617313959687e-05,1360,False,1.8811093114799777
2,IWM|TLT|GLD|XLI,2.0666846711231295e-05,6.267910817746998e-05,3342,False,2.353280214632528
2,IWM|TLT|GLD|XLP,0.0003804934906976473,4.639846640453678e-05,828,False,1.574662174471186
2,IWM|TLT|GLD|XLY,1.6031551867733582e-05,6.858533810679971e-05,3528,False,2.635744335915657
2,IWM|TLT|GLD|XLU,0.00021350337688851823,5.5556508621682214e-05,1256,False,2.01264348886159
2,IWM|TLT|GLD|VNQ,1.7752514162665805e-05,6.204585842852343e-05,3467,False,2.3229951874613546
2,IWM|TLT|GLD|HYG,0.0003373528440505687,4.395160419051927e-05,908,False,1.4576415380494365
2,IWM|TLT|GLD|LQD,0.00014212881602966435,4.663063140673393e-05,1604,False,1.5857654136140877
2,IWM|TLT|GLD|AGG,0.00039669574153301183,4.32000177143774e-05,800,False,1.4216970834494802
2,IWM|TLT|USO|XLK,2.4546688604536363e-05,7.876213531346212e-05,3191,False,3.122447379117824
2,IWM|TLT|USO|XLF,0.00023329511648482147,6.289062706583413e-05,1174,False,2.3633960580134077
2,IWM|TLT|USO|XLE,0.0001281088542854943,8.852251422550445e-05,1687,False,3.589235310804949
2,IWM|TLT|USO|XLV,0.0003325274909099884,5.582558378270187e-05,918,False,2.0255119480692323
2,IWM|TLT|USO|XLI,3.3391822382999955e-05,6.55091138047317e-05,2922,False,2.4886245988328746
2,IWM|TLT|USO|XLP,0.00045451547015949213,5.2054785034689395e-05,699,False,1.8451743439398003
2,IWM|TLT|USO|XLY,2.2382059703613554e-05,7.025028831400456e-05,3274,False,2.715370206036777
2,IWM|TLT|USO|XLU,0.00029078275720229106,6.0365834611763146e-05,1000,False,2.242648425345072
2,IWM|TLT|USO|VNQ,3.0462255223076787e-05,6.526236932715573e-05,3005,False,2.4768240995509463
2,IWM|TLT|USO|HYG,0.0003275981561430429,5.081709380041449e-05,927,False,1.7859820383417409
2,IWM|TLT|USO|LQD,0.00022310708263890692,5.109056325100225e-05,1219,False,1.7990606534621
2,IWM|TLT|USO|AGG,0.0005059264594988218,4.84127277246206e-05,612,False,1.6709937701963524
2,IWM|TLT|XLK|XLF,8.578545760740721e-06,8.120537094330796e-05,3924,False,3.239294574965202
2,IWM|TLT|XLK|XLE,4.956853206970175e-05,7.555071121512571e-05,2545,False,2.9688617421111383
2,IWM|TLT|XLK|XLV,8.716261870474188e-06,7.056981540650507e-05,3910,False,2.7306515175483916
2,IWM|TLT|XLK|XLI,6.4399798434864e-06,8.917959174814992e-05,4074,False,3.6206598959074134
2,IWM|TLT|XLK|XLP,5.7925687779276354e-05,6.0841562319688645e-05,2389,False,2.2653999962451343
2,IWM|TLT|XLK|XLY,1.3856110199087407e-06,9.965087027028933e-05,4584,False,4.121446441954169
2,IWM|TLT|XLK|XLU,2.053939274929886e-05,7.115686405306471e-05,3348,False,2.7587269873633193
2,IWM|TLT|XLK|VNQ,1.5125783098860379e-06,8.055866562807445e-05,4566,False,3.2083660383551664
2,IWM|TLT|XLK|HYG,3.441767915428081e-06,6.254607633726837e-05,4358,False,2.346917996721128
2,IWM|TLT|XLK|LQD,1.5193382048516407e-06,6.343666834595789e-05,4564,False,2.3895103597287113
2,IWM|TLT|XLK|AGG,2.429400836670452e-05,5.889585527858646e-05,3201,False,2.172346993531829
2,IWM|TLT|XLF|XLE,3.58712069028628e-05,6.256349263556033e-05,2851,False,2.347750927279523
2,IWM|TLT|XLF|XLV,0.00011857692683716443,5.836117060533918e-05,1754,False,2.1467758189924915
2,IWM|TLT|XLF|XLI,2.0762039650589614e-05,7.02958904477533e-05,3335,False,2.7175511178522833
2,IWM|TLT|XLF|XLP,0.0002101940738046985,5.0757213126797415e-05,1269,False,1.7831182585604806
2,IWM|TLT|XLF|XLY,1.0222806462057011e-05,7.832492314860257e-05,3810,False,3.1015378054237694
2,IWM|TLT|XLF|XLU,0.00012932254797323116,5.838346090854717e-05,1682,False,2.1478418477424914
2,IWM|TLT|XLF|VNQ,1.847858207682525e-05,6.816535350013178e-05,3433,False,2.615658666327043
2,IWM|TLT|XLF|HYG,0.0001706671095531187,4.644836931476348e-05,1449,False,1.5770487699568532
2,IWM|TLT|XLF|LQD,7.687197669147007e-05,4.7854262174206505e-05,2146,False,1.6442852805418495
2,IWM|TLT|XLF|AGG,0.0002767844146280776,4.384458401890746e-05,1033,False,1.4525233223525191
2,IWM|TLT|XLE|XLV,0.00010112337296056802,5.43030619580097e-05,1888,False,1.9526976833873853
2,IWM|TLT|XLE|XLI,1.930621895256989e-05,6.530779884830497e-05,3402,False,2.478996756207608
2,IWM|TLT|XLE|XLP,0.00017018854938565127,4.849123307771925e-05,1452,False,1.6747482710952952
2,IWM|TLT|XLE|XLY,4.640345577526656e-06,7.084871341093618e-05,4238,False,2.743989752038391
2,IWM|TLT|XLE|XLU,7.179569055955018e-05,5.6863121568711363e-05,2209,False,2.0751319599092515
2,IWM|TLT|XLE|VNQ,1.248725082567746e-05,6.401326966896431e-05,3685,False,2.417086188638606
2,IWM|TLT|XLE|HYG,0.00012667771276832565,4.426126360717801e-05,1696,False,1.4724509301777722
2,IWM|TLT|XLE|LQD,6.682459747562037e-05,4.512861042752479e-05,2263,False,1.5139315972680174
2,IWM|TLT|XLE|AGG,0.00019171433658037991,4.151730860988475e-05,1348,False,1.3412218980498527
2,IWM|TLT|XLV|XLI,6.652438379055243e-06,6.138317310511408e-05,4054,False,2.29130241054549
2,IWM|TLT|XLV|XLP,0.00038107353489369694,4.709359898512406e-05,825,False,1.6079067341819084
2,IWM|TLT|XLV|XLY,1.7993671970700392e-05,6.858725851799775e-05,3453,False,2.635836179150351
2,IWM|TLT|XLV|XLU,0.00022790101144894235,5.2907569166491214e-05,1195,False,1.8859585537175823
2,IWM|TLT|XLV|VNQ,2.027196645312343e-05,6.233345103203429e-05,3360,False,2.3367492392016733
2,IWM|TLT|XLV|HYG,0.00032432163671857443,4.0708656212552915e-05,935,False,1.302548278571961
2,IWM|TLT|XLV|LQD,0.00013789806730199388,4.3048061407672084e-05,1633,False,1.414429807173323
2,IWM|TLT|XLV|AGG,0.00042221515749922014,3.928076380101128e-05,763,False,1.2342596443435394
2,IWM|TLT|XLI|XLP,6.765125899819792e-05,5.331950068439146e-05,2254,False,1.9056590861426248
2,IWM|TLT|XLI|XLY,1.263450249463551e-05,8.278578319109538e-05,3674,False,3.3148774361436235
2,IWM|TLT|XLI|XLU,3.3342804774081665e-05,6.258985687449208e-05,2924,False,2.349011791091508
2,IWM|TLT|XLI|VNQ,1.146399827996988e-06,7.164849882689686e-05,4622,False,2.782239310121551
2,IWM|TLT|XLI|HYG,2.8931190505089603e-05,5.014157276704848e-05,3061,False,1.7536753964769434
2,IWM|TLT|XLI|LQD,1.1600641264243843e-05,5.1643553516740635e-05,3733,False,1.8255072888553898
2,IWM|TLT|XLI|AGG,3.6661022633763855e-05,4.74891979223066e-05,2818,False,1.6268261645984086
2,IWM|TLT|XLP|XLY,2.9031339233750696e-05,6.0974097770033805e-05,3055,False,2.2717384744230165
2,IWM|TLT|XLP|XLU,0.00046976956122084766,4.805968163295624e-05,671,False,1.654109420069852
2,IWM|TLT|XLP|VNQ,3.2833495760212785e-05,5.590857534693796e-05,2938,False,2.029481001009323
2,IWM|TLT|XLP|HYG,0.0005285496116304136,3.4641214002338795e-05,581,False,1.012374216124177
2,IWM|TLT|XLP|LQD,0.00022156824691830552,3.719267873651282e-05,1229,False,1.1343974446044043
2,IWM|TLT|XLP|AGG,0.0006474862888745188,3.3677045058026866e-05,453,False,0.9662630526777417
2,IWM|TLT|XLY|XLU,8.993342691543328e-07,6.792294964904608e-05,4658,False,2.604065756533174
2,IWM|TLT|XLY|VNQ,9.555847755562052e-07,7.950230068375841e-05,4647,False,3.1578456218930873
2,IWM|TLT|XLY|HYG,3.130744953808863e-05,5.772821640151971e-05,2975,False,2.1165049262007134
2,IWM|TLT|XLY|LQD,1.0136812856676941e-05,5.922311108654034e-05,3814,False,2.1879979291260314
2,IWM|TLT|XLY|AGG,2.0501115348668404e-05,5.4683624408358485e-05,3351,False,1.9708979971945597
2,IWM|TLT|XLU|VNQ,3.084894573258129e-06,6.481396795216199e-05,4397,False,2.4553794043925703
2,IWM|TLT|XLU|HYG,0.0003720395105897982,4.2100601039975575e-05,848,False,1.369117727654882
2,IWM|TLT|XLU|LQD,0.00013877492397683513,4.47922604642299e-05,1628,False,1.4978457357349417
2,IWM|TLT|XLU|AGG,0.0004320375191589572,4.101997659352359e-05,738,False,1.317437105945871
2,IWM|TLT|VNQ|HYG,3.2596454903281694e-05,4.9946658260197414e-05,2941,False,1.744353653916666
2,IWM|TLT|VNQ|LQD,8.67519118485279e-06,5.2722406225404295e-05,3916,False,1.8771031776021705
2,IWM|TLT|VNQ|AGG,2.620352470408393e-05,4.8511448579857155e-05,3137,False,1.6757150729496093
2,IWM|TLT|HYG|LQD,0.00017494260625253454,3.439874659683271e-05,1425,False,1.0007782668544118
2,IWM|TLT|HYG|AGG,0.000590973696524299,3.08207859109642e-05,505,False,0.8296630997830001
2,IWM|TLT|LQD|AGG,0.00024358395455593746,3.407108029168415e-05,1138,False,0.98510769932397
2,IWM|GLD|USO|XLK,2.745846676592227e-07,9.824072843632727e-05,4773,False,4.054006725116075
2,IWM|GLD|USO|XLF,4.761993824343615e-05,7.846910009891444e-05,2595,False,3.108433035725741
2,IWM|GLD|USO|XLE,1.0258903451813633e-05,0.00010688586908149861,3805,False,4.467458636898404
2,IWM|GLD|USO|XLV,4.646475150970309e-05,7.114967483801569e-05,2622,False,2.7583831647665296
2,IWM|GLD|USO|XLI,2.015825489254476e-06,8.297804546010328e-05,4506,False,3.3240723360240927
2,IWM|GLD|USO|XLP,7.031336221925442e-05,6.67072506466029e-05,2228,False,2.545925224488419
2,IWM|GLD|USO|XLY,5.533753825423344e-07,8.589106337168799e-05,4719,False,3.463386764098038
2,IWM|GLD|USO|XLU,4.009345442274217e-05,7.605046582922508e-05,2746,False,2.99276239440843
2,IWM|GLD|USO|VNQ,6.860245309588505e-06,7.91174436071316e-05,4040,False,3.139439918547684
2,IWM|GLD|USO|HYG,5.13466740486793e-05,6.604501119425975e-05,2502,False,2.5142537712562625
2,IWM|GLD|USO|LQD,5.10676868004911e-05,6.41258223356065e-05,2508,False,2.4224689946691136
2,IWM|GLD|USO|AGG,9.338790746129153e-05,6.215259381022004e-05,1967,False,2.3280997831444714
2,IWM|GLD|XLK|XLF,1.2470667231080099e-05,9.371717062361422e-05,3688,False,3.837668587601942
2,IWM|GLD|XLK|XLE,7.806572961705778e-06,9.084739271834582e-05,3979,False,3.700422103129
2,IWM|GLD|XLK|XLV,3.518006760792077e-06,8.282723310904486e-05,4351,False,3.316859769170097
2,IWM|GLD|XLK|XLI,3.180278804719325e-06,0.00010358185005074744,4385,False,4.309444668023038
2,IWM|GLD|XLK|XLP,1.1058513408927615e-05,7.24273545788281e-05,3757,False,2.819487911718159
2,IWM|GLD|XLK|XLY,8.949624388362223e-07,0.00011222497197519869,4660,False,4.722800034939836
2,IWM|GLD|XLK|XLU,5.7013470004942405e-06,8.377482191775258e-05,4136,False,3.362177991351083
2,IWM|GLD|XLK|VNQ,3.653030854192955e-07,9.134706655527627e-05,4750,False,3.724318892276311
2,IWM|GLD|XLK|HYG,5.332116871327491e-06,7.470732037833957e-05,4169,False,2.9285267645600563
2,IWM|GLD|XLK|LQD,1.5369138971138325e-06,7.340525407778808e-05,4561,False,2.8662557358601313
2,IWM|GLD|XLK|AGG,2.7999504526755436e-06,6.956904801141185e-05,4420,False,2.6827900414043544
2,IWM|GLD|XLF|XLE,1.3606453197913396e-05,7.396005404899559e-05,3632,False,2.8927889200114665
2,IWM|GLD|XLF|XLV,8.618183497043132e-05,6.671846821809412e-05,2041,False,2.5464617023282776
2,IWM|GLD|XLF|XLI,1.3722919729493733e-05,8.079802866056598e-05,3625,False,3.2198135216819894
2,IWM|GLD|XLF|XLP,0.00013862407163229973,5.8442885296152034e-05,1631,False,2.1506838057475877
2,IWM|GLD|XLF|XLY,1.0657125556973438e-05,8.699890476372711e-05,3782,False,3.5163690301235193
2,IWM|GLD|XLF|XLU,8.337110749347355e-05,6.710129868345021e-05,2069,False,2.5647704834443377
2,IWM|GLD|XLF|VNQ,6.085033823759598e-06,7.505363433754877e-05,4098,False,2.94508915196227
2,IWM|GLD|XLF|HYG,0.0001136395521857417,5.470949326604984e-05,1785,False,1.9721351695098635
2,IWM|GLD|XLF|LQD,7.954282794797342e-05,5.392272781625186e-05,2109,False,1.9345082883873517
2,IWM|GLD|XLF|AGG,0.00019612555511158879,5.061765666194801e-05,1325,False,1.7764440019391265
2,IWM|GLD|XLE|XLV,3.677258359973566e-05,6.544524139367848e-05,2816,False,2.4855699151042936
2,IWM|GLD|XLE|XLI,5.902790059881315e-06,7.85948188840315e-05,4116,False,3.114445508418436
2,IWM|GLD|XLE|XLP,5.4807462235402724e-05,5.8961787069987696e-05,2432,False,2.175500166663523
2,IWM|GLD|XLE|XLY,4.979427370285574e-06,8.230757684897456e-05,4211,False,3.292007325119262
2,IWM|GLD|XLE|XLU,2.801252504156534e-05,6.836584116652824e-05,3081,False,2.6252469439922184
2,IWM|GLD|XLE|VNQ,1.2091298031803312e-06,7.368643232929512e-05,4609,False,2.879703022654954
2,IWM|GLD|XLE|HYG,5.0038041063739293e-05,5.5307269381378224e-05,2536,False,2.000723678111904
2,IWM|GLD|XLE|LQD,3.598712841629456e-05,5.3981957892483985e-05,2847,False,1.9373409534946406
2,IWM|GLD|XLE|AGG,7.40166258636626e-05,5.107526307583913e-05,2188,False,1.7983289260175814
2,IWM|GLD|XLV|XLI,1.4147274161320257e-06,7.16309293401603e-05,4577,False,2.781399053360162
2,IWM|GLD|XLV|XLP,0.00018593273157213749,5.4524889176712195e-05,1381,False,1.96330652035398
2,IWM|GLD|XLV|XLY,1.0236936353857596e-05,7.700685815535582e-05,3808,False,3.0385016428350657
2,IWM|GLD|XLV|XLU,0.00010147565785344498,6.137102496362778e-05,1884,False,2.2907214284043937
2,IWM|GLD|XLV|VNQ,6.4873711393328394e-06,6.896734989168479e-05,4066,False,2.654013963821865
2,IWM|GLD|XLV|HYG,0.00016359650219648992,4.8715398186072816e-05,1488,False,1.6854689171099368
2,IWM|GLD|XLV|LQD,0.00010218419239323732,4.8862145071950974e-05,1877,False,1.6924870540037902
2,IWM|GLD|XLV|AGG,0.00022280779579280123,4.579945446628535e-05,1222,False,1.5460145629151119
2,IWM|GLD|XLI|XLP,2.0724184057053795e-05,6.289563147603734e-05,3339,False,2.3636353928086162
2,IWM|GLD|XLI|XLY,7.288812493827019e-06,9.335022342851117e-05,4011,False,3.8201194203222566
2,IWM|GLD|XLI|XLU,1.2486749662987591e-05,7.31981532716864e-05,3686,False,2.856351186272239
2,IWM|GLD|XLI|VNQ,4.412465358631906e-07,8.042723828660512e-05,4738,False,3.2020805552356624
2,IWM|GLD|XLI|HYG,1.2032793727441435e-05,6.029315534062612e-05,3709,False,2.2391725555088384
2,IWM|GLD|XLI|LQD,7.141510447359379e-06,5.960247778107727e-05,4025,False,2.2061410561797765
2,IWM|GLD|XLI|AGG,1.717885339303419e-05,5.615272918763841e-05,3488,False,2.0411576036639003
2,IWM|GLD|XLP|XLY,1.5961783106263475e-05,6.872207196399155e-05,3531,False,2.6422836019590514
2,IWM|GLD|XLP|XLU,0.00021936765068260428,5.585151198669248e-05,1238,False,2.0267519586079836
2,IWM|GLD|XLP|VNQ,1.2371211197666112e-05,6.187084876318814e-05,3696,False,2.314625389480835
2,IWM|GLD|XLP|HYG,0.0002651491342980837,4.1976330532458364e-05,1074,False,1.3631745185134727
2,IWM|GLD|XLP|LQD,0.0001748869477356134,4.233513695739138e-05,1427,False,1.3803343552861915
2,IWM|GLD|XLP|AGG,0.00037445285927702865,3.9524110279900605e-05,840,False,1.2458976351006343
2,IWM|GLD|XLY|XLU,1.6115704985967252e-07,7.670308944855224e-05,4803,False,3.0239739725839483
2,IWM|GLD|XLY|VNQ,1.1175353763127505e-06,8.645288354577851e-05,4625,False,3.4902556878772417
2,IWM|GLD|XLY|HYG,1.765136836857896e-05,6.605164237740921e-05,3470,False,2.514570906102652
2,IWM|GLD|XLY|LQD,8.313280408678133e-06,6.535387875318882e-05,3937,False,2.4812005173204614
2,IWM|GLD|XLY|AGG,1.3912644333809288e-05,6.151899907600215e-05,3613,False,2.297798257130095
2,IWM|GLD|XLU|VNQ,1.9121084433425754e-06,7.180840697396061e-05,4518,False,2.7898868813788216
2,IWM|GLD|XLU|HYG,0.00017349348275780483,5.046788317564357e-05,1433,False,1.7692811185589166
2,IWM|GLD|XLU|LQD,0.00010299846838987974,5.096688429065689e-05,1868,False,1.7931457349314688
2,IWM|GLD|XLU|AGG,0.0002287939168218821,4.789920742094576e-05,1192,False,1.6464347768835028
2,IWM|GLD|VNQ|HYG,2.9602944251081787e-05,5.6484383458379344e-05,3031,False,2.0570188947540804
2,IWM|GLD|VNQ|LQD,5.747639619680008e-06,5.706747311434523e-05,4130,False,2.084905026732078
2,IWM|GLD|VNQ|AGG,1.6155912694697282e-05,5.356112246979327e-05,3521,False,1.9172145938206215
2,IWM|GLD|HYG|LQD,0.00012756133955672068,4.0116656599643024e-05,1693,False,1.2742360299021025
2,IWM|GLD|HYG|AGG,0.00034301260989715845,3.724330291476969e-05,901,False,1.1368185345717958
2,IWM|GLD|LQD|AGG,0.0002219517422228186,3.830093898624864e-05,1225,False,1.187399742405258
2,IWM|USO|XLK|XLF,3.9564653069928135e-05,0.00010140294335746551,2758,False,4.205238944263541
2,IWM|USO|XLK|XLE,5.099725021228669e-06,0.0001250135331598304,4199,False,5.334410104428355
2,IWM|USO|XLK|XLV,1.6991521268695062e-05,8.756561377981389e-05,3492,False,3.5434717616743625
2,IWM|USO|XLK|XLI,7.112642663326448e-06,0.00010813082570567321,4028,False,4.526998408138397
2,IWM|USO|XLK|XLP,1.8245210925393165e-05,7.980264323664474e-05,3438,False,3.1722094371017846
2,IWM|USO|XLK|XLY,2.290926570163483e-06,0.00011560889221006758,4473,False,4.884635260975967
2,IWM|USO|XLK|XLU,1.6127111778516703e-05,9.030311793549757e-05,3523,False,3.674392283749577
2,IWM|USO|XLK|VNQ,1.8613439310461077e-06,9.628254748157261e-05,4523,False,3.960357160280914
2,IWM|USO|XLK|HYG,7.3668249630963165e-06,8.329178001589881e-05,4006,False,3.339076620767371
2,IWM|USO|XLK|LQD,6.831866070090526e-06,7.958415594972044e-05,4041,False,3.161760331623155
2,IWM|USO|XLK|AGG,1.4993211322862443e-05,7.650072804931909e-05,3568,False,3.014296084066238
2,IWM|USO|XLF|XLE,3.3088156604490008e-06,0.00011100824340447781,4373,False,4.664610264023188
2,IWM|USO|XLF|XLV,0.00012617825008716803,7.433889780286079e-05,1700,False,2.9109070375449093
2,IWM|USO|XLF|XLI,9.629884411766497e-06,8.822905322948939e-05,3839,False,3.5752006045097144
2,IWM|USO|XLF|XLP,0.0001242443749827414,6.870022286796633e-05,1714,False,2.64123867384358
2,IWM|USO|XLF|XLY,3.9501720111287305e-06,9.326487391259365e-05,4298,False,3.8160375988720174
2,IWM|USO|XLF|XLU,8.97392552047576e-05,7.651164361519283e-05,2002,False,3.014818118555197
2,IWM|USO|XLF|VNQ,9.030074263287868e-06,8.287116417784273e-05,3885,False,3.318960762679239
2,IWM|USO|XLF|HYG,7.8716144560356e-05,6.617600181760673e-05,2124,False,2.5205183684295447
2,IWM|USO|XLF|LQD,7.743926444756065e-05,6.298367860218186e-05,2142,False,2.367846226862741
2,IWM|USO|XLF|AGG,0.0001754041363615487,6.0431385613852886e-05,1420,False,2.2457833873133763
2,IWM|USO|XLE|XLV,6.345436863767817e-06,9.954603868607843e-05,4081,False,4.116432894958682
2,IWM|USO|XLE|XLI,6.619435990032309e-06,0.00011250621116058821,4056,False,4.736250235883918
2,IWM|USO|XLE|XLP,7.283518132566332e-05,9.569949234943528e-05,2195,False,3.932472679397272
2,IWM|USO|XLE|XLY,8.18132008855826e-06,0.00011505391370547437,3945,False,4.858093538505516
2,IWM|USO|XLE|XLU,2.9768304231322376e-05,0.00010425655380590414,3024,False,4.341712223740834
2,IWM|USO|XLE|VNQ,3.746681064347332e-06,0.00010798432987722238,4323,False,4.5199922780096795
2,IWM|USO|XLE|HYG,2.742718710316801e-05,9.32541456405684e-05,3103,False,3.815524521669342
2,IWM|USO|XLE|LQD,2.9510277951207725e-05,8.952327638604727e-05,3034,False,3.637096536607787
2,IWM|USO|XLE|AGG,7.485796156738395e-05,8.736935973537729e-05,2170,False,3.534085956029587
2,IWM|USO|XLV|XLI,6.211563092435842e-06,7.611456184600143e-05,4087,False,2.9958277720305526
2,IWM|USO|XLV|XLP,0.0002268132740935487,6.183483468544421e-05,1203,False,2.3129030242926385
2,IWM|USO|XLV|XLY,5.065777556081471e-06,8.032543524114007e-05,4202,False,3.19721184742623
2,IWM|USO|XLV|XLU,0.00013410421160532052,6.783397783228812e-05,1649,False,2.5998106993579193
2,IWM|USO|XLV|VNQ,1.1916171953765543e-05,7.38374876688965e-05,3715,False,2.8869272103815007
2,IWM|USO|XLV|HYG,0.00013265618756563903,5.723451467454742e-05,1660,False,2.092893751872284
2,IWM|USO|XLV|LQD,0.00011304214177743301,5.497570379479868e-05,1789,False,1.9848666283218457
2,IWM|USO|XLV|AGG,0.00024184343371369478,5.266579135510795e-05,1144,False,1.8743955841320274
2,IWM|USO|XLI|XLP,2.0252827001758878e-05,7.00161719689261e-05,3362,False,2.7041736443583675
2,IWM|USO|XLI|XLY,1.2916688015220113e-05,9.647939549845217e-05,3660,False,3.9697713725245136
2,IWM|USO|XLI|XLU,1.2548604553433536e-05,7.947170112450346e-05,3681,False,3.156382204836857
2,IWM|USO|XLI|VNQ,1.2987565786758391e-06,8.510797104797357e-05,4599,False,3.425935549406391
2,IWM|USO|XLI|HYG,9.558920586317796e-06,6.862286681325748e-05,3845,False,2.6375391378822792
2,IWM|USO|XLI|LQD,7.972102386364111e-06,6.552663148808172e-05,3968,False,2.489462378108925
2,IWM|USO|XLI|AGG,1.7808419578067663e-05,6.282966106061776e-05,3463,False,2.3604803724919097
2,IWM|USO|XLP|XLY,2.4765731144164944e-05,7.467755703682342e-05,3184,False,2.9271033394295753
2,IWM|USO|XLP|XLU,0.00018532821874631534,6.495137284240045e-05,1383,False,2.4619507624408703
2,IWM|USO|XLP|VNQ,1.8128506377465112e-05,6.937789452744747e-05,3446,False,2.6736481689198315
2,IWM|USO|XLP|HYG,0.00016293449309327313,5.3132355007980605e-05,1490,False,1.8967088861551809
2,IWM|USO|XLP|LQD,0.00014465715304728372,5.108560366728672e-05,1588,False,1.7988234624836081
2,IWM|USO|XLP|AGG,0.00026818090820587555,4.902735515577084e-05,1065,False,1.7003881891969113
2,IWM|USO|XLY|XLU,5.992766880263378e-06,8.181158188131245e-05,4105,False,3.2682864770693403
2,IWM|USO|XLY|VNQ,2.7066155187406903e-06,8.996856088709007e-05,4425,False,3.658392167968743
2,IWM|USO|XLY|HYG,7.614986715956663e-06,7.321629842998369e-05,3989,False,2.8572189743968655
2,IWM|USO|XLY|LQD,6.2333079018872e-06,7.01129770401364e-05,4085,False,2.708803325170383
2,IWM|USO|XLY|AGG,1.9676089389903732e-05,6.703087552892462e-05,3388,False,2.5614025118788764
2,IWM|USO|XLU|VNQ,6.081622900030649e-06,7.846846009814824e-05,4099,False,3.1084024278326843
2,IWM|USO|XLU|HYG,0.00012429300521712397,6.077691501109413e-05,1713,False,2.262308253215492
2,IWM|USO|XLU|LQD,9.421757295519651e-05,5.887035836048055e-05,1959,False,2.1711276091437526
2,IWM|USO|XLU|AGG,0.00018920277300562446,5.6555459656744304e-05,1365,False,2.0604180979946465
2,IWM|USO|VNQ|HYG,2.1400926377384025e-05,6.520060020238127e-05,3306,False,2.473870005016766
2,IWM|USO|VNQ|LQD,1.0095208759486766e-05,6.337813209272024e-05,3815,False,2.3867108765504708
2,IWM|USO|VNQ|AGG,2.4085743235043443e-05,6.062455961414317e-05,3208,False,2.2550218905378747
2,IWM|USO|HYG|LQD,7.433928377781525e-05,5.0076294289280966e-05,2182,False,1.7505534679232084
2,IWM|USO|HYG|AGG,0.00018924647967738054,4.7955718770382525e-05,1363,False,1.6491374194917616
2,IWM|USO|LQD|AGG,0.00017523726647049467,4.660779707623456e-05,1421,False,1.5846733668809314
2,IWM|XLK|XLF|XLE,1.6911315284398308e-05,0.00010241681789206614,3498,False,4.253727266413879
2,IWM|XLK|XLF|XLV,9.228594915342806e-06,9.346350692463105e-05,3872,False,3.82553717810857
2,IWM|XLK|XLF|XLI,7.513833280178034e-08,0.00011627990867087463,4824,False,4.916726472668752
2,IWM|XLK|XLF|XLP,1.1565718411020438e-05,8.186737765093261e-05,3735,False,3.2709548972334135
2,IWM|XLK|XLF|XLY,6.349191922719038e-06,0.00012704583336684542,4080,False,5.431604405873908
2,IWM|XLK|XLF|XLU,1.1656766651606324e-05,9.168305055446142e-05,3730,False,3.740387251657944
2,IWM|XLK|XLF|VNQ,9.654866718314953e-07,0.0001025478379767285,4645,False,4.259993272567959
2,IWM|XLK|XLF|HYG,7.376963762316943e-06,8.228536185242766e-05,4005,False,3.290944897893433
2,IWM|XLK|XLF|LQD,2.5032128282178047e-06,7.971016119510454e-05,4448,False,3.1677865042138524
2,IWM|XLK|XLF|AGG,9.395415439208128e-06,7.52948906657858e-05,3860,False,2.956627181733353
2,IWM|XLK|XLE|XLV,5.287784202569485e-05,8.738410091999613e-05,2473,False,3.534790949876738
2,IWM|XLK|XLE|XLI,6.453717112914664e-06,0.00010927051971412088,4072,False,4.58150401839735
2,IWM|XLK|XLE|XLP,2.47632181394877e-05,7.758010024454902e-05,3185,False,3.0659168171415017
2,IWM|XLK|XLE|XLY,7.749764519985328e-07,0.0001175483262718736,4683,False,4.977388259861803
2,IWM|XLK|XLE|XLU,2.746941261827441e-05,8.814141385732018e-05,3099,False,3.5710092711979766
2,IWM|XLK|XLE|VNQ,3.482077960531851e-07,9.637445678825557e-05,4754,False,3.9647527022527944
2,IWM|XLK|XLE|HYG,2.8275693997155295e-05,7.807695878753675e-05,3075,False,3.089678965487625
2,IWM|XLK|XLE|LQD,2.1105812959830197e-05,7.496321209111737e-05,3321,False,2.9407647283132925
2,IWM|XLK|XLE|AGG,3.5721689988242844e-05,7.094631789945763e-05,2857,False,2.7486576648039596
2,IWM|XLK|XLV|XLI,7.774919533689428e-06,0.00010059490503371607,3981,False,4.166594692716957
2,IWM|XLK|XLV|XLP,3.6090478858734405e-05,7.14314772147399e-05,2840,False,2.7718603002098385
2,IWM|XLK|XLV|XLY,5.489322042393172e-07,0.00011053588244172124,4720,False,4.6420197069554865
2,IWM|XLK|XLV|XLU,2.2789183955469914e-05,7.943487251788612e-05,3254,False,3.1546208849880326
2,IWM|XLK|XLV|VNQ,8.072561876041963e-07,8.994364921411163e-05,4671,False,3.657200772797586
2,IWM|XLK|XLV|HYG,1.024499508648268e-05,6.977336245569772e-05,3807,False,2.6925613338635372
2,IWM|XLK|XLV|LQD,2.9396684595390954e-06,6.813167413405075e-05,4412,False,2.614047958200323
2,IWM|XLK|XLV|AGG,1.748244640915491e-05,6.395878415337023e-05,3474,False,2.4144804310793697
2,IWM|XLK|XLI|XLP,6.755938026235389e-06,8.853906081783677e-05,4046,False,3.5900266478709453
2,IWM|XLK|XLI|XLY,8.061629940624715e-06,0.00013561608901864833,3961,False,5.841474959649148
2,IWM|XLK|XLI|XLU,7.366252949979639e-06,9.999884212971645e-05,4007,False,4.138088118062348
2,IWM|XLK|XLI|VNQ,4.545820124308514e-07,0.0001101403789128037,4734,False,4.623104839417854
2,IWM|XLK|XLI|HYG,5.057379868174419e-06,9.008796091402277e-05,4204,False,3.6641024474689106
2,IWM|XLK|XLI|LQD,3.5920128900723184e-06,8.760884814694878e-05,4342,False,3.5455394355827803
2,IWM|XLK|XLI|AGG,1.0437594184884897e-05,8.304890017849504e-05,3794,False,3.32746094703463
2,IWM|XLK|XLP|XLY,4.647544505069261e-06,9.893054989860064e-05,4237,False,4.086997281785006
2,IWM|XLK|XLP|XLU,5.1210965981490665e-05,7.059481318919447e-05,2504,False,2.7318470308971565
2,IWM|XLK|XLP|VNQ,2.560477805818582e-06,7.952660173385863e-05,4444,False,3.1590078141620896
2,IWM|XLK|XLP|HYG,2.9229948013076136e-05,5.9713748450326945e-05,3046,False,2.211462550972608
2,IWM|XLK|XLP|LQD,1.8212044112884035e-05,5.8284119667734814e-05,3441,False,2.1430908751882582
2,IWM|XLK|XLP|AGG,7.274292853612265e-05,5.4362893615229156e-05,2196,False,1.9555591189704267
2,IWM|XLK|XLY|XLU,4.809421175962909e-06,0.00010806882689939197,4225,False,4.524033329137684
2,IWM|XLK|XLY|VNQ,1.9112645200181616e-07,0.00012073107276478674,4793,False,5.12960239682306
2,IWM|XLK|XLY|HYG,4.3489966600887316e-07,0.00010041149654361552,4740,False,4.15782322282635
2,IWM|XLK|XLY|LQD,2.6699258387526533e-07,9.792529771187e-05,4774,False,4.038921321487091
2,IWM|XLK|XLY|AGG,3.7826985273735712e-06,9.298021865966844e-05,4318,False,3.8024240252644503
2,IWM|XLK|XLU|VNQ,6.709163416570672e-08,9.062141946086173e-05,4829,False,3.6896149827878566
2,IWM|XLK|XLU|HYG,1.7296675121943588e-05,6.936256060974278e-05,3484,False,2.6729148277458323
2,IWM|XLK|XLU|LQD,5.571548090638084e-06,6.807312651723096e-05,4150,False,2.6112479315613157
2,IWM|XLK|XLU|AGG,2.9354495286154727e-05,6.389525027250493e-05,3040,False,2.4114419374810754
2,IWM|XLK|VNQ|HYG,4.6134025272517983e-07,7.829151266064707e-05,4732,False,3.099939956333079
2,IWM|XLK|VNQ|LQD,5.40501576309194e-07,7.70861671090878e-05,4722,False,3.0422945757540067
2,IWM|XLK|VNQ|AGG,7.783880562441678e-07,7.246961708952098e-05,4681,False,2.8215091068102773
2,IWM|XLK|HYG|LQD,5.020169185651819e-07,6.021701554158369e-05,4725,False,2.2355311867019125
2,IWM|XLK|HYG|AGG,1.0599084771140663e-05,5.623346248169548e-05,3785,False,2.0450186553393315
2,IWM|XLK|LQD|AGG,1.2163602778257955e-05,5.5502663345649275e-05,3705,False,2.0100683506157253
2,IWM|XLF|XLE|XLV,2.042164634061539e-05,7.704167461110565e-05,3354,False,3.040166732020086
2,IWM|XLF|XLE|XLI,5.6570731537865556e-06,9.225303690599969e-05,4139,False,3.76764672104147
2,IWM|XLF|XLE|XLP,3.430315385088775e-05,6.936196954393322e-05,2899,False,2.672886560156098
2,IWM|XLF|XLE|XLY,2.4997445629757697e-06,9.808859764246228e-05,4449,False,4.046731104030654
2,IWM|XLF|XLE|XLU,1.1186978036823337e-05,7.723422920507807e-05,3749,False,3.049375612276399
2,IWM|XLF|XLE|VNQ,4.707027144508745e-06,8.584736315258833e-05,4234,False,3.4612968109239213
2,IWM|XLF|XLE|HYG,1.860250161780813e-05,6.38454702573073e-05,3429,False,2.409061219422601
2,IWM|XLF|XLE|LQD,1.4945993287820814e-05,6.124702441164143e-05,3570,False,2.284791129825682
2,IWM|XLF|XLE|AGG,3.662715660537273e-05,5.7761265132054066e-05,2822,False,2.1180854743239
2,IWM|XLF|XLV|XLI,9.176467358843043e-07,8.435599600399436e-05,4654,False,3.3899725116367905
2,IWM|XLF|XLV|XLP,0.000111420373905631,6.399192029252357e-05,1799,False,2.4160651595001488
2,IWM|XLF|XLV|XLY,5.3766378083172785e-06,9.185472759070941e-05,4166,False,3.748597667400052
2,IWM|XLF|XLV|XLU,6.022663055336153e-05,6.930626164404347e-05,2361,False,2.6702223423421683
2,IWM|XLF|XLV|VNQ,1.1976782368563344e-05,8.019512935684388e-05,3712,False,3.1909799977444275
2,IWM|XLF|XLV|HYG,8.454498882673799e-05,5.632044770386776e-05,2059,False,2.0491787040742278
2,IWM|XLF|XLV|LQD,4.710050879345006e-05,5.5194060232974275e-05,2605,False,1.9953094759884251
2,IWM|XLF|XLV|AGG,0.0001413649615903956,5.155230516436616e-05,1609,False,1.8211433568750248
2,IWM|XLF|XLI|XLP,6.114488993953129e-06,7.442444739638973e-05,4095,False,2.9149984276620264
2,IWM|XLF|XLI|XLY,1.851038763652739e-06,0.00011025987766840578,4526,False,4.628819840594485
2,IWM|XLF|XLI|XLU,1.4408299496410723e-05,8.31951747566431e-05,3587,False,3.334456495917255
2,IWM|XLF|XLI|VNQ,8.938204210575918e-07,9.371680255630522e-05,4661,False,3.8376509848654665
2,IWM|XLF|XLI|HYG,1.4634218474778922e-05,6.995998966296208e-05,3580,False,2.701486738180371
2,IWM|XLF|XLI|LQD,9.252167470470104e-06,6.799617774664159e-05,3870,False,2.6075678738716532
2,IWM|XLF|XLI|AGG,2.3292501300183808e-05,6.396736469026023e-05,3239,False,2.414890793331055
2,IWM|XLF|XLP|XLY,2.313808736552362e-07,8.237369065586348e-05,4782,False,3.2951692031008193
2,IWM|XLF|XLP|XLU,0.00012974434521113902,6.25904979236265e-05,1681,False,2.34904244912254
2,IWM|XLF|XLP|VNQ,1.8176885388838143e-05,7.190237748486557e-05,3444,False,2.7943809999801794
2,IWM|XLF|XLP|HYG,0.0001487658742340313,4.838512930677165e-05,1563,False,1.669673882054545
2,IWM|XLF|XLP|LQD,8.382453039645889e-05,4.7470801374933024e-05,2064,False,1.6259463538476087
2,IWM|XLF|XLP|AGG,0.00022892682410617613,4.408071023449975e-05,1189,False,1.4638160056373288
2,IWM|XLF|XLY|XLU,1.4950524896847074e-06,8.882291370502849e-05,4567,False,3.6036018485173225
2,IWM|XLF|XLY|VNQ,1.9330839726200017e-07,0.00010186525058699815,4792,False,4.2273486837954035
2,IWM|XLF|XLY|HYG,1.1802776326743709e-05,7.78412794712647e-05,3721,False,3.0784076550625414
2,IWM|XLF|XLY|LQD,6.677865847134423e-06,7.587038149027268e-05,4053,False,2.9841499013006962
2,IWM|XLF|XLY|AGG,1.3011499552736838e-05,7.14564373501435e-05,3654,False,2.7730540130856065
2,IWM|XLF|XLU|VNQ,2.2004689293815542e-06,8.030814126024235e-05,4483,False,3.196384766669772
2,IWM|XLF|XLU|HYG,0.00010464172086875023,5.534488751456117e-05,1850,False,2.002522756891595
2,IWM|XLF|XLU|LQD,5.1553298204729e-05,5.4570754272802855e-05,2496,False,1.9655000082844922
2,IWM|XLF|XLU|AGG,0.00014921465182043898,5.092401294014921e-05,1558,False,1.7910954222118034
2,IWM|XLF|VNQ|HYG,3.0940206640905207e-06,6.465393058204032e-05,4395,False,2.447725653071546
2,IWM|XLF|VNQ|LQD,5.575151445461643e-06,6.396388588123458e-05,4147,False,2.4147244200698883
2,IWM|XLF|VNQ|AGG,1.9061150094029368e-05,5.987847077374012e-05,3415,False,2.21934035913371
2,IWM|XLF|HYG|LQD,5.1412745180151216e-05,4.339033941916824e-05,2499,False,1.4307991762816417
2,IWM|XLF|HYG|AGG,0.00019207716619194586,3.9937921271352405e-05,1341,False,1.2656880529266124
2,IWM|XLF|LQD|AGG,0.00013560521361228738,3.972242298605971e-05,1642,False,1.255381895780419
2,IWM|XLE|XLV|XLI,1.5411162436064672e-06,7.894315812809335e-05,4558,False,3.1311047546143462
2,IWM|XLE|XLV|XLP,8.956546611167832e-05,6.130119396699271e-05,2004,False,2.2873817766571936
2,IWM|XLE|XLV|XLY,3.965655601374487e-06,8.395377157659033e-05,4296,False,3.3707362186369036
2,IWM|XLE|XLV|XLU,3.5691353543359675e-05,6.736117602775498e-05,2858,False,2.577199059131158
2,IWM|XLE|XLV|VNQ,9.52734724948086e-06,7.56182992492237e-05,3848,False,2.97209412467822
2,IWM|XLE|XLV|HYG,6.738822486045885e-05,5.370859571982961e-05,2257,False,1.9242674689173769
2,IWM|XLE|XLV|LQD,4.499820537381156e-05,5.204366220983988e-05,2654,False,1.8446423973368238
2,IWM|XLE|XLV|AGG,0.00010301234806181993,4.8800283478890745e-05,1867,False,1.6895285371945885
2,IWM|XLE|XLI|XLP,1.0882622873603046e-05,7.080373811874004e-05,3768,False,2.7418388187795033
2,IWM|XLE|XLI|XLY,1.9520707343008903e-07,0.00010142893870216787,4791,False,4.206482165791768
2,IWM|XLE|XLI|XLU,1.0273015226135727e-05,8.032010618823577e-05,3803,False,3.196956986666676
2,IWM|XLE|XLI|VNQ,6.163027552166616e-08,8.820998949656622e-05,4831,False,3.574288885759691
2,IWM|XLE|XLI|HYG,1.056141319115843e-05,6.64181547268051e-05,3786,False,2.532099276983952
2,IWM|XLE|XLI|LQD,6.941158934711995e-06,6.391579677138836e-05,4036,False,2.4124245691804833
2,IWM|XLE|XLI|AGG,1.5510069207099106e-05,6.0285360052665996e-05,3549,False,2.2387997476110506
2,IWM|XLE|XLP|XLY,5.719966482240278e-06,7.626486323999571e-05,4133,False,3.003015902477591
2,IWM|XLE|XLP|XLU,7.177845135143381e-05,6.243754090558932e-05,2210,False,2.34172731405145
2,IWM|XLE|XLP|VNQ,1.0496489220674702e-05,6.911767597549671e-05,3790,False,2.6612032750538925
2,IWM|XLE|XLP|HYG,9.453454078058101e-05,4.756540592098481e-05,1954,False,1.6304707950376147
2,IWM|XLE|XLP|LQD,6.418906238557874e-05,4.6112531950049935e-05,2298,False,1.5609874233359273
2,IWM|XLE|XLP|AGG,0.0001481173617065721,4.312081714727565e-05,1567,False,1.4179093340968127
2,IWM|XLE|XLY|XLU,1.705442626770942e-07,8.345972699840309e-05,4799,False,3.3471086475260394
2,IWM|XLE|XLY|VNQ,6.874516872600271e-08,9.387031938904107e-05,4828,False,3.8449928929489237
2,IWM|XLE|XLY|HYG,5.45356862239026e-06,7.181132639688965e-05,4160,False,2.7900265021254187
2,IWM|XLE|XLY|LQD,3.1636182588378977e-06,6.930188237680137e-05,4389,False,2.670012904868821
2,IWM|XLE|XLY|AGG,3.375107133981345e-06,6.52863145743312e-05,4369,False,2.477969275624898
2,IWM|XLE|XLU|VNQ,2.0327913204457288e-06,7.826908046011584e-05,4503,False,3.09886714137543
2,IWM|XLE|XLU|HYG,4.704270519637336e-05,5.5270804838016685e-05,2607,False,1.9989797695066096
2,IWM|XLE|XLU|LQD,2.862012244351263e-05,5.395812555716212e-05,3069,False,1.9362011774047554
2,IWM|XLE|XLU|AGG,6.572180704395094e-05,5.070976056216748e-05,2278,False,1.7808488503032323
2,IWM|XLE|VNQ|HYG,6.152671227005117e-06,6.194810341416418e-05,4091,False,2.3183200758313642
2,IWM|XLE|VNQ|LQD,3.1328798917408935e-06,6.0719512674262166e-05,4391,False,2.2595629993349546
2,IWM|XLE|VNQ|AGG,8.720466939016925e-06,5.7032473904426706e-05,3909,False,2.083231197369942
2,IWM|XLE|HYG|LQD,3.919461464317723e-05,4.211094433577786e-05,2769,False,1.3696123934560651
2,IWM|XLE|HYG|AGG,0.00010832276540656525,3.9056902525621024e-05,1823,False,1.2235535290722015
2,IWM|XLE|LQD|AGG,8.275175923257651e-05,3.830285820123207e-05,2075,False,1.1874915284312568
2,IWM|XLV|XLI|XLP,3.627330902207775e-05,6.571138515436067e-05,2833,False,2.4982981807484683
2,IWM|XLV|XLI|XLY,9.209250708664859e-06,9.547276493744526e-05,3875,False,3.92162949178608
2,IWM|XLV|XLI|XLU,4.341337878053891e-06,7.266983491423145e-05,4265,False,2.83108447935736
2,IWM|XLV|XLI|VNQ,7.334672342370448e-07,8.283545198785203e-05,4691,False,3.3172528352051107
2,IWM|XLV|XLI|HYG,3.696496936622941e-06,5.917082846039582e-05,4329,False,2.185497524260493
2,IWM|XLV|XLI|LQD,2.5533271693816146e-06,5.814052887975147e-05,4445,False,2.136223677968141
2,IWM|XLV|XLI|AGG,7.4513281818880156e-06,5.4354096372008343e-05,4003,False,1.9551383927870891
2,IWM|XLV|XLP|XLY,1.0157851148725136e-05,7.28356811258688e-05,3813,False,2.8390160372206346
2,IWM|XLV|XLP|XLU,0.00026333061549998967,5.7314261282180706e-05,1083,False,2.0967076154908653
2,IWM|XLV|XLP|VNQ,2.358662747211395e-05,6.627013011737822e-05,3227,False,2.5250200332480435
2,IWM|XLV|XLP|HYG,0.00027873439426613807,4.2845071305171234e-05,1030,False,1.4047218510628872
2,IWM|XLV|XLP|LQD,0.00015201860234728486,4.286425570900875e-05,1547,False,1.4056393408723162
2,IWM|XLV|XLP|AGG,0.00039838978778582255,3.971654511721371e-05,799,False,1.2551007880215832
2,IWM|XLV|XLY|XLU,2.457158650867501e-07,7.747262657465122e-05,4779,False,3.060776912990801
2,IWM|XLV|XLY|VNQ,8.119344180323536e-08,9.015895273057934e-05,4821,False,3.667497615168421
2,IWM|XLV|XLY|HYG,2.4552207638805917e-05,6.622717098073283e-05,3190,False,2.522965522176037
2,IWM|XLV|XLY|LQD,1.1138489263698284e-05,6.518978533541695e-05,3751,False,2.4733527864305573
2,IWM|XLV|XLY|AGG,1.6946895612543946e-05,6.1018221743926e-05,3494,False,2.2738486935750144
2,IWM|XLV|XLU|VNQ,1.8463920136801649e-06,7.28636162923724e-05,4528,False,2.840352030291299
2,IWM|XLV|XLU|HYG,0.00018935721147243206,4.7992551912578164e-05,1361,False,1.6508989562536005
2,IWM|XLV|XLU|LQD,9.247476351623268e-05,4.8151931006495984e-05,1975,False,1.6585212256628625
2,IWM|XLV|XLU|AGG,0.00024604661360447494,4.474757022248058e-05,1134,False,1.4957084349497212
2,IWM|XLV|VNQ|HYG,1.2539972138193981e-05,5.6945584254015784e-05,3684,False,2.0790757193330913
2,IWM|XLV|VNQ|LQD,6.147432229934926e-06,5.718905188888616e-05,4092,False,2.0907195043477977
2,IWM|XLV|VNQ|AGG,1.9625988655936824e-05,5.334601733002994e-05,3391,False,1.9069272387711669
2,IWM|XLV|HYG|LQD,0.00010605247455303567,3.6707694792706766e-05,1844,False,1.1112031963000295
2,IWM|XLV|HYG|AGG,0.0003318920418247626,3.3497657193529165e-05,919,False,0.9576838683045471
2,IWM|XLV|LQD|AGG,0.000191727829734799,3.421567124391261e-05,1347,False,0.9920227291747192
2,IWM|XLI|XLP|XLY,1.588669128135006e-07,8.553201306041846e-05,4804,False,3.446215263515992
2,IWM|XLI|XLP|XLU,3.404134682114268e-05,6.549435625163361e-05,2905,False,2.487918822166877
2,IWM|XLI|XLP|VNQ,3.1043733106238383e-06,7.408298517369284e-05,4393,False,2.898668073470007
2,IWM|XLI|XLP|HYG,4.500955496532362e-05,5.0775795121118836e-05,2653,False,1.7840069382699553
2,IWM|XLI|XLP|LQD,2.5740601984930685e-05,4.995755507952935e-05,3148,False,1.7448747918564689
2,IWM|XLI|XLP|AGG,6.769108294555194e-05,4.6422786499961076e-05,2253,False,1.5758252775785386
2,IWM|XLI|XLY|XLU,9.728937246217135e-06,9.362534451793435e-05,3832,False,3.833277024699368
2,IWM|XLI|XLY|VNQ,1.5656890095610492e-06,0.0001059444307607242,4556,False,4.422434560422941
2,IWM|XLI|XLY|HYG,4.914017387278181e-06,8.213051777051066e-05,4216,False,3.283539514415661
2,IWM|XLI|XLY|LQD,4.5295149086109165e-06,8.025570767976776e-05,4246,False,3.1938771424472647
2,IWM|XLI|XLY|AGG,1.5126548088719255e-05,7.56970861005036e-05,3561,False,2.975862088164526
2,IWM|XLI|XLU|VNQ,2.333064188041952e-07,8.413285735742049e-05,4780,False,3.379300955926472
2,IWM|XLI|XLU|HYG,2.6512884090173946e-05,5.937966173725923e-05,3132,False,2.195484928873878
2,IWM|XLI|XLU|LQD,1.2439794407978096e-05,5.870161638575005e-05,3690,False,2.163057562060225
2,IWM|XLI|XLU|AGG,3.318978086008523e-05,5.491019761396141e-05,2927,False,1.9817338099198853
2,IWM|XLI|VNQ|HYG,2.3658494069464206e-06,6.796545416555859e-05,4459,False,2.606098525499321
2,IWM|XLI|VNQ|LQD,2.0494472605799473e-07,6.737149735500195e-05,4789,False,2.5776926742911126
2,IWM|XLI|VNQ|AGG,1.1139782906069602e-06,6.314140480837249e-05,4626,False,2.375389447287283
2,IWM|XLI|HYG|LQD,8.922218358502997e-06,4.7008009018455526e-05,3895,False,1.603813413228448
2,IWM|XLI|HYG|AGG,2.763369068564587e-05,4.3410913431504696e-05,3094,False,1.431783123805768
2,IWM|XLI|LQD|AGG,1.2437953462344838e-05,4.329150303646113e-05,3691,False,1.4260723484530247
2,IWM|XLP|XLY|XLU,4.7195118659939016e-05,7.074765958481208e-05,2604,False,2.7391568754758486
2,IWM|XLP|XLY|VNQ,2.9652308282804996e-06,8.185699758917884e-05,4410,False,3.2704584731088486
2,IWM|XLP|XLY|HYG,7.934421991096327e-06,5.828264931421453e-05,3971,False,2.1430205558610305
2,IWM|XLP|XLY|LQD,7.625143779056131e-06,5.745732320795351e-05,3987,False,2.103549519994416
2,IWM|XLP|XLY|AGG,3.071093911546812e-05,5.353742354463742e-05,2994,False,1.9160811980419945
2,IWM|XLP|XLU|VNQ,1.9701481431002487e-06,6.732693436540087e-05,4512,False,2.5755614593113316
2,IWM|XLP|XLU|HYG,0.000387964618958822,4.281330346048883e-05,818,False,1.4032025610181984
2,IWM|XLP|XLU|LQD,0.0001870122292873427,4.318474209346151e-05,1374,False,1.4209665303063261
2,IWM|XLP|XLU|AGG,0.00046751934109373427,4.003204523762097e-05,677,False,1.2701895104963061
2,IWM|XLP|VNQ|HYG,2.676470105430665e-05,5.018934765036511e-05,3123,False,1.755960219553069
2,IWM|XLP|VNQ|LQD,9.307242422916775e-06,5.064487482429034e-05,3864,False,1.7777457044466416
2,IWM|XLP|VNQ|AGG,2.9741442055393093e-05,4.7053504193608974e-05,3026,False,1.6059892097731314
2,IWM|XLP|HYG|LQD,0.0001626604655922512,3.052095120299315e-05,1493,False,0.8153235721434388
2,IWM|XLP|HYG|AGG,0.0005009270415378442,2.75625775319904e-05,620,False,0.6738400150510776
2,IWM|XLP|LQD|AGG,0.00029173185650679007,2.84926511214287e-05,998,False,0.7183205758001152
2,IWM|XLY|XLU|VNQ,8.61182266958479e-08,8.958536546181815e-05,4819,False,3.6400659327265887
2,IWM|XLY|XLU|HYG,1.719109739685551e-07,6.456501161926657e-05,4798,False,2.443473123626228
2,IWM|XLY|XLU|LQD,1.6769708815603355e-07,6.387988020308585e-05,4801,False,2.4107068673594463
2,IWM|XLY|XLU|AGG,2.810431085197308e-06,5.970333034754941e-05,4419,False,2.2109643075446166
2,IWM|XLY|VNQ|HYG,4.793978975831835e-06,7.567151312987345e-05,4227,False,2.97463906658154
2,IWM|XLY|VNQ|LQD,3.248942937698429e-07,7.50704702546453e-05,4759,False,2.945894325920204
2,IWM|XLY|VNQ|AGG,1.3228563837071104e-06,7.045524662426802e-05,4596,False,2.725172291241884
2,IWM|XLY|HYG|LQD,1.4596719246988718e-05,5.443982369570856e-05,3581,False,1.9592382828097732
2,IWM|XLY|HYG|AGG,2.9125339239005278e-05,5.045759702500992e-05,3050,False,1.7687891857126028
2,IWM|XLY|LQD|AGG,7.757938871901817e-06,5.033110056529483e-05,3983,False,1.7627395209067318
2,IWM|XLU|VNQ|HYG,2.155526673249195e-05,5.8428250681628915e-05,3299,False,2.1499839085913557
2,IWM|XLU|VNQ|LQD,6.244915183496936e-07,5.902397254563445e-05,4705,False,2.178474173084761
2,IWM|XLU|VNQ|AGG,3.488749262292227e-06,5.517595172273273e-05,4354,False,1.9944434405488423
2,IWM|XLU|HYG|LQD,0.00011114805973133612,3.7454043356750005e-05,1802,False,1.146897148929016
2,IWM|XLU|HYG|AGG,0.00037621586391353555,3.42390194935269e-05,835,False,0.9931393539742464
2,IWM|XLU|LQD|AGG,0.00018813423658907644,3.53092877730455e-05,1371,False,1.044324694323117
2,IWM|VNQ|HYG|LQD,1.7992146514245824e-05,4.4911339593818944e-05,3454,False,1.5035406683916437
2,IWM|VNQ|HYG|AGG,3.593645846840302e-05,4.125764195575502e-05,2850,False,1.3288033985733843
2,IWM|VNQ|LQD|AGG,8.400054539213465e-06,4.241199877622618e-05,3934,False,1.3840102545276995
2,IWM|HYG|LQD|AGG,0.00019467800192117117,2.5864773830635185e-05,1329,False,0.5926429339430334
2,EFA|EEM|TLT|GLD,0.0001414969694055461,6.462930848942452e-05,1607,False,2.4465481070162634
2,EFA|EEM|TLT|USO,0.0007493542476473288,5.731147625806664e-05,362,False,2.096574422337442
2,EFA|EEM|TLT|XLK,5.098347398796958e-05,8.34705790382816e-05,2510,False,3.3476276438985293
2,EFA|EEM|TLT|XLF,0.00041951958852292856,5.6898089961012153e-05,766,False,2.076804315425733
2,EFA|EEM|TLT|XLE,0.0004935162410907308,5.360919944110187e-05,630,False,1.9195138641871887
2,EFA|EEM|TLT|XLV,0.0005361813017816014,5.293806899620965e-05,573,False,1.8874172012311037
2,EFA|EEM|TLT|XLI,3.852143140522651e-06,6.431026513013269e-05,4307,False,2.4312899299368262
2,EFA|EEM|TLT|XLP,0.0007057156534954326,4.656352734402921e-05,400,False,1.5825561768703078
2,EFA|EEM|TLT|XLY,1.974294666248983e-05,7.158926693335569e-05,3386,False,2.779406558101864
2,EFA|EEM|TLT|XLU,0.0006133543187281537,5.47546474970634e-05,484,False,1.9742946604775486
2,EFA|EEM|TLT|VNQ,3.0699968456998846e-05,6.089767051257934e-05,2996,False,2.2680833579820274
2,EFA|EEM|TLT|HYG,0.0006271877052625922,4.463935483712579e-05,474,False,1.4905330584236967
2,EFA|EEM|TLT|LQD,0.00024293676666333798,4.709632356532977e-05,1141,False,1.6080370366189756
2,EFA|EEM|TLT|AGG,0.0007860286184907677,4.338742623632115e-05,330,False,1.4306598539655644
2,EFA|EEM|GLD|USO,4.578655151574874e-05,8.085009957670336e-05,2638,False,3.222303801563934
2,EFA|EEM|GLD|XLK,7.789214470039109e-07,0.00010394252900414427,4680,False,4.326694058049429
2,EFA|EEM|GLD|XLF,2.9219702367983052e-05,7.346991983708998e-05,3047,False,2.8693483612907147
2,EFA|EEM|GLD|XLE,5.487803810145534e-05,7.296591114009353e-05,2431,False,2.8452442584332904
2,EFA|EEM|GLD|XLV,2.7756107917731564e-05,6.9255516894521e-05,3092,False,2.66779548608105
2,EFA|EEM|GLD|XLI,1.1733434187093345e-05,8.27725536285018e-05,3725,False,3.3142447352806923
2,EFA|EEM|GLD|XLP,4.449918926943064e-05,6.220934979894023e-05,2663,False,2.330814125571574
2,EFA|EEM|GLD|XLY,3.3858009822795173e-06,8.822339883403664e-05,4367,False,3.574930184315773
2,EFA|EEM|GLD|XLU,3.5124907021844945e-05,7.143263555752285e-05,2873,False,2.771915697693554
2,EFA|EEM|GLD|VNQ,1.763512096946697e-06,7.574610163555273e-05,4535,False,2.978206245131413
2,EFA|EEM|GLD|HYG,3.4885096245643985e-05,6.086062907396857e-05,2880,False,2.2663118594908664
2,EFA|EEM|GLD|LQD,5.904752839977196e-06,6.112493949293155e-05,4114,False,2.2789524459786374
2,EFA|EEM|GLD|AGG,2.6082243834221174e-05,5.81206491649181e-05,3140,False,2.135272935066331
2,EFA|EEM|USO|XLK,3.0181799179268757e-05,9.83436668004504e-05,3016,False,4.058929729285617
2,EFA|EEM|USO|XLF,0.0001331910269734231,7.075310654739377e-05,1655,False,2.7394173752392694
2,EFA|EEM|USO|XLE,1.1815580611900932e-05,9.67294655580306e-05,3719,False,3.9817309170196022
2,EFA|EEM|USO|XLV,0.00013151447272901614,6.359131154174251e-05,1668,False,2.396906135872271
2,EFA|EEM|USO|XLI,3.060147528205219e-05,7.691894325988005e-05,2998,False,3.034297132683007
2,EFA|EEM|USO|XLP,0.00017241810886971324,5.9182052433209376e-05,1439,False,2.1860343082421565
2,EFA|EEM|USO|XLY,2.8979365434105836e-05,8.1204733045358e-05,3058,False,3.23926406763886
2,EFA|EEM|USO|XLU,0.00013362921092710655,6.75583455517203e-05,1653,False,2.586628647379003
2,EFA|EEM|USO|VNQ,2.995011359756676e-05,7.027899653830155e-05,3020,False,2.716743170422972
2,EFA|EEM|USO|HYG,0.00010189697914681357,5.904250268798031e-05,1880,False,2.179360372985138
2,EFA|EEM|USO|LQD,0.00010302294612191507,5.690125534131637e-05,1866,False,2.076955699028616
2,EFA|EEM|USO|AGG,0.00023002156189501452,5.464974317927783e-05,1183,False,1.9692776350151706
2,EFA|EEM|XLK|XLF,1.5983858747022964e-05,0.00010129258682557577,3530,False,4.199961167884857
2,EFA|EEM|XLK|XLE,5.516774139375297e-05,9.598239894836004e-05,2428,False,3.9460026240195853
2,EFA|EEM|XLK|XLV,9.42480314787319e-06,9.056027956625391e-05,3857,False,3.6866909810452255
2,EFA|EEM|XLK|XLI,5.351913270674134e-05,0.00011281415760400643,2454,False,4.750977705451339
2,EFA|EEM|XLK|XLP,2.2623427879284945e-05,8.019356611891681e-05,3265,False,3.190905236241284
2,EFA|EEM|XLK|XLY,7.21700680449092e-05,0.00012283005140235092,2199,False,5.2299855792500445
2,EFA|EEM|XLK|XLU,1.285678659678601e-05,9.057411139373005e-05,3663,False,3.687352485091044
2,EFA|EEM|XLK|VNQ,2.8626013058744085e-06,9.780002923992845e-05,4416,False,4.032930384920985
2,EFA|EEM|XLK|HYG,3.028218061980284e-05,8.299622162554236e-05,3009,False,3.3249416070583186
2,EFA|EEM|XLK|LQD,2.4489832868528324e-05,8.147209683698019e-05,3193,False,3.252050680989021
2,EFA|EEM|XLK|AGG,3.479063885215816e-05,7.735760713395188e-05,2883,False,3.055276134044441
2,EFA|EEM|XLF|XLE,2.075255056659731e-05,7.127612836336602e-05,3336,False,2.7644307762460394
2,EFA|EEM|XLF|XLV,9.955033552734704e-05,6.663258275965937e-05,1901,False,2.542354249547393
2,EFA|EEM|XLF|XLI,6.981825186002707e-06,8.221140429818117e-05,4034,False,3.2874078944542773
2,EFA|EEM|XLF|XLP,0.000138766691400296,5.8390164920596936e-05,1629,False,2.1481624656146994
2,EFA|EEM|XLF|XLY,5.0329282235315785e-06,8.978505227523555e-05,4207,False,3.649615909777715
2,EFA|EEM|XLF|XLU,0.00010763278804146587,6.608165624378386e-05,1829,False,2.516006312528285
2,EFA|EEM|XLF|VNQ,1.4607972542178866e-06,7.368766510655714e-05,4571,False,2.8797619799509313
2,EFA|EEM|XLF|HYG,5.828732131880277e-05,5.517946259760883e-05,2382,False,1.9946113473521125
2,EFA|EEM|XLF|LQD,4.786197456110247e-05,5.4170638659800167e-05,2588,False,1.946364568860228
2,EFA|EEM|XLF|AGG,0.00014767716949268597,5.058728386884423e-05,1568,False,1.7749914299232001
2,EFA|EEM|XLE|XLV,7.62358105694289e-05,6.291894596329639e-05,2155,False,2.3647504029310786
2,EFA|EEM|XLE|XLI,2.7057127471525884e-05,7.756778454969936e-05,3115,False,3.0653278217983937
2,EFA|EEM|XLE|XLP,8.4109079562591e-05,5.646865672248528e-05,2062,False,2.0562667671383053
2,EFA|EEM|XLE|XLY,9.03028166555564e-06,8.265331438853568e-05,3884,False,3.3085421453811286
2,EFA|EEM|XLE|XLU,4.593912617475557e-05,6.490578875491458e-05,2632,False,2.4597707136838363
2,EFA|EEM|XLE|VNQ,5.270602406878683e-06,6.988005312635618e-05,4174,False,2.6976637912512857
2,EFA|EEM|XLE|HYG,3.447964204002403e-05,5.333682874098989e-05,2891,False,1.9064877965618237
2,EFA|EEM|XLE|LQD,4.032544603584025e-05,5.178945876408497e-05,2742,False,1.8324851745751882
2,EFA|EEM|XLE|AGG,0.00010463200307964668,4.860448031078802e-05,1851,False,1.6801642946093247
2,EFA|EEM|XLV|XLI,4.703673800875096e-06,7.320193523302298e-05,4235,False,2.856532057724662
2,EFA|EEM|XLV|XLP,0.0002416814856192685,5.462979905640459e-05,1145,False,1.9683238118133042
2,EFA|EEM|XLV|XLY,3.5796248020461056e-05,7.995063592211174e-05,2855,False,3.179287154081474
2,EFA|EEM|XLV|XLU,0.00015763930373609023,6.0509012779208924e-05,1515,False,2.2494958890805536
2,EFA|EEM|XLV|VNQ,4.374913309305681e-06,6.775901091594065e-05,4260,False,2.5962254234027387
2,EFA|EEM|XLV|HYG,0.0001345165020355093,4.934299777287928e-05,1648,False,1.715483726544398
2,EFA|EEM|XLV|LQD,9.704612944628598e-05,4.9267686170746756e-05,1920,False,1.7118819660688789
2,EFA|EEM|XLV|AGG,0.0002575297999838117,4.592671192842906e-05,1102,False,1.5521006224913978
2,EFA|EEM|XLI|XLP,1.3683115097773093e-05,6.449980245177967e-05,3628,False,2.4403545098211126
2,EFA|EEM|XLI|XLY,1.2820536462649085e-06,9.779326229131705e-05,4602,False,4.0326067571218385
2,EFA|EEM|XLI|XLU,5.020993517664148e-05,7.383540218331748e-05,2531,False,2.8868274725015715
2,EFA|EEM|XLI|VNQ,1.607200346810992e-06,8.071816040691093e-05,4553,False,3.215993840369709
2,EFA|EEM|XLI|HYG,4.457030097522016e-05,6.242001602348254e-05,2662,False,2.3408891904964726
2,EFA|EEM|XLI|LQD,2.3053624558008803e-05,6.1507279975923e-05,3249,False,2.297237793798038
2,EFA|EEM|XLI|AGG,4.9538158717476464e-05,5.777924774583206e-05,2546,False,2.1189454887933588
2,EFA|EEM|XLP|XLY,3.1684121530898676e-06,7.169901481362714e-05,4387,False,2.7846552258534563
2,EFA|EEM|XLP|XLU,0.0002842821338425397,5.5022664885153285e-05,1017,False,1.98711253193214
2,EFA|EEM|XLP|VNQ,8.260161947054813e-06,6.069567487032366e-05,3939,False,2.258422961709705
2,EFA|EEM|XLP|HYG,0.0001912851239917715,4.263709520214449e-05,1351,False,1.3947754405959305
2,EFA|EEM|XLP|LQD,0.0001306753807632117,4.277384313906683e-05,1677,False,1.4013153799992772
2,EFA|EEM|XLP|AGG,0.00037863856335190163,3.9684532824923975e-05,832,False,1.2535698073249166
2,EFA|EEM|XLY|XLU,7.515176990485998e-06,7.871311023407659e-05,3999,False,3.1201027656951896
2,EFA|EEM|XLY|VNQ,3.0421929743017347e-06,8.811657753997756e-05,4405,False,3.569821479893196
2,EFA|EEM|XLY|HYG,4.3449583796054064e-05,6.955127493415888e-05,2681,False,2.6819400479721947
2,EFA|EEM|XLY|LQD,2.2229222350811567e-05,6.863145282192781e-05,3278,False,2.6379497618206313
2,EFA|EEM|XLY|AGG,3.548005288704715e-05,6.451828950808906e-05,2864,False,2.4412386491414617
2,EFA|EEM|XLU|VNQ,8.151373667695392e-06,6.966631101698488e-05,3951,False,2.6874416228245277
2,EFA|EEM|XLU|HYG,0.00015442037122113454,5.0161725781218446e-05,1528,False,1.7546392098582102
2,EFA|EEM|XLU|LQD,0.0001027459084140238,5.0438668408221086e-05,1871,False,1.76788392886139
2,EFA|EEM|XLU|AGG,0.0002901919422123145,4.709270790185787e-05,1003,False,1.6078641183246212
2,EFA|EEM|VNQ|HYG,2.99037853003734e-05,5.5831899272628945e-05,3022,False,2.0258139849580887
2,EFA|EEM|VNQ|LQD,5.649581792090058e-06,5.619293044058414e-05,4141,False,2.0430802195667126
2,EFA|EEM|VNQ|AGG,2.1203147112279505e-05,5.2408296159380105e-05,3313,False,1.8620809341664535
2,EFA|EEM|HYG|LQD,7.572597634572456e-05,4.107805248843255e-05,2162,False,1.3202145725903254
2,EFA|EEM|HYG|AGG,0.0002477933876592907,3.792641516690714e-05,1131,False,1.1694882247712157
2,EFA|EEM|LQD|AGG,0.00018880839755467023,3.87619927503754e-05,1368,False,1.209449535235305
2,EFA|TLT|GLD|USO,0.0006807305631391641,5.864925962262339e-05,424,False,2.1605536116101485
2,EFA|TLT|GLD|XLK,3.824552448441828e-05,6.599490126322767e-05,2786,False,2.511857275047023
2,EFA|TLT|GLD|XLF,0.0011211906801294155,4.764680673195664e-05,170,False,1.6343637705597347
2,EFA|TLT|GLD|XLE,0.0005128447920001453,4.741657762221538e-05,603,False,1.62335311503921
2,EFA|TLT|GLD|XLV,0.0006641965977515502,4.676045812246329e-05,440,False,1.591974347166685
2,EFA|TLT|GLD|XLI,8.630302685324467e-05,5.3119730971087564e-05,2038,False,1.896105144423026
2,EFA|TLT|GLD|XLP,0.0012044719385064819,4.192398295706481e-05,149,False,1.3606710074646706
2,EFA|TLT|GLD|XLY,4.737928222789081e-05,5.835559898274423e-05,2598,False,2.146509357391904
2,EFA|TLT|GLD|XLU,0.0008690982035222742,4.964553437821181e-05,281,False,1.72995247181909
2,EFA|TLT|GLD|VNQ,8.826135886311804e-05,5.373439302335883e-05,2017,False,1.9255012191709309
2,EFA|TLT|GLD|HYG,0.001226813842301992,3.841003557632112e-05,146,False,1.192617262349204
2,EFA|TLT|GLD|LQD,0.00044771977077763666,4.167654606396015e-05,712,False,1.3488373935654285
2,EFA|TLT|GLD|AGG,0.0010929292002960843,3.86849761833167e-05,180,False,1.2057662351947076
2,EFA|TLT|USO|XLK,0.0001661715483706455,6.595011829845978e-05,1469,False,2.5097155398042417
2,EFA|TLT|USO|XLF,0.0023024557801247154,5.048407268118641e-05,12,False,1.7700553780293207
2,EFA|TLT|USO|XLE,0.0013825429095757876,7.673421127907843e-05,111,False,3.0254623671465524
2,EFA|TLT|USO|XLV,0.0017031632947667958,4.665033200861077e-05,62,False,1.586707590478936
2,EFA|TLT|USO|XLI,0.00020925901999579102,5.282019984139178e-05,1273,False,1.8817801353463703
2,EFA|TLT|USO|XLP,0.0021181893441033694,4.445076483025993e-05,17,False,1.4815137836562837
2,EFA|TLT|USO|XLY,0.00023554545703874112,5.6891012432991575e-05,1167,False,2.0764658342360214
2,EFA|TLT|USO|XLU,0.0017251924682902152,5.1325323611335246e-05,58,False,1.81028801502557
2,EFA|TLT|USO|VNQ,0.00036965210963875445,5.382136716503362e-05,857,False,1.9296607379835196
2,EFA|TLT|USO|HYG,0.0018809913884032944,4.2145988429258835e-05,41,False,1.3712883693645057
2,EFA|TLT|USO|LQD,0.001036767754858325,4.300694115127096e-05,202,False,1.4124632401364383
2,EFA|TLT|USO|AGG,0.002154434463888026,4.07681494366024e-05,15,False,1.3053935286645775
2,EFA|TLT|XLK|XLF,0.00013710641213354697,6.527676517253177e-05,1636,False,2.477512577626288
2,EFA|TLT|XLK|XLE,0.0002800135988189741,6.024035688257124e-05,1027,False,2.236647481097916
2,EFA|TLT|XLK|XLV,0.0001082495254173302,5.7872512246285534e-05,1824,False,2.1234058426032707
2,EFA|TLT|XLK|XLI,0.00020670035569403841,7.296862639868154e-05,1281,False,2.845374115066083
2,EFA|TLT|XLK|XLP,0.0004956452447151734,4.971549072913071e-05,627,False,1.7332981186067908
2,EFA|TLT|XLK|XLY,9.138756146824353e-05,8.276954300314786e-05,1987,False,3.314100752798587
2,EFA|TLT|XLK|XLU,0.00022141197664945803,5.859430166650835e-05,1231,False,2.157925259688991
2,EFA|TLT|XLK|VNQ,2.5632403585486617e-06,6.559561207982388e-05,4443,False,2.492761359432913
2,EFA|TLT|XLK|HYG,7.768097813940145e-05,5.0352919579984244e-05,2136,False,1.7637830103890666
2,EFA|TLT|XLK|LQD,3.5805481433772426e-05,5.1830994860098135e-05,2854,False,1.8344716290482228
2,EFA|TLT|XLK|AGG,0.0001828475502113274,4.77292256044398e-05,1396,False,1.638305434645228
2,EFA|TLT|XLF|XLE,0.0013673835721507552,4.765860093336048e-05,113,False,1.6349278255957957
2,EFA|TLT|XLF|XLV,0.001637690778806329,4.6069330075474266e-05,69,False,1.5589213033768652
2,EFA|TLT|XLF|XLI,6.403760522756644e-05,5.4490387728639534e-05,2299,False,1.9616564963404473
2,EFA|TLT|XLF|XLP,0.002112281218354776,4.003660416659412e-05,18,False,1.2704075402516326
2,EFA|TLT|XLF|XLY,0.00012107923000611758,6.184905851181575e-05,1737,False,2.3135832755976833
2,EFA|TLT|XLF|XLU,0.002070011466241846,4.622636115234543e-05,22,False,1.5664312793976578
2,EFA|TLT|XLF|VNQ,3.112170944918275e-05,5.360776258223583e-05,2983,False,1.9194451467342855
2,EFA|TLT|XLF|HYG,0.002164848615501221,3.4660675187833984e-05,14,False,1.013304942954287
2,EFA|TLT|XLF|LQD,0.0008843531585295213,3.665405131870138e-05,269,False,1.1086377091908568
2,EFA|TLT|XLF|AGG,0.002629071284090818,3.308341697511543e-05,5,False,0.9378729227954131
2,EFA|TLT|XLE|XLV,0.001583069996019709,4.262947286636648e-05,76,False,1.3944109040974495
2,EFA|TLT|XLE|XLI,6.642711654182183e-05,5.012054756741292e-05,2268,False,1.7526698710214634
2,EFA|TLT|XLE|XLP,0.0019656246640541654,3.8388875555737645e-05,35,False,1.1916052891121374
2,EFA|TLT|XLE|XLY,2.6025389544870484e-05,5.499110021237106e-05,3142,False,1.985602958537995
2,EFA|TLT|XLE|XLU,0.0013633302688603364,4.5324273250731316e-05,115,False,1.5232891278901073
2,EFA|TLT|XLE|VNQ,9.066130949168428e-05,5.0073930189290055e-05,1995,False,1.7504404053715388
2,EFA|TLT|XLE|HYG,0.0016181973459980404,3.309182091847023e-05,72,False,0.9382748395008972
2,EFA|TLT|XLE|LQD,0.0007548743283650439,3.454665101024136e-05,357,False,1.0078517622427148
2,EFA|TLT|XLE|AGG,0.0019231157412236363,3.137439300431441e-05,39,False,0.856139234818437
2,EFA|TLT|XLV|XLI,0.000342421617090835,4.8808972996556966e-05,902,False,1.6899441114274463
2,EFA|TLT|XLV|XLP,0.0018941644881256478,3.9604292635477396e-05,40,False,1.249732338266852
2,EFA|TLT|XLV|XLY,5.685059605602845e-06,5.5342696491767566e-05,4137,False,2.002417971718056
2,EFA|TLT|XLV|XLU,0.0018620317808366884,4.3981772020846114e-05,42,False,1.4590843077665405
2,EFA|TLT|XLV|VNQ,4.8183615410217255e-05,5.1007162724694974e-05,2573,False,1.795072042002707
2,EFA|TLT|XLV|HYG,0.0019309352768795615,3.215226469618007e-05,37,False,0.893340773963187
2,EFA|TLT|XLV|LQD,0.0007225360836207079,3.5079153162723594e-05,381,False,1.0333185582161215
2,EFA|TLT|XLV|AGG,0.001970569324394229,3.1750899367775877e-05,33,False,0.8741455671802248
2,EFA|TLT|XLI|XLP,0.0006441381882603174,4.2316532145495955e-05,456,False,1.3794445843313592
2,EFA|TLT|XLI|XLY,0.00021930002514822686,6.602755897561636e-05,1239,False,2.5134191228151197
2,EFA|TLT|XLI|XLU,0.00012335940249283292,5.0150397539598136e-05,1723,False,1.7540974392442568
2,EFA|TLT|XLI|VNQ,3.2152646194773264e-06,5.680854833030872e-05,4381,False,2.0725220070263757
2,EFA|TLT|XLI|HYG,0.00018370166770418457,3.807151906142679e-05,1392,False,1.17642778597196
2,EFA|TLT|XLI|LQD,8.080400808557744e-05,4.0160983082543304e-05,2091,False,1.276355934001979
2,EFA|TLT|XLI|AGG,0.0002457757820325828,3.644567129982236e-05,1136,False,1.098671981538885
2,EFA|TLT|XLP|XLY,0.0004167942904714766,4.930076731346524e-05,770,False,1.7134640642974994
2,EFA|TLT|XLP|XLU,0.0028092356437519252,4.070511605697276e-05,1,False,1.3023789714255887
2,EFA|TLT|XLP|VNQ,5.9312600916249056e-05,4.615351860926027e-05,2371,False,1.5629476011171357
2,EFA|TLT|XLP|HYG,0.0027808704537392297,2.7656054055627563e-05,2,False,0.6783105088221809
2,EFA|TLT|XLP|LQD,0.0010449656605201162,3.0795002061225945e-05,195,False,0.828429992953981
2,EFA|TLT|XLP|AGG,0.002700729564014005,2.7718412194453084e-05,4,False,0.6812927728212057
2,EFA|TLT|XLY|XLU,0.00018293266052538993,5.481312839647908e-05,1395,False,1.9770914963716726
2,EFA|TLT|XLY|VNQ,1.3724541578467891e-05,6.39919882694972e-05,3624,False,2.416068410483661
2,EFA|TLT|XLY|HYG,1.0643649939264566e-05,4.498780077822496e-05,3783,False,1.5071974073814791
2,EFA|TLT|XLY|LQD,7.849699115712183e-06,4.707017873466995e-05,3974,False,1.60678666595837
2,EFA|TLT|XLY|AGG,6.384919609376197e-05,4.296973586820119e-05,2302,False,1.4106839058207854
2,EFA|TLT|XLU|VNQ,8.695203805552308e-05,5.362242041848587e-05,2031,False,1.9201461544643972
2,EFA|TLT|XLU|HYG,0.0025249379589323607,3.36789502972659e-05,7,False,0.9663541703169002
2,EFA|TLT|XLU|LQD,0.0008544190128115363,3.69580929929446e-05,285,False,1.123178434048534
2,EFA|TLT|XLU|AGG,0.002373171219457365,3.3624852933951375e-05,10,False,0.9637669760533498
2,EFA|TLT|VNQ|HYG,0.0005156650904329776,3.912451635579353e-05,595,False,1.22678714533076
2,EFA|TLT|VNQ|LQD,3.3510128345074405e-05,4.2487747592424776e-05,2920,False,1.3876329246678378
2,EFA|TLT|VNQ|AGG,0.00014622085472678134,3.871583375859073e-05,1575,False,1.2072419918091635
2,EFA|TLT|HYG|LQD,0.0009047403270940806,2.6933984754819648e-05,258,False,0.6437777065102708
2,EFA|TLT|HYG|AGG,0.0027644920067787107,2.3795067880664233e-05,3,False,0.4936597112327461
2,EFA|TLT|LQD|AGG,0.0009583015294484217,2.7632845532808546e-05,235,False,0.6772005664252894
2,EFA|GLD|USO|XLK,3.110518844478937e-07,8.712814465611992e-05,4764,False,3.5225498989817026
2,EFA|GLD|USO|XLF,0.00014509511067776503,6.776197894906172e-05,1583,False,2.5963673689208635
2,EFA|GLD|USO|XLE,2.663593174212622e-05,9.679699936986758e-05,3125,False,3.9849607064192165
2,EFA|GLD|USO|XLV,8.588305976658642e-05,6.36738562987196e-05,2046,False,2.400853820355444
2,EFA|GLD|USO|XLI,2.8400144218612844e-07,7.198856473155837e-05,4771,False,2.7985028857167977
2,EFA|GLD|USO|XLP,0.00010276349820950955,6.080266367696844e-05,1870,False,2.2635396773841117
2,EFA|GLD|USO|XLY,7.834569559905815e-06,7.423122072547001e-05,3977,False,2.9057574054764923
2,EFA|GLD|USO|XLU,6.128344650450957e-05,6.870938806359219e-05,2347,False,2.6416769972681373
2,EFA|GLD|USO|VNQ,3.3969958372038893e-05,6.93758746798045e-05,2908,False,2.6735515701594674
2,EFA|GLD|USO|HYG,8.742912049256596e-05,5.90733390578991e-05,2026,False,2.1808351154582373
2,EFA|GLD|USO|LQD,8.615703365664698e-05,5.774163347067022e-05,2042,False,2.1171465945226617
2,EFA|GLD|USO|AGG,0.00012778542143287685,5.620744875699684e-05,1690,False,2.0437745547919057
2,EFA|GLD|XLK|XLF,8.018881360664374e-05,7.948799808763304e-05,2103,False,3.1571616034422383
2,EFA|GLD|XLK|XLE,1.6526760094641996e-05,7.723647162058632e-05,3510,False,3.049482855294986
2,EFA|GLD|XLK|XLV,4.150802680410769e-06,7.182936318362031e-05,4276,False,2.7908891074041846
2,EFA|GLD|XLK|XLI,1.8099310601942394e-05,8.907031793607407e-05,3447,False,3.615433900360917
2,EFA|GLD|XLK|XLP,4.639973883248594e-05,6.300071622306516e-05,2626,False,2.368661047259025
2,EFA|GLD|XLK|XLY,1.4907798064986053e-05,9.704307794285223e-05,3571,False,3.9967293589634636
2,EFA|GLD|XLK|XLU,9.707310503540308e-06,7.291169276599123e-05,3833,False,2.8426512768559644
2,EFA|GLD|XLK|VNQ,2.3806584668192327e-06,7.808344624182071e-05,4457,False,3.089989226533268
2,EFA|GLD|XLK|HYG,7.559254358384461e-06,6.421359685585046e-05,3996,False,2.426666791407205
2,EFA|GLD|XLK|LQD,2.297310840565893e-06,6.349901382672333e-05,4472,False,2.3924920183588525
2,EFA|GLD|XLK|AGG,8.254159840684602e-06,6.010185157206019e-05,3940,False,2.230023495696963
2,EFA|GLD|XLF|XLE,0.00017587254681725772,6.075459558159074e-05,1417,False,2.2612408315069485
2,EFA|GLD|XLF|XLV,0.0005479287254570687,5.612606092302421e-05,556,False,2.0398821998918617
2,EFA|GLD|XLF|XLI,2.0070517304511374e-05,6.669195917624723e-05,3370,False,2.5451939133493635
2,EFA|GLD|XLF|XLP,0.0006872772620316288,4.942170957074374e-05,418,False,1.7192481006179492
2,EFA|GLD|XLF|XLY,3.526177509132254e-05,7.22224733617353e-05,2870,False,2.8096895134766426
2,EFA|GLD|XLF|XLU,0.0005500632908519059,5.6643632162043476e-05,553,False,2.0646349282787138
2,EFA|GLD|XLF|VNQ,3.39245189987341e-05,6.219547665444783e-05,2910,False,2.330150645548722
2,EFA|GLD|XLF|HYG,0.0006655944514159496,4.462123237391536e-05,437,False,1.4896663556865073
2,EFA|GLD|XLF|LQD,0.0004337142073402398,4.4421950195541756e-05,735,False,1.4801357302155689
2,EFA|GLD|XLF|AGG,0.0008850512398975397,4.155592285295098e-05,268,False,1.3430686155612306
2,EFA|GLD|XLE|XLV,0.00020368043833944653,5.5471085536830255e-05,1299,False,2.008558148993567
2,EFA|GLD|XLE|XLI,9.180297678126005e-06,6.510700083793446e-05,3878,False,2.469393636411501
2,EFA|GLD|XLE|XLP,0.00021700360094634806,5.0558862782801095e-05,1246,False,1.7736321978595748
2,EFA|GLD|XLE|XLY,1.3949196240124241e-05,6.814939688520443e-05,3610,False,2.6148955447980753
2,EFA|GLD|XLE|XLU,0.00016442903680118692,5.8526426083343204e-05,1483,False,2.154679125152285
2,EFA|GLD|XLE|VNQ,1.8866659337477247e-05,6.144652608441588e-05,3419,False,2.294332252567096
2,EFA|GLD|XLE|HYG,0.0002395413608859821,4.5837259927465444e-05,1154,False,1.5478226006142386
2,EFA|GLD|XLE|LQD,0.00015514338562424437,4.509943170999557e-05,1525,False,1.5125361316485484
2,EFA|GLD|XLE|AGG,0.000271866742207316,4.2631780705063794e-05,1047,False,1.3945212759653756
2,EFA|GLD|XLV|XLI,3.226291433241972e-05,6.075616246639818e-05,2946,False,2.2613157674213276
2,EFA|GLD|XLV|XLP,0.0004683183027134281,4.873501606186054e-05,674,False,1.6864071376181335
2,EFA|GLD|XLV|XLY,1.4687664132142854e-06,6.546172936392063e-05,4570,False,2.4863584485819805
2,EFA|GLD|XLV|XLU,0.00035713809716636714,5.4144661052777685e-05,880,False,1.9451221956325615
2,EFA|GLD|XLV|VNQ,2.896687933464356e-05,5.934049481914049e-05,3059,False,2.193611779802109
2,EFA|GLD|XLV|HYG,0.00047733150261336385,4.185843990449497e-05,653,False,1.3575364256803724
2,EFA|GLD|XLV|LQD,0.00027542925598628484,4.2592670061797485e-05,1038,False,1.3926508182257986
2,EFA|GLD|XLV|AGG,0.0005142165903033043,3.996902326784495e-05,599,False,1.2671754989310071
2,EFA|GLD|XLI|XLP,9.931983503543184e-05,5.3592096171936854e-05,1905,False,1.9186959041765606
2,EFA|GLD|XLI|XLY,6.204019785349931e-05,7.829143244782717e-05,2334,False,3.099936120172963
2,EFA|GLD|XLI|XLU,5.561194664320358e-06,6.245812717158746e-05,4151,False,2.342711847604197
2,EFA|GLD|XLI|VNQ,1.009464564547808e-06,6.728672102481199e-05,4641,False,2.573638265319697
2,EFA|GLD|XLI|HYG,1.2277439749094599e-05,4.992253486979944e-05,3699,False,1.7431999581830646
2,EFA|GLD|XLI|LQD,1.2412654460861641e-05,4.9819340581674955e-05,3693,False,1.7382647145055756
2,EFA|GLD|XLI|AGG,3.0823218007700115e-05,4.6808635799949184e-05,2993,False,1.594278433783587
2,EFA|GLD|XLP|XLY,0.000104648629732243,5.874817474221798e-05,1849,False,2.1652842050127443
2,EFA|GLD|XLP|XLU,0.0006333481984568353,5.0196379645504004e-05,470,False,1.7562965231429295
2,EFA|GLD|XLP|VNQ,5.185197362116783e-05,5.381522526030546e-05,2492,False,1.9293670027678569
2,EFA|GLD|XLP|HYG,0.0007726022078255604,3.669060382054214e-05,340,False,1.1103858243906863
2,EFA|GLD|XLP|LQD,0.0004653729809994932,3.763689351689951e-05,680,False,1.155641916814978
2,EFA|GLD|XLP|AGG,0.0008355483220939387,3.526491065112183e-05,296,False,1.042202368423308
2,EFA|GLD|XLY|XLU,2.5452884679477993e-05,6.529270143078025e-05,3159,False,2.4782747256016564
2,EFA|GLD|XLY|VNQ,4.480521813390754e-06,7.264200436631231e-05,4250,False,2.8297534896470258
2,EFA|GLD|XLY|HYG,5.4966396503381996e-06,5.5010659988909454e-05,4158,False,1.9865384004626274
2,EFA|GLD|XLY|LQD,4.616458669312305e-06,5.490037963611343e-05,4240,False,1.9812642673320096
2,EFA|GLD|XLY|AGG,2.117067716145593e-05,5.150454377063986e-05,3315,False,1.8188591789355302
2,EFA|GLD|XLU|VNQ,3.18899075475729e-05,6.231629267507948e-05,2959,False,2.3359286446298575
2,EFA|GLD|XLU|HYG,0.0005589376466443991,4.37456656677289e-05,537,False,1.4477925744001447
2,EFA|GLD|XLU|LQD,0.00032256069879364947,4.483215005416658e-05,939,False,1.4997534464242697
2,EFA|GLD|XLU|AGG,0.0006070267011936562,4.220351699616855e-05,488,False,1.3740396601701912
2,EFA|GLD|VNQ|HYG,0.00021002080057136888,4.736167478877048e-05,1270,False,1.6207273993473852
2,EFA|GLD|VNQ|LQD,4.211137208181477e-05,4.853224771616071e-05,2707,False,1.6767097869769545
2,EFA|GLD|VNQ|AGG,0.00010860570246998723,4.5464940883321846e-05,1818,False,1.5300165258593859
2,EFA|GLD|HYG|LQD,0.00037077886269496667,3.435132799242497e-05,852,False,0.9985104827371714
2,EFA|GLD|HYG|AGG,0.0008488115492450594,3.191701811926473e-05,287,False,0.8820901592007515
2,EFA|GLD|LQD|AGG,0.00047915910265591236,3.356213746216805e-05,650,False,0.9607676226857872
2,EFA|USO|XLK|XLF,0.00048329367544526063,8.404423406452685e-05,645,False,3.375062566826835
2,EFA|USO|XLK|XLE,4.3997999054507314e-05,0.00010827307530511343,2674,False,4.5338014633173405
2,EFA|USO|XLK|XLV,0.00011907030829572911,7.343820709743184e-05,1749,False,2.867831706631448
2,EFA|USO|XLK|XLI,4.372658502721532e-05,9.048975683404233e-05,2678,False,3.683318247199273
2,EFA|USO|XLK|XLP,0.00013126017614498986,6.724646812392432e-05,1671,False,2.571713179365649
2,EFA|USO|XLK|XLY,3.129178068372789e-05,9.729746142076363e-05,2976,False,4.008895191722593
2,EFA|USO|XLK|XLU,0.00010219719611033915,7.63104520267787e-05,1876,False,3.005196175977455
2,EFA|USO|XLK|VNQ,4.194431264550933e-05,7.988939041115953e-05,2711,False,3.1763581012608677
2,EFA|USO|XLK|HYG,4.965877848473149e-05,6.96685197364522e-05,2544,False,2.687547254337517
2,EFA|USO|XLK|LQD,4.040097636797974e-05,6.654837894169818e-05,2740,False,2.5383272208448737
2,EFA|USO|XLK|AGG,8.098587842120665e-05,6.390399485300992e-05,2089,False,2.4118601450818438
2,EFA|USO|XLF|XLE,4.419340570863745e-05,9.467324818011548e-05,2668,False,3.883392782241668
2,EFA|USO|XLF|XLV,0.0014772258818597827,6.061695375083337e-05,95,False,2.25465814183149
2,EFA|USO|XLF|XLI,4.063367238739194e-06,7.099344698821313e-05,4284,False,2.7509116029000853
2,EFA|USO|XLF|XLP,0.0011590911160653213,5.654951038560053e-05,157,False,2.0601335754369394
2,EFA|USO|XLF|XLY,3.855224273324781e-06,7.535890575364432e-05,4306,False,2.9596886889481375
2,EFA|USO|XLF|XLU,0.0011381831720511197,6.292444033682859e-05,161,False,2.3650131701125705
2,EFA|USO|XLF|VNQ,0.0001262427102094267,6.688346973778429e-05,1699,False,2.5543528629886882
2,EFA|USO|XLF|HYG,0.000901446126521887,5.2958204168514753e-05,261,False,1.8883801613291862
2,EFA|USO|XLF|LQD,0.0007229910920138611,5.0353364224514234e-05,379,False,1.7638042754139556
2,EFA|USO|XLF|AGG,0.0014777990218423302,4.824011504789836e-05,94,False,1.6627386076584774
2,EFA|USO|XLE|XLV,0.00019070603766081385,8.64423460722727e-05,1354,False,3.489751735570952
2,EFA|USO|XLE|XLI,5.694314126701987e-05,9.588885635753363e-05,2407,False,3.941528970599979
2,EFA|USO|XLE|XLP,0.0006789876095373612,8.416703130529119e-05,425,False,3.3809353173163217
2,EFA|USO|XLE|XLY,8.199952634630884e-05,9.776619698474675e-05,2082,False,4.031312364907327
2,EFA|USO|XLE|XLU,0.000473901684111319,9.128760196576159e-05,661,False,3.7214750116238973
2,EFA|USO|XLE|VNQ,7.468583195152101e-05,9.261488687538564e-05,2176,False,3.784952114644819
2,EFA|USO|XLE|HYG,0.0004274828711799552,8.065459942969812e-05,752,False,3.2129540508946737
2,EFA|USO|XLE|LQD,0.0003526622346357502,7.751121344660135e-05,886,False,3.062622321484692
2,EFA|USO|XLE|AGG,0.000702919472864159,7.579634060764446e-05,404,False,2.980608912700379
2,EFA|USO|XLV|XLI,0.00015369728689272464,6.211025821528181e-05,1532,False,2.326075092814716
2,EFA|USO|XLV|XLP,0.0010733382816347605,5.2915424813635045e-05,188,False,1.8863342482797893
2,EFA|USO|XLV|XLY,4.3750896091566136e-05,6.565076969274739e-05,2677,False,2.495399259896142
2,EFA|USO|XLV|XLU,0.000945698402905072,5.7478077164480515e-05,241,False,2.104542073309084
2,EFA|USO|XLV|VNQ,0.0001085042452061235,6.108109583939468e-05,1819,False,2.2768556330847414
2,EFA|USO|XLV|HYG,0.0008505488559557204,4.7248019636012074e-05,286,False,1.6152918671657168
2,EFA|USO|XLV|LQD,0.0005930093116878479,4.557669202768769e-05,504,False,1.5353609992668513
2,EFA|USO|XLV|AGG,0.0011359110683594779,4.370582339971005e-05,163,False,1.4458871268709206
2,EFA|USO|XLI|XLP,0.00026014772226978534,5.75830999078681e-05,1095,False,2.1095647624493097
2,EFA|USO|XLI|XLY,9.08629230130526e-05,7.829106776081066e-05,1992,False,3.099918679098218
2,EFA|USO|XLI|XLU,3.245820947743554e-05,6.560213826744702e-05,2943,False,2.493073472891813
2,EFA|USO|XLI|VNQ,1.3782376040031817e-05,6.883791702922291e-05,3620,False,2.647823866213422
2,EFA|USO|XLI|HYG,5.0402801877839326e-05,5.512270958547329e-05,2524,False,1.9918971472795033
2,EFA|USO|XLI|LQD,5.0234840145481885e-05,5.26139575317219e-05,2530,False,1.871916643157722
2,EFA|USO|XLI|AGG,9.611671316965388e-05,5.035603091597103e-05,1936,False,1.7639318093345935
2,EFA|USO|XLP|XLY,0.00029281768072293127,6.157412305809237e-05,997,False,2.3004345492062663
2,EFA|USO|XLP|XLU,0.0009888321015298208,5.6166703744254464e-05,222,False,2.0418259336988136
2,EFA|USO|XLP|VNQ,0.00015251664052029788,5.8192734267607275e-05,1543,False,2.1387203889298503
2,EFA|USO|XLP|HYG,0.0008729538736477882,4.4717091539106873e-05,277,False,1.494250798755392
2,EFA|USO|XLP|LQD,0.0006508969348879353,4.325782346983735e-05,449,False,1.4244616307353923
2,EFA|USO|XLP|AGG,0.0011132185191592115,4.163861877003456e-05,173,False,1.3470235292425823
2,EFA|USO|XLY|XLU,0.00018928100810710453,6.727165710658295e-05,1362,False,2.572917836810045
2,EFA|USO|XLY|VNQ,9.059434094553618e-06,7.302814495066636e-05,3883,False,2.848220576461524
2,EFA|USO|XLY|HYG,5.147235060947796e-05,5.904577928452642e-05,2497,False,2.1795170754798376
2,EFA|USO|XLY|LQD,5.529417546968657e-05,5.652994116610351e-05,2425,False,2.059197681904929
2,EFA|USO|XLY|AGG,0.000136273273980318,5.388688346660482e-05,1639,False,1.9327940404073096
2,EFA|USO|XLU|VNQ,0.00011694731979782088,6.58468090423096e-05,1765,False,2.504774797806718
2,EFA|USO|XLU|HYG,0.000770639200598771,5.092516074622196e-05,343,False,1.7911503157797175
2,EFA|USO|XLU|LQD,0.0005200220447015522,4.960608736703274e-05,592,False,1.728065927359551
2,EFA|USO|XLU|AGG,0.0009644172710105747,4.7730232475009585e-05,229,False,1.6383535880043318
2,EFA|USO|VNQ|HYG,0.00029055264797662496,5.294835477581489e-05,1001,False,1.8879091163330675
2,EFA|USO|VNQ|LQD,0.00012412128546399038,5.171336993757822e-05,1715,False,1.828846243518345
2,EFA|USO|VNQ|AGG,0.00027363322739876937,4.939884127071425e-05,1042,False,1.7181544292996365
2,EFA|USO|HYG|LQD,0.0004295792156396287,4.1181428925105406e-05,747,False,1.3251585274812745
2,EFA|USO|HYG|AGG,0.0009519468595349207,3.949989721792006e-05,237,False,1.244739650843715
2,EFA|USO|LQD|AGG,0.0006818786156706562,3.8739458795196465e-05,423,False,1.2083718538844583
2,EFA|XLK|XLF|XLE,0.00036710067242412325,8.255977128157532e-05,862,False,3.3040684672775313
2,EFA|XLK|XLF|XLV,0.00012523456095762754,7.621951148647519e-05,1707,False,3.000846965040325
2,EFA|XLK|XLF|XLI,3.614130625835852e-05,9.552225104346993e-05,2837,False,3.923996153704298
2,EFA|XLK|XLF|XLP,0.0002660259926923711,6.619461378243836e-05,1072,False,2.5214084814719464
2,EFA|XLK|XLF|XLY,4.9149312209670985e-06,0.00010561781382176767,4215,False,4.406814178595203
2,EFA|XLK|XLF|XLU,0.00020472414883635173,7.457379588996874e-05,1293,False,2.9221409858604916
2,EFA|XLK|XLF|VNQ,1.0846323862562503e-05,8.30380921505416e-05,3769,False,3.3269440555225827
2,EFA|XLK|XLF|HYG,0.00012079880092780576,6.554551281720721e-05,1738,False,2.490365373438247
2,EFA|XLK|XLF|LQD,5.325296015222975e-05,6.355779543130847e-05,2458,False,2.395303235410241
2,EFA|XLK|XLF|AGG,0.00019289006844385955,5.958156871370281e-05,1337,False,2.2051410847236284
2,EFA|XLK|XLE|XLV,0.0004513110577477801,7.075835692006195e-05,704,False,2.7396684731341825
2,EFA|XLK|XLE|XLI,8.206981451506945e-05,8.913111352493787e-05,2081,False,3.618341435758587
2,EFA|XLK|XLE|XLP,0.00023079088357692823,6.252558781427645e-05,1181,False,2.3459381377057245
2,EFA|XLK|XLE|XLY,3.7562740204681996e-05,9.673855816501752e-05,2798,False,3.982165768908788
2,EFA|XLK|XLE|XLU,0.0002058127416781609,7.165041063104919e-05,1285,False,2.7823307417262146
2,EFA|XLK|XLE|VNQ,2.906620842169335e-05,7.748296240029038e-05,3053,False,3.0612712215331084
2,EFA|XLK|XLE|HYG,0.0001831659721314938,6.195536119053801e-05,1394,False,2.3186671773581304
2,EFA|XLK|XLE|LQD,0.0001071080174798589,5.942909776554299e-05,1833,False,2.1978491958353716
2,EFA|XLK|XLE|AGG,0.00019657065855598692,5.585124738559633e-05,1321,False,2.0267393041199244
2,EFA|XLK|XLV|XLI,4.737565339854471e-05,8.306855001686799e-05,2599,False,3.3284006961462937
2,EFA|XLK|XLV|XLP,0.0004155301100273772,5.8990015956802275e-05,774,False,2.176850206842163
2,EFA|XLK|XLV|XLY,6.089642085242551e-05,9.23391655072001e-05,2354,False,3.7717658020705733
2,EFA|XLK|XLV|XLU,0.00024328287949642002,6.555692046395005e-05,1140,False,2.4909109415843713
2,EFA|XLK|XLV|VNQ,5.57266123429481e-07,7.366520599848137e-05,4716,False,2.878687878146001
2,EFA|XLK|XLV|HYG,9.115096482754822e-05,5.6264816031033926e-05,1990,False,2.0465181318021446
2,EFA|XLK|XLV|LQD,4.069043415936075e-05,5.521061098081131e-05,2733,False,1.9961010117905027
2,EFA|XLK|XLV|AGG,0.00018982625633256483,5.147676481184388e-05,1359,False,1.8175306564634368
2,EFA|XLK|XLI|XLP,4.8121615592351104e-05,7.258393737065032e-05,2578,False,2.826976448607061
2,EFA|XLK|XLI|XLY,0.00010236803077399692,0.00011390570989487837,1875,False,4.803180948868027
2,EFA|XLK|XLI|XLU,0.00014967463572721995,8.260722788653156e-05,1557,False,3.3063380687624786
2,EFA|XLK|XLI|VNQ,8.220170207825465e-06,9.03482735079246e-05,3943,False,3.6765518388700604
2,EFA|XLK|XLI|HYG,0.0001386545733789295,7.306575230011013e-05,1630,False,2.850019139511308
2,EFA|XLK|XLI|LQD,9.145669103410495e-05,7.11741228044605e-05,1983,False,2.7595523832767506
2,EFA|XLK|XLI|AGG,0.00014473885225542936,6.705321864771985e-05,1585,False,2.562471066522488
2,EFA|XLK|XLP|XLY,3.66235168316745e-05,8.230506453374112e-05,2823,False,3.291887174206871
2,EFA|XLK|XLP|XLU,0.0005525349790253994,5.828809270492003e-05,547,False,2.143280884800274
2,EFA|XLK|XLP|VNQ,1.9138153673088427e-05,6.481939008789e-05,3411,False,2.4556387168172837
2,EFA|XLK|XLP|HYG,0.0003393228122779877,4.777643359532475e-05,905,False,1.6405631462179926
2,EFA|XLK|XLP|LQD,0.00018701683911117334,4.693428808415699e-05,1373,False,1.6002877260852162
2,EFA|XLK|XLP|AGG,0.0005140056249909354,4.345210584336442e-05,600,False,1.4337531416612717
2,EFA|XLK|XLY|XLU,3.663693762357662e-05,9.000685073853401e-05,2820,False,3.6602233715235633
2,EFA|XLK|XLY|VNQ,4.59567774420544e-06,0.00010026860544223458,4243,False,4.150989487961015
2,EFA|XLK|XLY|HYG,6.131434803872776e-05,8.27189260120298e-05,2345,False,3.311680006554496
2,EFA|XLK|XLY|LQD,3.94784874789762e-05,8.082021045170866e-05,2760,False,3.2208743608668113
2,EFA|XLK|XLY|AGG,7.609208713202097e-05,7.631417521122018e-05,2158,False,3.005374236438057
2,EFA|XLK|XLU|VNQ,1.549701711877541e-05,7.447771701889466e-05,3550,False,2.917546035407065
2,EFA|XLK|XLU|HYG,0.0001988188715903435,5.5988754958742155e-05,1314,False,2.033315572955232
2,EFA|XLK|XLU|LQD,8.044406248487191e-05,5.52868041376547e-05,2100,False,1.9997449324222885
2,EFA|XLK|XLU|AGG,0.00028412886637012064,5.154797170464177e-05,1018,False,1.8209361101359356
2,EFA|XLK|VNQ|HYG,1.3695060454757115e-05,6.251721584795223e-05,3626,False,2.3455377502945542
2,EFA|XLK|VNQ|LQD,1.071747262555992e-06,6.189935356781733e-05,4635,False,2.3159886253670554
2,EFA|XLK|VNQ|AGG,1.1816682823907519e-05,5.772184735996359e-05,3718,False,2.1162003282172126
2,EFA|XLK|HYG|LQD,2.209092648755976e-05,4.780009879127967e-05,3281,False,1.6416949289051526
2,EFA|XLK|HYG|AGG,0.00013520014998955044,4.425558954310455e-05,1643,False,1.4721795693364585
2,EFA|XLK|LQD|AGG,9.950021541234856e-05,4.4112273678482716e-05,1903,False,1.4653255202644255
2,EFA|XLF|XLE|XLV,0.0008267171426783965,6.0821393241526106e-05,300,False,2.2644354146070267
2,EFA|XLF|XLE|XLI,9.154988222238213e-06,7.25190933471713e-05,3879,False,2.8238752977322017
2,EFA|XLF|XLE|XLP,0.0008168642982919103,5.4712919744015284e-05,311,False,1.9722990400498164
2,EFA|XLF|XLE|XLY,1.7222578487117203e-05,7.768429216596084e-05,3485,False,3.0708997724071345
2,EFA|XLF|XLE|XLU,0.0006720440398899295,6.11486886091617e-05,432,False,2.280088242134132
2,EFA|XLF|XLE|VNQ,2.2695020547744084e-05,6.736133139497775e-05,3261,False,2.57720648953373
2,EFA|XLF|XLE|HYG,0.0006674895567351935,4.812933529066318e-05,435,False,1.6574405906226009
2,EFA|XLF|XLE|LQD,0.000470574445720029,4.611837271642167e-05,670,False,1.5612667566772556
2,EFA|XLF|XLE|AGG,0.001038997838763338,4.30716572485474e-05,201,False,1.4155582729693605
2,EFA|XLF|XLV|XLI,4.7789196728140776e-05,6.723510361750091e-05,2591,False,2.571169674395623
2,EFA|XLF|XLV|XLP,0.0013104728499958307,5.195592166494059e-05,127,False,1.840446225461969
2,EFA|XLF|XLV|XLY,9.725184855414976e-05,7.40634732865429e-05,1917,False,2.8977349218446338
2,EFA|XLF|XLV|XLU,0.0012438510913467013,5.5833772220462047e-05,140,False,2.025903558268003
2,EFA|XLF|XLV|VNQ,9.4288923656177e-06,6.432214877156824e-05,3856,False,2.4318582624223373
2,EFA|XLF|XLV|HYG,0.0012123220470225597,4.321736390955858e-05,147,False,1.4225266613423293
2,EFA|XLF|XLV|LQD,0.000640199707847285,4.267845971008947e-05,463,False,1.396753688908101
2,EFA|XLF|XLV|AGG,0.001636889304218445,3.9475748453194425e-05,70,False,1.2435847415885866
2,EFA|XLF|XLI|XLP,0.0002173856816566941,5.88747865795579e-05,1243,False,2.1713393877276377
2,EFA|XLF|XLI|XLY,2.397690591563236e-05,8.895496117499043e-05,3213,False,3.6099169891428575
2,EFA|XLF|XLI|XLU,4.754867873364983e-05,6.620902314381282e-05,2597,False,2.5220976059468803
2,EFA|XLF|XLI|VNQ,8.839210545727657e-07,7.433015978178074e-05,4663,False,2.9104891436471676
2,EFA|XLF|XLI|HYG,3.161990852189375e-05,5.3343243679404055e-05,2963,False,1.9067945895522633
2,EFA|XLF|XLI|LQD,1.7976748015658043e-05,5.196691503450793e-05,3455,False,1.8409719808951193
2,EFA|XLF|XLI|AGG,6.522138631243654e-05,4.837714578983966e-05,2284,False,1.6692920721484077
2,EFA|XLF|XLP|XLY,6.498559686252344e-05,6.615366792135858e-05,2289,False,2.5194502548521784
2,EFA|XLF|XLP|XLU,0.0017809716266126779,5.06892400697067e-05,47,False,1.7798674623551527
2,EFA|XLF|XLP|VNQ,2.10096925901554e-05,5.7600628469251545e-05,3326,False,2.1104030619648677
2,EFA|XLF|XLP|HYG,0.001442985306864204,3.6853277082124085e-05,102,False,1.1181656366294253
2,EFA|XLF|XLP|LQD,0.0007825350023796045,3.6526432421709824e-05,334,False,1.102534364074062
2,EFA|XLF|XLP|AGG,0.001968766446735081,3.3575385092989645e-05,34,False,0.9614011876576695
2,EFA|XLF|XLY|XLU,1.1738208633471092e-05,7.116640017452517e-05,3723,False,2.7591830502326973
2,EFA|XLF|XLY|VNQ,1.368221502421146e-05,8.180824589480062e-05,3629,False,3.268126934262854
2,EFA|XLF|XLY|HYG,0.00012512929722675333,6.055417157003362e-05,1709,False,2.251655598120184
2,EFA|XLF|XLY|LQD,5.6074754246073223e-05,5.917075686046597e-05,2415,False,2.1854941000099117
2,EFA|XLF|XLY|AGG,0.00010066747732492776,5.5195856532049886e-05,1893,False,1.9953953835887095
2,EFA|XLF|XLU|VNQ,2.44366357308016e-05,6.456990144862988e-05,3195,False,2.4437069786184744
2,EFA|XLF|XLU|HYG,0.0015637562723140768,4.237654449391517e-05,81,False,1.38231466143049
2,EFA|XLF|XLU|LQD,0.0007462570128094123,4.218989452358121e-05,364,False,1.3733881684749598
2,EFA|XLF|XLU|AGG,0.0019237798412809217,3.898219700264067e-05,38,False,1.2199807541961585
2,EFA|XLF|VNQ|HYG,0.00022327080779497907,4.9285096399700126e-05,1218,False,1.7127146063625172
2,EFA|XLF|VNQ|LQD,9.247813520184384e-06,4.918253497031873e-05,3871,False,1.7078096290124316
2,EFA|XLF|VNQ|AGG,4.630326669659234e-05,4.5536163674537356e-05,2627,False,1.5334227398701403
2,EFA|XLF|HYG|LQD,0.0005961683126405982,3.1378885299218845e-05,499,False,0.8563540778143768
2,EFA|XLF|HYG|AGG,0.0019620403208722766,2.8365510963116108e-05,36,False,0.7122401262532347
2,EFA|XLF|LQD|AGG,0.0011289674767428687,2.8737495949247778e-05,167,False,0.7300302247586147
2,EFA|XLE|XLV|XLI,0.00012569992339401203,6.24405171798216e-05,1703,False,2.3418696536988692
2,EFA|XLE|XLV|XLP,0.001141119129434824,4.988344677763142e-05,160,False,1.741330578944704
2,EFA|XLE|XLV|XLY,1.3544722306576078e-06,6.678076871064552e-05,4589,False,2.549441209407176
2,EFA|XLE|XLV|XLU,0.0008935151355076625,5.450693804239525e-05,265,False,1.9624480113826832
2,EFA|XLE|XLV|VNQ,2.8702413684091744e-05,6.036357010216977e-05,3068,False,2.242540125681821
2,EFA|XLE|XLV|HYG,0.0009279783180266625,4.1223763363742126e-05,246,False,1.3271831625111694
2,EFA|XLE|XLV|LQD,0.0005766820747764739,4.014631312517675e-05,523,False,1.2756543465821892
2,EFA|XLE|XLV|AGG,0.0012419805930628295,3.7341978205940715e-05,141,False,1.141537658233841
2,EFA|XLE|XLI|XLP,0.0001977362522627109,5.587232874012991e-05,1318,False,2.027747515170804
2,EFA|XLE|XLI|XLY,9.886801971913121e-05,8.074227364697421e-05,1909,False,3.2171470506658304
2,EFA|XLE|XLI|XLU,7.312148629116058e-07,6.39522060136272e-05,4692,False,2.4141658330219924
2,EFA|XLE|XLI|VNQ,2.017794533929368e-06,6.944159816026343e-05,4505,False,2.6766947808670816
2,EFA|XLE|XLI|HYG,6.461290822172527e-06,5.041966018146878e-05,4069,False,1.7669748646815353
2,EFA|XLE|XLI|LQD,9.648517234867365e-06,4.850478549747639e-05,3837,False,1.6753964125296392
2,EFA|XLE|XLI|AGG,3.147921372732527e-05,4.531339259046712e-05,2966,False,1.5227687627540936
2,EFA|XLE|XLP|XLY,0.0002044582940022111,6.06630919437125e-05,1295,False,2.256864690554641
2,EFA|XLE|XLP|XLU,0.0010798540397850564,5.115453448989121e-05,185,False,1.802120063609753
2,EFA|XLE|XLP|VNQ,3.5844826802434485e-05,5.543417839810438e-05,2852,False,2.0067930733642707
2,EFA|XLE|XLP|HYG,0.0010193407942779432,3.665180513455894e-05,210,False,1.1085302859381854
2,EFA|XLE|XLP|LQD,0.0006672861724712948,3.5786414435048426e-05,436,False,1.0671431698880707
2,EFA|XLE|XLP|AGG,0.001406396115790549,3.323374344398724e-05,107,False,0.9450622524428436
2,EFA|XLE|XLY|XLU,8.913643278796609e-05,6.642146490612146e-05,2008,False,2.5322575855671046
2,EFA|XLE|XLY|VNQ,5.675671280616579e-06,7.443156613506523e-05,4138,False,2.915338879742064
2,EFA|XLE|XLY|HYG,1.400109109696979e-06,5.5142469933880256e-05,4580,False,1.9928421815087503
2,EFA|XLE|XLY|LQD,8.688416546509751e-07,5.3220509185216345e-05,4664,False,1.9009248399037268
2,EFA|XLE|XLY|AGG,2.1655494274005136e-05,4.964398519445926e-05,3294,False,1.7298783824536905
2,EFA|XLE|XLU|VNQ,4.399893159453811e-05,6.314909208672507e-05,2673,False,2.375757089649823
2,EFA|XLE|XLU|HYG,0.00073744812372106,4.292071325559238e-05,369,False,1.4083394103711948
2,EFA|XLE|XLU|LQD,0.00044835487777908974,4.219551724616217e-05,711,False,1.3736570739209133
2,EFA|XLE|XLU|AGG,0.0009751620830613546,3.938619606288063e-05,225,False,1.2393019186132779
2,EFA|XLE|VNQ|HYG,0.0002294893561165812,4.7197520670045675e-05,1186,False,1.6128767654480256
2,EFA|XLE|VNQ|LQD,3.4761850495067596e-05,4.655641320156802e-05,2884,False,1.5822159446031885
2,EFA|XLE|VNQ|AGG,8.563462331494649e-05,4.330841824344565e-05,2048,False,1.4268813144320627
2,EFA|XLE|HYG|LQD,0.0004152858450109915,3.071774165405016e-05,775,False,0.8247350313144906
2,EFA|XLE|HYG|AGG,0.001130823365591564,2.810274365560642e-05,166,False,0.6996733387245141
2,EFA|XLE|LQD|AGG,0.000704517377528956,2.7936182602641834e-05,402,False,0.6917075937351426
2,EFA|XLV|XLI|XLP,0.00042723202309528387,5.339302694808548e-05,754,False,1.9091754632078708
2,EFA|XLV|XLI|XLY,0.00011190078199321153,7.739915105458656e-05,1796,False,3.057262962728245
2,EFA|XLV|XLI|XLU,0.00018478975160043034,5.891498591195781e-05,1388,False,2.1732619117807768
2,EFA|XLV|XLI|VNQ,3.5492125394143034e-06,6.66801118238842e-05,4345,False,2.5446273163806037
2,EFA|XLV|XLI|HYG,0.00020639582646128572,4.578538508739444e-05,1283,False,1.5453416980261778
2,EFA|XLV|XLI|LQD,0.00012580421383508292,4.534256877817445e-05,1702,False,1.5241641073853982
2,EFA|XLV|XLI|AGG,0.0002843090187777538,4.1995180082144414e-05,1016,False,1.3640759939982339
2,EFA|XLV|XLP|XLY,0.00020565204829500194,5.984696100192054e-05,1287,False,2.217833411365786
2,EFA|XLV|XLP|XLU,0.0018503620442762963,4.864430603881753e-05,43,False,1.6820689511172695
2,EFA|XLV|XLP|VNQ,1.776464307776234e-05,5.519968371232083e-05,3466,False,1.9955784176265237
2,EFA|XLV|XLP|HYG,0.0015063694908199845,3.454452169108031e-05,89,False,1.0077499280315592
2,EFA|XLV|XLP|LQD,0.0007546657259782895,3.515118936634218e-05,358,False,1.036763673492561
2,EFA|XLV|XLP|AGG,0.0017634991097132734,3.2442522586260234e-05,51,False,0.9072222924357152
2,EFA|XLV|XLY|XLU,9.757803026762328e-05,6.304741565470452e-05,1914,False,2.370894437099967
2,EFA|XLV|XLY|VNQ,1.1821667553545959e-05,7.333325064893842e-05,3717,False,2.862812188029663
2,EFA|XLV|XLY|HYG,1.5183089435353232e-05,5.217136569005838e-05,3558,False,1.8507497876274708
2,EFA|XLV|XLY|LQD,7.965247597648466e-07,5.172146331616687e-05,4674,False,1.8292333075335643
2,EFA|XLV|XLY|AGG,1.2146897006703467e-05,4.798894353638901e-05,3706,False,1.6507263864719084
2,EFA|XLV|XLU|VNQ,3.764472360547089e-05,6.035667909131657e-05,2795,False,2.2422105646337935
2,EFA|XLV|XLU|HYG,0.0015637449083421373,3.82555115024888e-05,82,False,1.185227183186287
2,EFA|XLV|XLU|LQD,0.0007213280717085471,3.9002373867830985e-05,382,False,1.2209457082471225
2,EFA|XLV|XLU|AGG,0.0016922665464834444,3.6037056895528674e-05,64,False,1.079130089327868
2,EFA|XLV|VNQ|HYG,0.000275443730159492,4.4808052682232216e-05,1037,False,1.4986009950178534
2,EFA|XLV|VNQ|LQD,1.776725469345013e-05,4.563900358852695e-05,3465,False,1.5383410356841332
2,EFA|XLV|VNQ|AGG,5.785630417180519e-05,4.223501284138382e-05,2391,False,1.3755459419013887
2,EFA|XLV|HYG|LQD,0.0005937677849996786,2.792754328331401e-05,503,False,0.6912944202265563
2,EFA|XLV|HYG|AGG,0.001732868282020101,2.5156549495849506e-05,56,False,0.5587722640249613
2,EFA|XLV|LQD|AGG,0.0008415669913025817,2.6462046817657314e-05,290,False,0.6212073805467064
2,EFA|XLI|XLP|XLY,2.3739708524724796e-05,6.902963074722137e-05,3223,False,2.656992531764935
2,EFA|XLI|XLP|XLU,0.00047492367123528354,5.33107388190216e-05,658,False,1.9052400518970722
2,EFA|XLI|XLP|VNQ,6.4785486372605465e-06,5.9498876579386624e-05,4068,False,2.2011863519522783
2,EFA|XLI|XLP|HYG,0.0003920379199565168,3.896158331777908e-05,806,False,1.2189949093424182
2,EFA|XLI|XLP|LQD,0.00021405184738050822,3.8730826547613946e-05,1255,False,1.2079590185805047
2,EFA|XLI|XLP|AGG,0.0005401636403660899,3.563510177975877e-05,568,False,1.0599066760964617
2,EFA|XLI|XLY|XLU,0.00010658563224027383,7.568647140873882e-05,1839,False,2.9753544429123253
2,EFA|XLI|XLY|VNQ,2.496826287718143e-06,8.560506648983445e-05,4450,False,3.4497090273879736
2,EFA|XLI|XLY|HYG,0.00016931143889740708,6.456105029058738e-05,1455,False,2.4432836739708854
2,EFA|XLI|XLY|LQD,9.275203794283138e-05,6.327372347126884e-05,1973,False,2.381717557654063
2,EFA|XLI|XLY|AGG,0.00017053768537362549,5.9154145703717764e-05,1451,False,2.18469967516521
2,EFA|XLI|XLU|VNQ,1.9226704794211033e-06,6.811225796711582e-05,4517,False,2.613119384372757
2,EFA|XLI|XLU|HYG,5.238716449774883e-05,4.6128959137921026e-05,2481,False,1.5617730499103548
2,EFA|XLI|XLU|LQD,2.875038693368358e-05,4.6038397057836204e-05,3067,False,1.5574419387482747
2,EFA|XLI|XLU|AGG,9.700953405748409e-05,4.2686022097760664e-05,1921,False,1.397115358401823
2,EFA|XLI|VNQ|HYG,1.1008028014937374e-05,5.231426040452617e-05,3761,False,1.8575836952878741
2,EFA|XLI|VNQ|LQD,9.089724426729043e-07,5.23077868653939e-05,4655,False,1.8572740997312382
2,EFA|XLI|VNQ|AGG,3.863179859394414e-06,4.851673813047754e-05,4305,False,1.6759680445212963
2,EFA|XLI|HYG|LQD,3.711921052959968e-05,3.471419531981393e-05,2805,False,1.0158645312587655
2,EFA|XLI|HYG|AGG,0.00012995626107072537,3.155614354457619e-05,1679,False,0.8648314136299727
2,EFA|XLI|LQD|AGG,8.867952515307673e-05,3.202421642095699e-05,2012,False,0.8872168939288025
2,EFA|XLP|XLY|XLU,0.0004823666703990972,5.7893680234527e-05,646,False,2.124418196891793
2,EFA|XLP|XLY|VNQ,2.356397963154107e-06,6.660252707719955e-05,4461,False,2.5409168432768685
2,EFA|XLP|XLY|HYG,0.00015615083580647397,4.57980755932017e-05,1519,False,1.5459486186192422
2,EFA|XLP|XLY|LQD,0.00011576388705212897,4.556023275836505e-05,1776,False,1.5345738384042011
2,EFA|XLP|XLY|AGG,0.0003255289637446513,4.207937690676205e-05,932,False,1.3681026882456668
2,EFA|XLP|XLU|VNQ,8.623168479986174e-05,5.6391228734006666e-05,2040,False,2.0525637909606043
2,EFA|XLP|XLU|HYG,0.002347246750820911,3.4647494620061084e-05,11,False,1.012674585257663
2,EFA|XLP|XLU|LQD,0.0010420077504181679,3.560641652445813e-05,199,False,1.0585348101973642
2,EFA|XLP|XLU|AGG,0.0024025516938418314,3.289276348033067e-05,8,False,0.9287549621812307
2,EFA|XLP|VNQ|HYG,0.00035844219619082064,3.962304764824315e-05,877,False,1.2506292925446094
2,EFA|XLP|VNQ|LQD,1.8980388851914834e-05,4.066605809359275e-05,3417,False,1.3005110330897551
2,EFA|XLP|VNQ|AGG,7.072449068684457e-05,3.751373127462447e-05,2222,False,1.1497517102101318
2,EFA|XLP|HYG|LQD,0.0007969240837623013,2.3312031263262012e-05,320,False,0.470558593376744
2,EFA|XLP|HYG|AGG,0.0022679513473431432,2.0792701403972355e-05,13,False,0.3500722080782698
2,EFA|XLP|LQD|AGG,0.0011326553835492115,2.231025826483502e-05,164,False,0.42264902447888053
2,EFA|XLY|XLU|VNQ,9.145814065781644e-06,7.289440415384041e-05,3880,False,2.841824452858623
2,EFA|XLY|XLU|HYG,0.00011753606025019544,5.0643947102255315e-05,1762,False,1.7777013363484546
2,EFA|XLY|XLU|LQD,5.144072763178125e-05,5.054629895749896e-05,2498,False,1.7730313357332463
2,EFA|XLY|XLU|AGG,0.0001656556068500644,4.68087929136756e-05,1476,False,1.5942859477123033
2,EFA|XLY|VNQ|HYG,1.6783461015514685e-05,5.9349957451167974e-05,3504,False,2.194064328055843
2,EFA|XLY|VNQ|LQD,5.347055049966042e-06,5.933639784736418e-05,4168,False,2.1934158430460795
2,EFA|XLY|VNQ|AGG,1.2789718134207061e-05,5.51602180287e-05,3668,False,1.9936909801616463
2,EFA|XLY|HYG|LQD,7.620000464495003e-06,4.147564807939391e-05,3988,False,1.3392294925258401
2,EFA|XLY|HYG|AGG,1.681746372349545e-05,3.7932465220408355e-05,3502,False,1.1697775672225568
2,EFA|XLY|LQD|AGG,1.0368067632476938e-05,3.8393452032117626e-05,3798,False,1.1918241580682585
2,EFA|XLU|VNQ|HYG,0.00041018108933237556,4.6425459883508516e-05,780,False,1.5759531315469102
2,EFA|XLU|VNQ|LQD,2.5726345441871076e-05,4.760866501893842e-05,3149,False,1.6325396516918889
2,EFA|XLU|VNQ|AGG,8.630923154733266e-05,4.4199688007749786e-05,2037,False,1.4695060909498572
2,EFA|XLU|HYG|LQD,0.000682780169743758,2.8808632621020425e-05,422,False,0.7334323201263356
2,EFA|XLU|HYG|AGG,0.0021105934380318755,2.6032652569510413e-05,19,False,0.600671696965453
2,EFA|XLU|LQD|AGG,0.0009368663233708303,2.7690404120453383e-05,243,False,0.679953292965897
2,EFA|VNQ|HYG|LQD,0.0002036306974241338,3.386543769639516e-05,1300,False,0.9752728883410394
2,EFA|VNQ|HYG|AGG,0.0004843822274501425,3.065078387004433e-05,639,False,0.8215327903166667
2,EFA|VNQ|LQD|AGG,6.729497078686952e-05,3.239262396193985e-05,2259,False,0.9048359019225553
2,EFA|HYG|LQD|AGG,0.0008189757537575537,1.861529580731532e-05,309,False,0.24593827392808093
2,EEM|TLT|GLD|USO,0.0001470094016548452,6.448547249220979e-05,1570,False,2.4396691827196686
2,EEM|TLT|GLD|XLK,1.8021809839472133e-05,7.767320917423585e-05,3452,False,3.070369730814402
2,EEM|TLT|GLD|XLF,0.00024243016956141547,5.237073624385149e-05,1142,False,1.8602846396330195
2,EEM|TLT|GLD|XLE,9.327266531577525e-05,5.29256537358957e-05,1968,False,1.8868234441920038
2,EEM|TLT|GLD|XLV,0.00018343006344929578,5.100442868278723e-05,1393,False,1.7949412870618626
2,EEM|TLT|GLD|XLI,1.2700198022236331e-05,6.013876493551772e-05,3673,False,2.2317888690226537
2,EEM|TLT|GLD|XLP,0.0003191486987907365,4.595998456915411e-05,949,False,1.553691879069219
2,EEM|TLT|GLD|XLY,1.0604411531838501e-05,6.529037172674248e-05,3784,False,2.4781633080287286
2,EEM|TLT|GLD|XLU,0.00019796842782650916,5.49894786832538e-05,1316,False,1.9855254092717587
2,EEM|TLT|GLD|VNQ,3.7024536859270604e-05,5.837888705843991e-05,2808,False,2.147623104387274
2,EEM|TLT|GLD|HYG,0.00026100852005375073,4.472293051994828e-05,1093,False,1.4945300467041327
2,EEM|TLT|GLD|LQD,0.00010071623287683398,4.78012210735269e-05,1891,False,1.6417486018018375
2,EEM|TLT|GLD|AGG,0.00022395224972943388,4.480413357990689e-05,1213,False,1.4984135648284114
2,EEM|TLT|USO|XLK,2.3266494909107464e-06,7.497571881187334e-05,4468,False,2.9413628594275125
2,EEM|TLT|USO|XLF,0.0005154592551578363,5.2555294795486607e-05,596,False,1.8691111109584961
2,EEM|TLT|USO|XLE,0.0003328763026503252,7.959057999516411e-05,916,False,3.1620675601552373
2,EEM|TLT|USO|XLV,0.0004578010239723545,4.824159517134007e-05,693,False,1.6628093942300055
2,EEM|TLT|USO|XLI,5.344785445415173e-05,5.7186526408227295e-05,2456,False,2.09059872380189
2,EEM|TLT|USO|XLP,0.0006511569300015536,4.583405904475458e-05,448,False,1.547669519116723
2,EEM|TLT|USO|XLY,5.2340537217947025e-05,6.117307777939518e-05,2483,False,2.281254648728737
2,EEM|TLT|USO|XLU,0.0004240662439537971,5.401656051878259e-05,761,False,1.9389958163341299
2,EEM|TLT|USO|VNQ,0.00015050073945657136,5.581315380252005e-05,1555,False,2.0249174870557543
2,EEM|TLT|USO|HYG,0.0004258485299954684,4.5806175975291354e-05,757,False,1.546336017575326
2,EEM|TLT|USO|LQD,0.00025060663963061893,4.647890876324307e-05,1120,False,1.5785093122287384
2,EEM|TLT|USO|AGG,0.0004980569584951283,4.4234599435597944e-05,622,False,1.4711757221541724
2,EEM|TLT|XLK|XLF,1.8065048372987494e-06,7.319008232825377e-05,4531,False,2.855965195213323
2,EEM|TLT|XLK|XLE,2.152715392937192e-05,6.89388206400787e-05,3301,False,2.652649558764459
2,EEM|TLT|XLK|XLV,6.818945608968702e-05,6.530587045043662e-05,2248,False,2.478904531012198
2,EEM|TLT|XLK|XLI,2.2596819787205504e-06,8.317704800693884e-05,4478,False,3.3335895881794606
2,EEM|TLT|XLK|XLP,0.00013186108422877051,5.694087998504716e-05,1665,False,2.0788507387250887
2,EEM|TLT|XLK|XLY,2.3363821056879186e-06,9.289370339097327e-05,4466,False,3.7982864519491613
2,EEM|TLT|XLK|XLU,7.414651094142305e-05,6.712763361537749e-05,2184,False,2.566029945655409
2,EEM|TLT|XLK|VNQ,1.2429737822891506e-05,7.342949375873211e-05,3692,False,2.8674149931630066
2,EEM|TLT|XLK|HYG,6.823405233103481e-05,5.9855202167438554e-05,2246,False,2.218227543257745
2,EEM|TLT|XLK|LQD,4.0979033882391015e-05,6.114505751349204e-05,2729,False,2.279914585798382
2,EEM|TLT|XLK|AGG,7.67382895008097e-05,5.7037770644857136e-05,2150,False,2.0834845127926815
2,EEM|TLT|XLF|XLE,0.00029434009045128733,4.9402686291754585e-05,994,False,1.718338316568244
2,EEM|TLT|XLF|XLV,0.0004262587926282945,4.654830988051199e-05,755,False,1.581828405091698
2,EEM|TLT|XLF|XLI,3.731991618054055e-05,5.7744430937783486e-05,2802,False,2.11728038275973
2,EEM|TLT|XLF|XLP,0.0005842717101669984,4.0307615023397206e-05,514,False,1.2833685736758358
2,EEM|TLT|XLF|XLY,5.13830038331398e-05,6.50188405005278e-05,2500,False,2.465177388054163
2,EEM|TLT|XLF|XLU,0.000477604965178743,4.780531470210122e-05,652,False,1.6419443786699817
2,EEM|TLT|XLF|VNQ,1.2285269672071066e-05,5.448726586203071e-05,3698,False,1.961507193770284
2,EEM|TLT|XLF|HYG,0.00044374186729464067,3.720857937617495e-05,719,False,1.1351578891288716
2,EEM|TLT|XLF|LQD,0.0001912117215448636,3.901373557298193e-05,1352,False,1.2214890792469209
2,EEM|TLT|XLF|AGG,0.0005458406770324306,3.543758361641941e-05,561,False,1.0504604142487723
2,EEM|TLT|XLE|XLV,0.0004487486873114503,4.389359927318968e-05,709,False,1.4548674658917915
2,EEM|TLT|XLE|XLI,1.3131266172717343e-05,5.415973737834234e-05,3648,False,1.945843217520255
2,EEM|TLT|XLE|XLP,0.0005540678653395393,3.94450330143262e-05,545,False,1.2421157826158495
2,EEM|TLT|XLE|XLY,4.616925289218965e-06,5.8946028802868566e-05,4239,False,2.174746531073983
2,EEM|TLT|XLE|XLU,0.0003377387819745701,4.768837340227258e-05,907,False,1.6363516872419406
2,EEM|TLT|XLE|VNQ,4.86849293213592e-05,5.1738580070870405e-05,2563,False,1.830051912487046
2,EEM|TLT|XLE|HYG,0.000370051449153631,3.642487170859666e-05,854,False,1.0976772457549901
2,EEM|TLT|XLE|LQD,0.0001806408176991627,3.769148186630738e-05,1399,False,1.158252592378288
2,EEM|TLT|XLE|AGG,0.00043114071793919664,3.451370624740387e-05,740,False,1.0062761863513052
2,EEM|TLT|XLV|XLI,4.788395401560051e-05,5.158305725413001e-05,2586,False,1.8226140686686227
2,EEM|TLT|XLV|XLP,0.0007050009731056035,3.939534454070957e-05,401,False,1.2397394425129482
2,EEM|TLT|XLV|XLY,1.524482390059205e-05,5.8032519528908706e-05,3555,False,2.1310581549964294
2,EEM|TLT|XLV|XLU,0.0005705123755996325,4.5080766619031e-05,527,False,1.511643477860758
2,EEM|TLT|XLV|VNQ,3.130883252684005e-05,5.140670705291894e-05,2974,False,1.8141801598605989
2,EEM|TLT|XLV|HYG,0.0005605144192234122,3.422020993295012e-05,532,False,0.9922397909596645
2,EEM|TLT|XLV|LQD,0.0002214578736878806,3.6958878465433243e-05,1230,False,1.1232159990940795
2,EEM|TLT|XLV|AGG,0.0005596392316849753,3.362510705750896e-05,536,False,0.9637791294554777
2,EEM|TLT|XLI|XLP,0.00014233548552568828,4.488264745483436e-05,1602,False,1.5021684732819063
2,EEM|TLT|XLI|XLY,5.619626379141773e-05,7.149244541686372e-05,2413,False,2.7747760907979426
2,EEM|TLT|XLI|XLU,2.7777021320077097e-05,5.402445554188924e-05,3091,False,1.939373394042924
2,EEM|TLT|XLI|VNQ,3.171687182239261e-07,5.998315606263892e-05,4760,False,2.2243469095887183
2,EEM|TLT|XLI|HYG,2.7957986679107487e-05,4.291452770230307e-05,3084,False,1.4080435876728878
2,EEM|TLT|XLI|LQD,1.222389030758165e-05,4.481577178935918e-05,3702,False,1.4989701595843872
2,EEM|TLT|XLI|AGG,4.268386855197732e-05,4.1094942393661666e-05,2697,False,1.3210223285185878
2,EEM|TLT|XLP|XLY,8.341396199178096e-05,5.178262140237174e-05,2068,False,1.8321581792852428
2,EEM|TLT|XLP|XLU,0.0008945637852781855,4.1596141706922997e-05,264,False,1.3449920732291762
2,EEM|TLT|XLP|VNQ,4.592641301903765e-05,4.634509398924959e-05,2633,False,1.5721096506843972
2,EEM|TLT|XLP|HYG,0.0007936999398903216,2.9516030344162977e-05,323,False,0.7672634575280288
2,EEM|TLT|XLP|LQD,0.00032049051676462246,3.246675841570095e-05,946,False,0.9083813655413091
2,EEM|TLT|XLP|AGG,0.0007823753896613637,2.938465093595152e-05,335,False,0.7609802668058284
2,EEM|TLT|XLY|XLU,1.1126408602740511e-05,5.860292517833827e-05,3753,False,2.158337677207536
2,EEM|TLT|XLY|VNQ,7.5380571929786445e-06,6.708233478139547e-05,3997,False,2.5638635390831994
2,EEM|TLT|XLY|HYG,2.7067402228494242e-05,4.974654819866932e-05,3114,False,1.7347834351196032
2,EEM|TLT|XLY|LQD,6.778668387950568e-06,5.1640706221053907e-05,4043,False,1.8253711175779745
2,EEM|TLT|XLY|AGG,2.1352953631796944e-05,4.753474574160857e-05,3307,False,1.629004478837684
2,EEM|TLT|XLU|VNQ,3.993592429997414e-05,5.512193849142789e-05,2751,False,1.9918602698797803
2,EEM|TLT|XLU|HYG,0.0006053062728423016,3.684686927875401e-05,489,False,1.1178591848708685
2,EEM|TLT|XLU|LQD,0.00022544727603593915,3.9937792040372294e-05,1208,False,1.2656818724839822
2,EEM|TLT|XLU|AGG,0.0005869714218519485,3.6599034368402506e-05,511,False,1.106006535886093
2,EEM|TLT|VNQ|HYG,0.00016875168188391004,4.159298506732073e-05,1458,False,1.3448411076484028
2,EEM|TLT|VNQ|LQD,2.0148825738793674e-05,4.476799636989156e-05,3366,False,1.4966853108669609
2,EEM|TLT|VNQ|AGG,7.753010927461323e-05,4.0990564923080956e-05,2139,False,1.3160304994055818
2,EEM|TLT|HYG|LQD,0.00022531750470975584,3.0882634440832525e-05,1209,False,0.8326209918479797
2,EEM|TLT|HYG|AGG,0.0006370436892369216,2.773819995370054e-05,467,False,0.6822391179677497
2,EEM|TLT|LQD|AGG,0.00024187845418994664,3.1387757671784446e-05,1143,False,0.8567783970417733
2,EEM|GLD|USO|XLK,7.959989756304153e-06,9.880608173779347e-05,3969,False,4.081044619919349
2,EEM|GLD|USO|XLF,2.3107845572139872e-05,7.248553763162193e-05,3246,False,2.822270503164416
2,EEM|GLD|USO|XLE,1.1045385531352074e-05,0.00010230570465421325,3760,False,4.2484133007422775
2,EEM|GLD|USO|XLV,1.3131948739320906e-05,6.79174560297089e-05,3647,False,2.60380302542089
2,EEM|GLD|USO|XLI,1.9258954463372105e-05,7.900722786665387e-05,3404,False,3.134168875486693
2,EEM|GLD|USO|XLP,8.837447294327145e-06,6.483829445972308e-05,3900,False,2.4565428141589267
2,EEM|GLD|USO|XLY,9.949713019113728e-06,8.116562264013361e-05,3824,False,3.2373936212835845
2,EEM|GLD|USO|XLU,1.1557287590674805e-05,7.405296153929953e-05,3736,False,2.8972321998910733
2,EEM|GLD|USO|VNQ,9.309552731159064e-07,7.401999788555092e-05,4653,False,2.895655720546078
2,EEM|GLD|USO|HYG,1.4235821754030342e-05,6.538586317219163e-05,3594,False,2.482730164983434
2,EEM|GLD|USO|LQD,1.2158429241227475e-06,6.386593765090231e-05,4608,False,2.4100400679293377
2,EEM|GLD|USO|AGG,5.2120921633888865e-06,6.232623532425238e-05,4183,False,2.3364041495958774
2,EEM|GLD|XLK|XLF,2.04167724488717e-05,9.005365181161503e-05,3355,False,3.662461622343649
2,EEM|GLD|XLK|XLE,1.9104692740035232e-05,8.858727194635379e-05,3413,False,3.5923323342759064
2,EEM|GLD|XLK|XLV,3.219823791063697e-05,8.191505795603142e-05,2949,False,3.2732351971274904
2,EEM|GLD|XLK|XLI,3.3376241909503477e-05,0.00010193107611259138,2923,False,4.230496774788671
2,EEM|GLD|XLK|XLP,4.988301503428479e-05,7.287844204724161e-05,2540,False,2.8410610686917
2,EEM|GLD|XLK|XLY,3.425937051161803e-05,0.00010981957489893766,2901,False,4.607762459428416
2,EEM|GLD|XLK|XLU,3.555068045583917e-05,8.409736128312037e-05,2860,False,3.3776033641367595
2,EEM|GLD|XLK|VNQ,8.976272427605289e-06,8.856966448898892e-05,3888,False,3.591490261577737
2,EEM|GLD|XLK|HYG,4.5150914111120206e-05,7.636821601156477e-05,2652,False,3.0079587255902602
2,EEM|GLD|XLK|LQD,2.750372249622857e-05,7.546541304837725e-05,3096,False,2.9647823764233885
2,EEM|GLD|XLK|AGG,4.651515937716995e-05,7.206273318073752e-05,2620,False,2.802049975158793
2,EEM|GLD|XLF|XLE,1.5239920969318568e-05,6.515101750824484e-05,3556,False,2.4714987237937733
2,EEM|GLD|XLF|XLV,2.508702235346697e-05,5.9257377296321944e-05,3174,False,2.189636702921071
2,EEM|GLD|XLF|XLI,2.731049416638167e-05,7.25983389536512e-05,3105,False,2.8276652010830237
2,EEM|GLD|XLF|XLP,5.0466667410319116e-05,5.2345056995806825e-05,2523,False,1.8590565353565287
2,EEM|GLD|XLF|XLY,8.820825819174005e-06,7.804459191870734e-05,3901,False,3.088131027247499
2,EEM|GLD|XLF|XLU,2.7965337057972642e-05,6.087492228005926e-05,3083,False,2.266995428865414
2,EEM|GLD|XLF|VNQ,3.1604783773747243e-07,6.57273165025027e-05,4761,False,2.499060093899097
2,EEM|GLD|XLF|HYG,3.117391205033722e-05,4.982147313051632e-05,2980,False,1.7383667031754684
2,EEM|GLD|XLF|LQD,1.8204797610973058e-05,4.943397101808229e-05,3442,False,1.719834501586009
2,EEM|GLD|XLF|AGG,6.679691592403731e-05,4.656242606251496e-05,2264,False,1.5825035083289658
2,EEM|GLD|XLE|XLV,1.0044400839470064e-05,5.9387548511913454e-05,3819,False,2.195862112102285
2,EEM|GLD|XLE|XLI,2.1707559318827985e-05,7.179852721712387e-05,3292,False,2.789414384224669
2,EEM|GLD|XLE|XLP,4.253643429020181e-05,5.426735680964965e-05,2698,False,1.9509900926776638
2,EEM|GLD|XLE|XLY,1.3538723696059969e-05,7.475666204396196e-05,3633,False,2.9308865186484407
2,EEM|GLD|XLE|XLU,2.5033792313025578e-05,6.354286280314445e-05,3178,False,2.3945890858184935
2,EEM|GLD|XLE|VNQ,1.0915344207488798e-06,6.576351253425622e-05,4632,False,2.50079116099698
2,EEM|GLD|XLE|HYG,3.543207270755065e-05,5.1822647285851864e-05,2865,False,1.8340724081827078
2,EEM|GLD|XLE|LQD,9.3729880397988e-06,5.089659913432159e-05,3862,False,1.789784363098498
2,EEM|GLD|XLE|AGG,3.087186085651438e-05,4.842343051641324e-05,2992,False,1.6715056288126198
2,EEM|GLD|XLV|XLI,3.486285740788749e-05,6.618258329223123e-05,2882,False,2.5208331259768806
2,EEM|GLD|XLV|XLP,1.965805248122085e-05,5.1178404535352716e-05,3389,False,1.8032616431786064
2,EEM|GLD|XLV|XLY,3.620736048334525e-05,7.080388896932177e-05,2835,False,2.7418460331747303
2,EEM|GLD|XLV|XLU,8.745561321376602e-06,5.7895992219222556e-05,3907,False,2.124528767041155
2,EEM|GLD|XLV|VNQ,1.3574239229988048e-06,6.239237571562445e-05,4588,False,2.3395672989743765
2,EEM|GLD|XLV|HYG,9.638557141071232e-06,4.6578721709525015e-05,3838,False,1.5832828439912259
2,EEM|GLD|XLV|LQD,1.131926172800571e-05,4.7124731932767126e-05,3742,False,1.6093956604181325
2,EEM|GLD|XLV|AGG,2.2759027879845236e-05,4.4495567525838024e-05,3255,False,1.4836564625206359
2,EEM|GLD|XLI|XLP,3.883022853038025e-05,5.881054804953525e-05,2780,False,2.1682671944414835
2,EEM|GLD|XLI|XLY,3.976870741930653e-06,8.640865545733452e-05,4293,False,3.488140489470162
2,EEM|GLD|XLI|XLU,6.517085688160384e-05,6.898452174213855e-05,2285,False,2.6548352037172402
2,EEM|GLD|XLI|VNQ,7.614873144135273e-06,7.311366532540217e-05,3990,False,2.852310569196415
2,EEM|GLD|XLI|HYG,7.957292031690828e-05,5.741788007893571e-05,2108,False,2.1016631611983683
2,EEM|GLD|XLI|LQD,3.981187062075199e-05,5.7126465856750814e-05,2754,False,2.0877263414023597
2,EEM|GLD|XLI|AGG,8.055796389240976e-05,5.4110243462048484e-05,2095,False,1.943476182077666
2,EEM|GLD|XLP|XLY,3.0986918062117956e-05,6.388236539938448e-05,2988,False,2.410825721314864
2,EEM|GLD|XLP|XLU,3.453129440189043e-05,5.373974186371423e-05,2889,False,1.9257570262608936
2,EEM|GLD|XLP|VNQ,8.290935623449622e-06,5.6659137208554774e-05,3938,False,2.0653764536494954
2,EEM|GLD|XLP|HYG,5.4648830505955574e-05,4.120291667733754e-05,2434,False,1.3261861744109105
2,EEM|GLD|XLP|LQD,4.0395097732800946e-05,4.196098643963451e-05,2741,False,1.3624406907166824
2,EEM|GLD|XLP|AGG,7.137046850957959e-05,3.9583485960880264e-05,2213,False,1.2487372637223073
2,EEM|GLD|XLY|XLU,3.641263621555924e-05,7.173483478089944e-05,2828,False,2.7863683077518964
2,EEM|GLD|XLY|VNQ,4.291682867543875e-06,7.838468744647057e-05,4269,False,3.10439601956094
2,EEM|GLD|XLY|HYG,5.031966811667572e-05,6.242174397761381e-05,2527,False,2.3409718295151274
2,EEM|GLD|XLY|LQD,2.7442753075444526e-05,6.212324369075738e-05,3101,False,2.32669612026599
2,EEM|GLD|XLY|AGG,5.227961243408465e-05,5.872189021230724e-05,2484,False,2.1640271532668054
2,EEM|GLD|XLU|VNQ,2.6343385761204643e-06,6.646814731628149e-05,4437,False,2.5344901613596162
2,EEM|GLD|XLU|HYG,2.2616696067315455e-05,4.956592121747701e-05,3266,False,1.7261449902684893
2,EEM|GLD|XLU|LQD,1.6854205781771626e-05,5.046418566985428e-05,3500,False,1.7691042861740947
2,EEM|GLD|XLU|AGG,3.2278370042819654e-05,4.783003499887967e-05,2945,False,1.6431266213173106
2,EEM|GLD|VNQ|HYG,9.649190849620137e-06,5.2482480068557664e-05,3836,False,1.865628762979404
2,EEM|GLD|VNQ|LQD,6.044305910652813e-06,5.346483306188749e-05,4101,False,1.9126095744904537
2,EEM|GLD|VNQ|AGG,1.3258650275413541e-05,5.0392008616072063e-05,3643,False,1.7656524347701799
2,EEM|GLD|HYG|LQD,2.5217951418038184e-05,4.0952314246697833e-05,3172,False,1.3142011693892561
2,EEM|GLD|HYG|AGG,4.41208000839317e-05,3.851248676056103e-05,2670,False,1.1975169672501316
2,EEM|GLD|LQD|AGG,3.232582813444653e-05,3.996938616940393e-05,2944,False,1.2671928546166469
2,EEM|USO|XLK|XLF,1.9394196710691466e-06,9.195718039091419e-05,4516,False,3.753497449584137
2,EEM|USO|XLK|XLE,5.755145634070558e-06,0.00011697116823328623,4129,False,4.94978580615415
2,EEM|USO|XLK|XLV,3.7091265634094054e-05,8.087119447224827e-05,2807,False,3.223312660210643
2,EEM|USO|XLK|XLI,1.159094293924938e-06,0.00010069780761296499,4618,False,4.171515985482918
2,EEM|USO|XLK|XLP,3.123479243589283e-05,7.447148655050611e-05,2978,False,2.9172480646542143
2,EEM|USO|XLK|XLY,3.776424886637087e-06,0.00010742125097925439,4319,False,4.493063156043435
2,EEM|USO|XLK|XLU,2.4797686916706418e-05,8.48434131463132e-05,3182,False,3.4132831271141413
2,EEM|USO|XLK|VNQ,7.156397326559589e-06,8.77229012607331e-05,4023,False,3.550994000161228
2,EEM|USO|XLK|HYG,2.5061930198274482e-05,7.917043149457186e-05,3176,False,3.1419740523764634
2,EEM|USO|XLK|LQD,1.923215508597529e-05,7.586207076575744e-05,3406,False,2.9837524427653004
2,EEM|USO|XLK|AGG,2.902782180419433e-05,7.32121690640926e-05,3056,False,2.857021488399565
2,EEM|USO|XLF|XLE,1.2816696524097446e-05,9.641696270917493e-05,3666,False,3.966785538384384
2,EEM|USO|XLF|XLV,0.0002499750507115552,6.109556272653645e-05,1122,False,2.277547508716591
2,EEM|USO|XLF|XLI,4.5818198709819196e-05,7.424711936802243e-05,2636,False,2.906517754489636
2,EEM|USO|XLF|XLP,0.00023129882539331867,5.682015041306897e-05,1178,False,2.07307687403141
2,EEM|USO|XLF|XLY,2.8277617888518498e-05,7.852831691302172e-05,3074,False,3.111265066574885
2,EEM|USO|XLF|XLU,0.00016280757624601697,6.450302305724973e-05,1492,False,2.440508534555162
2,EEM|USO|XLF|VNQ,4.000822974898782e-05,6.776260218824452e-05,2748,False,2.5963971751949546
2,EEM|USO|XLF|HYG,0.000124662845598486,5.550573752752106e-05,1712,False,2.0102153726740375
2,EEM|USO|XLF|LQD,0.0001287851458256391,5.271267764946014e-05,1686,False,1.8766379106402873
2,EEM|USO|XLF|AGG,0.00022883491530255169,5.059391085986769e-05,1190,False,1.7753083642821041
2,EEM|USO|XLE|XLV,1.9924628812872145e-05,8.770610164976126e-05,3377,False,3.550190562535562
2,EEM|USO|XLE|XLI,2.713181262474491e-05,9.992767533912843e-05,3109,False,4.134684582269039
2,EEM|USO|XLE|XLP,0.00012154868929664935,8.522281793454509e-05,1736,False,3.431428075990301
2,EEM|USO|XLE|XLY,4.1514273278725566e-05,0.00010172075474590962,2718,False,4.220438202613583
2,EEM|USO|XLE|XLU,6.50216968662321e-05,9.365133128796821e-05,2288,False,3.8345198361459985
2,EEM|USO|XLE|VNQ,1.6684938601618596e-05,9.427916592763133e-05,3507,False,3.864545886930594
2,EEM|USO|XLE|HYG,5.7424484104245736e-05,8.39872793904899e-05,2397,False,3.3723387223190344
2,EEM|USO|XLE|LQD,5.722588724392044e-05,8.065567347333272e-05,2401,False,3.213005416790532
2,EEM|USO|XLE|AGG,0.00011797168412913344,7.893528302139926e-05,1760,False,3.1307281294035145
2,EEM|USO|XLV|XLI,2.1674344350824903e-05,6.488397164352021e-05,3293,False,2.45872731522616
2,EEM|USO|XLV|XLP,0.00026506932471485434,5.270610588953258e-05,1076,False,1.8763236176961533
2,EEM|USO|XLV|XLY,3.807359152181023e-05,6.834022190055388e-05,2788,False,2.6240217083447828
2,EEM|USO|XLV|XLU,0.00016080572254627948,5.857670093333075e-05,1506,False,2.157083508573569
2,EEM|USO|XLV|VNQ,5.2619078665011495e-05,6.1480269338284e-05,2477,False,2.295946016112901
2,EEM|USO|XLV|HYG,0.0001521219009516243,4.931559404344748e-05,1546,False,1.7141731493324623
2,EEM|USO|XLV|LQD,0.00014236123603123528,4.745604650106269e-05,1601,False,1.6252407053150772
2,EEM|USO|XLV|AGG,0.00022303043772382681,4.5579660260108474e-05,1220,False,1.5355029543164402
2,EEM|USO|XLI|XLP,5.059872615219951e-05,6.014884438787185e-05,2521,False,2.232270916570124
2,EEM|USO|XLI|XLY,5.15661228413172e-05,8.375558337272337e-05,2495,False,3.361257912251308
2,EEM|USO|XLI|XLU,4.9531137169781444e-05,6.94758254404035e-05,2548,False,2.678331692860749
2,EEM|USO|XLI|VNQ,1.0533672666548856e-05,7.201215393221847e-05,3788,False,2.7996310339460324
2,EEM|USO|XLI|HYG,4.890713170656534e-05,5.996534739701492e-05,2558,False,2.2234952141506983
2,EEM|USO|XLI|LQD,3.539215896674021e-05,5.726837540920312e-05,2866,False,2.094513133910397
2,EEM|USO|XLI|AGG,7.167058257727223e-05,5.5004931180475674e-05,2212,False,1.9862644214845635
2,EEM|USO|XLP|XLY,6.729851912791469e-05,6.405560631766422e-05,2258,False,2.4191109293642774
2,EEM|USO|XLP|XLU,0.00023896163483626433,5.705735856487005e-05,1156,False,2.0844213006726684
2,EEM|USO|XLP|VNQ,8.898002713755423e-05,5.8383938818261954e-05,2009,False,2.14786470366738
2,EEM|USO|XLP|HYG,0.00023099913744352847,4.657669699830764e-05,1180,False,1.5831860126315076
2,EEM|USO|XLP|LQD,0.00020049517114165914,4.4929208994977706e-05,1308,False,1.504395268492988
2,EEM|USO|XLP|AGG,0.0002619887332424454,4.3304486682198344e-05,1089,False,1.4266932883974723
2,EEM|USO|XLY|XLU,3.508830478950354e-05,7.106108305910749e-05,2876,False,2.7541462828161762
2,EEM|USO|XLY|VNQ,1.3149526519804124e-05,7.611812063322999e-05,3646,False,2.99599797023133
2,EEM|USO|XLY|HYG,5.0093844653320834e-05,6.380415587563614e-05,2534,False,2.407085368388229
2,EEM|USO|XLY|LQD,3.3761122814158024e-05,6.110009782315281e-05,2914,False,2.2777643986948
2,EEM|USO|XLY|AGG,8.000317500014559e-05,5.8451522510677554e-05,2105,False,2.151096878594476
2,EEM|USO|XLU|VNQ,3.894536286175596e-05,6.734595628591698e-05,2777,False,2.5764711783923677
2,EEM|USO|XLU|HYG,0.00013996875022615136,5.409270889837542e-05,1619,False,1.9426375955039534
2,EEM|USO|XLU|LQD,0.00012333148968250552,5.2585415585125794e-05,1724,False,1.870551630965267
2,EEM|USO|XLU|AGG,0.00017599605967985634,5.070404308012606e-05,1416,False,1.7805754130073423
2,EEM|USO|VNQ|HYG,8.312676909414636e-05,5.541645265800743e-05,2073,False,2.005945343820977
2,EEM|USO|VNQ|LQD,6.209960216697816e-05,5.3993247885710354e-05,2331,False,1.9378808948877353
2,EEM|USO|VNQ|AGG,0.00011883333626470959,5.167320160586982e-05,1751,False,1.8269252020663216
2,EEM|USO|HYG|LQD,0.00011119222913644697,4.512970778178363e-05,1800,False,1.5139840779892504
2,EEM|USO|HYG|AGG,0.00019064554590751955,4.344265846162171e-05,1355,False,1.433301322748986
2,EEM|USO|LQD|AGG,0.00016639929089513352,4.2494000104837705e-05,1466,False,1.3879319496712093
2,EEM|XLK|XLF|XLE,5.939779560451478e-06,9.014558085205657e-05,4110,False,3.666858108078106
2,EEM|XLK|XLF|XLV,1.826326515499195e-05,8.254021550360005e-05,3436,False,3.3031332165832836
2,EEM|XLK|XLF|XLI,9.470879080827559e-06,0.00010461801846470103,3854,False,4.3589991899517075
2,EEM|XLK|XLF|XLP,3.6117073537506406e-05,7.23073488513286e-05,2839,False,2.813748664724276
2,EEM|XLK|XLF|XLY,2.45310945482938e-05,0.00011462932002256684,3192,False,4.837787440879809
2,EEM|XLK|XLF|XLU,2.4342741381765656e-05,8.199447365181168e-05,3200,False,3.277033234960942
2,EEM|XLK|XLF|VNQ,3.6484196513483735e-06,8.975931964242362e-05,4333,False,3.648385252386707
2,EEM|XLK|XLF|HYG,3.0253924017359816e-05,7.393514121763531e-05,3013,False,2.8915974694409576
2,EEM|XLK|XLF|LQD,2.1057796459147263e-05,7.175920389767616e-05,3324,False,2.787533755294431
2,EEM|XLK|XLF|AGG,3.8536194951325054e-05,6.777745956709393e-05,2781,False,2.597107726005113
2,EEM|XLK|XLE|XLV,1.3796709236464798e-05,7.78642075389723e-05,3619,False,3.0795041847566504
2,EEM|XLK|XLE|XLI,8.684142771246104e-06,9.901202754795444e-05,3914,False,4.090893932085505
2,EEM|XLK|XLE|XLP,4.487750457901223e-05,6.942346948495215e-05,2656,False,2.675827781037563
2,EEM|XLK|XLE|XLY,2.5430972175943557e-05,0.00010653521096760219,3160,False,4.450688491272903
2,EEM|XLK|XLE|XLU,3.29899064967767e-05,7.985623499467758e-05,2931,False,3.174772450906173
2,EEM|XLK|XLE|VNQ,6.282760129125896e-06,8.498933649395786e-05,4083,False,3.4202618784767416
2,EEM|XLK|XLE|HYG,4.675970010242521e-05,7.113013619275158e-05,2618,False,2.7574487334403495
2,EEM|XLK|XLE|LQD,2.910919074251626e-05,6.841565283369617e-05,3051,False,2.6276291757990715
2,EEM|XLK|XLE|AGG,5.1064347628906514e-05,6.483228484077294e-05,2509,False,2.456255405480919
2,EEM|XLK|XLV|XLI,2.5924369786431427e-07,9.16843584865282e-05,4776,False,3.740449803215597
2,EEM|XLK|XLV|XLP,0.00021598644624433618,6.46227920741216e-05,1248,False,2.446236460916386
2,EEM|XLK|XLV|XLY,5.80356444243043e-05,0.00010087071275642838,2387,False,4.179785135177072
2,EEM|XLK|XLV|XLU,0.0001611424213756445,7.249763927422208e-05,1504,False,2.8228492615067147
2,EEM|XLK|XLV|VNQ,1.0884913264680415e-05,7.990647453879249e-05,3766,False,3.1771751458320194
2,EEM|XLK|XLV|HYG,0.00015740338505288608,6.417448547989112e-05,1517,False,2.4247962986267484
2,EEM|XLK|XLV|LQD,9.651113475252031e-05,6.29320604956081e-05,1931,False,2.365377602496587
2,EEM|XLK|XLV|AGG,0.00018457781458466302,5.919269671366411e-05,1389,False,2.1865433685668156
2,EEM|XLK|XLI|XLP,2.9928697273631756e-05,8.099177689207587e-05,3021,False,3.229079487385734
2,EEM|XLK|XLI|XLY,1.30690962207945e-05,0.00012521232054821287,3650,False,5.3439170666789755
2,EEM|XLK|XLI|XLU,1.8806820224846897e-05,9.23230101009098e-05,3423,False,3.7709931733892716
2,EEM|XLK|XLI|VNQ,1.5468049519210505e-06,9.936460545234194e-05,4557,False,4.1077558912605285
2,EEM|XLK|XLI|HYG,1.945742573460221e-05,8.375048515307356e-05,3397,False,3.3610140910403623
2,EEM|XLK|XLI|LQD,6.4543046812117164e-06,8.167063572336351e-05,4071,False,3.2615457586872845
2,EEM|XLK|XLI|AGG,1.4960928126164078e-05,7.754421395364629e-05,3569,False,3.064200563330316
2,EEM|XLK|XLP|XLY,6.815388429336158e-06,9.062864283473474e-05,4042,False,3.6899604390227396
2,EEM|XLK|XLP|XLU,0.0002692027277651991,6.50208425669574e-05,1058,False,2.465273136431987
2,EEM|XLK|XLP|VNQ,1.582349372613687e-05,7.085268967996645e-05,3534,False,2.744179916212671
2,EEM|XLK|XLP|HYG,0.00018490131077783818,5.5478134095947304e-05,1386,False,2.0088952447519666
2,EEM|XLK|XLP|LQD,0.00011355188681860105,5.444776865071914e-05,1786,False,1.9596182485006706
2,EEM|XLK|XLP|AGG,0.0002662709696580558,5.0960068796949996e-05,1071,False,1.7928197854740209
2,EEM|XLK|XLY|XLU,8.911016506491008e-06,9.963837173248035e-05,3896,False,4.120848702187553
2,EEM|XLK|XLY|VNQ,6.508113047629905e-06,0.00010920067616622,4063,False,4.57816376638868
2,EEM|XLK|XLY|HYG,6.397233043822747e-05,9.331939764456131e-05,2301,False,3.8186451841207467
2,EEM|XLK|XLY|LQD,2.4553274131940984e-05,9.123246215017976e-05,3189,False,3.718837962314542
2,EEM|XLK|XLY|AGG,3.8527716270672656e-05,8.67209092967147e-05,2782,False,3.5030739592830815
2,EEM|XLK|XLU|VNQ,1.0776103152897202e-05,8.181895930392382e-05,3774,False,3.2686393006505736
2,EEM|XLK|XLU|HYG,0.0001575360697969122,6.499839815231741e-05,1516,False,2.464199737337326
2,EEM|XLK|XLU|LQD,8.957216740279774e-05,6.410822739716954e-05,2003,False,2.421627520685863
2,EEM|XLK|XLU|AGG,0.00018887817198013496,6.0363877351180047e-05,1367,False,2.242554819796805
2,EEM|XLK|VNQ|HYG,5.3175787827400246e-05,7.082740877156658e-05,2460,False,2.7429708624403237
2,EEM|XLK|VNQ|LQD,1.419587069582426e-05,7.002132655737126e-05,3597,False,2.7044201613943044
2,EEM|XLK|VNQ|AGG,3.2033161631283745e-05,6.583830273654096e-05,2953,False,2.504367985641757
2,EEM|XLK|HYG|LQD,8.148152635071551e-05,5.7590472689379686e-05,2086,False,2.109917364070987
2,EEM|XLK|HYG|AGG,0.000177060291071402,5.4040445828228e-05,1411,False,1.9401381258995887
2,EEM|XLK|LQD|AGG,0.00010209812538561857,5.370891002954576e-05,1878,False,1.9242825007090354
2,EEM|XLF|XLE|XLV,9.718677290543955e-05,6.097286546132309e-05,1918,False,2.2716795395353997
2,EEM|XLF|XLE|XLI,3.667094025035471e-05,7.544562897107452e-05,2817,False,2.963836207365025
2,EEM|XLF|XLE|XLP,0.00012879962416616247,5.4656423015577624e-05,1685,False,1.9695970966875598
2,EEM|XLF|XLE|XLY,1.7881542294135308e-05,8.052656656943214e-05,3459,False,3.206830908077154
2,EEM|XLF|XLE|XLU,6.496577903446163e-05,6.240013457367675e-05,2290,False,2.339938364619996
2,EEM|XLF|XLE|VNQ,5.804950967804243e-06,6.791332708953189e-05,4122,False,2.603605559783269
2,EEM|XLF|XLE|HYG,5.111105999860395e-05,5.03497318937634e-05,2507,False,1.7636305600107252
2,EEM|XLF|XLE|LQD,5.307704781302658e-05,4.8150549385461485e-05,2465,False,1.65845514994686
2,EEM|XLF|XLE|AGG,0.00013104626684570225,4.509831630461064e-05,1673,False,1.5124827876362599
2,EEM|XLF|XLV|XLI,9.7660798105213e-06,6.889653368804773e-05,3831,False,2.65062719477083
2,EEM|XLF|XLV|XLP,0.0003659457340720217,5.063431938314656e-05,863,False,1.7772408928420969
2,EEM|XLF|XLV|XLY,4.7037102251132e-05,7.564064213665784e-05,2608,False,2.9731626682570385
2,EEM|XLF|XLV|XLU,0.0002559981394263092,5.5820112631620716e-05,1106,False,2.025250291496252
2,EEM|XLF|XLV|VNQ,1.1102842524307497e-06,6.360903891276599e-05,4627,False,2.3977539434142603
2,EEM|XLF|XLV|HYG,0.00019777948611399468,4.417265495930242e-05,1317,False,1.468213241472838
2,EEM|XLF|XLV|LQD,0.00013461241235331015,4.344553082577289e-05,1646,False,1.4334386929200893
2,EEM|XLF|XLV|AGG,0.00036243495777258246,4.023730195590129e-05,867,False,1.2800058669978704
2,EEM|XLF|XLI|XLP,4.910235086585813e-05,6.03282477018701e-05,2554,False,2.2408508398122158
2,EEM|XLF|XLI|XLY,1.0671039349224921e-05,9.330719342921158e-05,3781,False,3.8180615202597115
2,EEM|XLF|XLI|XLU,8.443739331202923e-05,6.897042695907772e-05,2060,False,2.6541611238795793
2,EEM|XLF|XLI|VNQ,4.1711624924098883e-07,7.639211332708473e-05,4743,False,3.009101609343541
2,EEM|XLF|XLI|HYG,6.23880262898706e-05,5.707359813325412e-05,2326,False,2.085197954387222
2,EEM|XLF|XLI|LQD,3.614709500458833e-05,5.550904955429758e-05,2836,False,2.010373769611558
2,EEM|XLF|XLI|AGG,9.494189540111495e-05,5.191376269665276e-05,1947,False,1.838429982262142
2,EEM|XLF|XLP|XLY,2.5754286342956803e-05,6.752286782323887e-05,3146,False,2.5849319329739537
2,EEM|XLF|XLP|XLU,0.00047295207035706046,5.0467611532630724e-05,665,False,1.7692681272927717
2,EEM|XLF|XLP|VNQ,6.249203305446597e-06,5.667954966221465e-05,4084,False,2.066352674666161
2,EEM|XLF|XLP|HYG,0.0003564252992903104,3.7600599183633285e-05,882,False,1.1539061484693043
2,EEM|XLF|XLP|LQD,0.00022623505211882212,3.7085534589158614e-05,1206,False,1.1292732997954211
2,EEM|XLF|XLP|AGG,0.0005573547820328153,3.412896964746186e-05,541,False,0.9878762447763232
2,EEM|XLF|XLY|XLU,1.0189464857625771e-05,7.384354276935815e-05,3812,False,2.887216794202592
2,EEM|XLF|XLY|VNQ,2.7168198094646795e-06,8.378593821967267e-05,4424,False,3.3627096259964233
2,EEM|XLF|XLY|HYG,5.077635076871969e-05,6.420026480345178e-05,2514,False,2.426029188992339
2,EEM|XLF|XLY|LQD,2.962674411010299e-05,6.26286301598237e-05,3030,False,2.3508661147635466
2,EEM|XLF|XLY|AGG,6.993375516132537e-05,5.864821221843105e-05,2230,False,2.160503519739639
2,EEM|XLF|XLU|VNQ,1.1720078023569603e-05,6.49567653345457e-05,3727,False,2.462208657167889
2,EEM|XLF|XLU|HYG,0.00027651529188855555,4.443180928837706e-05,1034,False,1.480607239118489
2,EEM|XLF|XLU|LQD,0.00016158234875061862,4.4056939383982696e-05,1501,False,1.4626791700444393
2,EEM|XLF|XLU|AGG,0.0004184440976849103,4.084372425006559e-05,768,False,1.309007877162933
2,EEM|XLF|VNQ|HYG,4.396651137451189e-05,5.064091092420111e-05,2675,False,1.7775561318141917
2,EEM|XLF|VNQ|LQD,3.866095300907784e-06,5.03501295607593e-05,4304,False,1.763649578345586
2,EEM|XLF|VNQ|AGG,1.6852318300181362e-05,4.669824065200137e-05,3501,False,1.5889988106005897
2,EEM|XLF|HYG|LQD,0.0001184387992044054,3.421488079820551e-05,1755,False,0.991984926286117
2,EEM|XLF|HYG|AGG,0.0003827439561107425,3.11959888491262e-05,824,False,0.8476070961222696
2,EEM|XLF|LQD|AGG,0.0002631928397827663,3.1379753901197464e-05,1084,False,0.8563956185091298
2,EEM|XLE|XLV|XLI,1.0759462980782636e-05,6.48870938521539e-05,3775,False,2.4588766341535857
2,EEM|XLE|XLV|XLP,0.00029853914520944913,4.934699109762287e-05,986,False,1.7156747064043416
2,EEM|XLE|XLV|XLY,4.523730531466856e-05,6.914308416254591e-05,2648,False,2.6624184158990887
2,EEM|XLE|XLV|XLU,0.00015406111643974921,5.527842505533939e-05,1529,False,1.9993442046904406
2,EEM|XLE|XLV|VNQ,1.6069491192142165e-05,6.043560684515299e-05,3527,False,2.2459852667532534
2,EEM|XLE|XLV|HYG,0.0001469394482563711,4.296420101527145e-05,1572,False,1.4104192027211877
2,EEM|XLE|XLV|LQD,0.00012386812798281742,4.1698530842645665e-05,1717,False,1.3498888106736875
2,EEM|XLE|XLV|AGG,0.000247817414154576,3.8888678310433054e-05,1130,False,1.215508243722634
2,EEM|XLE|XLI|XLP,3.926303112537261e-05,5.811093646422757e-05,2768,False,2.134808427334891
2,EEM|XLE|XLI|XLY,3.7108267521831562e-06,8.587965250298084e-05,4328,False,3.462841041862194
2,EEM|XLE|XLI|XLU,6.321508741212857e-05,6.749875643067756e-05,2313,False,2.5837788110341995
2,EEM|XLE|XLI|VNQ,3.325815693683541e-06,7.22886983073529e-05,4371,False,2.8128567066429646
2,EEM|XLE|XLI|HYG,6.140666398411243e-05,5.493516123710431e-05,2344,False,1.9829276895960029
2,EEM|XLE|XLI|LQD,3.351305975725088e-05,5.283206661905152e-05,2919,False,1.8823476613255874
2,EEM|XLE|XLI|AGG,7.106826193929196e-05,4.963515609906569e-05,2217,False,1.7294561329473366
2,EEM|XLE|XLP|XLY,2.8265747242818462e-05,6.281743844737826e-05,3076,False,2.359895828755924
2,EEM|XLE|XLP|XLU,0.00023209681662171778,5.17180525546007e-05,1177,False,1.829070188626881
2,EEM|XLE|XLP|VNQ,2.428640003645308e-05,5.529824619285296e-05,3202,False,2.0002921461450733
2,EEM|XLE|XLP|HYG,0.00020846261889564675,3.818427383785361e-05,1276,False,1.1818202578575732
2,EEM|XLE|XLP|LQD,0.0001631404246478926,3.713066320428269e-05,1489,False,1.1314315656889389
2,EEM|XLE|XLP|AGG,0.0003291464818402378,3.457247460024493e-05,925,False,1.0090867696410064
2,EEM|XLE|XLY|XLU,1.1345442507377524e-05,6.988375410273991e-05,3740,False,2.6978407896165084
2,EEM|XLE|XLY|VNQ,5.109896064657452e-06,7.719440506172276e-05,4198,False,3.0474710315551423
2,EEM|XLE|XLY|HYG,3.8962642614133676e-05,5.9573709769083886e-05,2776,False,2.204765232460415
2,EEM|XLE|XLY|LQD,2.085479450856365e-05,5.7463529086359565e-05,3331,False,2.103846314736871
2,EEM|XLE|XLY|AGG,4.342248422906595e-05,5.38814874826259e-05,2682,False,1.9325359786841292
2,EEM|XLE|XLU|VNQ,1.3657406145065338e-05,6.432110257442637e-05,3630,False,2.431808228278746
2,EEM|XLE|XLU|HYG,0.00010454487575310712,4.576112465183975e-05,1853,False,1.544181448138703
2,EEM|XLE|XLU|LQD,8.48797504860351e-05,4.484770870834914e-05,2054,False,1.5004975355699022
2,EEM|XLE|XLU|AGG,0.0001751807356880286,4.203286991209102e-05,1422,False,1.3658785016595612
2,EEM|XLE|VNQ|HYG,4.701349903512553e-05,4.933848179633213e-05,2609,False,1.7152677509792085
2,EEM|XLE|VNQ|LQD,1.803963852446873e-05,4.850915439379406e-05,3451,False,1.6756053540158515
2,EEM|XLE|VNQ|AGG,3.9409201111875486e-05,4.525564182269513e-05,2761,False,1.520006845242021
2,EEM|XLE|HYG|LQD,7.98417718705946e-05,3.43388837548223e-05,2106,False,0.9979153398657398
2,EEM|XLE|HYG|AGG,0.00019656333556121574,3.171836814340199e-05,1322,False,0.8725897686730583
2,EEM|XLE|LQD|AGG,0.00014884690821754973,3.136358715637699e-05,1562,False,0.8556224475651666
2,EEM|XLV|XLI|XLP,7.30239554932919e-05,5.436652911882677e-05,2194,False,1.9557329861143422
2,EEM|XLV|XLI|XLY,3.5124345371307526e-05,8.12714243572368e-05,2874,False,3.2424535646669925
2,EEM|XLV|XLI|XLU,2.0277804367273423e-05,6.119643077565179e-05,3359,False,2.2823715005353686
2,EEM|XLV|XLI|VNQ,2.932669646039453e-08,6.826210641761726e-05,4838,False,2.62028585289887
2,EEM|XLV|XLI|HYG,1.5919935767366374e-05,4.90357805896736e-05,3533,False,1.70079113368303
2,EEM|XLV|XLI|LQD,9.288144275783711e-06,4.8404744346393203e-05,3866,False,1.6706119669237307
2,EEM|XLV|XLI|AGG,3.650129288057997e-05,4.50518380373866e-05,2824,False,1.5102599749338614
2,EEM|XLV|XLP|XLY,3.7099234253757375e-05,6.073620195222992e-05,2806,False,2.2603611603094538
2,EEM|XLV|XLP|XLU,0.0006836274840562666,4.794271855017065e-05,421,False,1.6485156868767818
2,EEM|XLV|XLP|VNQ,1.986481220489542e-05,5.3798645953713034e-05,3382,False,1.9285741011497102
2,EEM|XLV|XLP|HYG,0.0005231569696819503,3.48118848410186e-05,589,False,1.0205365106933315
2,EEM|XLV|XLP|LQD,0.0003070168052547277,3.523033258222007e-05,973,False,1.0405486800358137
2,EEM|XLV|XLP|AGG,0.0006315979012675478,3.251614818916155e-05,472,False,0.9107434203762627
2,EEM|XLV|XLY|XLU,1.7410779639337835e-05,6.52445992979666e-05,3478,False,2.4759742518917554
2,EEM|XLV|XLY|VNQ,8.146064978153659e-06,7.48309840222396e-05,3953,False,2.9344409505851266
2,EEM|XLV|XLY|HYG,9.520771966405961e-05,5.533749997190562e-05,1943,False,2.0021694493215194
2,EEM|XLV|XLY|LQD,3.732865274121048e-05,5.4699377663953705e-05,2801,False,1.971651393109093
2,EEM|XLV|XLY|AGG,7.651790122240757e-05,5.096134027119929e-05,2151,False,1.7928805934447327
2,EEM|XLV|XLU|VNQ,2.2736235999073474e-05,6.026358402566148e-05,3257,False,2.237758314005101
2,EEM|XLV|XLU|HYG,0.00039198895688580346,3.983081734537979e-05,807,False,1.26056583169618
2,EEM|XLV|XLU|LQD,0.00022354803951926452,4.038945977666156e-05,1215,False,1.2872827806384952
2,EEM|XLV|XLU|AGG,0.00047685815806697957,3.7418625191382686e-05,655,False,1.1452032831165357
2,EEM|XLV|VNQ|HYG,9.457771376977473e-05,4.56839082551623e-05,1952,False,1.5404885912914212
2,EEM|XLV|VNQ|LQD,1.3826480262711195e-05,4.632663922739662e-05,3614,False,1.5712270558391808
2,EEM|XLV|VNQ|AGG,3.898843183796885e-05,4.2917130867276924e-05,2774,False,1.4081680834537316
2,EEM|XLV|HYG|LQD,0.00018670462248780777,3.028357983072977e-05,1375,False,0.8039713395201901
2,EEM|XLV|HYG|AGG,0.0004626712058090622,2.7507068430288694e-05,684,False,0.6711853047158896
2,EEM|XLV|LQD|AGG,0.0002700157462248045,2.8624345818036092e-05,1052,False,0.7246188451191149
2,EEM|XLI|XLP|XLY,9.265335589812375e-06,7.269393510163697e-05,3867,False,2.832237065413053
2,EEM|XLI|XLP|XLU,0.00010701955943230506,5.538421473448094e-05,1835,False,2.004403572361034
2,EEM|XLI|XLP|VNQ,2.646987027129578e-06,6.087290222488505e-05,4433,False,2.266898820179915
2,EEM|XLI|XLP|HYG,0.00010358001439102493,4.2004009871823593e-05,1860,False,1.3644982767086407
2,EEM|XLI|XLP|LQD,6.024992541672506e-05,4.158503316759805e-05,2360,False,1.3444608098282074
2,EEM|XLI|XLP|AGG,0.00015323678574700387,3.84837907867663e-05,1534,False,1.1961445887414588
2,EEM|XLI|XLY|XLU,3.636394101463082e-05,8.065871845610712e-05,2830,False,3.2131510424085636
2,EEM|XLI|XLY|VNQ,2.4907856128865477e-07,8.987786326724184e-05,4777,False,3.6540545746478865
2,EEM|XLI|XLY|HYG,1.3730960398382816e-05,7.050224797654084e-05,3623,False,2.727420120369384
2,EEM|XLI|XLY|LQD,1.5192675839966388e-05,6.90267012231619e-05,3557,False,2.6568524279340417
2,EEM|XLI|XLY|AGG,4.47019101750469e-05,6.490160584263425e-05,2660,False,2.4595706668424833
2,EEM|XLI|XLU|VNQ,6.0346317242079645e-06,7.079422630556696e-05,4103,False,2.741383918448515
2,EEM|XLI|XLU|HYG,0.00012485453308727363,5.0479328384918246e-05,1710,False,1.769828483124698
2,EEM|XLI|XLU|LQD,4.700158783623784e-05,5.020054637077301e-05,2611,False,1.7564957958440977
2,EEM|XLI|XLU|AGG,0.00012284386910461448,4.68426537977209e-05,1726,False,1.5959053368949407
2,EEM|XLI|VNQ|HYG,2.073463723855923e-05,5.596517938156247e-05,3338,False,2.0321880762658915
2,EEM|XLI|VNQ|LQD,9.531602523732371e-07,5.577048590836979e-05,4648,False,2.022876904590736
2,EEM|XLI|VNQ|AGG,5.1438242956148616e-06,5.197391956047686e-05,4195,False,1.841306970778089
2,EEM|XLI|HYG|LQD,4.206010317527263e-05,3.9845295271335914e-05,2708,False,1.2612582352568493
2,EEM|XLI|HYG|AGG,0.00012202442102042376,3.6681725883121606e-05,1732,False,1.1099612390253513
2,EEM|XLI|LQD|AGG,4.80562075353919e-05,3.696157882544199e-05,2581,False,1.123345143205661
2,EEM|XLP|XLY|XLU,6.62615138901762e-05,5.988289492955443e-05,2269,False,2.219551943392952
2,EEM|XLP|XLY|VNQ,7.575555993803936e-07,6.789229150226607e-05,4687,False,2.602599537541702
2,EEM|XLP|XLY|HYG,4.4497503467396704e-05,4.875624092681431e-05,2664,False,1.6874222120226614
2,EEM|XLP|XLY|LQD,2.959169903956318e-05,4.8330178157917245e-05,3032,False,1.6670458556891001
2,EEM|XLP|XLY|AGG,9.43822363049402e-05,4.484380469333767e-05,1956,False,1.5003108269278604
2,EEM|XLP|XLU|VNQ,5.3801861095335575e-05,5.609016472011693e-05,2449,False,2.038165472041282
2,EEM|XLP|XLU|HYG,0.0006988600921587578,3.601483151471744e-05,407,False,1.0780671654769265
2,EEM|XLP|XLU|LQD,0.00036920058244487545,3.678553348505407e-05,859,False,1.1149258142981073
2,EEM|XLP|XLU|AGG,0.0007415891896251154,3.406636282795004e-05,366,False,0.9848820876792688
2,EEM|XLP|VNQ|HYG,0.00015266903244635463,4.029093427293859e-05,1539,False,1.2825708205275477
2,EEM|XLP|VNQ|LQD,2.1068032899188845e-05,4.114572478422777e-05,3323,False,1.323450984954173
2,EEM|XLP|VNQ|AGG,6.496390848164092e-05,3.798788035228293e-05,2291,False,1.1724277834718446
2,EEM|XLP|HYG|LQD,0.0002819093525664133,2.5460098862443124e-05,1021,False,0.5732894443797476
2,EEM|XLP|HYG|AGG,0.0006858416223052621,2.29352513901769e-05,419,False,0.4525391804785684
2,EEM|XLP|LQD|AGG,0.00038027666314989505,2.4264588316979155e-05,829,False,0.5161144207606592
2,EEM|XLY|XLU|VNQ,7.803445780233363e-07,7.549211127185965e-05,4679,False,2.9660592129715777
2,EEM|XLY|XLU|HYG,1.9979041241335098e-05,5.491005512882062e-05,3375,False,1.981726995599994
2,EEM|XLY|XLU|LQD,8.949921454939114e-06,5.462418705000386e-05,3890,False,1.9680554188662662
2,EEM|XLY|XLU|AGG,3.305497945077202e-05,5.088116339320393e-05,2930,False,1.789046152242618
2,EEM|XLY|VNQ|HYG,2.7110970158167048e-05,6.291661520777239e-05,3112,False,2.3646389350710577
2,EEM|XLY|VNQ|LQD,4.356714966253335e-06,6.271483566990817e-05,4263,False,2.3549888739427742
2,EEM|XLY|VNQ|AGG,1.1735741427027538e-05,5.853313823826742e-05,3724,False,2.1550001324556356
2,EEM|XLY|HYG|LQD,4.275773445257916e-05,4.6522486810483986e-05,2695,False,1.5805934225611205
2,EEM|XLY|HYG|AGG,9.484446251518422e-05,4.297378633852186e-05,1949,False,1.410877618655132
2,EEM|XLY|LQD|AGG,3.1673003287307085e-05,4.324655321617072e-05,2962,False,1.4239226333823136
2,EEM|XLU|VNQ|HYG,0.00011678442019831732,4.840128920115665e-05,1768,False,1.6704467253779685
2,EEM|XLU|VNQ|LQD,1.420350060847027e-05,4.939627440252614e-05,3596,False,1.7180316694044275
2,EEM|XLU|VNQ|AGG,4.6441764219452184e-05,4.598177977836094e-05,2623,False,1.554734230059691
2,EEM|XLU|HYG|LQD,0.00019511984331930884,3.226464291315424e-05,1327,False,0.89871523697746
2,EEM|XLU|HYG|AGG,0.000509118693909627,2.948314524866766e-05,609,False,0.7656907352138722
2,EEM|XLU|LQD|AGG,0.00026915954875133803,3.095267686555022e-05,1059,False,0.8359707550957962
2,EEM|VNQ|HYG|LQD,7.728884139595825e-05,3.662199771856806e-05,2144,False,1.1071047529558384
2,EEM|VNQ|HYG|AGG,0.0001672070147491028,3.340182627924066e-05,1463,False,0.9531007763287606
2,EEM|VNQ|LQD|AGG,4.560837879288253e-05,3.495544643707578e-05,2643,False,1.0274023118161293
2,EEM|HYG|LQD|AGG,0.00025346814525268674,2.2846519190997325e-05,1110,False,0.4482955829602403
2,TLT|GLD|USO|XLK,5.315229274103966e-05,6.928628706852839e-05,2462,False,2.6692670627495376
2,TLT|GLD|USO|XLF,0.0005713210420509306,5.509025759814009e-05,526,False,1.9903451382660298
2,TLT|GLD|USO|XLE,0.00021025243608808293,8.51842042079866e-05,1268,False,3.42958138318079
2,TLT|GLD|USO|XLV,0.00033488064083492274,5.38502303293027e-05,912,False,1.9310411123391185
2,TLT|GLD|USO|XLI,0.00014747611080770522,5.778223828089115e-05,1569,False,2.1190885104616206
2,TLT|GLD|USO|XLP,0.0003178219864295178,5.298076068949917e-05,950,False,1.8894589218846172
2,TLT|GLD|USO|XLY,0.00016835413528779917,5.972565586049272e-05,1459,False,2.2120320201923094
2,TLT|GLD|USO|XLU,0.00018527572669471172,6.069369343164e-05,1384,False,2.258328199849203
2,TLT|GLD|USO|VNQ,0.00012222971855003632,6.043612234500853e-05,1731,False,2.2460099204181896
2,TLT|GLD|USO|HYG,0.0003311549384278531,5.1363102746195676e-05,922,False,1.8120947936743652
2,TLT|GLD|USO|LQD,0.0001726750619062282,5.284537729358244e-05,1438,False,1.8829842413487237
2,TLT|GLD|USO|AGG,0.000252050897749128,5.131839541430249e-05,1115,False,1.8099566755568481
2,TLT|GLD|XLK|XLF,0.000388497268495687,5.691158399129656e-05,814,False,2.0774496643966436
2,TLT|GLD|XLK|XLE,0.00014220795086433667,5.571898371329051e-05,1603,False,2.0204138236657996
2,TLT|GLD|XLK|XLV,0.0002600491388469856,5.210104446878856e-05,1096,False,1.8473866909970982
2,TLT|GLD|XLK|XLI,0.0001033740253175794,6.4959298739992e-05,1862,False,2.4623298167149783
2,TLT|GLD|XLK|XLP,0.00048383275288706515,4.527412049018106e-05,642,False,1.5208905833687705
2,TLT|GLD|XLK|XLY,0.00013889383669174306,7.26328203324601e-05,1627,False,2.8293142652885197
2,TLT|GLD|XLK|XLU,0.00027215747946623107,5.4991305388624195e-05,1044,False,1.985612771046269
2,TLT|GLD|XLK|VNQ,6.37743978636938e-05,5.923900116160989e-05,2305,False,2.188757868401229
2,TLT|GLD|XLK|HYG,0.00026836123083169176,4.659866779873219e-05,1063,False,1.584236761232572
2,TLT|GLD|XLK|LQD,0.00011603843811968195,4.869806490422071e-05,1771,False,1.6846399567941532
2,TLT|GLD|XLK|AGG,0.0002618174016211076,4.530810548395098e-05,1090,False,1.522515908071143
2,TLT|GLD|XLF|XLE,0.0006365570480853311,4.440724391096483e-05,468,False,1.479432405455093
2,TLT|GLD|XLF|XLV,0.0013054186079679688,4.156787844486236e-05,130,False,1.3436403890621058
2,TLT|GLD|XLF|XLI,0.00012249109200698053,4.775107621683508e-05,1727,False,1.639350435280757
2,TLT|GLD|XLF|XLP,0.001700709408903396,3.686525007452954e-05,63,False,1.1187382423050258
2,TLT|GLD|XLF|XLY,0.00010084296364012295,5.298235198801307e-05,1889,False,1.8895350253790306
2,TLT|GLD|XLF|XLU,0.0013166139927729688,4.389338102134636e-05,126,False,1.4548570280463504
2,TLT|GLD|XLF|VNQ,0.0001222851806138297,4.8521167810906926e-05,1730,False,1.6761798929940146
2,TLT|GLD|XLF|HYG,0.0017600543908329093,3.2176439553467014e-05,53,False,0.8944969310892062
2,TLT|GLD|XLF|LQD,0.0007275235572562388,3.4791137509709036e-05,376,False,1.019544274228201
2,TLT|GLD|XLF|AGG,0.0016189660557057604,3.193231300151169e-05,71,False,0.8828216335127426
2,TLT|GLD|XLE|XLV,0.0005849078833942793,4.197182924770907e-05,513,False,1.3629592455802195
2,TLT|GLD|XLE|XLI,7.8878296846916e-05,4.722504406756295e-05,2122,False,1.614193065759301
2,TLT|GLD|XLE|XLP,0.0007890972040361263,3.906132947562755e-05,327,False,1.223765246963059
2,TLT|GLD|XLE|XLY,4.948134365071194e-05,4.996820170052286e-05,2549,False,1.7453839641168707
2,TLT|GLD|XLE|XLU,0.0004791805799369433,4.683510113168674e-05,649,False,1.595544132336329
2,TLT|GLD|XLE|VNQ,7.209718478523746e-05,4.883114342991563e-05,2202,False,1.6910044074287962
2,TLT|GLD|XLE|HYG,0.000738859858584034,3.4451393296057735e-05,368,False,1.0032960834333444
2,TLT|GLD|XLE|LQD,0.00030548879120627506,3.652754521320351e-05,975,False,1.102587583077588
2,TLT|GLD|XLE|AGG,0.0006020592437242023,3.406709704266516e-05,491,False,0.9849172013332953
2,TLT|GLD|XLV|XLI,0.00029472046145775915,4.466337488849075e-05,991,False,1.491681811991228
2,TLT|GLD|XLV|XLP,0.0008374619300391885,3.902665194715105e-05,293,False,1.2221068019437173
2,TLT|GLD|XLV|XLY,0.00014536083293307397,4.906970337170312e-05,1580,False,1.7024134831228754
2,TLT|GLD|XLV|XLU,0.0007364453456225873,4.424250529358529e-05,370,False,1.4715538180387056
2,TLT|GLD|XLV|VNQ,7.4759125524578e-05,4.8514281357104305e-05,2174,False,1.675850549885909
2,TLT|GLD|XLV|HYG,0.0010173951124614901,3.226174246555133e-05,211,False,0.8985765237215781
2,TLT|GLD|XLV|LQD,0.0003593632925036313,3.580995275746949e-05,875,False,1.0682688848769384
2,TLT|GLD|XLV|AGG,0.0007093917271521163,3.3193508797910385e-05,396,False,0.943138039521027
2,TLT|GLD|XLI|XLP,0.0005279580878963287,3.950103157597706e-05,582,False,1.2447939012632934
2,TLT|GLD|XLI|XLY,0.0001139825201318864,5.751670597435935e-05,1781,False,2.106389487475007
2,TLT|GLD|XLI|XLU,0.00023585323352745075,4.8173270931144755e-05,1166,False,1.6595418027714903
2,TLT|GLD|XLI|VNQ,3.40119316295683e-05,5.2077807081525495e-05,2906,False,1.8462753681646458
2,TLT|GLD|XLI|HYG,0.00037324972365083357,3.5943136949605496e-05,843,False,1.0746383889854194
2,TLT|GLD|XLI|LQD,0.00015904638890811836,3.8653922796096654e-05,1513,False,1.2042811139178644
2,TLT|GLD|XLI|AGG,0.00032650589743449585,3.565042084876431e-05,930,False,1.0606393071347553
2,TLT|GLD|XLP|XLY,0.0004931103469465885,4.435787173194812e-05,632,False,1.4770711920704713
2,TLT|GLD|XLP|XLU,0.0010640065839048658,4.229594686825925e-05,190,False,1.3784600980659056
2,TLT|GLD|XLP|VNQ,0.0001356603378342792,4.499073478021692e-05,1641,False,1.5073377253684892
2,TLT|GLD|XLP|HYG,0.001691249565202344,2.909562936354614e-05,65,False,0.7471578749487241
2,TLT|GLD|XLP|LQD,0.0006014393375191631,3.285589919451917e-05,492,False,0.9269919359829502
2,TLT|GLD|XLP|AGG,0.0010733926312924342,3.0491119163134906e-05,187,False,0.8138968615301597
2,TLT|GLD|XLY|XLU,0.0002517310020628644,5.070860677602747e-05,1118,False,1.7807936707399432
2,TLT|GLD|XLY|VNQ,1.5148681816280592e-05,5.7133852008715746e-05,3559,False,2.0880795824629685
2,TLT|GLD|XLY|HYG,0.0002017020313095862,4.0732023654405436e-05,1306,False,1.303665821235976
2,TLT|GLD|XLY|LQD,9.931353327261892e-05,4.343572343622506e-05,1906,False,1.4329696567152927
2,TLT|GLD|XLY|AGG,0.000218058844633954,4.004709040514491e-05,1240,False,1.2709090422576932
2,TLT|GLD|XLU|VNQ,8.099372500388673e-05,5.329801055050802e-05,2088,False,1.9046313253110498
2,TLT|GLD|XLU|HYG,0.0011694658363173222,3.595689956624999e-05,154,False,1.0752965830387424
2,TLT|GLD|XLU|LQD,0.0003885372356296537,3.9857364087303324e-05,813,False,1.261835423672802
2,TLT|GLD|XLU|AGG,0.0007572180818979369,3.7235933863698704e-05,355,False,1.136466111357603
2,TLT|GLD|VNQ|HYG,0.00043773267292192936,3.864885098444778e-05,731,False,1.2040385556636388
2,TLT|GLD|VNQ|LQD,6.532954964617459e-05,4.263340404645367e-05,2283,False,1.3945989119031428
2,TLT|GLD|VNQ|AGG,0.0001747347929326466,3.9573300048008224e-05,1428,False,1.2482501247244535
2,TLT|GLD|HYG|LQD,0.0006183301845646621,2.968200034581047e-05,480,False,0.7752009356207652
2,TLT|GLD|HYG|AGG,0.0012278544854297305,2.7254893307043653e-05,145,False,0.6591250860232254
2,TLT|GLD|LQD|AGG,0.0003843707065516236,3.171399278456261e-05,823,False,0.8723805181181945
2,TLT|USO|XLK|XLF,0.0004957776147553671,6.436919180952168e-05,626,False,2.434108085158161
2,TLT|USO|XLK|XLE,9.61304041918013e-05,8.965695923914892e-05,1935,False,3.6434898890650738
2,TLT|USO|XLK|XLV,0.0002412992401408245,5.661126022393141e-05,1147,False,2.063086747601282
2,TLT|USO|XLK|XLI,2.26994587471004e-05,6.928010947929159e-05,3260,False,2.668971620930255
2,TLT|USO|XLK|XLP,0.00026629718764693437,5.242124423237153e-05,1070,False,1.8627001728523147
2,TLT|USO|XLK|XLY,2.8204931628084674e-05,7.578857565170282e-05,3078,False,2.98023755542457
2,TLT|USO|XLK|XLU,0.00017134244714680195,6.1291436490743e-05,1445,False,2.286915127544681
2,TLT|USO|XLK|VNQ,8.22942340050261e-05,6.394631717228004e-05,2078,False,2.41388420050575
2,TLT|USO|XLK|HYG,0.00010791062568901548,5.4954962520665265e-05,1826,False,1.9838746815398056
2,TLT|USO|XLK|LQD,7.101034644243001e-05,5.4648801860526894e-05,2218,False,1.969232616657096
2,TLT|USO|XLK|AGG,0.00016528139390728004,5.201162060623205e-05,1477,False,1.8431100148329458
2,TLT|USO|XLF|XLE,0.00020313511751660673,8.122726835082088e-05,1304,False,3.2403418135667335
2,TLT|USO|XLF|XLV,0.0012881170872133655,4.896014311400285e-05,136,False,1.6971737883786564
2,TLT|USO|XLF|XLI,0.00010719670071472409,5.4953935870132306e-05,1832,False,1.9838255822084003
2,TLT|USO|XLF|XLP,0.0008799930425180861,4.6894422730717654e-05,273,False,1.5983811745009369
2,TLT|USO|XLF|XLY,8.171438794719215e-05,5.902015622125343e-05,2085,False,2.178291658227447
2,TLT|USO|XLF|XLU,0.0008281358354645362,5.30755610374628e-05,299,False,1.8939927272571286
2,TLT|USO|XLF|VNQ,0.0001719632123581452,5.611053273557471e-05,1441,False,2.0391395678109023
2,TLT|USO|XLF|HYG,0.0007712582967998803,4.341478318939773e-05,342,False,1.4319681941088063
2,TLT|USO|XLF|LQD,0.0004931747658840546,4.362392338001286e-05,631,False,1.4419702768035099
2,TLT|USO|XLF|AGG,0.0009555937277040199,4.15178770377904e-05,236,False,1.3412490829869113
2,TLT|USO|XLE|XLV,0.00039853044916507164,7.584446162448285e-05,798,False,2.982910289534526
2,TLT|USO|XLE|XLI,0.00016387979288812055,8.090827142849347e-05,1486,False,3.2250858573247014
2,TLT|USO|XLE|XLP,0.0007906463908369028,7.557086983944896e-05,325,False,2.969825823796727
2,TLT|USO|XLE|XLY,0.00016801466074992897,8.248637364139652e-05,1461,False,3.300558241603044
2,TLT|USO|XLE|XLU,0.0005314780128070967,8.249764885543647e-05,577,False,3.3010974761848635
2,TLT|USO|XLE|VNQ,0.00016197291674443018,8.29008760622167e-05,1499,False,3.32038172688344
2,TLT|USO|XLE|HYG,0.0006143441658907378,7.217010463962175e-05,483,False,2.8071849910907014
2,TLT|USO|XLE|LQD,0.00035951795931978096,7.184069879114061e-05,874,False,2.7914312302906525
2,TLT|USO|XLE|AGG,0.0006942427017511591,7.013302878657715e-05,411,False,2.7097622954452203
2,TLT|USO|XLV|XLI,0.0003261208030536652,4.89188424787057e-05,931,False,1.6951985947615378
2,TLT|USO|XLV|XLP,0.0006548902412789601,4.610843254025689e-05,445,False,1.5607913699822946
2,TLT|USO|XLV|XLY,0.0001863079241438043,5.2160115541861196e-05,1377,False,1.8502117518139578
2,TLT|USO|XLV|XLU,0.0006653764345213676,5.047729324661945e-05,438,False,1.7697311530921498
2,TLT|USO|XLV|VNQ,0.00013259256159076028,5.315625421868982e-05,1661,False,1.8978518605454624
2,TLT|USO|XLV|HYG,0.0006884377516993575,4.055269403839977e-05,417,False,1.2950894225838445
2,TLT|USO|XLV|LQD,0.00035501320261541137,4.1695346564691034e-05,884,False,1.3497365232949132
2,TLT|USO|XLV|AGG,0.0006203456242071751,3.983168077110681e-05,479,False,1.2606071248378616
2,TLT|USO|XLI|XLP,0.00040997371670401195,4.639340715323963e-05,781,False,1.5744202169129633
2,TLT|USO|XLI|XLY,7.945023629890024e-05,6.041771312867416e-05,2112,False,2.2451295037771826
2,TLT|USO|XLI|XLU,0.00019181633991833286,5.4218653868335644e-05,1345,False,1.948660885436027
2,TLT|USO|XLI|VNQ,8.371760661406826e-05,5.653037492726775e-05,2065,False,2.059218426435293
2,TLT|USO|XLI|HYG,0.0002634525934151752,4.404468350661068e-05,1082,False,1.4620930354587796
2,TLT|USO|XLI|LQD,0.00018443224788028664,4.434991158747493e-05,1390,False,1.4766904999469321
2,TLT|USO|XLI|AGG,0.0002734815032504093,4.209918780611747e-05,1043,False,1.3690501400626829
2,TLT|USO|XLP|XLY,0.00047309677374211644,5.0085191889153824e-05,664,False,1.7509789936409144
2,TLT|USO|XLP|XLU,0.0004059409703724732,5.116764280834104e-05,788,False,1.802746965998711
2,TLT|USO|XLP|VNQ,0.00014473403342106064,5.226961562885006e-05,1586,False,1.8554485689074036
2,TLT|USO|XLP|HYG,0.0004731841657238881,4.002348892344222e-05,663,False,1.2697803066903517
2,TLT|USO|XLP|LQD,0.00027566686438145247,4.137820098878834e-05,1036,False,1.3345691072802859
2,TLT|USO|XLP|AGG,0.00040922523485445396,3.976619912337896e-05,782,False,1.257475479726355
2,TLT|USO|XLY|XLU,0.00037003641263323646,5.5588934293161497e-05,855,False,2.0141942393252537
2,TLT|USO|XLY|VNQ,3.634720127411128e-05,6.0421364434401124e-05,2831,False,2.2453041266543883
2,TLT|USO|XLY|HYG,0.0002157168255906318,4.766851479135374e-05,1250,False,1.6354019536301083
2,TLT|USO|XLY|LQD,0.00015693324376499357,4.796665680754647e-05,1518,False,1.6496605286651334
2,TLT|USO|XLY|AGG,0.0002700686561945488,4.533080194244119e-05,1051,False,1.5236013611063932
2,TLT|USO|XLU|VNQ,0.00011023671131077034,5.9729898759069484e-05,1809,False,2.2122349358648314
2,TLT|USO|XLU|HYG,0.0003915137163891088,4.6037766486074385e-05,809,False,1.5574117817952373
2,TLT|USO|XLU|LQD,0.0002078898710243743,4.7532673241500815e-05,1277,False,1.6289053619850045
2,TLT|USO|XLU|AGG,0.0003510629971116625,4.566402118387107e-05,891,False,1.5395374965686652
2,TLT|USO|VNQ|HYG,0.000240109460576701,4.713690281282353e-05,1151,False,1.6099777300262426
2,TLT|USO|VNQ|LQD,0.00010127746428890057,4.87158981092025e-05,1885,False,1.6854928258214548
2,TLT|USO|VNQ|AGG,0.00018028563865758694,4.640857227673195e-05,1400,False,1.5751454855416254
2,TLT|USO|HYG|LQD,0.00023988887341236365,3.9413473119822234e-05,1153,False,1.2406064377417898
2,TLT|USO|HYG|AGG,0.0003995474034028127,3.773914424703031e-05,796,False,1.16053203504311
2,TLT|USO|LQD|AGG,0.0002071896593824651,3.9792685958922356e-05,1279,False,1.2587422066937872
2,TLT|XLK|XLF|XLE,0.00034628593978000755,5.920909870686589e-05,896,False,2.187327790211836
2,TLT|XLK|XLF|XLV,0.00037276828957408443,5.4658008104229816e-05,845,False,1.9696729031967293
2,TLT|XLK|XLF|XLI,0.00010839291707185007,6.957804717997427e-05,1821,False,2.683220424621852
2,TLT|XLK|XLF|XLP,0.0005976496981220716,4.6634833382140655e-05,497,False,1.5859663721451835
2,TLT|XLK|XLF|XLY,0.00011041730988950345,7.937437154396191e-05,1808,False,3.151727439483751
2,TLT|XLK|XLF|XLU,0.0004737234084619921,5.4820223845188106e-05,662,False,1.9774308346142886
2,TLT|XLK|XLF|VNQ,2.6927200416554027e-05,6.236046240291718e-05,3120,False,2.338041051954035
2,TLT|XLK|XLF|HYG,0.0004111271170736285,4.6097399092675346e-05,778,False,1.5602636978271065
2,TLT|XLK|XLF|LQD,0.0001843703673435107,4.6923661841392236e-05,1391,False,1.5997795284090333
2,TLT|XLK|XLF|AGG,0.0005392569718271541,4.2954637958180006e-05,570,False,1.4099618516613008
2,TLT|XLK|XLE|XLV,0.0005524685325685259,5.0255779726857244e-05,548,False,1.759137318706995
2,TLT|XLK|XLE|XLI,0.00010769844666183772,6.424583585048285e-05,1827,False,2.4282086140925476
2,TLT|XLK|XLE|XLP,0.0005406220534054231,4.402473360301938e-05,566,False,1.4611389357953686
2,TLT|XLK|XLE|XLY,0.00013928516890714752,7.155404207625243e-05,1624,False,2.777721937213743
2,TLT|XLK|XLE|XLU,0.00035353558962257964,5.2955764775309206e-05,885,False,1.8882634978964192
2,TLT|XLK|XLE|VNQ,3.90364856696935e-05,5.786425884170661e-05,2773,False,2.123011125380969
2,TLT|XLK|XLE|HYG,0.00030049450566377496,4.356617365504679e-05,984,False,1.439208409163397
2,TLT|XLK|XLE|LQD,0.00013573211996177533,4.3853890364667426e-05,1640,False,1.4529683962505722
2,TLT|XLK|XLE|AGG,0.0003684335361295735,4.028324281911419e-05,860,False,1.282202978474005
2,TLT|XLK|XLV|XLI,3.0404742182378274e-05,5.997244153487704e-05,3006,False,2.223834489702355
2,TLT|XLK|XLV|XLP,0.0008617689286709522,4.227833093800927e-05,283,False,1.3776176201539072
2,TLT|XLK|XLV|XLY,0.00029853538303105376,6.894381861089909e-05,987,False,2.6528885855976285
2,TLT|XLK|XLV|XLU,0.0005467458522855864,4.865144380067414e-05,557,False,1.6824103129766756
2,TLT|XLK|XLV|VNQ,2.7120556658396046e-05,5.5835671632361675e-05,3111,False,2.0259943972159618
2,TLT|XLK|XLV|HYG,0.0004453598814882964,3.966479768800677e-05,716,False,1.2526259788295109
2,TLT|XLK|XLV|LQD,0.00017492366594165006,4.1424572772399803e-05,1426,False,1.3367868274278032
2,TLT|XLK|XLV|AGG,0.0004762249601319607,3.7697929437825804e-05,657,False,1.1585609460396171
2,TLT|XLK|XLI|XLP,0.00019341584053699423,5.1489551870607e-05,1333,False,1.8181421946799536
2,TLT|XLK|XLI|XLY,3.1884465192868635e-06,8.612766251732703e-05,4384,False,3.4747020651562304
2,TLT|XLK|XLI|XLU,0.00024587517380465676,6.131905074200534e-05,1135,False,2.2882357729159315
2,TLT|XLK|XLI|VNQ,2.325808914493874e-05,6.813603866055459e-05,3240,False,2.6142566907011693
2,TLT|XLK|XLI|HYG,0.0002051278087152824,5.208303347583267e-05,1292,False,1.8465253192998232
2,TLT|XLK|XLI|LQD,9.580182817241266e-05,5.300538411479868e-05,1940,False,1.8906365316751994
2,TLT|XLK|XLI|AGG,0.00021701169317026598,4.889168279245146e-05,1245,False,1.6938996888598166
2,TLT|XLK|XLP|XLY,0.00011955685500303313,6.091144061938774e-05,1745,False,2.268741910250758
2,TLT|XLK|XLP|XLU,0.0009986757026949299,4.3384339023591755e-05,220,False,1.43051220870941
2,TLT|XLK|XLP|VNQ,7.4576461861437e-05,4.899157870371794e-05,2179,False,1.6986771884040759
2,TLT|XLK|XLP|HYG,0.0007627411542449404,3.3178138234245244e-05,348,False,0.9424029457621911
2,TLT|XLK|XLP|LQD,0.00030452276663703103,3.5149972857693125e-05,979,False,1.0367054942393485
2,TLT|XLK|XLP|AGG,0.0007669703009512117,3.167499345129398e-05,344,False,0.870515383754284
2,TLT|XLK|XLY|XLU,9.501589267134124e-05,6.841943517969771e-05,1946,False,2.62781006564801
2,TLT|XLK|XLY|VNQ,3.6946815122221777e-05,7.77571321805545e-05,2810,False,3.0743833297631182
2,TLT|XLK|XLY|HYG,0.0002869023832987865,6.143696877344227e-05,1013,False,2.2938751763140055
2,TLT|XLK|XLY|LQD,0.00011942669211469038,6.235223334773677e-05,1746,False,2.337647499236254
2,TLT|XLK|XLY|AGG,0.00021943327660750665,5.785340094164172e-05,1237,False,2.12249184874638
2,TLT|XLK|XLU|VNQ,5.073094257523928e-05,5.8456113990239676e-05,2515,False,2.1513164650744168
2,TLT|XLK|XLU|HYG,0.0005583159703794627,4.119666795317973e-05,539,False,1.32588733057999
2,TLT|XLK|XLU|LQD,0.0001940370996519593,4.330869726670791e-05,1331,False,1.4268946586569806
2,TLT|XLK|XLU|AGG,0.00054189864036003,3.9577067668088415e-05,563,False,1.2484303103095076
2,TLT|XLK|VNQ|HYG,0.0001410164235689561,4.680107113954604e-05,1611,False,1.5939166555969688
2,TLT|XLK|VNQ|LQD,2.4037312613106212e-05,4.8997188994026773e-05,3211,False,1.698945499279404
2,TLT|XLK|VNQ|AGG,8.70937083971947e-05,4.4826885620566446e-05,2029,False,1.4995016760684405
2,TLT|XLK|HYG|LQD,0.00016598748630121588,3.6127450240581656e-05,1473,False,1.0834531307749067
2,TLT|XLK|HYG|AGG,0.0004898819854486388,3.2590143826799955e-05,634,False,0.9142822451450926
2,TLT|XLK|LQD|AGG,0.00020422469638916658,3.526080809679377e-05,1296,False,1.0420061646829935
2,TLT|XLF|XLE|XLV,0.0010010360043141617,4.54889522849913e-05,218,False,1.5311648657571704
2,TLT|XLF|XLE|XLI,2.5775074042763484e-05,5.280395190938619e-05,3145,False,1.8810030816434942
2,TLT|XLF|XLE|XLP,0.0011009953231915172,4.138220176942813e-05,175,False,1.3347604437167921
2,TLT|XLF|XLE|XLY,6.507107828967803e-06,5.7669912313865654e-05,4064,False,2.113716546289421
2,TLT|XLF|XLE|XLU,0.0008257296551920048,4.762417899009162e-05,302,False,1.6332816038816673
2,TLT|XLF|XLE|VNQ,4.647322760520829e-05,5.2912764073063904e-05,2621,False,1.8862069989589223
2,TLT|XLF|XLE|HYG,0.0009219388654034302,3.491028399184187e-05,252,False,1.0252424280051988
2,TLT|XLF|XLE|LQD,0.00045869766299503245,3.5713301552216007e-05,691,False,1.0636465626697873
2,TLT|XLF|XLE|AGG,0.0010967875548406388,3.267378891873516e-05,178,False,0.9182825529007721
2,TLT|XLF|XLV|XLI,0.00021260311232525558,4.930913137217986e-05,1261,False,1.7138640735290156
2,TLT|XLF|XLV|XLP,0.001462518692291387,4.0414372882817495e-05,98,False,1.2884742443510446
2,TLT|XLF|XLV|XLY,6.491351511074367e-05,5.583826262691179e-05,2293,False,2.026118310949021
2,TLT|XLF|XLV|XLU,0.0015210556125173668,4.4098431793856045e-05,86,False,1.464663535237639
2,TLT|XLF|XLV|VNQ,3.1420674533645595e-05,5.166275064211845e-05,2968,False,1.8264253870696296
2,TLT|XLF|XLV|HYG,0.0016442297166574234,3.178748180320134e-05,68,False,0.8758951139470271
2,TLT|XLF|XLV|LQD,0.0006382690210203608,3.406255773834787e-05,465,False,0.9847001101227325
2,TLT|XLF|XLV|AGG,0.0015828072808749141,3.0867049315846255e-05,77,False,0.8318756367420984
2,TLT|XLF|XLI|XLP,0.0004716922152379061,4.295053731618451e-05,667,False,1.409765739377862
2,TLT|XLF|XLI|XLY,0.00015987876626191242,6.634705003410901e-05,1510,False,2.528698711008393
2,TLT|XLF|XLI|XLU,8.797426589610777e-05,5.0090982235956514e-05,2019,False,1.7512559156776648
2,TLT|XLF|XLI|VNQ,7.627911225140984e-07,5.728806117108065e-05,4686,False,2.095454601055608
2,TLT|XLF|XLI|HYG,0.0001278379369007375,3.7530661091796514e-05,1689,False,1.1505613749181103
2,TLT|XLF|XLI|LQD,5.6278525194776956e-05,3.896831258151603e-05,2411,False,1.2193167348708998
2,TLT|XLF|XLI|AGG,0.00017513045960932208,3.538574617124118e-05,1423,False,1.0479813000630682
2,TLT|XLF|XLP|XLY,0.0002226642636871545,4.993018024367511e-05,1223,False,1.7435655964733978
2,TLT|XLF|XLP|XLU,0.0020140574745429137,4.095562262504834e-05,25,False,1.3143593918416208
2,TLT|XLF|XLP|VNQ,4.483592568629373e-05,4.69429533217494e-05,2658,False,1.6007021391289917
2,TLT|XLF|XLP|HYG,0.0020471336119849077,2.7425117957714488e-05,23,False,0.6672660417509549
2,TLT|XLF|XLP|LQD,0.0008023711192153339,2.9912253431915872e-05,315,False,0.7862127378055257
2,TLT|XLF|XLP|AGG,0.001819818398647578,2.696840893758911e-05,45,False,0.6454240353280127
2,TLT|XLF|XLY|XLU,8.806709078519744e-05,5.4749120852358774e-05,2018,False,1.9740303499344756
2,TLT|XLF|XLY|VNQ,2.198291546380578e-05,6.446690886979044e-05,3285,False,2.4387813816422885
2,TLT|XLF|XLY|HYG,9.696117515601103e-05,4.4442350568116e-05,1923,False,1.4811113734570245
2,TLT|XLF|XLY|LQD,3.3472985562441676e-05,4.587291599316399e-05,2921,False,1.5495278439566862
2,TLT|XLF|XLY|AGG,0.00011181014350928662,4.190521849914133e-05,1797,False,1.359773601474364
2,TLT|XLF|XLU|VNQ,4.94515007971404e-05,5.371843465664483e-05,2550,False,1.9247380138631587
2,TLT|XLF|XLU|HYG,0.00200967937251791,3.2754593725022656e-05,26,False,0.9221470246325798
2,TLT|XLF|XLU|LQD,0.0007069630198388463,3.538192388930434e-05,399,False,1.0477985002869834
2,TLT|XLF|XLU|AGG,0.0017269185183094728,3.218142920275722e-05,57,False,0.8947355599470619
2,TLT|XLF|VNQ|HYG,0.0003883086653500178,3.873908792796383e-05,816,False,1.2083541172422632
2,TLT|XLF|VNQ|LQD,2.9303111579588526e-05,4.145050663319807e-05,3044,False,1.3380271085021116
2,TLT|XLF|VNQ|AGG,0.00010768322753845038,3.781133817181013e-05,1828,False,1.1639846932987
2,TLT|XLF|HYG|LQD,0.000741919393279045,2.487637298519074e-05,365,False,0.5453728852614625
2,TLT|XLF|HYG|AGG,0.0021194437611358353,2.1870201483481428e-05,16,False,0.4016034076392005
2,TLT|XLF|LQD|AGG,0.0007835211481531315,2.5056166604228743e-05,331,False,0.5539714747545144
2,TLT|XLE|XLV|XLI,0.0003382538824081736,4.557347112354121e-05,906,False,1.5352069602486693
2,TLT|XLE|XLV|XLP,0.0011189749431572186,3.940082418454899e-05,172,False,1.2400015052501876
2,TLT|XLE|XLV|XLY,0.00010384267547282836,4.961448424005505e-05,1855,False,1.7284675059279697
2,TLT|XLE|XLV|XLU,0.0009249164761161643,4.383052380482989e-05,248,False,1.4518508957687264
2,TLT|XLE|XLV|VNQ,5.622775093454471e-05,4.876309816176063e-05,2412,False,1.68775015774552
2,TLT|XLE|XLV|HYG,0.0010348617591857,3.085280744642554e-05,203,False,0.8311945225322749
2,TLT|XLE|XLV|LQD,0.0004538643328646101,3.2589337342475815e-05,700,False,0.9142436752132287
2,TLT|XLE|XLV|AGG,0.000974192196095485,2.9792205257633195e-05,226,False,0.7804714608037602
2,TLT|XLE|XLI|XLP,0.00042809129276809884,4.1007005665797166e-05,750,False,1.3168167742374361
2,TLT|XLE|XLI|XLY,9.314868515224985e-05,5.919328869513345e-05,1969,False,2.186571679947774
2,TLT|XLE|XLI|XLU,0.00011391693651141369,4.8893091294811535e-05,1783,False,1.6939670501691837
2,TLT|XLE|XLI|VNQ,1.757658175443889e-05,5.3458425738604e-05,3471,False,1.9123031456919304
2,TLT|XLE|XLI|HYG,0.00018863682897093647,3.566600378290188e-05,1369,False,1.061384557463789
2,TLT|XLE|XLI|LQD,0.0001034102847452119,3.656510923352514e-05,1861,False,1.104384073921827
2,TLT|XLE|XLI|AGG,0.00021953688679893248,3.33809191609093e-05,1236,False,0.9521008980851615
2,TLT|XLE|XLP|XLY,0.00048402819296398974,4.54985304550697e-05,640,False,1.5316229395922674
2,TLT|XLE|XLP|XLU,0.0009847654415997406,4.24798432342735e-05,224,False,1.3872549005126285
2,TLT|XLE|XLP|VNQ,7.676470404531235e-05,4.583542943964289e-05,2149,False,1.5477350579448024
2,TLT|XLE|XLP|HYG,0.001257122014689744,2.828257219919e-05,139,False,0.7082735984761227
2,TLT|XLE|XLP|LQD,0.0005436789170251052,3.023116163429513e-05,562,False,0.8014644510359421
2,TLT|XLE|XLP|AGG,0.0010542975096771512,2.7685693477627363e-05,193,False,0.6797280075295947
2,TLT|XLE|XLY|XLU,0.00026362149975861396,5.106311177299572e-05,1081,False,1.7977477926852903
2,TLT|XLE|XLY|VNQ,3.2739929892921704e-07,5.8149155299095715e-05,4757,False,2.1366362345379066
2,TLT|XLE|XLY|HYG,9.436195631050625e-05,4.0089575121003286e-05,1957,False,1.2729408642619986
2,TLT|XLE|XLY|LQD,6.53707071661068e-05,4.0981594506955024e-05,2282,False,1.315601491266909
2,TLT|XLE|XLY|AGG,0.00017638208404725531,3.741227335059136e-05,1413,False,1.1448995077557524
2,TLT|XLE|XLU|VNQ,6.821302924921296e-05,5.3356551483780675e-05,2247,False,1.9074310323109143
2,TLT|XLE|XLU|HYG,0.0008259943593192953,3.4357688675740536e-05,301,False,0.9988146809896927
2,TLT|XLE|XLU|LQD,0.0003310127520282228,3.644647280092597e-05,923,False,1.0987103131493452
2,TLT|XLE|XLU|AGG,0.0007023415669789651,3.364435445203784e-05,405,False,0.964699631780589
2,TLT|XLE|VNQ|HYG,0.0002808400788678626,3.771043838735003e-05,1023,False,1.159159183744179
2,TLT|XLE|VNQ|LQD,3.638467863296891e-05,3.988331105348802e-05,2829,False,1.263076331509276
2,TLT|XLE|VNQ|AGG,0.00010236878589877303,3.6642518929759073e-05,1874,False,1.1080861752770301
2,TLT|XLE|HYG|LQD,0.000399528867845897,2.527415552906271e-05,797,False,0.5643967461779837
2,TLT|XLE|HYG|AGG,0.0009601285722564371,2.2666360365012393e-05,233,False,0.43967952752688727
2,TLT|XLE|LQD|AGG,0.00037322224542720247,2.5313779446663455e-05,844,False,0.5662917511474499
2,TLT|XLV|XLI|XLP,0.0006439305623460868,4.03168730662168e-05,457,False,1.2838113374966027
2,TLT|XLV|XLI|XLY,3.43630528281724e-05,5.763933529520985e-05,2895,False,2.112254207232288
2,TLT|XLV|XLI|XLU,0.000517759970452973,4.5645040385606223e-05,593,False,1.538629744150069
2,TLT|XLV|XLI|VNQ,1.821839337761627e-05,5.248610859468881e-05,3440,False,1.8658022964275511
2,TLT|XLV|XLI|HYG,0.0005582584269783252,3.282089788129161e-05,540,False,0.9253180060305314
2,TLT|XLV|XLI|LQD,0.00022755819197932487,3.519206170668727e-05,1199,False,1.0387183839996865
2,TLT|XLV|XLI|AGG,0.000530595908759361,3.185187584505065e-05,578,False,0.8789747445514015
2,TLT|XLV|XLP|XLY,0.000461655058032838,4.647156870574179e-05,686,False,1.5781582756255124
2,TLT|XLV|XLP|XLU,0.0013745097583475296,4.175878397566389e-05,112,False,1.352770403242245
2,TLT|XLV|XLP|VNQ,3.3705463273121874e-05,4.7390103946323397e-05,2915,False,1.6220870174291544
2,TLT|XLV|XLP|HYG,0.0014436059124450567,2.796445794817543e-05,101,False,0.6930598557915962
2,TLT|XLV|XLP|LQD,0.0004912105413052351,3.1385105758052955e-05,633,False,0.8566515698625324
2,TLT|XLV|XLP|AGG,0.0010429707644471354,2.868364181236442e-05,197,False,0.727454662744566
2,TLT|XLV|XLY|XLU,0.00031190711642491414,4.947823171404287e-05,965,False,1.7219512594402537
2,TLT|XLV|XLY|VNQ,4.604650036004493e-06,5.884000900543298e-05,4242,False,2.169676158047605
2,TLT|XLV|XLY|HYG,8.072987640647083e-05,3.890764006964548e-05,2092,False,1.2164150856028193
2,TLT|XLV|XLY|LQD,4.8883244655420515e-05,4.1271717830369613e-05,2560,False,1.3294765741188466
2,TLT|XLV|XLY|AGG,0.0001337528901647807,3.7546400884985184e-05,1651,False,1.151314126996071
2,TLT|XLV|XLU|VNQ,5.9609578183222794e-05,5.235330768083623e-05,2369,False,1.859451122516985
2,TLT|XLV|XLU|HYG,0.0016082446814289586,3.148165611510101e-05,73,False,0.8612690690268845
2,TLT|XLV|XLU|LQD,0.0005044591700417884,3.5042498615058836e-05,617,False,1.0315655626976536
2,TLT|XLV|XLU|AGG,0.001125445295615568,3.2084384477149946e-05,169,False,0.8900944177172788
2,TLT|XLV|VNQ|HYG,0.0003250856789048026,3.711013959200064e-05,933,False,1.130450028536107
2,TLT|XLV|VNQ|LQD,2.393985440965678e-05,4.075507063291102e-05,3217,False,1.3047680378123208
2,TLT|XLV|VNQ|AGG,7.360705003180729e-05,3.7358282720161305e-05,2192,False,1.1423174179684557
2,TLT|XLV|HYG|LQD,0.0005137782179209659,2.4273126350790625e-05,601,False,0.5165227503121497
2,TLT|XLV|HYG|AGG,0.001292908259044784,2.150933539771954e-05,132,False,0.38434506804943414
2,TLT|XLV|LQD|AGG,0.00041104679643023435,2.5628812854142997e-05,779,False,0.5813581531811135
2,TLT|XLI|XLP|XLY,0.00014989133056112495,5.127153796979231e-05,1556,False,1.8077157287858094
2,TLT|XLI|XLP|XLU,0.0008388403599908513,4.204251627461765e-05,292,False,1.366339836783196
2,TLT|XLI|XLP|VNQ,2.121099805436718e-05,4.730659633213889e-05,3312,False,1.6180932845160587
2,TLT|XLI|XLP|HYG,0.0008202320702913609,2.7998819093623892e-05,308,False,0.6947031698636043
2,TLT|XLI|XLP|LQD,0.0003174920743946385,3.05820424580744e-05,952,False,0.8182452477116245
2,TLT|XLI|XLP|AGG,0.0007316980628017235,2.7493520524612646e-05,374,False,0.6705373791664612
2,TLT|XLI|XLY|XLU,4.9774453863344295e-05,5.773458698682685e-05,2543,False,2.1168095980137602
2,TLT|XLI|XLY|VNQ,1.0190747197447943e-05,6.672912436507869e-05,3811,False,2.5469713301670645
2,TLT|XLI|XLY|HYG,0.00017713785922436793,4.691462418892416e-05,1409,False,1.599347304707382
2,TLT|XLI|XLY|LQD,5.348594110095691e-05,4.8441277504221275e-05,2455,False,1.6723591570004939
2,TLT|XLI|XLY|AGG,0.00012355710829528485,4.432890257106362e-05,1722,False,1.4756857484505208
2,TLT|XLI|XLU|VNQ,1.0991316630694984e-05,5.5726186075385184e-05,3763,False,2.020758275017098
2,TLT|XLI|XLU|HYG,0.00041601365844887286,3.4972403269282933e-05,771,False,1.0282132685121013
2,TLT|XLI|XLU|LQD,0.00016130804530419855,3.769582132381375e-05,1502,False,1.158460125959955
2,TLT|XLI|XLU|AGG,0.0003705324182666523,3.4350649198131635e-05,853,False,0.9984780195523829
2,TLT|XLI|VNQ|HYG,0.00010629855072945446,4.0233646833044286e-05,1840,False,1.279831061567276
2,TLT|XLI|VNQ|LQD,7.1465489351488e-06,4.304115342852766e-05,4024,False,1.4140994346205744
2,TLT|XLI|VNQ|AGG,3.2542384369150773e-05,3.9257307528004723e-05,2942,False,1.2331378533495125
2,TLT|XLI|HYG|LQD,0.00020314089825242907,2.6677077906040237e-05,1303,False,0.6314911941055075
2,TLT|XLI|HYG|AGG,0.0005258974399497227,2.3526228965195922e-05,586,False,0.4808025504155946
2,TLT|XLI|LQD|AGG,0.0001927969371625346,2.680828197619237e-05,1338,False,0.6377659993243584
2,TLT|XLP|XLY|XLU,0.0006474861288474234,4.632621927581298e-05,454,False,1.5712069717489112
2,TLT|XLP|XLY|VNQ,3.230858881118319e-06,5.411100841564175e-05,4379,False,1.9435127658116436
2,TLT|XLP|XLY|HYG,0.0005147234592481764,3.4536072954736446e-05,598,False,1.0073458691114228
2,TLT|XLP|XLY|LQD,0.0002250190996947921,3.711221025451543e-05,1210,False,1.1305490575063153
2,TLT|XLP|XLY|AGG,0.0005503750392589326,3.363855723730586e-05,552,False,0.9644223812866609
2,TLT|XLP|XLU|VNQ,0.00010309219059432261,5.0389580305473964e-05,1865,False,1.7655363013606276
2,TLT|XLP|XLU|HYG,0.0020858438541041667,2.9875362214620942e-05,20,False,0.7844484236150926
2,TLT|XLP|XLU|LQD,0.0006113940084860748,3.3648264253633624e-05,485,False,0.9648866171647272
2,TLT|XLP|XLU|AGG,0.0013226489705024194,3.094181404389959e-05,124,False,0.8354512430874738
2,TLT|XLP|VNQ|HYG,0.0004522485964712453,3.392685753995922e-05,703,False,0.9782102785796951
2,TLT|XLP|VNQ|LQD,2.6388822085993638e-05,3.778384811992446e-05,3133,False,1.1626699877347746
2,TLT|XLP|VNQ|AGG,8.485840996761703e-05,3.463872413534961e-05,2055,False,1.012255138794031
2,TLT|XLP|HYG|LQD,0.0007257951590558248,2.165933731268627e-05,378,False,0.39151887597916923
2,TLT|XLP|HYG|AGG,0.0016820393904424173,1.914721028779004e-05,66,False,0.2713769646195751
2,TLT|XLP|LQD|AGG,0.0005264820223719535,2.347874728326835e-05,584,False,0.47853174963011985
2,TLT|XLY|XLU|VNQ,2.3034777510061562e-05,6.0209093847799695e-05,3250,False,2.2351523334739576
2,TLT|XLY|XLU|HYG,0.0003961814792083579,3.918815281930714e-05,801,False,1.2298305449211948
2,TLT|XLY|XLU|LQD,0.00012903275869935048,4.190448480916643e-05,1683,False,1.3597385129159205
2,TLT|XLY|XLU|AGG,0.00037521250550421193,3.8174181599736494e-05,837,False,1.1813375988338575
2,TLT|XLY|VNQ|HYG,1.1123934384847302e-05,4.697010546537603e-05,3754,False,1.6020006843062398
2,TLT|XLY|VNQ|LQD,8.931421898777298e-07,4.977052599618787e-05,4662,False,1.7359301679064096
2,TLT|XLY|VNQ|AGG,2.986556969898459e-06,4.560154901191712e-05,4409,False,1.5365497789608566
2,TLT|XLY|HYG|LQD,4.7752999631111224e-05,3.313929225131014e-05,2592,False,0.9405451453435765
2,TLT|XLY|HYG|AGG,0.00014364592837700943,2.9603312226718012e-05,1597,False,0.7714376939791727
2,TLT|XLY|LQD|AGG,7.337831102717895e-05,3.287827917304293e-05,2193,False,0.9280622534348086
2,TLT|XLU|VNQ|HYG,0.00044165969096887815,4.0535478130741675e-05,721,False,1.2942660756625561
2,TLT|XLU|VNQ|LQD,2.30598817800359e-05,4.453266340078722e-05,3248,False,1.4854305644174688
2,TLT|XLU|VNQ|AGG,8.628256286364112e-05,4.1130889223992e-05,2039,False,1.3227414776143165
2,TLT|XLU|HYG|LQD,0.0005982933674972177,2.696214702596177e-05,496,False,0.6451245608093209
2,TLT|XLU|HYG|AGG,0.0014892362295199813,2.419336980884518e-05,92,False,0.5127084115873182
2,TLT|XLU|LQD|AGG,0.0004136747645633713,2.86651014944038e-05,777,False,0.7265679761976963
2,TLT|VNQ|HYG|LQD,0.00020395116369751316,3.109489439849272e-05,1298,False,0.8427722767016806
2,TLT|VNQ|HYG|AGG,0.0004250173167859199,2.788744340653531e-05,758,False,0.689376652616188
2,TLT|VNQ|LQD|AGG,4.908045240592007e-05,3.244326363304648e-05,2556,False,0.9072577328320104
2,TLT|HYG|LQD|AGG,0.0004406969868126136,1.9895451501514495e-05,724,False,0.30716143279494207
2,GLD|USO|XLK|XLF,4.643559211310747e-05,8.193883768468042e-05,2624,False,3.2743724573150486
2,GLD|USO|XLK|XLE,7.270209336164589e-06,0.00011001148693722152,4013,False,4.616940609603083
2,GLD|USO|XLK|XLV,6.925037779356736e-06,7.392652412132368e-05,4037,False,2.891185358743135
2,GLD|USO|XLK|XLI,5.91682433123905e-06,8.874021397674162e-05,4112,False,3.5996467525660285
2,GLD|USO|XLK|XLP,1.6261208301757115e-05,6.906488268636348e-05,3517,False,2.6586784478454883
2,GLD|USO|XLK|XLY,5.540884679124608e-06,9.342052355146468e-05,4154,False,3.8234815079303854
2,GLD|USO|XLK|XLU,4.890164572722789e-06,7.896724055028336e-05,4217,False,3.132256491052593
2,GLD|USO|XLK|VNQ,7.494460379705533e-06,7.979256429433435e-05,4000,False,3.1717274139470426
2,GLD|USO|XLK|HYG,3.4171326088576395e-06,7.217405275658896e-05,4365,False,2.807373808898882
2,GLD|USO|XLK|LQD,5.029829881414977e-06,6.967523378720959e-05,4208,False,2.6878683523086644
2,GLD|USO|XLK|AGG,1.0337940551233749e-05,6.774265953390992e-05,3799,False,2.5954434222256193
2,GLD|USO|XLF|XLE,2.1627069983674747e-05,9.768167595910864e-05,3295,False,4.027270165818825
2,GLD|USO|XLF|XLV,0.0002057332275254318,6.237528692161029e-05,1286,False,2.338750031234591
2,GLD|USO|XLF|XLI,2.345544997404557e-06,7.05139202777975e-05,4463,False,2.7279783455582547
2,GLD|USO|XLF|XLP,0.00017151750823400557,5.9637941094924766e-05,1444,False,2.2078370812081918
2,GLD|USO|XLF|XLY,9.186387469212942e-06,7.275198403123046e-05,3877,False,2.8350132424473444
2,GLD|USO|XLF|XLU,0.00013456335375855254,6.685124500721833e-05,1647,False,2.5528117224791225
2,GLD|USO|XLF|VNQ,5.1965987898594514e-05,6.80566597678442e-05,2489,False,2.6104604129662774
2,GLD|USO|XLF|HYG,0.00017322431334076906,5.673375333553659e-05,1435,False,2.068944953181965
2,GLD|USO|XLF|LQD,0.0001529961997703137,5.475023521691072e-05,1537,False,1.97408364416916
2,GLD|USO|XLF|AGG,0.0002229564022290541,5.3348795875683436e-05,1221,False,1.9070601220936667
2,GLD|USO|XLE|XLV,2.2511589407448018e-05,9.204448725500411e-05,3268,False,3.7576728807715822
2,GLD|USO|XLE|XLI,4.48514897337847e-06,9.925313765907249e-05,4248,False,4.102424969055677
2,GLD|USO|XLE|XLP,5.4280244103577685e-05,9.10992700265699e-05,2439,False,3.7124680788851028
2,GLD|USO|XLE|XLY,4.400945130783252e-06,9.900308327428738e-05,4258,False,4.090466174204063
2,GLD|USO|XLE|XLU,2.9341183869683065e-05,9.905821464810583e-05,3041,False,4.093102819787979
2,GLD|USO|XLE|VNQ,1.3536767014417002e-05,9.763188491740003e-05,3634,False,4.0248889204199365
2,GLD|USO|XLE|HYG,4.519697537798271e-05,8.827395660867444e-05,2649,False,3.5773480985449804
2,GLD|USO|XLE|LQD,3.9265920073204065e-05,8.57518924509523e-05,2767,False,3.4567309460374243
2,GLD|USO|XLE|AGG,6.717957007165904e-05,8.474882944738404e-05,2260,False,3.4087596829330975
2,GLD|USO|XLV|XLI,2.3420064150095622e-05,6.422444490860441e-05,3236,False,2.4271855970963574
2,GLD|USO|XLV|XLP,0.00011464316398677396,5.859756892669752e-05,1777,False,2.1580815156745143
2,GLD|USO|XLV|XLY,2.4118074984546907e-05,6.563756137407175e-05,3207,False,2.4947675750188205
2,GLD|USO|XLV|XLU,9.29414673631328e-05,6.39985952386085e-05,1971,False,2.4163843872991086
2,GLD|USO|XLV|VNQ,3.5524910453659025e-05,6.484799927319282e-05,2861,False,2.4570069446858023
2,GLD|USO|XLV|HYG,0.0001276182590934857,5.361728220677215e-05,1692,False,1.9199004206419676
2,GLD|USO|XLV|LQD,9.565332718570427e-05,5.25672764238224e-05,1941,False,1.8696841296455278
2,GLD|USO|XLV|AGG,0.00012637485339028688,5.140821763123337e-05,1698,False,1.814252402929582
2,GLD|USO|XLI|XLP,3.8191875961042194e-05,6.1027384139738014e-05,2787,False,2.2742868830991028
2,GLD|USO|XLI|XLY,9.823244267793754e-06,7.603999956094247e-05,3828,False,2.9922618474759646
2,GLD|USO|XLI|XLU,8.776365909503788e-06,6.988479646038245e-05,3903,False,2.697890640136906
2,GLD|USO|XLI|VNQ,7.774008652887486e-06,7.03669605818285e-05,3982,False,2.720950031069552
2,GLD|USO|XLI|HYG,1.506497255533718e-05,5.925411227504081e-05,3564,False,2.1894805540108218
2,GLD|USO|XLI|LQD,2.325316040809848e-05,5.736668204666405e-05,3241,False,2.099214626791466
2,GLD|USO|XLI|AGG,3.140296251638881e-05,5.582056526630178e-05,2970,False,2.025271938648323
2,GLD|USO|XLP|XLY,7.718786809856352e-05,6.289101227796405e-05,2145,False,2.363414480697097
2,GLD|USO|XLP|XLU,7.192640678308609e-05,6.401731935692977e-05,2205,False,2.41727986405699
2,GLD|USO|XLP|VNQ,3.53156685162085e-05,6.328973523995274e-05,2869,False,2.3824833168990636
2,GLD|USO|XLP|HYG,0.00010985681674880722,5.241645164841427e-05,1810,False,1.8624709685997949
2,GLD|USO|XLP|LQD,8.467968236021683e-05,5.157850540451938e-05,2058,False,1.8223963774822207
2,GLD|USO|XLP|AGG,0.0001031704216542994,5.0671110540105196e-05,1863,False,1.779000421669396
2,GLD|USO|XLY|XLU,4.2479537547268495e-05,6.942692028752015e-05,2702,False,2.6759928148961754
2,GLD|USO|XLY|VNQ,7.020489463411142e-06,7.242979349127371e-05,4031,False,2.8196045521586908
2,GLD|USO|XLY|HYG,2.6168405424292998e-05,6.104978696209571e-05,3138,False,2.275358293052194
2,GLD|USO|XLY|LQD,3.577815462409876e-05,5.9155270669047436e-05,2856,False,2.184753476379711
2,GLD|USO|XLY|AGG,5.86614660174547e-05,5.722402280493735e-05,2377,False,2.0923919805620765
2,GLD|USO|XLU|VNQ,1.9229867099277134e-05,7.178218397572059e-05,3407,False,2.7886327723712308
2,GLD|USO|XLU|HYG,7.626585355241465e-05,5.9462894816594865e-05,2154,False,2.1994655322194197
2,GLD|USO|XLU|LQD,5.427823250577699e-05,5.8765143262780285e-05,2440,False,2.1660957207016787
2,GLD|USO|XLU|AGG,7.58906458202782e-05,5.760109820614573e-05,2161,False,2.110425527026445
2,GLD|USO|VNQ|HYG,6.10117679454929e-05,5.873247420585795e-05,2353,False,2.1645333303838057
2,GLD|USO|VNQ|LQD,3.76638396784827e-05,5.811881119299592e-05,2793,False,2.1351850344715095
2,GLD|USO|VNQ|AGG,5.694003285838225e-05,5.651609236152056e-05,2408,False,2.058535365932786
2,GLD|USO|HYG|LQD,8.018351201689477e-05,5.018922931748504e-05,2104,False,1.7559545603096287
2,GLD|USO|HYG|AGG,0.00011346290448652309,4.92195074456883e-05,1787,False,1.709577829352054
2,GLD|USO|LQD|AGG,7.840638681670322e-05,4.908039084833934e-05,2128,False,1.702924609295223
2,GLD|XLK|XLF|XLE,6.741141696290845e-05,7.25968329623796e-05,2256,False,2.8275931773883345
2,GLD|XLK|XLF|XLV,0.0002288144649324809,6.500647855906321e-05,1191,False,2.4645861809770717
2,GLD|XLK|XLF|XLI,5.569283072268473e-05,8.20713582348654e-05,2418,False,3.2807102228961127
2,GLD|XLK|XLF|XLP,0.0002795944033988877,5.631167839357371e-05,1028,False,2.0487593137768454
2,GLD|XLK|XLF|XLY,5.9351685423889035e-05,9.00395260011649e-05,2370,False,3.6617860586280555
2,GLD|XLK|XLF|XLU,0.00022192214948743376,6.552923446216958e-05,1227,False,2.4895868647606894
2,GLD|XLK|XLF|VNQ,2.5462334524017375e-05,7.12399160824126e-05,3158,False,2.7626989320338167
2,GLD|XLK|XLF|HYG,0.0002352749910398515,5.6349695886040156e-05,1168,False,2.0505774918246717
2,GLD|XLK|XLF|LQD,0.00016817418685656418,5.498330032551604e-05,1460,False,1.9852299306990904
2,GLD|XLK|XLF|AGG,0.00032319944820382034,5.1718883443298986e-05,937,False,1.829109925692463
2,GLD|XLK|XLE|XLV,9.177091774669107e-05,6.338913200460444e-05,1980,False,2.387236944868457
2,GLD|XLK|XLE|XLI,2.5599756441691583e-05,7.952402872828782e-05,3152,False,3.15888476074793
2,GLD|XLK|XLE|XLP,8.944665788703246e-05,5.648646043736627e-05,2005,False,2.0571182258081513
2,GLD|XLK|XLE|XLY,3.6047305433217085e-05,8.500407835636925e-05,2844,False,3.420966904739169
2,GLD|XLK|XLE|XLU,4.7688117808180794e-05,6.644965721520451e-05,2593,False,2.5336058764239406
2,GLD|XLK|XLE|VNQ,1.6773291412462507e-05,6.952859434411586e-05,3505,False,2.680855353841871
2,GLD|XLK|XLE|HYG,4.570342808334731e-05,5.660335227132543e-05,2640,False,2.062708551542083
2,GLD|XLK|XLE|LQD,3.471260419317869e-05,5.469841067170507e-05,2886,False,1.9716051469217504
2,GLD|XLK|XLE|AGG,6.587281399996952e-05,5.1832370127147004e-05,2274,False,1.8345374008862882
2,GLD|XLK|XLV|XLI,1.6985971841109548e-05,7.22113706120017e-05,3493,False,2.8091585269615815
2,GLD|XLK|XLV|XLP,0.00031485379686275187,5.170079397167585e-05,959,False,1.8282448007705339
2,GLD|XLK|XLV|XLY,9.354960783728182e-05,7.935459109033557e-05,1964,False,3.1507814437268973
2,GLD|XLK|XLV|XLU,0.00013137666288872972,5.910607243988914e-05,1669,False,2.182400582108041
2,GLD|XLK|XLV|VNQ,2.6516849114018496e-05,6.446074333409061e-05,3131,False,2.4384865162807077
2,GLD|XLK|XLV|HYG,0.00011597979867360659,4.966271250360511e-05,1774,False,1.7307740118120412
2,GLD|XLK|XLV|LQD,8.196641632654833e-05,4.922982927875713e-05,2083,False,1.710071468702825
2,GLD|XLK|XLV|AGG,0.00015935152272890328,4.620779294517831e-05,1512,False,1.5655432590557443
2,GLD|XLK|XLI|XLP,2.3520757255520444e-05,6.305685550433133e-05,3230,False,2.3713458957905
2,GLD|XLK|XLI|XLY,4.833982360788652e-06,9.868327559682129e-05,4223,False,4.0751714437794195
2,GLD|XLK|XLI|XLU,6.876745235873626e-05,7.39185199812781e-05,2240,False,2.8908025625412166
2,GLD|XLK|XLI|VNQ,1.3278167743215692e-05,7.890595096234128e-05,3640,False,3.129325330259835
2,GLD|XLK|XLI|HYG,7.596888571364426e-05,6.422578889148876e-05,2159,False,2.4272498727762732
2,GLD|XLK|XLI|LQD,5.056283831370052e-05,6.295548122121377e-05,2522,False,2.366497693444141
2,GLD|XLK|XLI|AGG,7.447036285867526e-05,5.9546386899861706e-05,2181,False,2.2034585223698624
2,GLD|XLK|XLP|XLY,2.0641759607694553e-05,7.06505876554239e-05,3343,False,2.734514432231347
2,GLD|XLK|XLP|XLU,0.0003072215475454355,5.316734221940643e-05,972,False,1.8983821416920956
2,GLD|XLK|XLP|VNQ,5.619449384582442e-05,5.6945024962046554e-05,2414,False,2.079048971320142
2,GLD|XLK|XLP|HYG,0.00023496591999080523,4.2504427606443254e-05,1170,False,1.3884306425960415
2,GLD|XLK|XLP|LQD,0.0001624871124548037,4.228360392065013e-05,1495,False,1.3778697993656908
2,GLD|XLK|XLP|AGG,0.00031191207240331535,3.9513231515246155e-05,964,False,1.2453773606217309
2,GLD|XLK|XLY|XLU,3.6478068127850745e-05,7.919074782128231e-05,2825,False,3.1429456761433388
2,GLD|XLK|XLY|VNQ,1.7828174711782018e-05,8.669888788465305e-05,3462,False,3.502020790191828
2,GLD|XLK|XLY|HYG,9.585014325781837e-05,7.17515675914102e-05,1938,False,2.787168550660499
2,GLD|XLK|XLY|LQD,6.1912147897985e-05,7.047417385646368e-05,2338,False,2.7260774818752385
2,GLD|XLK|XLY|AGG,8.583224747155203e-05,6.667994845136382e-05,2047,False,2.5446195031264702
2,GLD|XLK|XLU|VNQ,1.960090522080603e-05,6.744172585411673e-05,3392,False,2.581051336505223
2,GLD|XLK|XLU|HYG,0.0001107924126628403,5.155512293092616e-05,1805,False,1.8212781159285791
2,GLD|XLK|XLU|LQD,7.750950889591466e-05,5.1474493935213343e-05,2140,False,1.8174220522980618
2,GLD|XLK|XLU|AGG,0.0001548729814314826,4.8447471337589014e-05,1526,False,1.6726553756916935
2,GLD|XLK|VNQ|HYG,5.73644428863804e-05,5.532996917980641e-05,2398,False,2.001809290878939
2,GLD|XLK|VNQ|LQD,2.740007034455076e-05,5.533342872504614e-05,3104,False,2.0019747428538657
2,GLD|XLK|VNQ|AGG,6.552599889738873e-05,5.1867732352581e-05,2279,False,1.8362285913840077
2,GLD|XLK|HYG|LQD,6.444561838510381e-05,4.383653308547041e-05,2296,False,1.4521382882671523
2,GLD|XLK|HYG|AGG,0.00013920811058967968,4.100383367268389e-05,1625,False,1.3166650743784436
2,GLD|XLK|LQD|AGG,0.00010595599054656506,4.1481839633436696e-05,1845,False,1.339525602208836
2,GLD|XLF|XLE|XLV,0.0002714056600179486,5.4722184472953686e-05,1048,False,1.9727421236327152
2,GLD|XLF|XLE|XLI,1.0302669229443364e-05,6.418202469740631e-05,3802,False,2.4251568600129576
2,GLD|XLF|XLE|XLP,0.0003172089491462601,4.994380851399018e-05,953,False,1.744217365443657
2,GLD|XLF|XLE|XLY,2.922731360195481e-07,6.721982850419763e-05,4768,False,2.5704391455289284
2,GLD|XLF|XLE|XLU,0.0002122090198349932,5.72179513402021e-05,1262,False,2.092101614123272
2,GLD|XLF|XLE|VNQ,2.9451233671380754e-05,6.0676979485688324e-05,3035,False,2.2575288591339073
2,GLD|XLF|XLE|HYG,0.00025385968341092675,4.404734251833568e-05,1109,False,1.462220202097967
2,GLD|XLF|XLE|LQD,0.00019991271142623054,4.265770176946881e-05,1311,False,1.3957609450550477
2,GLD|XLF|XLE|AGG,0.0003591458117743311,4.0322796136983146e-05,876,False,1.2840946070271377
2,GLD|XLF|XLV|XLI,9.304521382574484e-05,5.764794035951968e-05,1970,False,2.112665742502324
2,GLD|XLF|XLV|XLP,0.0011318006387496676,4.593671582669924e-05,165,False,1.5525790566817534
2,GLD|XLF|XLV|XLY,2.0734956279232323e-05,6.234891501656345e-05,3337,False,2.3374888007923715
2,GLD|XLF|XLV|XLU,0.0009265088511422023,5.0652940343286204e-05,247,False,1.7781314360830862
2,GLD|XLF|XLV|VNQ,5.286901861463252e-05,5.638770225406256e-05,2474,False,2.0523951378484577
2,GLD|XLF|XLV|HYG,0.0011013416021737133,3.7885276529014836e-05,174,False,1.1675207786436395
2,GLD|XLF|XLV|LQD,0.0006846640629382779,3.796769415492036e-05,420,False,1.1714623831118363
2,GLD|XLF|XLV|AGG,0.0012932291902887853,3.547679273341392e-05,131,False,1.0523355814723074
2,GLD|XLF|XLI|XLP,0.00021096855180847794,5.0617720860124e-05,1266,False,1.77644707220249
2,GLD|XLF|XLI|XLY,9.263470051959384e-05,7.500254302381843e-05,1974,False,2.942645721345664
2,GLD|XLF|XLI|XLU,1.805655499923096e-05,5.879033138544443e-05,3450,False,2.167300337017032
2,GLD|XLF|XLI|VNQ,8.356164102913583e-07,6.41578533830825e-05,4670,False,2.4240008723283557
2,GLD|XLF|XLI|HYG,3.384635797054471e-05,4.577329641766776e-05,2912,False,1.544763560108642
2,GLD|XLF|XLI|LQD,3.1969615557044544e-05,4.5018289598146274e-05,2957,False,1.5086555283539236
2,GLD|XLF|XLI|AGG,7.945670615875562e-05,4.2140330188866605e-05,2111,False,1.3710177652871969
2,GLD|XLF|XLP|XLY,0.0001626131602314648,5.576920718992645e-05,1494,False,2.0228157501680695
2,GLD|XLF|XLP|XLU,0.0012084008750041396,4.683850573107818e-05,148,False,1.5957069565383883
2,GLD|XLF|XLP|VNQ,6.96972335351754e-05,5.0996279490293184e-05,2233,False,1.79455155375914
2,GLD|XLF|XLP|HYG,0.0013581252382487332,3.285128724012765e-05,118,False,0.926771370298887
2,GLD|XLF|XLP|LQD,0.0008596071346186377,3.314576440508804e-05,284,False,0.9408546746459499
2,GLD|XLF|XLP|AGG,0.001556055020195882,3.090652691175646e-05,83,False,0.8337636439095423
2,GLD|XLF|XLY|XLU,4.835108570347181e-05,6.162031340415854e-05,2568,False,2.302643592143886
2,GLD|XLF|XLY|VNQ,1.0030802887830087e-05,6.950854448410415e-05,3820,False,2.67989647378508
2,GLD|XLF|XLY|HYG,2.816863338340966e-05,5.085682929629909e-05,3079,False,1.787882379517599
2,GLD|XLF|XLY|LQD,2.019756381664696e-05,5.009473641210607e-05,3363,False,1.7514354583097524
2,GLD|XLF|XLY|AGG,6.334235151828237e-05,4.6831645919078585e-05,2310,False,1.595378887568535
2,GLD|XLF|XLU|VNQ,5.0402485431337505e-05,5.880392643073703e-05,2525,False,2.167950517008046
2,GLD|XLF|XLU|HYG,0.0010642411916900714,3.921292861298425e-05,189,False,1.231015441695251
2,GLD|XLF|XLU|LQD,0.000634528113763711,3.9647600468024934e-05,469,False,1.251803525642147
2,GLD|XLF|XLU|AGG,0.0011946382947367934,3.715171278247299e-05,152,False,1.1324382570433302
2,GLD|XLF|VNQ|HYG,0.0003416037021097317,4.336786587843937e-05,903,False,1.4297243842383152
2,GLD|XLF|VNQ|LQD,6.585218552248512e-05,4.388662627443261e-05,2275,False,1.4545339837906557
2,GLD|XLF|VNQ|AGG,0.00016781838775306674,4.095206481403985e-05,1462,False,1.3141892403283493
2,GLD|XLF|HYG|LQD,0.0006742192777585873,2.868533574029466e-05,428,False,0.7275356744677901
2,GLD|XLF|HYG|AGG,0.001539439071995539,2.638377123958053e-05,85,False,0.6174638685866333
2,GLD|XLF|LQD|AGG,0.0009222083474845884,2.7377078051086836e-05,251,False,0.6649685439944389
2,GLD|XLE|XLV|XLI,4.89868466633969e-05,5.669716193379487e-05,2557,False,2.0671949776030987
2,GLD|XLE|XLV|XLP,0.00038821228432089254,4.7708048951344556e-05,817,False,1.6372926659620173
2,GLD|XLE|XLV|XLY,1.739677775708655e-05,5.8910018452620545e-05,3480,False,2.1730243441524424
2,GLD|XLE|XLV|XLU,0.00028606756878660526,5.3169914177173894e-05,1015,False,1.8985051449952952
2,GLD|XLE|XLV|VNQ,3.4408452542549624e-05,5.6272931596618566e-05,2894,False,2.0469062569054692
2,GLD|XLE|XLV|HYG,0.00035995537355482544,3.973548399515287e-05,872,False,1.2560065356100083
2,GLD|XLE|XLV|LQD,0.00023379154865430036,3.927935558196214e-05,1171,False,1.2341922965834538
2,GLD|XLE|XLV|AGG,0.00038058319889442576,3.71868304981147e-05,827,False,1.1341177539150906
2,GLD|XLE|XLI|XLP,9.142618271034435e-05,5.145907103265049e-05,1985,False,1.8166844554431851
2,GLD|XLE|XLI|XLY,4.993606616065247e-05,7.06336635077567e-05,2538,False,2.7337050386661654
2,GLD|XLE|XLI|XLU,1.4423592744170403e-05,6.037732226721329e-05,3586,False,2.2431978198896725
2,GLD|XLE|XLI|VNQ,1.969549524399725e-06,6.311309977351969e-05,4513,False,2.3740357653457993
2,GLD|XLE|XLI|HYG,3.581484070686e-05,4.6693520931686956e-05,2853,False,1.5887730910354414
2,GLD|XLE|XLI|LQD,2.554925350151016e-05,4.539996807306922e-05,3153,False,1.5269092157859718
2,GLD|XLE|XLI|AGG,4.917235406377768e-05,4.292038500144856e-05,2553,False,1.4083237116904115
2,GLD|XLE|XLP|XLY,0.00012184933490939102,5.4122439224234865e-05,1734,False,1.94405944166806
2,GLD|XLE|XLP|XLU,0.0003940777832496585,5.114760816321718e-05,804,False,1.8017888135905176
2,GLD|XLE|XLP|VNQ,4.82144679549966e-05,5.26736374311005e-05,2571,False,1.8747708209560718
2,GLD|XLE|XLP|HYG,0.0005294058623003393,3.6493623304517e-05,579,False,1.100965275405176
2,GLD|XLE|XLP|LQD,0.0003351241845602776,3.624955443038113e-05,911,False,1.0892927362574873
2,GLD|XLE|XLP|AGG,0.0005242490142815463,3.440869327470854e-05,588,False,1.0012539644922454
2,GLD|XLE|XLY|XLU,4.595563344757057e-05,6.071918614770931e-05,2631,False,2.259547383275822
2,GLD|XLE|XLY|VNQ,5.923877123869837e-07,6.597567273632325e-05,4708,False,2.5109376750618186
2,GLD|XLE|XLY|HYG,7.652822601327931e-06,4.928893567210022e-05,3986,False,1.7128982187036947
2,GLD|XLE|XLY|LQD,1.2819085536953473e-05,4.7988296748810944e-05,3665,False,1.6506954540010972
2,GLD|XLE|XLY|AGG,2.7951621395580242e-05,4.512358259344246e-05,3085,False,1.5136911422310455
2,GLD|XLE|XLU|VNQ,3.140015760187269e-05,6.122692508078671e-05,2971,False,2.283829883836923
2,GLD|XLE|XLU|HYG,0.0003481904659893088,4.3600905386615956e-05,894,False,1.4408694464334848
2,GLD|XLE|XLU|LQD,0.00020903307737112105,4.3497031202560386e-05,1275,False,1.4359016868856291
2,GLD|XLE|XLU|AGG,0.00035644819700117794,4.139951985466744e-05,881,False,1.3355886772579784
2,GLD|XLE|VNQ|HYG,0.00015250499421254045,4.512409816073941e-05,1544,False,1.5137157991213521
2,GLD|XLE|VNQ|LQD,3.761066325863158e-05,4.510431251763639e-05,2797,False,1.5127695551789413
2,GLD|XLE|VNQ|AGG,7.911363352639176e-05,4.256812739490263e-05,2118,False,1.3914770706878006
2,GLD|XLE|HYG|LQD,0.0002483556243196319,3.186800010708047e-05,1127,False,0.8797458837654327
2,GLD|XLE|HYG|AGG,0.0005050042563176935,2.9964811944025326e-05,615,False,0.7887263368554412
2,GLD|XLE|LQD|AGG,0.00029685026764865116,3.041957271643538e-05,988,False,0.8104751687684956
2,GLD|XLV|XLI|XLP,0.00024016286733662107,4.772967463238982e-05,1150,False,1.6383269093061958
2,GLD|XLV|XLI|XLY,2.4173396696350245e-05,6.604044630715279e-05,3203,False,2.5140354565545233
2,GLD|XLV|XLI|XLU,0.00016391828004429712,5.409000755732765e-05,1484,False,1.9425084044744008
2,GLD|XLV|XLI|VNQ,1.611217593560719e-05,5.9101518828924195e-05,3524,False,2.1821828066852644
2,GLD|XLV|XLI|HYG,0.0002159845364061132,4.080915122939638e-05,1249,False,1.307354430206028
2,GLD|XLV|XLI|LQD,0.00014200595918667126,4.098765674555103e-05,1606,False,1.3158914164676747
2,GLD|XLV|XLI|AGG,0.00024805674210510856,3.8352077884909596e-05,1129,False,1.1898454487604953
2,GLD|XLV|XLP|XLY,0.00028711713557427884,5.2056213674226646e-05,1011,False,1.8452426683051482
2,GLD|XLV|XLP|XLU,0.0006681083000823702,4.738728510392725e-05,434,False,1.6219522069239778
2,GLD|XLV|XLP|VNQ,4.870212577785331e-05,5.118904813710071e-05,2562,False,1.8037706710442682
2,GLD|XLV|XLP|HYG,0.0009012385546478729,3.3136245252822116e-05,262,False,0.9403994233244932
2,GLD|XLV|XLP|LQD,0.0004684545827446656,3.4364234753458634e-05,672,False,0.9991277456879212
2,GLD|XLV|XLP|AGG,0.0007592324592354655,3.236737780876529e-05,352,False,0.9036285103110604
2,GLD|XLV|XLY|XLU,0.0001537304825789742,5.6095042288076155e-05,1531,False,2.038398740634629
2,GLD|XLV|XLY|VNQ,1.6077184342656918e-06,6.36272626419802e-05,4552,False,2.398625489175361
2,GLD|XLV|XLY|HYG,6.455791137049062e-05,4.50677368200621e-05,2294,False,1.5110203306483592
2,GLD|XLV|XLY|LQD,6.229189495615709e-05,4.5239156271545216e-05,2328,False,1.5192184274568779
2,GLD|XLV|XLY|AGG,0.000126101675472229,4.221844632715597e-05,1701,False,1.3747536520752075
2,GLD|XLV|XLU|VNQ,4.540255245705851e-05,5.718441747716196e-05,2647,False,2.0904978646468373
2,GLD|XLV|XLU|HYG,0.0007669270693889346,3.768560902529612e-05,345,False,1.1579717250745205
2,GLD|XLV|XLU|LQD,0.0003890690553742158,3.905379321601294e-05,812,False,1.2234048270377815
2,GLD|XLV|XLU|AGG,0.0006624741342478366,3.680028607909924e-05,443,False,1.1156313537985123
2,GLD|XLV|VNQ|HYG,0.0002475042784905274,4.148453556470969e-05,1132,False,1.3396545345171236
2,GLD|XLV|VNQ|LQD,4.1528837783269346e-05,4.293680829637907e-05,2717,False,1.4091091520858294
2,GLD|XLV|VNQ|AGG,9.68642901606307e-05,4.024462738462455e-05,1925,False,1.28035620398307
2,GLD|XLV|HYG|LQD,0.0004487973905323109,2.7827707128128065e-05,708,False,0.6865197785034421
2,GLD|XLV|HYG|AGG,0.000904281385625803,2.576852317605216e-05,259,False,0.5880397679818319
2,GLD|XLV|LQD|AGG,0.0004393053671354755,2.769534232323461e-05,727,False,0.680189461406003
2,GLD|XLI|XLP|XLY,6.23542421978541e-05,5.9001023538334916e-05,2327,False,2.1773766419593654
2,GLD|XLI|XLP|XLU,0.0003053784510169075,4.981585800293876e-05,976,False,1.7380981609588484
2,GLD|XLI|XLP|VNQ,2.6697144644342357e-05,5.3250381122973946e-05,3124,False,1.9023534586250916
2,GLD|XLI|XLP|HYG,0.0003489828939555605,3.531544699832833e-05,893,False,1.0446192578904205
2,GLD|XLI|XLP|LQD,0.00022999130447691685,3.570601205353784e-05,1184,False,1.0632979440309331
2,GLD|XLI|XLP|AGG,0.0004065733051347748,3.332209712107127e-05,787,False,0.949287747226875
2,GLD|XLI|XLY|XLU,4.229745461008107e-05,6.649623816091788e-05,2704,False,2.5358335997020545
2,GLD|XLI|XLY|VNQ,1.0711520634593522e-05,7.366121860168367e-05,3778,False,2.87849718178874
2,GLD|XLI|XLY|HYG,0.00011975232126007607,5.521956153939852e-05,1743,False,1.9965290702468412
2,GLD|XLI|XLY|LQD,6.0619310136871076e-05,5.455355654545464e-05,2357,False,1.964677530832445
2,GLD|XLI|XLY|AGG,0.00010684518824057558,5.1145788613292154e-05,1836,False,1.8017017940235769
2,GLD|XLI|XLU|VNQ,6.423233830954862e-06,6.270213647176867e-05,4076,False,2.3543815376408697
2,GLD|XLI|XLU|HYG,0.0001160119349661877,4.3321196779535796e-05,1773,False,1.4274924450536568
2,GLD|XLI|XLU|LQD,9.138761637078485e-05,4.385195652482561e-05,1986,False,1.4528759107940024
2,GLD|XLI|XLU|AGG,0.00015611759839577032,4.1211391400138675e-05,1520,False,1.3265914761275355
2,GLD|XLI|VNQ|HYG,5.694839842881664e-05,4.67528834058111e-05,2406,False,1.5916120880422124
2,GLD|XLI|VNQ|LQD,1.5684087079171786e-05,4.7367731692053465e-05,3543,False,1.6210170693880028
2,GLD|XLI|VNQ|AGG,3.8870598965167794e-05,4.428849279252571e-05,2779,False,1.4737531598580462
2,GLD|XLI|HYG|LQD,0.00012310777987217914,3.2376499283435427e-05,1725,False,0.9040647427907192
2,GLD|XLI|HYG|AGG,0.0002548633248033747,2.9930257343586294e-05,1107,False,0.7870737708419118
2,GLD|XLI|LQD|AGG,0.00016968201003899692,3.1019652045341734e-05,1454,False,0.8391738280431673
2,GLD|XLP|XLY|XLU,0.00030495137513802993,5.2271404406445934e-05,977,False,1.855534116794607
2,GLD|XLP|XLY|VNQ,1.3271485611196612e-05,5.8226636608788655e-05,3642,False,2.1403417607907196
2,GLD|XLP|XLY|HYG,0.0003437033975407476,4.0024544261752727e-05,899,False,1.2698307780082823
2,GLD|XLP|XLY|LQD,0.00023518976298276948,4.040802325229071e-05,1169,False,1.2881705746956669
2,GLD|XLP|XLY|AGG,0.000435945569783083,3.7638977236076316e-05,733,False,1.1557415702171179
2,GLD|XLP|XLU|VNQ,8.535769875555269e-05,5.454906465839937e-05,2052,False,1.9644627073418002
2,GLD|XLP|XLU|HYG,0.0010855916611507718,3.5407689681415725e-05,183,False,1.0490307435140487
2,GLD|XLP|XLU|LQD,0.0005404313568027436,3.698793341118741e-05,567,False,1.1246055453561754
2,GLD|XLP|XLU|AGG,0.0008744772290198128,3.498609020244855e-05,276,False,1.028867843020027
2,GLD|XLP|VNQ|HYG,0.0004077717478039546,3.7629628069267955e-05,783,False,1.155294448412032
2,GLD|XLP|VNQ|LQD,7.533218267924271e-05,3.9293960339992185e-05,2164,False,1.2348907658596031
2,GLD|XLP|VNQ|AGG,0.0001620078191367875,3.685344335641252e-05,1498,False,1.118173588659965
2,GLD|XLP|HYG|LQD,0.0007187644989576266,2.4542292646623382e-05,385,False,0.5293955680217817
2,GLD|XLP|HYG|AGG,0.001352126677401613,2.273477262272233e-05,119,False,0.4429513284032926
2,GLD|XLP|LQD|AGG,0.0006640383462338986,2.4873651308959636e-05,441,False,0.5452427217063293
2,GLD|XLY|XLU|VNQ,1.9153377777754003e-05,6.535688764649502e-05,3409,False,2.4813444169677727
2,GLD|XLY|XLU|HYG,0.0002151459055755903,4.570878973187185e-05,1253,False,1.5416785423327934
2,GLD|XLY|XLU|LQD,0.0001218965153884129,4.623246341249013e-05,1733,False,1.566723118620011
2,GLD|XLY|XLU|AGG,0.0002465251746298579,4.320676720405538e-05,1133,False,1.4220198762790535
2,GLD|XLY|VNQ|HYG,1.7901675869541737e-05,5.166118544045468e-05,3458,False,1.8263505316512187
2,GLD|XLY|VNQ|LQD,3.2886959787486166e-06,5.226894766202552e-05,4376,False,1.8554166235438811
2,GLD|XLY|VNQ|AGG,1.2634112043606987e-05,4.8804577678749944e-05,3675,False,1.6897339063394332
2,GLD|XLY|HYG|LQD,6.201296566879176e-05,3.701055703101718e-05,2336,False,1.1256875148988317
2,GLD|XLY|HYG|AGG,0.00014846805534402669,3.417918400742023e-05,1565,False,0.9902777352755332
2,GLD|XLY|LQD|AGG,0.00011882583706743436,3.526149264450414e-05,1752,False,1.042038903023661
2,GLD|XLU|VNQ|HYG,0.0002762323848798132,4.527041426559883e-05,1035,False,1.5207133340096317
2,GLD|XLU|VNQ|LQD,3.987555484524377e-05,4.7074941226403366e-05,2753,False,1.6070144310570362
2,GLD|XLU|VNQ|AGG,9.700687590490416e-05,4.4377774050603343e-05,1922,False,1.4780230159949899
2,GLD|XLU|HYG|LQD,0.0004594634819876491,3.0877267965447306e-05,690,False,0.8323643413666724
2,GLD|XLU|HYG|AGG,0.0009344033760910384,2.88130977493259e-05,244,False,0.733645863885775
2,GLD|XLU|LQD|AGG,0.00043673282964279723,3.109217112564351e-05,732,False,0.8426420367886447
2,GLD|VNQ|HYG|LQD,0.00023714352160695206,3.3180458400492204e-05,1162,False,0.942513907192413
2,GLD|VNQ|HYG|AGG,0.0004296459011875017,3.067761440952997e-05,745,False,0.8228159548480253
2,GLD|VNQ|LQD|AGG,0.00011601319138283639,3.304077632680014e-05,1772,False,0.93583364335634
2,GLD|HYG|LQD|AGG,0.0005459200193000694,2.1865807309137538e-05,560,False,0.4013932572370551
2,USO|XLK|XLF|XLE,4.060289321048534e-05,0.00011113582742989969,2736,False,4.670711941414986
2,USO|XLK|XLF|XLV,0.000419345638239903,7.411771325586772e-05,767,False,2.900328936208632
2,USO|XLK|XLF|XLI,2.142772726739347e-05,9.099318791582666e-05,3304,False,3.7073947257387667
2,USO|XLK|XLF|XLP,0.0002886777922689789,6.805982107742586e-05,1007,False,2.6106116018877676
2,USO|XLK|XLF|XLY,2.7435575044762395e-05,9.779630026206929e-05,3102,False,4.032752047391483
2,USO|XLK|XLF|XLU,0.000276922627706694,7.643038450595005e-05,1032,False,3.0109319198864783
2,USO|XLK|XLF|VNQ,6.384443883724655e-05,8.054825103474443e-05,2303,False,3.207867962765715
2,USO|XLK|XLF|HYG,0.0001882571488383627,6.93070095496349e-05,1370,False,2.6702581107592827
2,USO|XLK|XLF|LQD,0.00017430528521022805,6.553505622348389e-05,1430,False,2.4898652891894097
2,USO|XLK|XLF|AGG,0.00031412132448617317,6.302341750724172e-05,963,False,2.369746731081642
2,USO|XLK|XLE|XLV,1.204370595036295e-05,9.898073440904227e-05,3708,False,4.089397344737775
2,USO|XLK|XLE|XLI,7.839972095354723e-06,0.00011492622611688238,3976,False,4.8519869082283416
2,USO|XLK|XLE|XLP,3.4304536803682704e-05,9.471497082885172e-05,2898,False,3.8853881585568306
2,USO|XLK|XLE|XLY,9.675193333421471e-06,0.00011924122032490692,3834,False,5.058350538140353
2,USO|XLK|XLE|XLU,2.6544956017357125e-05,0.00010383117496661829,3128,False,4.321368576187487
2,USO|XLK|XLE|VNQ,7.187059239441509e-06,0.00010531729700408098,4019,False,4.3924420292115265
2,USO|XLK|XLE|HYG,1.7316482496634845e-05,9.604103364255349e-05,3482,False,3.9488068151144513
2,USO|XLK|XLE|LQD,1.3686990867028097e-05,9.173053427730621e-05,3627,False,3.7426581500498264
2,USO|XLK|XLE|AGG,2.0779106632434492e-05,8.961727189872304e-05,3334,False,3.6415918509132243
2,USO|XLK|XLV|XLI,5.497878389417087e-06,7.818580822988068e-05,4157,False,3.0948846656469016
2,USO|XLK|XLV|XLP,0.0002528369444041142,6.0501544592445727e-05,1113,False,2.2491387247241224
2,USO|XLK|XLV|XLY,3.2222394123633114e-05,8.41639732881577e-05,2947,False,3.3807890683329913
2,USO|XLK|XLV|XLU,0.00014465029282284385,6.705983042058734e-05,1589,False,2.5627872730764967
2,USO|XLK|XLV|VNQ,5.2670002775475334e-05,7.082168622334016e-05,2476,False,2.7426971828552724
2,USO|XLK|XLV|HYG,8.978753891100851e-05,5.967263410411758e-05,2001,False,2.2094962665893183
2,USO|XLK|XLV|LQD,7.950647873723591e-05,5.68341931136427e-05,2110,False,2.0737484630358107
2,USO|XLK|XLV|AGG,0.00013996948951263986,5.456493494603877e-05,1618,False,1.96522170028759
2,USO|XLK|XLI|XLP,1.625834281360126e-05,7.166820110925796e-05,3518,False,2.783181567355182
2,USO|XLK|XLI|XLY,5.6152837566641655e-06,0.00010330325277880014,4144,False,4.296120815996606
2,USO|XLK|XLI|XLU,1.3748994459932004e-05,8.168287294613302e-05,3622,False,3.2621310011207645
2,USO|XLK|XLI|VNQ,3.942219947857566e-06,8.507748883574757e-05,4300,False,3.424477744445493
2,USO|XLK|XLI|HYG,9.672522343741938e-06,7.404630547615796e-05,3835,False,2.896913875164643
2,USO|XLK|XLI|LQD,8.74772477139399e-06,7.037044004025607e-05,3906,False,2.7211164353882196
2,USO|XLK|XLI|AGG,1.3750324109835843e-05,6.771412388487891e-05,3621,False,2.5940787112128016
2,USO|XLK|XLP|XLY,1.0748112826580243e-05,7.809687784029364e-05,3776,False,3.0906315897168013
2,USO|XLK|XLP|XLU,0.00017221051114603376,6.375800818715226e-05,1440,False,2.404878365539912
2,USO|XLK|XLP|VNQ,5.196847849851358e-05,6.594287583834373e-05,2488,False,2.5093691707740677
2,USO|XLK|XLP|HYG,7.616104778734567e-05,5.515125719400335e-05,2156,False,1.9932624302526796
2,USO|XLK|XLP|LQD,7.179765931485522e-05,5.252487574258332e-05,2208,False,1.8676563265780366
2,USO|XLK|XLP|AGG,0.00013403520498132154,5.050728150315425e-05,1650,False,1.7711653347329375
2,USO|XLK|XLY|XLU,8.999852326511722e-07,8.579004536608036e-05,4657,False,3.4585556006436597
2,USO|XLK|XLY|VNQ,7.775153487614572e-06,9.170537033800246e-05,3980,False,3.741454690298258
2,USO|XLK|XLY|HYG,1.5293594265747543e-05,8.040702875602254e-05,3554,False,3.2011140389696418
2,USO|XLK|XLY|LQD,1.203177082072182e-05,7.672407725544913e-05,3710,False,3.0249777097400905
2,USO|XLK|XLY|AGG,1.4685251888897721e-05,7.368263001632415e-05,3578,False,2.8795211778901817
2,USO|XLK|XLU|VNQ,2.3937182908654353e-05,7.559258409034223e-05,3218,False,2.970864302974016
2,USO|XLK|XLU|HYG,5.0929751388820426e-05,6.335495987841458e-05,2512,False,2.3856026706000844
2,USO|XLK|XLU|LQD,4.7878145000920516e-05,6.086877311707486e-05,2587,False,2.266701346525275
2,USO|XLK|XLU|AGG,8.776152767704921e-05,5.859452868542542e-05,2020,False,2.157936116817767
2,USO|XLK|VNQ|HYG,3.1395178525070744e-05,6.553699103584618e-05,2972,False,2.489957821156553
2,USO|XLK|VNQ|LQD,2.7077284522568956e-05,6.313489281545901e-05,3113,False,2.3750780126871884
2,USO|XLK|VNQ|AGG,5.3184077542170585e-05,6.042197460896876e-05,2459,False,2.2453333081161904
2,USO|XLK|HYG|LQD,2.443346174941027e-05,5.528697588714621e-05,3196,False,1.9997531463031875
2,USO|XLK|HYG|AGG,4.545866084972789e-05,5.320705464033458e-05,2646,False,1.9002813793133388
2,USO|XLK|LQD|AGG,4.6126697430863595e-05,5.127950283546048e-05,2628,False,1.8080966466994393
2,USO|XLF|XLE|XLV,5.854249982806166e-05,9.319583579138915e-05,2379,False,3.8127358662143993
2,USO|XLF|XLE|XLI,8.711412659513614e-06,0.00010246627099999852,3912,False,4.256092350205735
2,USO|XLF|XLE|XLP,0.00010113419704141245,9.105436781947327e-05,1886,False,3.710320640904702
2,USO|XLF|XLE|XLY,1.4790216350510982e-05,0.00010433901938673295,3574,False,4.345656121642478
2,USO|XLF|XLE|XLU,5.8712738737439144e-05,9.748151800561351e-05,2376,False,4.017697656599184
2,USO|XLF|XLE|VNQ,5.052927338078978e-06,9.934773105965108e-05,4205,False,4.106948877215928
2,USO|XLF|XLE|HYG,4.726640662264715e-05,8.636707280356137e-05,2602,False,3.4861518083827012
2,USO|XLF|XLE|LQD,3.692870368801779e-05,8.25718742890676e-05,2812,False,3.3046472908954896
2,USO|XLF|XLE|AGG,7.929905650054688e-05,8.09897468225568e-05,2114,False,3.2289823997664393
2,USO|XLF|XLV|XLI,0.00015608155339129844,6.650442689139631e-05,1522,False,2.53622522390001
2,USO|XLF|XLV|XLP,0.0006631793868397183,5.761951536146676e-05,442,False,2.111306323347708
2,USO|XLF|XLV|XLY,5.257578606568527e-05,7.00403461283832e-05,2478,False,2.7053297681108313
2,USO|XLF|XLV|XLU,0.000637256171482849,6.148874723798204e-05,466,False,2.296351469763908
2,USO|XLF|XLV|VNQ,7.928566957172585e-05,6.563069405730976e-05,2115,False,2.494439147135389
2,USO|XLF|XLV|HYG,0.0005371915726655485,5.077724704352495e-05,571,False,1.784076376133283
2,USO|XLF|XLV|LQD,0.0004666330888088082,4.845410690380357e-05,679,False,1.6729727201571885
2,USO|XLF|XLV|AGG,0.000790597070582874,4.671598364827203e-05,326,False,1.5898473654165197
2,USO|XLF|XLI|XLP,0.00015118725738463626,6.211111537904825e-05,1553,False,2.3261160864795376
2,USO|XLF|XLI|XLY,4.814742263675462e-05,8.250456911979492e-05,2576,False,3.3014284362752164
2,USO|XLF|XLI|XLU,3.898038346721864e-05,6.943673326429701e-05,2775,False,2.676462118308947
2,USO|XLF|XLI|VNQ,1.0075812880288529e-05,7.321144017048645e-05,3817,False,2.8569866292263804
2,USO|XLF|XLI|HYG,4.06584040552312e-05,5.847586191633462e-05,2734,False,2.152260905209379
2,USO|XLF|XLI|LQD,4.2181353442791515e-05,5.5315297331186224e-05,2706,False,2.001107613010368
2,USO|XLF|XLI|AGG,6.935757555851782e-05,5.319011608788145e-05,2236,False,1.899471296842502
2,USO|XLF|XLP|XLY,0.00015230356957076518,6.609754628879384e-05,1545,False,2.51676625036589
2,USO|XLF|XLP|XLU,0.0004149475412772452,6.031122061282164e-05,776,False,2.240036523098571
2,USO|XLF|XLP|VNQ,6.015215302726984e-05,6.2876179280588e-05,2362,False,2.3627050959254317
2,USO|XLF|XLP|HYG,0.00031483179834729415,4.8380165741685405e-05,960,False,1.669436500667892
2,USO|XLF|XLP|LQD,0.00029382191237060663,4.6269085141018876e-05,995,False,1.5684745445706625
2,USO|XLF|XLP|AGG,0.00046672398896544984,4.478262581366218e-05,678,False,1.4973849607331144
2,USO|XLF|XLY|XLU,0.00013273455442593885,7.110165986295424e-05,1659,False,2.756086859356574
2,USO|XLF|XLY|VNQ,2.1457379846465817e-07,7.73970758514512e-05,4786,False,3.0571637166038763
2,USO|XLF|XLY|HYG,2.125783443851921e-05,6.239433937490907e-05,3310,False,2.339661210539109
2,USO|XLF|XLY|LQD,2.652695739658956e-05,5.922668872508915e-05,3129,False,2.188169028886971
2,USO|XLF|XLY|AGG,5.9873567629404805e-05,5.671637639803656e-05,2366,False,2.0681139050446133
2,USO|XLF|XLU|VNQ,5.2915704914527754e-05,6.983683358096017e-05,2472,False,2.695596826189205
2,USO|XLF|XLU|HYG,0.00031446203841786763,5.389481447447031e-05,961,False,1.9331733390791224
2,USO|XLF|XLU|LQD,0.0002692236119576812,5.192392856388409e-05,1057,False,1.8389161625817263
2,USO|XLF|XLU|AGG,0.0004559440896375726,5.018081904430704e-05,695,False,1.7555523408817697
2,USO|XLF|VNQ|HYG,0.0001310704020827287,5.6456936648476786e-05,1672,False,2.055706257228296
2,USO|XLF|VNQ|LQD,6.420019595192742e-05,5.457013927884312e-05,2297,False,1.9654705963363446
2,USO|XLF|VNQ|AGG,0.00011967308862077419,5.2388355984425254e-05,1744,False,1.8611272997728987
2,USO|XLF|HYG|LQD,0.00019101947240211152,4.3017827455968095e-05,1353,False,1.4129838752161916
2,USO|XLF|HYG|AGG,0.0003754045503775,4.146904112122885e-05,836,False,1.3389135162338948
2,USO|XLF|LQD|AGG,0.00032689080148551086,4.005679016710827e-05,929,False,1.2713729311974091
2,USO|XLE|XLV|XLI,8.858509213524612e-06,9.203401617330478e-05,3898,False,3.757172103638542
2,USO|XLE|XLV|XLP,0.00017071668822773423,8.587121619374537e-05,1448,False,3.462437577265728
2,USO|XLE|XLV|XLY,3.431162017607825e-05,9.30818172720736e-05,2896,False,3.8072829561086587
2,USO|XLE|XLV|XLU,0.00011910391594275872,9.048608877950301e-05,1748,False,3.6831428233138728
2,USO|XLE|XLV|VNQ,1.575043000308974e-05,9.199629110749905e-05,3537,False,3.755367910830157
2,USO|XLE|XLV|HYG,9.143283950563419e-05,7.910782221729628e-05,1984,False,3.1389797777374087
2,USO|XLE|XLV|LQD,7.748026491319114e-05,7.624613603847863e-05,2141,False,3.002120278266562
2,USO|XLE|XLV|AGG,0.00017509942920680086,7.490638912060609e-05,1424,False,2.938047182497059
2,USO|XLE|XLI|XLP,8.659797675645372e-05,8.943283325920805e-05,2034,False,3.63277111435799
2,USO|XLE|XLI|XLY,2.7797255844505126e-05,0.00010461605731136648,3090,False,4.358905398233476
2,USO|XLE|XLI|XLU,2.3968706460580944e-05,9.750409185369915e-05,3214,False,4.018777245819344
2,USO|XLE|XLI|VNQ,8.443721635181011e-06,9.864705426855691e-05,3933,False,4.07343916688158
2,USO|XLE|XLI|HYG,2.4163031119083983e-05,8.587645413798712e-05,3206,False,3.462688080773936
2,USO|XLE|XLI|LQD,2.6371410690962797e-05,8.217734351374246e-05,3134,False,3.2857789450801733
2,USO|XLE|XLI|AGG,5.416140016914657e-05,8.045053860809668e-05,2441,False,3.203194887883473
2,USO|XLE|XLP|XLY,0.00012028631444000795,9.093114603073553e-05,1742,False,3.7044275865036367
2,USO|XLE|XLP|XLU,0.00022084367813684957,9.110069075259392e-05,1232,False,3.7125360247884562
2,USO|XLE|XLP|VNQ,5.352165802274679e-05,9.10339049290286e-05,2453,False,3.7093420077601196
2,USO|XLE|XLP|HYG,0.00018788921686920435,7.850286951370804e-05,1372,False,3.110048050411937
2,USO|XLE|XLP|LQD,0.0001659618112823186,7.585324287394526e-05,1474,False,2.9833302508199564
2,USO|XLE|XLP|AGG,0.00030241306703787316,7.476515988424757e-05,983,False,2.9312929259535747
2,USO|XLE|XLY|XLU,6.129030970958504e-05,9.66809003141383e-05,2346,False,3.9794082951262655
2,USO|XLE|XLY|VNQ,1.1826732933769339e-05,0.00010034457181130359,3716,False,4.154622562518372
2,USO|XLE|XLY|HYG,3.3328218646029006e-05,8.730681345834348e-05,2925,False,3.531094694362961
2,USO|XLE|XLY|LQD,3.2000663950563113e-05,8.36006167694273e-05,2956,False,3.353846669216071
2,USO|XLE|XLY|AGG,7.790586819385613e-05,8.148868078003372e-05,2133,False,3.25284380434488
2,USO|XLE|XLU|VNQ,3.693582833608621e-05,9.874019993864314e-05,2811,False,4.0778938376558385
2,USO|XLE|XLU|HYG,0.00012748639879381552,8.476315895573531e-05,1694,False,3.4094449884551126
2,USO|XLE|XLU|LQD,0.00010836309105073343,8.225372700605284e-05,1822,False,3.2894319684629654
2,USO|XLE|XLU|AGG,0.00020446999943669108,8.090899382413478e-05,1294,False,3.2251204057341747
2,USO|XLE|VNQ|HYG,6.717224906712099e-05,8.469353663841011e-05,2261,False,3.4061153167490894
2,USO|XLE|VNQ|LQD,4.279220329089822e-05,8.226819322968019e-05,2692,False,3.290123812362386
2,USO|XLE|VNQ|AGG,8.608117933639453e-05,8.048478627292132e-05,2043,False,3.204832774770106
2,USO|XLE|HYG|LQD,8.754549943626439e-05,7.26808595303872e-05,2023,False,2.8316117291515908
2,USO|XLE|HYG|AGG,0.00019341367481301945,7.153044953330694e-05,1334,False,2.7765936291404594
2,USO|XLE|LQD|AGG,0.00016603441042794566,6.95796525400901e-05,1471,False,2.6832972006092217
2,USO|XLV|XLI|XLP,0.0002310810268926003,5.6275677088231794e-05,1179,False,2.0470375594259096
2,USO|XLV|XLI|XLY,1.1972521705309993e-05,7.0595080340047e-05,3714,False,2.7318598073267424
2,USO|XLV|XLI|XLU,0.0001515515574304868,6.178901737309796e-05,1550,False,2.310711821608982
2,USO|XLV|XLI|VNQ,2.784530823568072e-05,6.520771355324584e-05,3089,False,2.474210199425954
2,USO|XLV|XLI|HYG,0.00014210174720007574,5.056432466498096e-05,1605,False,1.773893411149431
2,USO|XLV|XLI|LQD,0.00012156483860717395,4.83372724155087e-05,1735,False,1.6673851369667854
2,USO|XLV|XLI|AGG,0.00019326776908885722,4.645447172084216e-05,1336,False,1.5773406161584669
2,USO|XLV|XLP|XLY,0.00022708271492874872,5.943716071001175e-05,1202,False,2.1982348043456352
2,USO|XLV|XLP|XLU,0.00040776722852830025,5.791260792258843e-05,784,False,2.125323409326826
2,USO|XLV|XLP|VNQ,4.517015667691172e-05,6.012155586431325e-05,2651,False,2.2309658490532263
2,USO|XLV|XLP|HYG,0.00032366936839458335,4.571773169129758e-05,936,False,1.5421061895361636
2,USO|XLV|XLP|LQD,0.00023709837140754433,4.45401634263072e-05,1163,False,1.4857892514553
2,USO|XLV|XLP|AGG,0.0003750269156399589,4.3296084647588736e-05,838,False,1.4262914629772991
2,USO|XLV|XLY|XLU,0.00017118184087253736,6.262899668378957e-05,1447,False,2.350883643689983
2,USO|XLV|XLY|VNQ,4.481962090138264e-06,6.856840194624499e-05,4249,False,2.634934367836825
2,USO|XLV|XLY|HYG,5.2995984658886365e-05,5.36578548355898e-05,2469,False,1.921840797512535
2,USO|XLV|XLY|LQD,6.322304331539561e-05,5.1423716521446016e-05,2312,False,1.8149936338767618
2,USO|XLV|XLY|AGG,0.00010739465436445319,4.915578474303166e-05,1831,False,1.7065303053939518
2,USO|XLV|XLU|VNQ,5.547302989610661e-05,6.526993256430283e-05,2422,False,2.477185809670663
2,USO|XLV|XLU|HYG,0.00032837136720166235,4.9420102823699904e-05,926,False,1.7191712583010583
2,USO|XLV|XLU|LQD,0.0002364889378337986,4.8382729248789826e-05,1165,False,1.6695590998200271
2,USO|XLV|XLU|AGG,0.0003745689270388955,4.688200027785101e-05,839,False,1.5977870734796182
2,USO|XLV|VNQ|HYG,0.00013958807748124395,5.1626214271664834e-05,1622,False,1.8246780433497707
2,USO|XLV|VNQ|LQD,5.5492057842574646e-05,5.067292923770731e-05,2421,False,1.7790874004741843
2,USO|XLV|VNQ|AGG,9.378109449293602e-05,4.8733526491927674e-05,1962,False,1.6863358992702853
2,USO|XLV|HYG|LQD,0.00018920308221885375,3.921280678071922e-05,1364,False,1.2310096150945096
2,USO|XLV|HYG|AGG,0.00035135170429377024,3.790640099461821e-05,889,False,1.16853105147176
2,USO|XLV|LQD|AGG,0.0002493846979335841,3.742766237617376e-05,1124,False,1.1456354844516392
2,USO|XLI|XLP|XLY,7.845006546080317e-05,6.619256555827676e-05,2127,False,2.521310525610945
2,USO|XLI|XLP|XLU,0.0001561169501810315,6.015177580575669e-05,1521,False,2.23241111097279
2,USO|XLI|XLP|VNQ,3.933602413986153e-05,6.199348383434322e-05,2765,False,2.3204903842451423
2,USO|XLI|XLP|HYG,0.00014413227820401185,4.7707528420960535e-05,1593,False,1.6372677717131843
2,USO|XLI|XLP|LQD,0.00013213749505366356,4.5692535710543135e-05,1664,False,1.540901197409405
2,USO|XLI|XLP|AGG,0.00018258200994684414,4.406139894405144e-05,1397,False,1.4628924475042062
2,USO|XLI|XLY|XLU,1.5100206504847357e-05,7.284078754078805e-05,3562,False,2.8392602503685023
2,USO|XLI|XLY|VNQ,8.680470143919948e-06,7.84129528901052e-05,3915,False,3.1057478080612966
2,USO|XLI|XLY|HYG,3.521199530643324e-05,6.362027453908297e-05,2871,False,2.3982912847221107
2,USO|XLI|XLY|LQD,2.2663522174974748e-05,6.054871177951218e-05,3264,False,2.251394484863422
2,USO|XLI|XLY|AGG,4.8334216132975986e-05,5.789372201332459e-05,2570,False,2.124420194953415
2,USO|XLI|XLU|VNQ,1.3039529229000279e-05,7.059824654306627e-05,3652,False,2.7320112302757877
2,USO|XLI|XLU|HYG,8.682624801197464e-05,5.486628556209632e-05,2032,False,1.9796337258912875
2,USO|XLI|XLU|LQD,7.759095001406689e-05,5.299148754175923e-05,2137,False,1.8899719311873415
2,USO|XLI|XLU|AGG,9.825177248427711e-05,5.1103700583047184e-05,1911,False,1.7996889434197345
2,USO|XLI|VNQ|HYG,4.279341959044722e-05,5.670515709692298e-05,2691,False,2.067577344485953
2,USO|XLI|VNQ|LQD,3.0260916442927237e-05,5.4914447617538436e-05,3011,False,1.9819370653874506
2,USO|XLI|VNQ|AGG,5.663419778032019e-05,5.258798688398557e-05,2409,False,1.870674602756354
2,USO|XLI|HYG|LQD,7.115400816709621e-05,4.357219392018333e-05,2214,False,1.4394963269928807
2,USO|XLI|HYG|AGG,0.00012030051648751371,4.187873014630909e-05,1741,False,1.3585068019429332
2,USO|XLI|LQD|AGG,0.00011048380868992471,4.056256708243762e-05,1807,False,1.2955615986998965
2,USO|XLP|XLY|XLU,0.00025320873805044063,6.144226678920698e-05,1112,False,2.2941285527293207
2,USO|XLP|XLY|VNQ,2.7980613435202177e-05,6.580468390010106e-05,3082,False,2.5027601723315436
2,USO|XLP|XLY|HYG,0.0001744442493461625,5.125157026432806e-05,1429,False,1.8067607777518193
2,USO|XLP|XLY|LQD,0.00015301896709579656,4.922949148923914e-05,1536,False,1.710055313994912
2,USO|XLP|XLY|AGG,0.00023343536364184192,4.7213223638999636e-05,1172,False,1.6136277564152226
2,USO|XLP|XLU|VNQ,4.793770443805752e-05,6.527148773258786e-05,2585,False,2.477260185244986
2,USO|XLP|XLU|HYG,0.00012236203104525425,4.977909146686715e-05,1728,False,1.7363398096199474
2,USO|XLP|XLU|LQD,9.885594004120131e-05,4.895377743101192e-05,1910,False,1.696869351017782
2,USO|XLP|XLU|AGG,0.00016391053741029028,4.770471238824795e-05,1485,False,1.6371330955804935
2,USO|XLP|VNQ|HYG,7.898967677464713e-05,5.040821476327072e-05,2120,False,1.7664274901240398
2,USO|XLP|VNQ|LQD,5.302385806979271e-05,4.966698926836805e-05,2467,False,1.7309785471273191
2,USO|XLP|VNQ|AGG,7.10928948180321e-05,4.797925045076327e-05,2216,False,1.6502628168265412
2,USO|XLP|HYG|LQD,9.427384478220726e-05,3.856430028626217e-05,1958,False,1.1999949374922103
2,USO|XLP|HYG|AGG,0.00013628071058238432,3.750955842833601e-05,1638,False,1.1495521447725816
2,USO|XLP|LQD|AGG,0.0001159738751294789,3.724287934894642e-05,1775,False,1.1367982776313266
2,USO|XLY|XLU|VNQ,3.185732053401351e-05,7.208794229773575e-05,2960,False,2.803255595523464
2,USO|XLY|XLU|HYG,0.00017996796845018824,5.60888230943755e-05,1403,False,2.0381013090911972
2,USO|XLY|XLU|LQD,0.00012520971487400994,5.420693900936689e-05,1708,False,1.9481006249341233
2,USO|XLY|XLU|AGG,0.00022714204770150749,5.193402096690702e-05,1201,False,1.8393988294920256
2,USO|XLY|VNQ|HYG,2.31004577971441e-05,6.044840371150969e-05,3247,False,2.2465972740157327
2,USO|XLY|VNQ|LQD,1.2734077163817921e-05,5.865060816745362e-05,3671,False,2.1606181054641027
2,USO|XLY|VNQ|AGG,2.877537267393677e-05,5.593901635015294e-05,3065,False,2.030936835158515
2,USO|XLY|HYG|LQD,5.453009972005061e-05,4.70411962477082e-05,2435,False,1.6054005850217652
2,USO|XLY|HYG|AGG,0.00010904413610134346,4.496260139008615e-05,1814,False,1.5059922522973272
2,USO|XLY|LQD|AGG,0.00011076863319833767,4.363935226154316e-05,1806,False,1.442708159601163
2,USO|XLU|VNQ|HYG,7.18368758196497e-05,5.720200831952992e-05,2206,False,2.091339142736507
2,USO|XLU|VNQ|LQD,3.662736169919919e-05,5.660097751470755e-05,2821,False,2.0625949793396194
2,USO|XLU|VNQ|AGG,5.975663311099306e-05,5.465658850488241e-05,2367,False,1.9696050111764327
2,USO|XLU|HYG|LQD,7.465657064995131e-05,4.4052282965014414e-05,2177,False,1.4624564778519682
2,USO|XLU|HYG|AGG,0.0001317617792016929,4.2740890914867895e-05,1666,False,1.3997394472699307
2,USO|XLU|LQD|AGG,0.00010245692335560328,4.261440652555861e-05,1873,False,1.3936903597285089
2,USO|VNQ|HYG|LQD,5.766350431249644e-05,4.476265830861066e-05,2395,False,1.496430019283818
2,USO|VNQ|HYG|AGG,9.560103021491153e-05,4.301259248362333e-05,1942,False,1.4127335138382906
2,USO|VNQ|LQD|AGG,6.401964324029753e-05,4.297019663526659e-05,2300,False,1.4107059419023134
2,USO|HYG|LQD|AGG,8.482152038492122e-05,3.5444206328866917e-05,2056,False,1.0507771439857412
2,XLK|XLF|XLE|XLV,0.0004746939857239465,7.198753139173059e-05,659,False,2.7984534664713685
2,XLK|XLF|XLE|XLI,3.60576110177921e-05,9.018421291995494e-05,2843,False,3.668705678058082
2,XLK|XLF|XLE|XLP,0.00023067084426516932,6.388860908101073e-05,1182,False,2.4111243239878437
2,XLK|XLF|XLE|XLY,4.781660025434442e-05,9.778706531955592e-05,2590,False,4.032310388337678
2,XLK|XLF|XLE|XLU,0.00023832823018026596,7.232001142345329e-05,1158,False,2.814354249395239
2,XLK|XLF|XLE|VNQ,1.7198609932712342e-05,7.869149133710803e-05,3487,False,3.119068846797957
2,XLK|XLF|XLE|HYG,0.00022975815361502081,6.214351931695346e-05,1185,False,2.327665797539897
2,XLK|XLF|XLE|LQD,0.000165874321427319,5.896544336056145e-05,1475,False,2.175675027939909
2,XLK|XLF|XLE|AGG,0.0002862600602500287,5.552033835306089e-05,1014,False,2.010913653879725
2,XLK|XLF|XLV|XLI,8.995450567513745e-06,8.19384034455347e-05,3887,False,3.2743516899253278
2,XLK|XLF|XLV|XLP,0.0005621946242570003,5.816979125718618e-05,531,False,2.137623144603821
2,XLK|XLF|XLV|XLY,8.477173186939517e-05,9.120442669538813e-05,2057,False,3.717497172979002
2,XLK|XLF|XLV|XLU,0.0003951970640849372,6.40432752900038e-05,802,False,2.418521200732935
2,XLK|XLF|XLV|VNQ,1.424674998185406e-05,7.269048896894866e-05,3592,False,2.8320722548903885
2,XLK|XLF|XLV|HYG,0.0002943467342407675,5.4269728191099005e-05,993,False,1.9511035034634496
2,XLK|XLF|XLV|LQD,0.0001670440661437269,5.2563710609479386e-05,1464,False,1.8695135953745783
2,XLK|XLF|XLV|AGG,0.0004277212543359166,4.896260981295806e-05,751,False,1.6972917577027749
2,XLK|XLF|XLI|XLP,2.637088374466946e-05,7.158763759438266e-05,3135,False,2.7793286353310283
2,XLK|XLF|XLI|XLY,2.017962058790299e-05,0.00011259489600641483,3364,False,4.740491568738765
2,XLK|XLF|XLI|XLU,9.00516130737569e-05,8.091750763593373e-05,1997,False,3.225527576873351
2,XLK|XLF|XLI|VNQ,2.4615962175020894e-06,8.919748140174032e-05,4453,False,3.621515464576757
2,XLK|XLF|XLI|HYG,7.61256094093738e-05,7.089458938352365e-05,2157,False,2.746183760134923
2,XLK|XLF|XLI|LQD,5.270801455798541e-05,6.835114735647702e-05,2475,False,2.6245442158231356
2,XLK|XLF|XLI|AGG,8.277286852429099e-05,6.436298857218247e-05,2074,False,2.433811416724135
2,XLK|XLF|XLP|XLY,1.913935137117066e-05,8.13041725169948e-05,3410,False,3.2440197380602336
2,XLK|XLF|XLP|XLU,0.0005976362812345098,5.6908294326039416e-05,498,False,2.0772923368937706
2,XLK|XLF|XLP|VNQ,3.21086510148553e-05,6.397851985342294e-05,2951,False,2.415424286506605
2,XLK|XLF|XLP|HYG,0.0004068296925559023,4.591519255045548e-05,786,False,1.5515497108242318
2,XLK|XLF|XLP|LQD,0.0002433548571447339,4.442123450789073e-05,1139,False,1.480101502614226
2,XLK|XLF|XLP|AGG,0.0005764829527201766,4.107179763954425e-05,524,False,1.3199154358455436
2,XLK|XLF|XLY|XLU,1.6439999336966114e-05,8.831253824745751e-05,3514,False,3.579193256763831
2,XLK|XLF|XLY|VNQ,3.831932385910072e-06,9.911322109557163e-05,4308,False,4.095733490797107
2,XLK|XLF|XLY|HYG,9.125952454425885e-05,8.054317085496465e-05,1989,False,3.207625004307506
2,XLK|XLF|XLY|LQD,5.632279131466783e-05,7.79926427632465e-05,2410,False,3.0856465705425915
2,XLK|XLF|XLY|AGG,9.774051815550881e-05,7.361935289520414e-05,1913,False,2.8764949637691
2,XLK|XLF|XLU|VNQ,1.9108862399470064e-05,7.294342631009742e-05,3412,False,2.8441689264832912
2,XLK|XLF|XLU|HYG,0.0004016429070039187,5.343409343954271e-05,794,False,1.9111394589483761
2,XLK|XLF|XLU|LQD,0.00019640135469019276,5.2080330087058255e-05,1324,False,1.8463960303382034
2,XLK|XLF|XLU|AGG,0.00048352039789880075,4.8474243026491425e-05,643,False,1.6739357257071124
2,XLK|XLF|VNQ|HYG,4.797315488444636e-05,6.050148247316634e-05,2583,False,2.249135753883522
2,XLK|XLF|VNQ|LQD,8.351826133872356e-06,5.9231807661634433e-05,3935,False,2.188413840878794
2,XLK|XLF|VNQ|AGG,3.550878216434895e-05,5.518704682622679e-05,2862,False,1.9949740613842133
2,XLK|XLF|HYG|LQD,0.0001324519894841967,4.411218207469457e-05,1662,False,1.4653211393338088
2,XLK|XLF|HYG|AGG,0.000418248163405346,4.070041819896554e-05,769,False,1.3021542974203775
2,XLK|XLF|LQD|AGG,0.0002930171309096115,3.990528980294672e-05,996,False,1.2641274602711152
2,XLK|XLE|XLV|XLI,5.5013615347843694e-06,7.61814458395906e-05,4155,False,2.9990264840182546
2,XLK|XLE|XLV|XLP,0.0008246849291601871,5.513494520161223e-05,305,False,1.9924823128762366
2,XLK|XLE|XLV|XLY,0.00010459276253472939,8.295935095122594e-05,1852,False,3.323178275331224
2,XLK|XLE|XLV|XLU,0.000509796866520682,6.17540699436722e-05,608,False,2.309040468637295
2,XLK|XLE|XLV|VNQ,4.0213841173572226e-05,6.776953913128539e-05,2744,False,2.596728932939552
2,XLK|XLE|XLV|HYG,0.000438406217412702,5.131375647701776e-05,730,False,1.8097348194219705
2,XLK|XLE|XLV|LQD,0.0002751474512121486,4.906919285630189e-05,1039,False,1.7023890678383478
2,XLK|XLE|XLV|AGG,0.0005251377110113432,4.5866468397439566e-05,587,False,1.54921948913771
2,XLK|XLE|XLI|XLP,2.1505299965882355e-05,6.762280858668988e-05,3302,False,2.5897115775638757
2,XLK|XLE|XLI|XLY,2.704601074988972e-06,0.00010341983731013383,4426,False,4.301696445051419
2,XLK|XLE|XLI|XLU,9.914662551809816e-05,7.769831933748332e-05,1907,False,3.0715706187381433
2,XLK|XLE|XLI|VNQ,9.786393533968177e-06,8.334654861195824e-05,3830,False,3.3416959165863527
2,XLK|XLE|XLI|HYG,7.830775410738305e-05,6.700863471732359e-05,2129,False,2.560338850053875
2,XLK|XLE|XLI|LQD,5.3137935020049264e-05,6.392664665118069e-05,2463,False,2.4129434622473362
2,XLK|XLE|XLI|AGG,8.033768988953423e-05,6.033686420454514e-05,2101,False,2.2412629221195015
2,XLK|XLE|XLP|XLY,7.485813800629772e-07,7.485122537108393e-05,4688,False,2.935408988552376
2,XLK|XLE|XLP|XLU,0.0006205354994906147,5.6411217577959134e-05,478,False,2.0535197529380516
2,XLK|XLE|XLP|VNQ,3.4920607392923844e-05,6.0849698614010974e-05,2878,False,2.265789112695688
2,XLK|XLE|XLP|HYG,0.0003724331466332385,4.4751349434625555e-05,846,False,1.4958891749226726
2,XLK|XLE|XLP|LQD,0.000251411465047805,4.271884535296453e-05,1119,False,1.398685123217915
2,XLK|XLE|XLP|AGG,0.0005338480148062673,3.976778482227706e-05,574,False,1.2575513154203988
2,XLK|XLE|XLY|XLU,4.490749865640524e-05,8.260523181078902e-05,2655,False,3.306242606887919
2,XLK|XLE|XLY|VNQ,1.6854220903455872e-05,9.077417016757145e-05,3499,False,3.6969202510659973
2,XLK|XLE|XLY|HYG,0.00012050984032029872,7.416909805054651e-05,1739,False,2.9027864024857544
2,XLK|XLE|XLY|LQD,7.209528342074096e-05,7.108002391973208e-05,2203,False,2.7550521252260873
2,XLK|XLE|XLY|AGG,9.652015259574443e-05,6.71051103893487e-05,1929,False,2.5649527774237613
2,XLK|XLE|XLU|VNQ,2.0788865465184434e-05,7.056024577992782e-05,3333,False,2.73019385230432
2,XLK|XLE|XLU|HYG,0.00024956811340445594,5.301589103295515e-05,1123,False,1.8911390226787619
2,XLK|XLE|XLU|LQD,0.0001612571004452483,5.112358164137443e-05,1503,False,1.8006397505738376
2,XLK|XLE|XLU|AGG,0.0003328272663892562,4.79158709184666e-05,917,False,1.647231704913913
2,XLK|XLE|VNQ|HYG,9.084072938088622e-05,5.74515355752471e-05,1994,False,2.1032727277587115
2,XLK|XLE|VNQ|LQD,2.366633224362817e-05,5.5643314724618934e-05,3225,False,2.0167949712592312
2,XLK|XLE|VNQ|AGG,5.554304795333243e-05,5.1996930226870286e-05,2420,False,1.8424074507358166
2,XLK|XLE|HYG|LQD,0.00011256596352485508,4.2488667261261094e-05,1793,False,1.3876769076236033
2,XLK|XLE|HYG|AGG,0.0002824515554882254,3.9475279723191066e-05,1020,False,1.2435623246813374
2,XLK|XLE|LQD|AGG,0.00021277733760976787,3.814160528807598e-05,1259,False,1.1797796440373234
2,XLK|XLV|XLI|XLP,0.00015994923081199546,6.218168704989559e-05,1509,False,2.329491160804766
2,XLK|XLV|XLI|XLY,2.4366530858956024e-05,9.71148949729963e-05,3198,False,4.000163992317656
2,XLK|XLV|XLI|XLU,2.6866856254468533e-05,6.969927949106408e-05,3121,False,2.689018332700752
2,XLK|XLV|XLI|VNQ,2.0976168563617176e-06,7.762324253082912e-05,4495,False,3.0679800873036975
2,XLK|XLV|XLI|HYG,1.4555655867488753e-05,5.941253987849939e-05,3583,False,2.1970573186023414
2,XLK|XLV|XLI|LQD,1.0536425166034458e-05,5.780261018712889e-05,3787,False,2.1200627923069195
2,XLK|XLV|XLI|AGG,2.084911645493435e-05,5.4056831951472576e-05,3332,False,1.940921788567466
2,XLK|XLV|XLP|XLY,5.812143521387709e-05,7.10732746845421e-05,2385,False,2.754729344567345
2,XLK|XLV|XLP|XLU,0.0012916399280350674,5.09391693821356e-05,133,False,1.7918202756493922
2,XLK|XLV|XLP|VNQ,3.7410813730086144e-05,5.7653384183477564e-05,2800,False,2.1129260921617647
2,XLK|XLV|XLP|HYG,0.0008358607420770446,3.9682246246397056e-05,295,False,1.2534604522198702
2,XLK|XLV|XLP|LQD,0.0004484337121148371,3.9121800539508436e-05,710,False,1.2266572620262297
2,XLK|XLV|XLP|AGG,0.0009868001483125976,3.60147442198002e-05,223,False,1.0780629906170944
2,XLK|XLV|XLY|XLU,7.979614580242126e-05,7.626936281462223e-05,2107,False,3.0032310936246063
2,XLK|XLV|XLY|VNQ,2.1043534893691268e-05,8.671403493669481e-05,3325,False,3.5027451945574213
2,XLK|XLV|XLY|HYG,0.00026289891109639306,6.823617406197477e-05,1086,False,2.619045643808299
2,XLK|XLV|XLY|LQD,0.00014581786055345143,6.661915830593275e-05,1576,False,2.5417122280597493
2,XLK|XLV|XLY|AGG,0.00022912472820913867,6.248824898652861e-05,1188,False,2.3441524166458043
2,XLK|XLV|XLU|VNQ,3.594021573668798e-05,6.480601303976946e-05,2848,False,2.454998962492115
2,XLK|XLV|XLU|HYG,0.0005805220616238922,4.538886953510169e-05,516,False,1.5263784306976778
2,XLK|XLV|XLU|LQD,0.00026922522885037945,4.496861851829338e-05,1056,False,1.5062800201038704
2,XLK|XLV|XLU|AGG,0.0006508539328585747,4.160491200636479e-05,450,False,1.3454115108323268
2,XLK|XLV|VNQ|HYG,0.00010617658632008021,5.210024784268378e-05,1843,False,1.8473485925323636
2,XLK|XLV|VNQ|LQD,1.4499137321866912e-05,5.1764085366828015e-05,3585,False,1.8312716975440004
2,XLK|XLV|VNQ|AGG,4.843541033499077e-05,4.79617050800586e-05,2567,False,1.6494237134089664
2,XLK|XLV|HYG|LQD,0.00017294998591420034,3.6736649145775086e-05,1437,False,1.1125879317394933
2,XLK|XLV|HYG|AGG,0.0005118125537484209,3.35672658186843e-05,606,False,0.9610128851856089
2,XLK|XLV|LQD|AGG,0.00031106942247782017,3.37056497583416e-05,968,False,0.9676310660527114
2,XLK|XLI|XLP|XLY,1.972816799224516e-05,8.67549258524221e-05,3387,False,3.504700793428033
2,XLK|XLI|XLP|XLU,0.0001532523142895105,6.210458358491883e-05,1533,False,2.3258037048907334
2,XLK|XLI|XLP|VNQ,5.060533149598434e-06,6.845155847312254e-05,4203,False,2.629346354949059
2,XLK|XLI|XLP|HYG,9.690439636208476e-05,5.0598289295675e-05,1924,False,1.7755177619922684
2,XLK|XLI|XLP|LQD,6.549769808403985e-05,4.920041914335937e-05,2280,False,1.7086649355757126
2,XLK|XLI|XLP|AGG,0.0001647780768772097,4.57063048358779e-05,1482,False,1.54155970273938
2,XLK|XLI|XLY|XLU,1.7908676117833184e-05,9.540739999123569e-05,3457,False,3.918503427898503
2,XLK|XLI|XLY|VNQ,2.865695965850948e-06,0.00010548483220016999,4415,False,4.40045436237727
2,XLK|XLI|XLY|HYG,9.29975486212424e-06,8.712484008508293e-05,3865,False,3.5223918586132523
2,XLK|XLI|XLY|LQD,1.898340152357991e-06,8.46703998836139e-05,4520,False,3.4050088066417867
2,XLK|XLI|XLY|AGG,6.596077556491411e-06,8.015243257643653e-05,4059,False,3.1889380338006448
2,XLK|XLI|XLU|VNQ,1.282102652593741e-05,7.906057333814789e-05,3664,False,3.1367201106926177
2,XLK|XLI|XLU|HYG,0.00017194624437264546,5.976129859311309e-05,1442,False,2.2137366258832847
2,XLK|XLI|XLU|LQD,9.684063438902527e-05,5.850362313087777e-05,1926,False,2.153588579066562
2,XLK|XLI|XLU|AGG,0.00019048258134440597,5.4752858631175946e-05,1356,False,1.9742091083678208
2,XLK|XLI|VNQ|HYG,4.4871136030190656e-05,6.61054369875569e-05,2657,False,2.5171436212639224
2,XLK|XLI|VNQ|LQD,9.991806112966546e-06,6.493185006627413e-05,3822,False,2.4610170900526445
2,XLK|XLI|VNQ|AGG,1.9424216785422105e-05,6.074241179173149e-05,3398,False,2.2606581444904132
2,XLK|XLI|HYG|LQD,6.855114752666034e-05,5.002228260485418e-05,2244,False,1.7479703712332415
2,XLK|XLI|HYG|AGG,0.00014439503046552595,4.6465841289990156e-05,1591,False,1.5778843632521595
2,XLK|XLI|LQD|AGG,8.746588617682238e-05,4.576680078422046e-05,2025,False,1.544452907896347
2,XLK|XLP|XLY|XLU,7.482696644444073e-05,6.912517858123567e-05,2171,False,2.6615620854901176
2,XLK|XLP|XLY|VNQ,9.910629758260295e-06,7.79928625517469e-05,3826,False,3.085657081878313
2,XLK|XLP|XLY|HYG,4.336282353598457e-05,5.987243515190906e-05,2683,False,2.2190517068737563
2,XLK|XLP|XLY|LQD,3.29238958995369e-05,5.84674789349219e-05,2934,False,2.1518599910040725
2,XLK|XLP|XLY|AGG,8.06652012403415e-05,5.458823354369262e-05,2093,False,1.9663359504932485
2,XLK|XLP|XLU|VNQ,7.811642958807557e-05,5.8850113869250516e-05,2132,False,2.170159420892611
2,XLK|XLP|XLU|HYG,0.0009616161772268528,3.979040383946496e-05,231,False,1.2586330648427402
2,XLK|XLP|XLU|LQD,0.00046393598766403976,3.9582212361711496e-05,682,False,1.2486763541277983
2,XLK|XLP|XLU|AGG,0.001034440172064259,3.647016977795776e-05,204,False,1.0998436157593758
2,XLK|XLP|VNQ|HYG,0.00019227334335701976,4.49247939954857e-05,1340,False,1.5041841221328056
2,XLK|XLP|VNQ|LQD,3.35702123299707e-05,4.480069105868478e-05,2918,False,1.498248927023308
2,XLK|XLP|VNQ|AGG,9.169560390290789e-05,4.124997470009022e-05,1981,False,1.3284367137913957
2,XLK|XLP|HYG|LQD,0.00026494071626669447,3.013068831251406e-05,1078,False,0.7966593369633669
2,XLK|XLP|HYG|AGG,0.0007335953857292067,2.721296891359812e-05,372,False,0.6571200613126035
2,XLK|XLP|LQD|AGG,0.00045035162690494233,2.7563412392310283e-05,705,False,0.6738799420585716
2,XLK|XLY|XLU|VNQ,2.6880485856239294e-06,8.62803731056839e-05,4428,False,3.4820054147831465
2,XLK|XLY|XLU|HYG,5.356115053036716e-05,6.671394013825881e-05,2452,False,2.5462451479260477
2,XLK|XLY|XLU|LQD,3.95714678221491e-05,6.544917861135196e-05,2757,False,2.485758211656197
2,XLK|XLY|XLU|AGG,5.060225682637282e-05,6.131328302790232e-05,2520,False,2.287959933282965
2,XLK|XLY|VNQ|HYG,6.593433149834873e-05,7.557878761501016e-05,2271,False,2.9702044896365556
2,XLK|XLY|VNQ|LQD,1.595064057312213e-05,7.439811462905586e-05,3532,False,2.913739068972149
2,XLK|XLY|VNQ|AGG,3.681648652847971e-05,6.982354527076539e-05,2815,False,2.694961315735427
2,XLK|XLY|HYG|LQD,0.00010174435621269735,5.922138894524559e-05,1882,False,2.18791556810498
2,XLK|XLY|HYG|AGG,0.00019260267494696352,5.527981654663376e-05,1339,False,1.9994107524494071
2,XLK|XLY|LQD|AGG,0.00010188791774353524,5.457368997619252e-05,1881,False,1.9656404076404659
2,XLK|XLU|VNQ|HYG,0.00014444844982346944,5.372283970804721e-05,1590,False,1.9249486844581862
2,XLK|XLU|VNQ|LQD,2.0302945261839654e-05,5.37389314613266e-05,3358,False,1.925718268948522
2,XLK|XLU|VNQ|AGG,6.375514896616711e-05,4.993156491051168e-05,2306,False,1.743631817854201
2,XLK|XLU|HYG|LQD,0.00018661602938578145,3.762292314756862e-05,1376,False,1.1549737870360384
2,XLK|XLU|HYG|AGG,0.0005564030206198437,3.444855355643232e-05,542,False,1.0031602735228662
2,XLK|XLU|LQD|AGG,0.00030678656372690324,3.493919172522479e-05,974,False,1.0266249338686677
2,XLK|VNQ|HYG|LQD,6.578275809521149e-05,4.283856535078203e-05,2277,False,1.4044107052538612
2,XLK|VNQ|HYG|AGG,0.0001618047180763881,3.922552198480491e-05,1500,False,1.2316177168771993
2,XLK|VNQ|LQD|AGG,5.9270841115273385e-05,3.980024869454993e-05,2372,False,1.259103892828445
2,XLK|HYG|LQD|AGG,0.00021270231408420233,2.870694462408541e-05,1260,False,0.7285691144870404
2,XLF|XLE|XLV|XLI,9.438980052391133e-05,6.738435416916885e-05,1955,False,2.578307548544165
2,XLF|XLE|XLV|XLP,0.0007536057734637462,5.5137205638695875e-05,360,False,1.9925904177726237
2,XLF|XLE|XLV|XLY,7.594870674134463e-08,7.172001345951409e-05,4823,False,2.7856594813818667
2,XLF|XLE|XLV|XLU,0.0006408066810057393,5.906727642912953e-05,462,False,2.180545171597508
2,XLF|XLE|XLV|VNQ,1.94057390121017e-05,6.546283663331759e-05,3399,False,2.4864114034924696
2,XLF|XLE|XLV|HYG,0.0006527915065691539,4.530265908448776e-05,446,False,1.5222554352387367
2,XLF|XLE|XLV|LQD,0.0004410246111264007,4.3573396314525384e-05,723,False,1.4395538312325271
2,XLF|XLE|XLV|AGG,0.0008798984169070067,4.090180676773544e-05,274,False,1.3117856605394411
2,XLF|XLE|XLI|XLP,0.00011808891584870949,6.0950012524542815e-05,1758,False,2.2705866029610338
2,XLF|XLE|XLI|XLY,6.315400317590282e-05,8.550544331919124e-05,2314,False,3.4449445716028317
2,XLF|XLE|XLI|XLU,7.087334518970196e-07,6.833646932370992e-05,4695,False,2.6238422421991263
2,XLF|XLE|XLI|VNQ,2.091311708168397e-06,7.436478961475972e-05,4496,False,2.912145307640041
2,XLF|XLE|XLI|HYG,2.8500165318926196e-06,5.432248082556285e-05,4417,False,1.9536263863714116
2,XLF|XLE|XLI|LQD,4.849171467630644e-06,5.175579361017347e-05,4221,False,1.830875146142287
2,XLF|XLE|XLI|AGG,1.8260147346362438e-05,4.86971460756103e-05,3437,False,1.6845960140220038
2,XLF|XLE|XLP|XLY,9.958827020787373e-05,6.573618348764673e-05,1900,False,2.4994841554742657
2,XLF|XLE|XLP|XLU,0.0007266877839927669,5.5848719671691135e-05,377,False,2.0266184167695114
2,XLF|XLE|XLP|VNQ,1.4333924896084218e-05,6.066729172431785e-05,3588,False,2.2570655441198535
2,XLF|XLE|XLP|HYG,0.0006729609931444829,4.086454765037022e-05,431,False,1.3100037516106864
2,XLF|XLE|XLP|LQD,0.00047719578002852514,3.9347344419462705e-05,654,False,1.2374438474833422
2,XLF|XLE|XLP|AGG,0.0009599397985243048,3.692741880084762e-05,234,False,1.1217114476933776
2,XLF|XLE|XLY|XLU,4.400857831621064e-05,7.08011359757255e-05,2672,False,2.741714371873634
2,XLF|XLE|XLY|VNQ,4.147807998235145e-06,7.935016534908282e-05,4277,False,3.1505697836444178
2,XLF|XLE|XLY|HYG,4.166643670492581e-06,5.904069833749565e-05,4275,False,2.1792740803280224
2,XLF|XLE|XLY|LQD,3.092679971547268e-07,5.6466925057434744e-05,4765,False,2.0561839506457695
2,XLF|XLE|XLY|AGG,8.671209839191716e-06,5.302314643912376e-05,3917,False,1.8914860108509957
2,XLF|XLE|XLU|VNQ,2.3453540648577106e-05,6.768878493860838e-05,3233,False,2.5928668817923106
2,XLF|XLE|XLU|HYG,0.0005219802853917129,4.644003529707349e-05,591,False,1.5766501974306009
2,XLF|XLE|XLU|LQD,0.00034504596116108593,4.506302675624628e-05,898,False,1.51079507290309
2,XLF|XLE|XLU|AGG,0.0007117411380110667,4.238645094541084e-05,394,False,1.3827884352507172
2,XLF|XLE|VNQ|HYG,0.00014529597610147933,5.125577085594032e-05,1581,False,1.8069616701032556
2,XLF|XLE|VNQ|LQD,2.1160023194438528e-05,4.9962850856065665e-05,3317,False,1.745128061181189
2,XLF|XLE|VNQ|AGG,5.1213209937256895e-05,4.68476012703894e-05,2503,False,1.5961419486653259
2,XLF|XLE|HYG|LQD,0.0002957653079596564,3.3103808498145614e-05,990,False,0.9388481428094094
2,XLF|XLE|HYG|AGG,0.0007804173613690741,3.062155587214797e-05,336,False,0.8201349678746954
2,XLF|XLE|LQD|AGG,0.0005507903103329836,2.980318228778638e-05,550,False,0.7809964348080942
2,XLF|XLV|XLI|XLP,0.0003579593309292408,5.628746476614802e-05,878,False,2.047601302477639
2,XLF|XLV|XLI|XLY,0.00010381626286191452,7.99790747604532e-05,1856,False,3.1806472351447836
2,XLF|XLV|XLI|XLU,0.00013128299418873896,6.111600325569017e-05,1670,False,2.27852507243745
2,XLF|XLV|XLI|VNQ,1.0332518660500311e-07,6.942005731203009e-05,4813,False,2.6756645946331004
2,XLF|XLV|XLI|HYG,0.00013502783028174046,4.750495976513813e-05,1644,False,1.627579971195592
2,XLF|XLV|XLI|LQD,8.760250200721875e-05,4.641033092452115e-05,2022,False,1.575229592477584
2,XLF|XLV|XLI|AGG,0.00020904877145492122,4.3195687600937216e-05,1274,False,1.421489996745682
2,XLF|XLV|XLP|XLY,9.622499285314744e-05,6.273680657950439e-05,1934,False,2.356039627764949
2,XLF|XLV|XLP|XLU,0.0015774701920169083,5.1155245254267084e-05,79,False,1.8021540557565665
2,XLF|XLV|XLP|VNQ,1.6926383697058257e-05,5.824955107218393e-05,3496,False,2.141437639861644
2,XLF|XLV|XLP|HYG,0.0013603299805472198,3.6574018240541204e-05,116,False,1.1048101451835979
2,XLF|XLV|XLP|LQD,0.0007148609860248993,3.652887338440609e-05,390,False,1.1026511025673709
2,XLF|XLV|XLP|AGG,0.0015541508542707403,3.395295197677024e-05,84,False,0.9794582391657873
2,XLF|XLV|XLY|XLU,3.593892308177511e-05,6.52438407579582e-05,2849,False,2.4759379748860355
2,XLF|XLV|XLY|VNQ,1.4857839200501049e-05,7.606860389660565e-05,3573,False,2.993629843411555
2,XLF|XLV|XLY|HYG,8.934455920707643e-05,5.3886348127323395e-05,2006,False,1.9327684379262813
2,XLF|XLV|XLY|LQD,3.471072588784891e-05,5.278463322203488e-05,2887,False,1.8800791697551447
2,XLF|XLV|XLY|AGG,7.253229238560096e-05,4.918485881470313e-05,2198,False,1.707920766348752
2,XLF|XLV|XLU|VNQ,1.9058482585657358e-05,6.27131259768495e-05,3416,False,2.3549071082558197
2,XLF|XLV|XLU|HYG,0.001496031880904791,3.959158757761953e-05,90,False,1.2491247217252315
2,XLF|XLV|XLU|LQD,0.0007194702846425045,3.9686637411564705e-05,384,False,1.253670458708837
2,XLF|XLV|XLU|AGG,0.0015780496143734258,3.68540658117085e-05,78,False,1.1182033574448453
2,XLF|XLV|VNQ|HYG,0.00022680030568916448,4.668305690177648e-05,1204,False,1.5882726511526217
2,XLF|XLV|VNQ|LQD,1.1127106729537421e-05,4.6862195276674225e-05,3752,False,1.596839903741672
2,XLF|XLV|VNQ|AGG,4.19381533711468e-05,4.359094990197719e-05,2712,False,1.44039332761419
2,XLF|XLV|HYG|LQD,0.0006081803267625714,2.8130364161059082e-05,487,False,0.7009942832010133
2,XLF|XLV|HYG|AGG,0.0017163290182120189,2.5492115746040674e-05,60,False,0.5748206446546804
2,XLF|XLV|LQD|AGG,0.0009174509730178099,2.6145800536451488e-05,254,False,0.6060829730991965
2,XLF|XLI|XLP|XLY,1.574825847928646e-05,7.174340124815366e-05,3539,False,2.7867779971264075
2,XLF|XLI|XLP|XLU,0.00038547102949839935,5.5645602957819605e-05,821,False,2.016904405498679
2,XLF|XLI|XLP|VNQ,4.230182730959617e-06,6.237266886259817e-05,4274,False,2.3386248231497087
2,XLF|XLI|XLP|HYG,0.0003516548414378222,4.0815004790588426e-05,887,False,1.307634375456767
2,XLF|XLI|XLP|LQD,0.00020518058028569123,3.993243548902629e-05,1291,False,1.265425696617624
2,XLF|XLI|XLP|AGG,0.00045804672719019135,3.696945609361721e-05,692,False,1.123721871788843
2,XLF|XLI|XLY|XLU,9.474134098947856e-05,7.770682143534095e-05,1951,False,3.0719772296607033
2,XLF|XLI|XLY|VNQ,2.198825198230022e-07,8.816434466085012e-05,4784,False,3.5721059317321755
2,XLF|XLI|XLY|HYG,0.00010918526754278203,6.609995765120083e-05,1812,False,2.516881573232005
2,XLF|XLI|XLY|LQD,6.857268237525592e-05,6.416081830048531e-05,2243,False,2.4241426688379537
2,XLF|XLI|XLY|AGG,0.00014887211558012585,6.017398590538033e-05,1561,False,2.2334733040043635
2,XLF|XLI|XLU|VNQ,1.7287373997569486e-06,7.02926297759972e-05,4542,False,2.717395176957093
2,XLF|XLI|XLU|HYG,6.714906737936805e-05,4.72889601364002e-05,2262,False,1.617249837411609
2,XLF|XLI|XLU|LQD,3.417567864803264e-05,4.6546585524918384e-05,2902,False,1.5817459381722996
2,XLF|XLI|XLU|AGG,0.00010675969539487299,4.332695593728894e-05,1837,False,1.42776787548111
2,XLF|XLI|VNQ|HYG,6.487270397853357e-06,5.401318954741889e-05,4067,False,1.9388346003849521
2,XLF|XLI|VNQ|LQD,1.240484749101416e-07,5.335490347688962e-05,4808,False,1.9073522167510868
2,XLF|XLI|VNQ|AGG,1.8959426767406758e-06,4.969660011441936e-05,4521,False,1.7323946791964073
2,XLF|XLI|HYG|LQD,3.797647012666519e-05,3.474094112090745e-05,2789,False,1.0171436431955323
2,XLF|XLI|HYG|AGG,0.0001380210546679677,3.171563471811581e-05,1632,False,0.872459043222002
2,XLF|XLI|LQD|AGG,9.483289612423645e-05,3.153189506309961e-05,1950,False,0.8636717354436023
2,XLF|XLP|XLY|XLU,0.0003409018656799281,6.022395213284632e-05,904,False,2.235862927622795
2,XLF|XLP|XLY|VNQ,6.136071132890449e-06,6.947172711993242e-05,4093,False,2.6781356916036945
2,XLF|XLP|XLY|HYG,0.00010033678107547917,4.764690482553237e-05,1895,False,1.6343684618629861
2,XLF|XLP|XLY|LQD,7.924683151345757e-05,4.675724945929872e-05,2116,False,1.5918208935707157
2,XLF|XLP|XLY|AGG,0.0002246267567175501,4.340913898014181e-05,1211,False,1.4316982610674438
2,XLF|XLP|XLU|VNQ,4.795128704960128e-05,5.888152241460524e-05,2584,False,2.171661527527564
2,XLF|XLP|XLU|HYG,0.002037474727208554,3.6117417490257466e-05,24,False,1.0829733167415412
2,XLF|XLP|XLU|LQD,0.0009686280103041836,3.6424526863257505e-05,227,False,1.0976607536040126
2,XLF|XLP|XLU|AGG,0.001974018957883987,3.384361919157615e-05,32,False,0.9742294232431419
2,XLF|XLP|VNQ|HYG,0.0002889268019202098,4.163189866285308e-05,1006,False,1.3467021416243117
2,XLF|XLP|VNQ|LQD,1.6161741875945712e-05,4.2023096576805676e-05,3520,False,1.3654110940922277
2,XLF|XLP|VNQ|AGG,5.787254014123204e-05,3.90035151302835e-05,2390,False,1.221000288867867
2,XLF|XLP|HYG|LQD,0.0007611489277594185,2.3648698936072733e-05,350,False,0.48665964929613453
2,XLF|XLP|HYG|AGG,0.0020031588415021897,2.126211444922918e-05,28,False,0.37252178165292305
2,XLF|XLP|LQD|AGG,0.0010897952916888273,2.2127858778694845e-05,181,False,0.41392580997630435
2,XLF|XLY|XLU|VNQ,3.9344634879179995e-06,7.507018372224312e-05,4301,False,2.945880622572355
2,XLF|XLY|XLU|HYG,5.910304904162494e-05,5.1799355860255803e-05,2373,False,1.8329585009791038
2,XLF|XLY|XLU|LQD,2.9633593813190262e-05,5.1049895184102455e-05,3029,False,1.7971157122866661
2,XLF|XLY|XLU|AGG,0.00010883430088901303,4.7445134512725195e-05,1817,False,1.6247188419209857
2,XLF|XLY|VNQ|HYG,3.8912373342995675e-05,6.104429435358203e-05,2778,False,2.2750956102823165
2,XLF|XLY|VNQ|LQD,9.525698780454859e-06,6.037892221838122e-05,3850,False,2.2432743371953228
2,XLF|XLY|VNQ|AGG,2.302743113034391e-05,5.633548777216315e-05,3251,False,2.049897991966153
2,XLF|XLY|HYG|LQD,5.026553571538228e-05,4.1497801640008754e-05,2528,False,1.3402889815920025
2,XLF|XLY|HYG|AGG,0.00011212932017138502,3.80873641534693e-05,1795,False,1.1771855739439814
2,XLF|XLY|LQD|AGG,4.612602889130247e-05,3.7896538433781574e-05,2629,False,1.1680593767124539
2,XLF|XLU|VNQ|HYG,0.00035546760376553213,4.774089042378827e-05,883,False,1.6388633020135182
2,XLF|XLU|VNQ|LQD,1.860872339756471e-05,4.827228302782117e-05,3428,False,1.6642770340812674
2,XLF|XLU|VNQ|AGG,6.0608270262493415e-05,4.4996051389078635e-05,2358,False,1.5075919909944975
2,XLF|XLU|HYG|LQD,0.0006940808056454368,2.8451879819500975e-05,412,False,0.7163706974326316
2,XLF|XLU|HYG|AGG,0.001987352893045632,2.5808645140437062e-05,29,False,0.5899585919270114
2,XLF|XLU|LQD|AGG,0.000963948100956653,2.681458415998303e-05,230,False,0.6380673998502259
2,XLF|VNQ|HYG|LQD,0.0001949260650583581,3.4047613039289255e-05,1328,False,0.9839853832431592
2,XLF|VNQ|HYG|AGG,0.00043117319586525904,3.096570458538452e-05,739,False,0.836593802874049
2,XLF|VNQ|LQD|AGG,6.506989772837244e-05,3.2055732145883054e-05,2287,False,0.8887241264027085
2,XLF|HYG|LQD|AGG,0.0008705867730838312,1.7258033180856313e-05,280,False,0.18102749332515197
2,XLE|XLV|XLI|XLP,0.0003170570466756791,5.391918683930798e-05,955,False,1.934338941959443
2,XLE|XLV|XLI|XLY,3.599994393461196e-05,7.240056714502495e-05,2846,False,2.818206808706395
2,XLE|XLV|XLI|XLU,0.00019181128469723558,5.94933660380925e-05,1346,False,2.2009228115512
2,XLE|XLV|XLI|VNQ,8.173511196464687e-06,6.516567560310074e-05,3946,False,2.4721997438916525
2,XLE|XLV|XLI|HYG,0.0002069410670867377,4.5215556179790814e-05,1280,False,1.5180897583635016
2,XLE|XLV|XLI|LQD,0.00014118742781610766,4.3582381300077576e-05,1610,False,1.439983536150742
2,XLE|XLV|XLI|AGG,0.0002741619421469847,4.0766114314152635e-05,1041,False,1.3052961993900056
2,XLE|XLV|XLP|XLY,0.0003166589895569304,5.788041051444628e-05,957,False,2.123783575506049
2,XLE|XLV|XLP|XLU,0.0008783014027191726,5.225471958703956e-05,275,False,1.854736169049805
2,XLE|XLV|XLP|VNQ,2.3293065855275845e-05,5.671728091362473e-05,3238,False,2.068157163299686
2,XLE|XLV|XLP|HYG,0.0008722095675411649,3.700672620556403e-05,279,False,1.1255043065309964
2,XLE|XLV|XLP|LQD,0.0005292902106865178,3.6423035310332654e-05,580,False,1.0975894204200176
2,XLE|XLV|XLP|AGG,0.0009604751333550007,3.424549024035579e-05,232,False,0.9934488159895994
2,XLE|XLV|XLY|XLU,0.0001767359066522982,6.113308540214246e-05,1412,False,2.2793420222590806
2,XLE|XLV|XLY|VNQ,1.5373166665289752e-06,6.932610404945824e-05,4560,False,2.671171300929404
2,XLE|XLV|XLY|HYG,2.5178559185972617e-05,4.9108826403758e-05,3173,False,1.704284533353486
2,XLE|XLV|XLY|LQD,3.174770476938604e-05,4.746856545937323e-05,2961,False,1.6258394216875982
2,XLE|XLV|XLY|AGG,8.225000221291962e-05,4.426716738970048e-05,2079,False,1.4727332772523711
2,XLE|XLV|XLU|VNQ,4.2976309761734624e-05,6.192649652753268e-05,2687,False,2.3172867313258068
2,XLE|XLV|XLU|HYG,0.0007326760720273626,4.076993625188471e-05,373,False,1.3054789827045745
2,XLE|XLV|XLU|LQD,0.0004260155803998369,4.032644004673364e-05,756,False,1.2842688761934289
2,XLE|XLV|XLU|AGG,0.0007798842218533706,3.789224478453643e-05,337,False,1.1678540339006027
2,XLE|XLV|VNQ|HYG,0.0002053636124231314,4.522966108471e-05,1289,False,1.518764322276768
2,XLE|XLV|VNQ|LQD,2.6957942837720013e-05,4.4870253420511486e-05,3117,False,1.5015757313710671
2,XLE|XLV|VNQ|AGG,5.8210540293551706e-05,4.199738438347345e-05,2384,False,1.3641814142147506
2,XLE|XLV|HYG|LQD,0.00037128591240747337,2.8103400428478365e-05,850,False,0.6997047487397652
2,XLE|XLV|HYG|AGG,0.0008835685453453881,2.586352835111895e-05,271,False,0.5925833691645978
2,XLE|XLV|LQD|AGG,0.0005147351790224919,2.5978667102433506e-05,597,False,0.5980898541143623
2,XLE|XLI|XLP|XLY,5.535450223590077e-05,6.595702223097672e-05,2424,False,2.510045718827939
2,XLE|XLI|XLP|XLU,0.00024032912768167446,5.5815094338473245e-05,1149,False,2.0250102927523486
2,XLE|XLI|XLP|VNQ,1.2857228526426272e-05,5.991041575192014e-05,3662,False,2.2208681205481815
2,XLE|XLI|XLP|HYG,0.00022377867500193992,4.031772980349242e-05,1214,False,1.2838523107645965
2,XLE|XLI|XLP|LQD,0.00016603126122085007,3.889661446283403e-05,1472,False,1.2158877884307022
2,XLE|XLI|XLP|AGG,0.00031683846956093463,3.6332011405083946e-05,956,False,1.093236222573087
2,XLE|XLI|XLY|XLU,3.791394084820256e-05,7.266608312740636e-05,2791,False,2.8309050509941796
2,XLE|XLI|XLY|VNQ,5.717132706802887e-06,8.049186186158386e-05,4134,False,3.2051711632104545
2,XLE|XLI|XLY|HYG,8.695493389137807e-05,6.039245297551661e-05,2030,False,2.2439214426196417
2,XLE|XLI|XLY|LQD,5.036464950213177e-05,5.7914767585704824e-05,2526,False,2.1254266947308382
2,XLE|XLI|XLY|AGG,7.742192534121072e-05,5.432631152825884e-05,2143,False,1.9538095888684137
2,XLE|XLI|XLU|VNQ,2.6713135046541263e-06,6.857601737456155e-05,4429,False,2.6352985739875114
2,XLE|XLI|XLU|HYG,3.414816142992431e-05,4.7537325858546556e-05,2903,False,1.6291278723513833
2,XLE|XLI|XLU|LQD,3.6886851054121794e-05,4.625640520796848e-05,2813,False,1.5678681296173225
2,XLE|XLI|XLU|AGG,6.781053243777299e-05,4.343515195799803e-05,2251,False,1.4329423258972984
2,XLE|XLI|VNQ|HYG,2.5051816259311564e-05,5.162981077823357e-05,3177,False,1.8248500454695296
2,XLE|XLI|VNQ|LQD,8.072081262291789e-06,5.043297866860805e-05,3959,False,1.767611818340913
2,XLE|XLI|VNQ|AGG,1.6789880333071297e-05,4.717305164379678e-05,3503,False,1.6117065397573993
2,XLE|XLI|HYG|LQD,4.807352215079093e-05,3.37839944362079e-05,2580,False,0.9713778826947151
2,XLE|XLI|HYG|AGG,0.00011429397121014812,3.1157064371075256e-05,1778,False,0.8457455416923505
2,XLE|XLI|LQD|AGG,9.651918222827472e-05,3.0434778676962804e-05,1930,False,0.8112023904191996
2,XLE|XLP|XLY|XLU,0.0003143105845502565,5.790532537528188e-05,962,False,2.1249751231357603
2,XLE|XLP|XLY|VNQ,4.581006549672082e-06,6.452135587103632e-05,4244,False,2.4413852972614634
2,XLE|XLP|XLY|HYG,0.00022736092545273413,4.4661511700218274e-05,1200,False,1.4915927054301108
2,XLE|XLP|XLY|LQD,0.00017995678466053736,4.323331029488837e-05,1404,False,1.423289293643089
2,XLE|XLP|XLY|AGG,0.00036736355020807604,4.0283576153390466e-05,861,False,1.282218920110983
2,XLE|XLP|XLU|VNQ,7.204596035510687e-05,5.9887021563539716e-05,2204,False,2.219749298737471
2,XLE|XLP|XLU|HYG,0.0008041053683489316,3.908789476277396e-05,314,False,1.2250357258608042
2,XLE|XLP|XLU|LQD,0.00045610168212898073,3.885645809667775e-05,694,False,1.2139673192285243
2,XLE|XLP|XLU|AGG,0.0008012069181552966,3.667392676265538e-05,318,False,1.1095882478388188
2,XLE|XLP|VNQ|HYG,0.0002524031283332633,4.19706314440379e-05,1114,False,1.362901960888378
2,XLE|XLP|VNQ|LQD,3.992678091158802e-05,4.1823283318894234e-05,2752,False,1.3558550698615424
2,XLE|XLP|VNQ|AGG,7.918240025845641e-05,3.920207821003106e-05,2117,False,1.2304965236083474
2,XLE|XLP|HYG|LQD,0.0004502175399924927,2.5413863801743325e-05,706,False,0.5710782629748065
2,XLE|XLP|HYG|AGG,0.0009894540799070413,2.3425655652558762e-05,221,False,0.4759926543027603
2,XLE|XLP|LQD|AGG,0.0005874804121214327,2.3752853942928172e-05,510,False,0.4916408391313902
2,XLE|XLY|XLU|VNQ,1.5618141172588127e-05,7.086545318258936e-05,3547,False,2.7447903278620673
2,XLE|XLY|XLU|HYG,0.00016005885947873385,4.9559603444184085e-05,1508,False,1.725842844178174
2,XLE|XLY|XLU|LQD,9.407545302252117e-05,4.827159672893448e-05,1961,False,1.6642442119909848
2,XLE|XLY|XLU|AGG,0.0002117399651469084,4.506521239521621e-05,1264,False,1.51089960059647
2,XLE|XLY|VNQ|HYG,1.8484745352350324e-06,5.617279744617863e-05,4527,False,2.04211736362619
2,XLE|XLY|VNQ|LQD,1.637734342749703e-10,5.4968879271881575e-05,4845,False,1.9845402470444449
2,XLE|XLY|VNQ|AGG,1.0590519603521675e-06,5.132382116332249e-05,4637,False,1.81021616078644
2,XLE|XLY|HYG|LQD,1.5808777593362433e-05,3.805273681709112e-05,3535,False,1.1755295293504808
2,XLE|XLY|HYG|AGG,5.8787468236716996e-05,3.504067566821066e-05,2375,False,1.0314783806736254
2,XLE|XLY|LQD|AGG,7.114766091026028e-05,3.4311303909426674e-05,2215,False,0.9965963399473461
2,XLE|XLU|VNQ|HYG,0.00018587228434767934,4.882526391421546e-05,1382,False,1.6907232209095295
2,XLE|XLU|VNQ|LQD,2.9263244324627235e-05,4.8818110479152105e-05,3045,False,1.690381109482527
2,XLE|XLU|VNQ|AGG,6.203405502920589e-05,4.594025517806856e-05,2335,False,1.552748325366923
2,XLE|XLU|HYG|LQD,0.0002651679105986431,3.0962685394413926e-05,1073,False,0.8364494107432482
2,XLE|XLU|HYG|AGG,0.0006466956946758355,2.8717827053009008e-05,455,False,0.7290895642087937
2,XLE|XLU|LQD|AGG,0.0003622803722147029,2.9185220033458724e-05,868,False,0.7514425286372568
2,XLE|VNQ|HYG|LQD,0.0001256658345158425,3.3926674122870535e-05,1704,False,0.9782015066985791
2,XLE|VNQ|HYG|AGG,0.00025698786934896285,3.12431420066248e-05,1104,False,0.8498621853006346
2,XLE|VNQ|LQD|AGG,6.27972133955665e-05,3.179462352802707e-05,2322,False,0.8762366653345424
2,XLE|HYG|LQD|AGG,0.0003777958090429889,1.8961902686582353e-05,833,False,0.26251467016634267
2,XLV|XLI|XLP|XLY,9.512996376798869e-05,6.323534160986465e-05,1944,False,2.3798819537435363
2,XLV|XLI|XLP|XLU,0.0006416109503405221,5.1399316208079456e-05,461,False,1.813826694364317
2,XLV|XLI|XLP|VNQ,7.2344165176891174e-06,5.7770371386816487e-05,4015,False,2.118520978914887
2,XLV|XLI|XLP|HYG,0.0005024954406692009,3.630489668069367e-05,618,False,1.0919394669624223
2,XLV|XLI|XLP|LQD,0.0002801409363603283,3.635583971480768e-05,1026,False,1.0943758061396447
2,XLV|XLI|XLP|AGG,0.0005904930619126535,3.363524086803683e-05,507,False,0.964263776670411
2,XLV|XLI|XLY|XLU,6.466082753912788e-07,6.738648419666934e-05,4704,False,2.5784094166314953
2,XLV|XLI|XLY|VNQ,5.613829821892438e-06,7.748799669613697e-05,4145,False,3.061511985602507
2,XLV|XLI|XLY|HYG,7.001091059305844e-05,5.5515799052374614e-05,2229,False,2.010696562842814
2,XLV|XLI|XLY|LQD,2.396472636688233e-05,5.451017203733523e-05,3215,False,1.9626026764651276
2,XLV|XLI|XLY|AGG,3.954205256061465e-05,5.076572019086848e-05,2759,False,1.7835251069910842
2,XLV|XLI|XLU|VNQ,1.0259125816986454e-05,6.387805469983292e-05,3804,False,2.410619563075934
2,XLV|XLI|XLU|HYG,0.00040729052752497437,4.096657442612286e-05,785,False,1.3148831592709278
2,XLV|XLI|XLU|LQD,0.00022832346670765866,4.115771215031717e-05,1193,False,1.3240242780479834
2,XLV|XLI|XLU|AGG,0.00045963009818470287,3.818046311132597e-05,689,False,1.1816380107163411
2,XLV|XLI|VNQ|HYG,8.997838389357868e-05,4.73347931111e-05,1999,False,1.61944178914381
2,XLV|XLI|VNQ|LQD,7.66181147265827e-06,4.761001937624686e-05,3985,False,1.6326044235263097
2,XLV|XLI|VNQ|AGG,2.181746581075541e-05,4.419409656241484e-05,3288,False,1.4692386813311777
2,XLV|XLI|HYG|LQD,0.00019328832999309165,2.9088246386151637e-05,1335,False,0.7468047857112334
2,XLV|XLI|HYG|AGG,0.0004938856648429379,2.6305320531998235e-05,629,False,0.6137119810972501
2,XLV|XLI|LQD|AGG,0.0002785729821436918,2.7055093212658174e-05,1031,False,0.6495696913352158
2,XLV|XLP|XLY|XLU,0.0005393195163300061,5.515271809514056e-05,569,False,1.9933322975218073
2,XLV|XLP|XLY|VNQ,7.170969345635362e-07,6.404448235618512e-05,4694,False,2.418578928402246
2,XLV|XLP|XLY|HYG,0.0003149841407834853,4.2311849427671995e-05,958,False,1.3792206344020155
2,XLV|XLP|XLY|LQD,0.00019993143807707847,4.235570639711448e-05,1310,False,1.3813180841261101
2,XLV|XLP|XLY|AGG,0.0004296728354308131,3.924997646659582e-05,744,False,1.2327872469823853
2,XLV|XLP|XLU|VNQ,6.813455368299206e-05,5.771605053940681e-05,2249,False,2.115923096574625
2,XLV|XLP|XLU|HYG,0.0017197725022281257,3.504413498094596e-05,59,False,1.03164382152908
2,XLV|XLP|XLU|LQD,0.0007069870891363198,3.628475668962214e-05,398,False,1.0909762764079167
2,XLV|XLP|XLU|AGG,0.0013592907595804736,3.394622956657902e-05,117,False,0.9791367414065928
2,XLV|XLP|VNQ|HYG,0.0002870554724461864,4.020260542750003e-05,1012,False,1.2783465133113896
2,XLV|XLP|VNQ|LQD,1.4596278132821249e-05,4.152731567712876e-05,3582,False,1.3417004837956708
2,XLV|XLP|VNQ|AGG,3.9964041354966325e-05,3.875011477924482e-05,2750,False,1.2088814739308569
2,XLV|XLP|HYG|LQD,0.000608905182584417,2.3245107402282765e-05,486,False,0.46735797474005597
2,XLV|XLP|HYG|AGG,0.0014398503589062043,2.110090346407744e-05,103,False,0.36481190245639106
2,XLV|XLP|LQD|AGG,0.0006424284625179978,2.2900160129219245e-05,458,False,0.45086094879613775
2,XLV|XLY|XLU|VNQ,1.4998613770366299e-05,6.783066135811322e-05,3567,False,2.599652089724569
2,XLV|XLY|XLU|HYG,0.0002895345217113915,4.465202286201284e-05,1004,False,1.491138903871796
2,XLV|XLY|XLU|LQD,0.00013289774958872284,4.4836074521535626e-05,1658,False,1.499941133195724
2,XLV|XLY|XLU|AGG,0.0003114046563977793,4.14736943987966e-05,967,False,1.3391360581895904
2,XLV|XLY|VNQ|HYG,3.205870569368267e-06,5.354095062929751e-05,4382,False,1.9162498800745473
2,XLV|XLY|VNQ|LQD,2.0007106416702124e-06,5.3809090829772854e-05,4508,False,1.9290736250039202
2,XLV|XLY|VNQ|AGG,5.149404501722868e-06,5.000803693219301e-05,4193,False,1.7472890751342964
2,XLV|XLY|HYG|LQD,1.9747687056955033e-05,3.502015961728732e-05,3385,False,1.030497205141077
2,XLV|XLY|HYG|AGG,6.879684850927213e-05,3.18521026793861e-05,2239,False,0.8789855928526029
2,XLV|XLY|LQD|AGG,6.67208169957907e-05,3.259478929537451e-05,2265,False,0.9145044136374406
2,XLV|XLU|VNQ|HYG,0.0003907524955205743,4.449931958805263e-05,810,False,1.483835904054259
2,XLV|XLU|VNQ|LQD,2.5743514315115657e-05,4.5964224527761674e-05,3147,False,1.5538946541383738
2,XLV|XLU|VNQ|AGG,6.582321112175159e-05,4.293037343765737e-05,2276,False,1.408801406411151
2,XLV|XLU|HYG|LQD,0.0006254164633499642,2.6236010685328413e-05,476,False,0.6103972532302161
2,XLV|XLU|HYG|AGG,0.0015849305682232727,2.3835156554902734e-05,75,False,0.49557694308414285
2,XLV|XLU|LQD|AGG,0.0006563742708690907,2.577460791012484e-05,444,False,0.5883307690237226
2,XLV|VNQ|HYG|LQD,0.00017613848225216453,3.147573317907515e-05,1415,False,0.860985805940283
2,XLV|VNQ|HYG|AGG,0.00035988848694020907,2.863620527380865e-05,873,False,0.7251860209307196
2,XLV|VNQ|LQD|AGG,4.6414327108204476e-05,3.0659745169983314e-05,2625,False,0.8219613624757441
2,XLV|HYG|LQD|AGG,0.0005622672277284105,1.5954235570843516e-05,530,False,0.11867366513866578
2,XLI|XLP|XLY|XLU,0.00013100990127590755,6.190688062937659e-05,1674,False,2.3163486053974
2,XLI|XLP|XLY|VNQ,4.901589928574896e-07,7.043140497728287e-05,4727,False,2.724032069823791
2,XLI|XLP|XLY|HYG,6.345921960762054e-05,4.881664080840272e-05,2309,False,1.6903108228086643
2,XLI|XLP|XLY|LQD,4.878684880962127e-05,4.802307333241819e-05,2561,False,1.6523586363098433
2,XLI|XLP|XLY|AGG,0.0001239605791907451,4.45302854141263e-05,1716,False,1.4853168377389212
2,XLI|XLP|XLU|VNQ,3.2914891742156724e-05,5.9586736195407806e-05,2936,False,2.2053882183768243
2,XLI|XLP|XLU|HYG,0.0007622968494907173,3.703268939657994e-05,349,False,1.126745990316383
2,XLI|XLP|XLU|LQD,0.0003723733468691626,3.7435886659829105e-05,847,False,1.146028808972304
2,XLI|XLP|XLU|AGG,0.0007510625167314524,3.471030154901275e-05,361,False,1.0156783125437825
2,XLI|XLP|VNQ|HYG,0.00012770334352166137,4.182391992999573e-05,1691,False,1.355885515644645
2,XLI|XLP|VNQ|LQD,7.842362346932939e-06,4.231120573419745e-05,3975,False,1.3791898499060105
2,XLI|XLP|VNQ|AGG,2.7123512798137816e-05,3.9146946848540275e-05,3110,False,1.2278598786139991
2,XLI|XLP|HYG|LQD,0.00028040988645117296,2.4146866218984422e-05,1025,False,0.5104843878354998
2,XLI|XLP|HYG|AGG,0.0007293031567764672,2.161560429300587e-05,375,False,0.3894273541246375
2,XLI|XLP|LQD|AGG,0.00038726733905424746,2.2577436512720664e-05,819,False,0.4354267642414687
2,XLI|XLY|XLU|VNQ,1.3869122445147372e-06,7.767396998794443e-05,4583,False,3.070406116559323
2,XLI|XLY|XLU|HYG,5.794651033709572e-05,5.4613200251477036e-05,2388,False,1.9675299776916544
2,XLI|XLY|XLU|LQD,2.546774029329805e-05,5.395982746557281e-05,3156,False,1.9362825707926667
2,XLI|XLY|XLU|AGG,5.7309158565928565e-05,5.021038935506055e-05,2399,False,1.7569665343593357
2,XLI|XLY|VNQ|HYG,4.379432142534743e-05,6.313488810562342e-05,2676,False,2.375077787440358
2,XLI|XLY|VNQ|LQD,4.353867658020904e-06,6.256560386067175e-05,4264,False,2.3478518961468144
2,XLI|XLY|VNQ|AGG,1.1267449615684304e-05,5.8377491975318686e-05,3744,False,2.1475563848499943
2,XLI|XLY|HYG|LQD,7.830194674283062e-05,4.3894541407819195e-05,2130,False,1.4549125232690763
2,XLI|XLY|HYG|AGG,0.00017844873577108953,4.0339426482144747e-05,1406,False,1.2848899495534047
2,XLI|XLY|LQD|AGG,6.448176508082829e-05,4.0244688652706145e-05,2295,False,1.2803591341153266
2,XLI|XLU|VNQ|HYG,5.904406581096712e-05,4.9577020099281793e-05,2374,False,1.7266757918007232
2,XLI|XLU|VNQ|LQD,3.4361733014928756e-06,5.0204500593563817e-05,4361,False,1.7566849056619218
2,XLI|XLU|VNQ|AGG,1.3821229438499496e-05,4.678359151568629e-05,3615,False,1.5930806965075022
2,XLI|XLU|HYG|LQD,0.00012983248190222204,3.059415551076353e-05,1680,False,0.8188245517388688
2,XLI|XLU|HYG|AGG,0.0003470288850705825,2.7806243392564622e-05,895,False,0.6854932801655981
2,XLI|XLU|LQD|AGG,0.00019046171805034556,2.8908270302359727e-05,1357,False,0.7381974698822626
2,XLI|VNQ|HYG|LQD,4.8122061510205835e-05,3.5466638091372e-05,2577,False,1.0518499379948882
2,XLI|VNQ|HYG|AGG,0.00010414439035078415,3.224005219833227e-05,1854,False,0.8975391915581276
2,XLI|VNQ|LQD|AGG,1.9909620534484916e-05,3.342616764907992e-05,3378,False,0.9542648968802365
2,XLI|HYG|LQD|AGG,0.0002066891440105907,1.8838526809573095e-05,1282,False,0.2566142465282622
2,XLP|XLY|XLU|VNQ,2.9338212910658853e-05,6.398985452644677e-05,3042,False,2.4159663647009886
2,XLP|XLY|XLU|HYG,0.0005810864504716272,4.116864950522861e-05,515,False,1.3245473545927822
2,XLP|XLY|XLU|LQD,0.00026303376116231013,4.1564760703806245e-05,1085,False,1.343491283795575
2,XLP|XLY|XLU|AGG,0.000617977644990243,3.845404450924207e-05,481,False,1.1947219796925628
2,XLP|XLY|VNQ|HYG,4.9977153829014115e-05,4.848058912095193e-05,2537,False,1.6742392262509136
2,XLP|XLY|VNQ|LQD,7.834480608373343e-07,4.8960788860482124e-05,4678,False,1.6972046710591513
2,XLP|XLY|VNQ|AGG,5.206801690011339e-06,4.541139889107713e-05,4185,False,1.5274558920926486
2,XLP|XLY|HYG|LQD,0.00015130540321145903,3.0529291122878786e-05,1552,False,0.815722426940874
2,XLP|XLY|HYG|AGG,0.00042877116489906927,2.7612898113152417e-05,749,False,0.676246585555521
2,XLP|XLY|LQD|AGG,0.0002710947826581522,2.8567644268195684e-05,1050,False,0.7219071062192242
2,XLP|XLU|VNQ|HYG,0.0005601207153460496,4.2204231294136016e-05,533,False,1.3740738213102297
2,XLP|XLU|VNQ|LQD,4.419765032814337e-05,4.388119577289991e-05,2666,False,1.4542742712732095
2,XLP|XLU|VNQ|AGG,0.00010898660136496847,4.109900861097045e-05,1815,False,1.321216794449108
2,XLP|XLU|HYG|LQD,0.000832550964422717,2.4510415405348846e-05,298,False,0.5278710461096177
2,XLP|XLU|HYG|AGG,0.002008116285033073,2.2361225203098023e-05,27,False,0.4250865068666657
2,XLP|XLU|LQD|AGG,0.000801696902744236,2.4512736097374987e-05,317,False,0.527982032685111
2,XLP|VNQ|HYG|LQD,0.000251753218079935,2.8173149747534237e-05,1117,False,0.7030404942750647
2,XLP|VNQ|HYG|AGG,0.0004886171369415109,2.558528577044259e-05,636,False,0.5792764801686225
2,XLP|VNQ|LQD|AGG,6.176176607640622e-05,2.782088520567211e-05,2340,False,0.6861935215925126
2,XLP|HYG|LQD|AGG,0.0007635226803213125,1.3472809081414515e-05,347,True,0.0
2,XLY|XLU|VNQ|HYG,7.494597491008432e-05,5.391218497914965e-05,2167,False,1.9340040795682676
2,XLY|XLU|VNQ|LQD,8.042981387480916e-06,5.4532579408760146e-05,3962,False,1.963674303976338
2,XLY|XLU|VNQ|AGG,2.6142518231907133e-05,5.0726539247134794e-05,3139,False,1.781651287147427
2,XLY|XLU|HYG|LQD,0.00011717802931657774,3.465507610356955e-05,1764,False,1.0130371680055184
2,XLY|XLU|HYG|AGG,0.00036989190985877086,3.148203290162283e-05,856,False,0.8612870887577568
2,XLY|XLU|LQD|AGG,0.0001771153618118481,3.25769737467464e-05,1410,False,0.9136523890212931
2,XLY|VNQ|HYG|LQD,8.065232996625716e-06,4.204826776648555e-05,3960,False,1.3666149005914072
2,XLY|VNQ|HYG|AGG,1.8845615210911877e-05,3.8436550789698e-05,3422,False,1.1938853464801558
2,XLY|VNQ|LQD|AGG,1.6094195064739717e-06,3.961558017577413e-05,4551,False,1.2502721623491369
2,XLY|HYG|LQD|AGG,4.953311598986629e-05,2.4760781113876996e-05,2547,False,0.5398447299493963
2,XLU|VNQ|HYG|LQD,0.00021192932835081444,3.4255475454436763e-05,1263,False,0.9939263566127979
2,XLU|VNQ|HYG|AGG,0.0004681053524634345,3.1410961285124756e-05,675,False,0.8578881046439472
2,XLU|VNQ|LQD|AGG,5.513337307326704e-05,3.378675541043458e-05,2430,False,0.9715099256676702
2,XLU|HYG|LQD|AGG,0.0006259429920310083,1.7992673718589733e-05,475,False,0.21616151222261554
2,VNQ|HYG|LQD|AGG,0.00022420228906841393,2.129798633312697e-05,1212,False,0.37423734645232953
